split,label,output,gb_score,len16,all_digits,luhn_valid,bin_known,bin_id,first_digit,digit_entropy,distinct_digits,max_digit_count,digit_mean
A,1,4111111619730693,-0.0395,1.0,1.0,1.0,1.0,0.0,4.0,2.3968,7.0,7.0,3.375
A,1,4111110518471565,0.2325,1.0,1.0,1.0,1.0,0.0,4.0,2.3496,7.0,7.0,3.1875
A,1,4111115753989221,0.1125,1.0,1.0,1.0,1.0,0.0,4.0,2.6556,8.0,6.0,3.75
A,1,4111116257638637,0.018,1.0,1.0,1.0,1.0,0.0,4.0,2.7272,8.0,5.0,3.875
A,1,4111115448549737,0.26,1.0,1.0,1.0,1.0,0.0,4.0,2.5244,7.0,5.0,4.0625
A,1,4111110922851428,0.216,1.0,1.0,1.0,1.0,0.0,4.0,2.4835,7.0,6.0,3.125
A,1,4242420750066912,-0.3181,1.0,1.0,1.0,1.0,1.0,4.0,2.7806,8.0,4.0,3.375
A,1,4111115916824836,-0.1066,1.0,1.0,1.0,1.0,0.0,4.0,2.6556,8.0,6.0,3.8125
A,1,4242428878257073,-0.0447,1.0,1.0,1.0,1.0,1.0,4.0,2.6085,7.0,4.0,4.5625
A,1,4242422397010147,0.2423,1.0,1.0,1.0,1.0,1.0,4.0,2.625,7.0,4.0,3.25
A,1,4242426259881560,-0.0298,1.0,1.0,1.0,1.0,1.0,4.0,2.8278,8.0,4.0,4.25
A,1,5555556196595713,-1.058,1.0,1.0,1.0,1.0,4.0,5.0,2.125,6.0,8.0,5.125
A,1,4242420532461191,-0.0866,1.0,1.0,1.0,1.0,1.0,4.0,2.7028,8.0,4.0,3.125
A,1,6011000500177724,-0.1662,1.0,1.0,1.0,1.0,5.0,6.0,2.4363,7.0,6.0,2.5625
A,1,4242421429953712,-0.1038,1.0,1.0,1.0,1.0,1.0,4.0,2.5244,7.0,5.0,3.8125
A,1,4111111548927139,0.0682,1.0,1.0,1.0,1.0,0.0,4.0,2.5218,8.0,7.0,3.625
A,1,4242426130139105,0.0719,1.0,1.0,1.0,1.0,1.0,4.0,2.8585,8.0,3.0,2.9375
A,1,4111118763090030,-0.0316,1.0,1.0,1.0,1.0,0.0,4.0,2.6494,8.0,5.0,2.8125
A,1,4532011106552249,-0.0458,1.0,1.0,1.0,1.0,2.0,4.0,2.8585,8.0,3.0,3.125
A,1,4242426860281135,0.2498,1.0,1.0,1.0,1.0,1.0,4.0,2.8278,8.0,4.0,3.625
A,1,4111111046152842,0.1006,1.0,1.0,1.0,1.0,0.0,4.0,2.3496,7.0,7.0,2.625
A,1,4242420674191499,-0.0819,1.0,1.0,1.0,1.0,1.0,4.0,2.555,7.0,5.0,4.25
A,1,4242426646564929,-0.2427,1.0,1.0,1.0,1.0,1.0,4.0,2.1494,5.0,5.0,4.6875
A,1,4111117305739096,0.2394,1.0,1.0,1.0,1.0,0.0,4.0,2.7744,8.0,5.0,3.625
A,1,4242428345430469,0.4071,1.0,1.0,1.0,1.0,1.0,4.0,2.6085,8.0,6.0,4.0
A,1,4111116287422606,-0.0512,1.0,1.0,1.0,1.0,0.0,4.0,2.555,7.0,5.0,3.25
A,1,5555553882461029,0.3177,1.0,1.0,1.0,1.0,4.0,5.0,2.7806,9.0,6.0,4.5625
A,1,4111118529584730,0.2106,1.0,1.0,1.0,1.0,0.0,4.0,2.8994,9.0,5.0,3.75
A,1,4111118373356888,0.0805,1.0,1.0,1.0,1.0,0.0,4.0,2.4772,7.0,5.0,4.25
A,1,4111116167827635,0.3728,1.0,1.0,1.0,1.0,0.0,4.0,2.6085,8.0,6.0,3.75
A,1,4111115316271372,0.0388,1.0,1.0,1.0,1.0,0.0,4.0,2.3968,7.0,7.0,2.875
A,1,5555557832359126,0.5585,1.0,1.0,1.0,1.0,4.0,5.0,2.5218,8.0,7.0,4.75
A,1,4242426538647675,0.0561,1.0,1.0,1.0,1.0,1.0,4.0,2.6556,7.0,4.0,4.6875
A,1,6011001267721647,0.1377,1.0,1.0,1.0,1.0,5.0,6.0,2.4835,6.0,4.0,3.1875
A,1,4242421771267091,0.1589,1.0,1.0,1.0,1.0,1.0,4.0,2.6085,7.0,4.0,3.6875
A,1,4532011631921497,0.3727,1.0,1.0,1.0,1.0,2.0,4.0,3.0,9.0,4.0,3.625
A,1,5555554527951622,0.5181,1.0,1.0,1.0,1.0,4.0,5.0,2.2028,7.0,8.0,4.5625
A,1,4111117174913160,0.0583,1.0,1.0,1.0,1.0,0.0,4.0,2.25,7.0,8.0,3.0
A,1,4111115992292783,0.1595,1.0,1.0,1.0,1.0,0.0,4.0,2.68,8.0,5.0,4.0625
A,1,4242429400371416,-0.2068,1.0,1.0,1.0,1.0,1.0,4.0,2.7272,8.0,5.0,3.3125
A,1,5105103652036000,0.0337,1.0,1.0,1.0,1.0,3.0,5.0,2.3585,6.0,6.0,2.3125
A,1,4532016381997951,0.0633,1.0,1.0,1.0,1.0,2.0,4.0,3.1556,10.0,3.0,4.5625
A,1,4242428556562471,0.0299,1.0,1.0,1.0,1.0,1.0,4.0,2.5778,7.0,4.0,4.1875
A,1,4242429019085431,0.2498,1.0,1.0,1.0,1.0,1.0,4.0,2.8278,8.0,4.0,3.625
A,1,4111112898450888,-0.2733,1.0,1.0,1.0,1.0,0.0,4.0,2.4238,7.0,5.0,4.3125
A,1,4242427131280062,-0.2986,1.0,1.0,1.0,1.0,1.0,4.0,2.7272,8.0,5.0,3.0
A,1,4111117850763558,0.018,1.0,1.0,1.0,1.0,0.0,4.0,2.7272,8.0,5.0,3.9375
A,1,4532016948493122,0.0289,1.0,1.0,1.0,1.0,2.0,4.0,3.0306,9.0,3.0,3.9375
A,1,4242427314728440,0.1629,1.0,1.0,1.0,1.0,1.0,4.0,2.4056,7.0,6.0,3.625
A,1,5105103055821230,-0.529,1.0,1.0,1.0,1.0,3.0,5.0,2.4528,6.0,4.0,2.5625
A,1,4532019524522587,0.2347,1.0,1.0,1.0,1.0,2.0,4.0,2.875,9.0,4.0,4.0
A,1,4532010242267530,0.0286,1.0,1.0,1.0,1.0,2.0,4.0,2.8278,8.0,4.0,2.875
A,1,5555553816766824,-0.4309,1.0,1.0,1.0,1.0,4.0,5.0,2.6085,8.0,6.0,5.0625
A,1,4111111257306541,-0.1692,1.0,1.0,1.0,1.0,0.0,4.0,2.5218,8.0,7.0,2.6875
A,1,4242422342988140,-0.2542,1.0,1.0,1.0,1.0,1.0,4.0,2.4238,7.0,5.0,3.6875
A,1,4532011388780039,0.0899,1.0,1.0,1.0,1.0,2.0,4.0,2.9835,9.0,3.0,3.875
A,1,4532014272393802,-0.068,1.0,1.0,1.0,1.0,2.0,4.0,2.9528,9.0,4.0,3.4375
A,1,4111119356822201,0.7248,1.0,1.0,1.0,1.0,0.0,4.0,2.7335,9.0,6.0,2.9375
A,1,4242421786344380,-0.0554,1.0,1.0,1.0,1.0,1.0,4.0,2.7272,8.0,5.0,3.875
A,1,4242425899566128,0.4838,1.0,1.0,1.0,1.0,1.0,4.0,2.7028,7.0,4.0,4.8125
A,1,4111111470233274,0.0629,1.0,1.0,1.0,1.0,0.0,4.0,2.3585,6.0,6.0,2.625
A,1,5105109276962588,-0.5501,1.0,1.0,1.0,1.0,3.0,5.0,2.9528,8.0,3.0,4.625
A,1,4242427584876945,0.0962,1.0,1.0,1.0,1.0,1.0,4.0,2.6022,7.0,5.0,5.0625
A,1,4242423852276009,0.1894,1.0,1.0,1.0,1.0,1.0,4.0,2.8522,9.0,5.0,3.75
A,1,4532014084957307,-0.0437,1.0,1.0,1.0,1.0,2.0,4.0,3.0306,9.0,3.0,3.875
A,1,6011001620500951,-0.408,1.0,1.0,1.0,1.0,5.0,6.0,2.2806,6.0,6.0,2.3125
A,1,4111111624554070,0.2992,1.0,1.0,1.0,1.0,0.0,4.0,2.4835,7.0,6.0,2.6875
A,1,4111112505427147,0.0539,1.0,1.0,1.0,1.0,0.0,4.0,2.3585,6.0,6.0,2.875
A,1,4111118923799157,0.3287,1.0,1.0,1.0,1.0,0.0,4.0,2.6085,8.0,6.0,4.3125
A,1,4242422821220338,-0.3004,1.0,1.0,1.0,1.0,1.0,4.0,2.2246,6.0,7.0,3.0625
A,1,4111111564188350,0.1205,1.0,1.0,1.0,1.0,0.0,4.0,2.3968,7.0,7.0,3.125
A,1,4242423964830032,-0.0497,1.0,1.0,1.0,1.0,1.0,4.0,2.5778,7.0,4.0,3.5
A,1,4242423421066857,0.1523,1.0,1.0,1.0,1.0,1.0,4.0,2.875,9.0,4.0,3.75
A,1,6011007414119155,0.1618,1.0,1.0,1.0,1.0,5.0,6.0,2.4835,7.0,6.0,2.875
A,1,5105106631351655,0.8942,1.0,1.0,1.0,1.0,3.0,5.0,2.2272,5.0,5.0,3.3125
A,1,4532017943378243,0.3565,1.0,1.0,1.0,1.0,2.0,4.0,2.9528,9.0,4.0,4.0625
A,1,4111119658662115,0.1445,1.0,1.0,1.0,1.0,0.0,4.0,2.3496,7.0,7.0,3.625
A,1,5555559390013806,0.3534,1.0,1.0,1.0,1.0,4.0,5.0,2.4835,7.0,6.0,4.3125
A,1,4532016005134585,-0.0582,1.0,1.0,1.0,1.0,2.0,4.0,2.8278,8.0,4.0,3.25
A,1,4111114284002570,-0.2648,1.0,1.0,1.0,1.0,0.0,4.0,2.555,7.0,5.0,2.5625
A,1,4111115170311918,0.2708,1.0,1.0,1.0,1.0,0.0,4.0,2.2169,8.0,9.0,2.8125
A,1,4242420668380900,0.2669,1.0,1.0,1.0,1.0,1.0,4.0,2.6556,7.0,4.0,3.625
A,1,4111112241577627,0.3342,1.0,1.0,1.0,1.0,0.0,4.0,2.3113,6.0,6.0,3.25
A,1,4242421180346221,-0.1498,1.0,1.0,1.0,1.0,1.0,4.0,2.4772,7.0,5.0,2.875
A,1,4111110564526312,0.1821,1.0,1.0,1.0,1.0,0.0,4.0,2.5306,7.0,6.0,2.6875
A,1,4111116085792697,0.4078,1.0,1.0,1.0,1.0,0.0,4.0,2.8994,9.0,5.0,4.25
A,1,4111111089465358,0.0295,1.0,1.0,1.0,1.0,0.0,4.0,2.6556,8.0,6.0,3.625
A,1,5555556589953685,0.5885,1.0,1.0,1.0,1.0,4.0,5.0,1.8419,5.0,9.0,5.875
A,1,4111119388072452,0.0547,1.0,1.0,1.0,1.0,0.0,4.0,2.8994,9.0,5.0,3.5625
A,1,4111114039732026,0.3133,1.0,1.0,1.0,1.0,0.0,4.0,2.7744,8.0,5.0,2.8125
A,1,4111112708597035,-0.2241,1.0,1.0,1.0,1.0,0.0,4.0,2.8994,9.0,5.0,3.4375
A,1,6011006466923555,-0.2929,1.0,1.0,1.0,1.0,5.0,6.0,2.7806,8.0,4.0,3.6875
A,1,4111111319008424,0.2158,1.0,1.0,1.0,1.0,0.0,4.0,2.3496,7.0,7.0,2.5625
A,1,4111115240590814,0.1622,1.0,1.0,1.0,1.0,0.0,4.0,2.4835,7.0,6.0,2.9375
A,1,6011005003523738,0.3091,1.0,1.0,1.0,1.0,5.0,6.0,2.7272,8.0,5.0,2.75
A,1,4242423348488796,-0.3176,1.0,1.0,1.0,1.0,1.0,4.0,2.555,7.0,5.0,4.875
A,1,4111111097231164,-0.2854,1.0,1.0,1.0,1.0,0.0,4.0,2.375,8.0,8.0,2.6875
A,1,4532017949460730,0.108,1.0,1.0,1.0,1.0,2.0,4.0,3.0306,9.0,3.0,4.0
A,1,4111118899766867,0.5169,1.0,1.0,1.0,1.0,0.0,4.0,2.43,6.0,5.0,5.1875
A,1,4532015544099689,0.1168,1.0,1.0,1.0,1.0,2.0,4.0,2.9835,9.0,3.0,4.625
A,1,4111115672120627,0.1622,1.0,1.0,1.0,1.0,0.0,4.0,2.4835,7.0,6.0,2.9375
A,1,4111117409544251,0.0745,1.0,1.0,1.0,1.0,0.0,4.0,2.4056,7.0,6.0,3.125
A,1,4242420290366517,0.3039,1.0,1.0,1.0,1.0,1.0,4.0,2.9528,9.0,4.0,3.5625
A,1,4532013200713610,-0.0107,1.0,1.0,1.0,1.0,2.0,4.0,2.7806,8.0,4.0,2.375
A,1,6011009269881962,0.1216,1.0,1.0,1.0,1.0,5.0,6.0,2.5613,6.0,3.0,4.25
A,1,4111119077924450,0.1391,1.0,1.0,1.0,1.0,0.0,4.0,2.6022,7.0,5.0,3.5
A,1,4111113937409018,-0.0068,1.0,1.0,1.0,1.0,0.0,4.0,2.5306,7.0,6.0,3.3125
A,1,5555553819258514,0.8177,1.0,1.0,1.0,1.0,4.0,5.0,2.25,7.0,8.0,4.75
A,1,5105105718667298,-0.2638,1.0,1.0,1.0,1.0,3.0,5.0,2.9056,8.0,3.0,4.4375
A,1,4242425397668186,1.0838,1.0,1.0,1.0,1.0,1.0,4.0,2.9835,9.0,3.0,4.8125
A,1,4111112394891684,0.3146,1.0,1.0,1.0,1.0,0.0,4.0,2.4835,7.0,6.0,3.9375
A,1,4242428465372608,0.0521,1.0,1.0,1.0,1.0,1.0,4.0,2.75,8.0,4.0,4.1875
A,1,6011009155032027,-0.3925,1.0,1.0,1.0,1.0,5.0,6.0,2.7272,8.0,5.0,2.625
A,1,4111112570405531,0.2989,1.0,1.0,1.0,1.0,0.0,4.0,2.4835,7.0,6.0,2.5625
A,1,5105107944326012,0.2377,1.0,1.0,1.0,1.0,3.0,5.0,3.0306,9.0,3.0,3.125
A,1,5105102146603003,0.1937,1.0,1.0,1.0,1.0,3.0,5.0,2.6022,7.0,5.0,2.3125
A,1,4242423817823713,-0.0615,1.0,1.0,1.0,1.0,1.0,4.0,2.5306,6.0,4.0,3.8125
A,1,4532010299972073,-0.1188,1.0,1.0,1.0,1.0,2.0,4.0,2.8585,8.0,3.0,3.9375
A,1,5105105070639075,0.0863,1.0,1.0,1.0,1.0,3.0,5.0,2.5244,7.0,5.0,3.375
A,1,4111117435897699,0.4946,1.0,1.0,1.0,1.0,0.0,4.0,2.7272,8.0,5.0,4.75
A,1,4242423696688294,-0.3601,1.0,1.0,1.0,1.0,1.0,4.0,2.4528,6.0,4.0,4.9375
A,1,4242427764527292,-0.3007,1.0,1.0,1.0,1.0,1.0,4.0,2.2335,6.0,6.0,4.3125
A,1,6011003915248015,0.7067,1.0,1.0,1.0,1.0,5.0,6.0,2.875,9.0,4.0,2.875
A,1,4111111096904027,0.1622,1.0,1.0,1.0,1.0,0.0,4.0,2.4835,7.0,6.0,2.9375
A,1,4111112112116398,1.2836,1.0,1.0,1.0,1.0,0.0,4.0,2.0919,7.0,9.0,2.6875
A,1,4111115182450373,-0.1886,1.0,1.0,1.0,1.0,0.0,4.0,2.6556,8.0,6.0,2.9375
A,1,4242429666987178,-0.3662,1.0,1.0,1.0,1.0,1.0,4.0,2.7335,7.0,3.0,5.3125
A,1,4242420020490371,-0.0337,1.0,1.0,1.0,1.0,1.0,4.0,2.5,7.0,4.0,2.75
A,1,4242427011298382,-0.0897,1.0,1.0,1.0,1.0,1.0,4.0,2.7272,8.0,5.0,3.6875
A,1,4111116905589117,0.1512,1.0,1.0,1.0,1.0,0.0,4.0,2.5218,8.0,7.0,3.75
A,1,4111117092984467,0.2267,1.0,1.0,1.0,1.0,0.0,4.0,2.7272,8.0,5.0,4.0625
A,1,4111114171870733,0.1719,1.0,1.0,1.0,1.0,0.0,4.0,2.2246,6.0,7.0,3.125
A,1,5105108054571884,0.3071,1.0,1.0,1.0,1.0,3.0,5.0,2.4835,6.0,4.0,3.875
A,1,4111119545683035,-0.0151,1.0,1.0,1.0,1.0,0.0,4.0,2.7272,8.0,5.0,3.5625
A,1,4111118473277190,0.1428,1.0,1.0,1.0,1.0,0.0,4.0,2.6085,8.0,6.0,3.5625
A,1,4242420931469449,-0.1738,1.0,1.0,1.0,1.0,1.0,4.0,2.4363,7.0,6.0,4.1875
A,1,5105107750534063,0.2051,1.0,1.0,1.0,1.0,3.0,5.0,2.625,7.0,4.0,3.25
A,1,4111114309858113,0.1467,1.0,1.0,1.0,1.0,0.0,4.0,2.3968,7.0,7.0,3.1875
A,1,4532010911813473,0.1327,1.0,1.0,1.0,1.0,2.0,4.0,2.9528,9.0,4.0,3.25
A,1,4532011825400399,0.0804,1.0,1.0,1.0,1.0,2.0,4.0,2.9528,8.0,3.0,3.5
A,1,6011000295803542,0.8317,1.0,1.0,1.0,1.0,5.0,6.0,2.8994,9.0,5.0,2.875
A,1,4111119715775389,0.4029,1.0,1.0,1.0,1.0,0.0,4.0,2.4835,7.0,6.0,4.375
A,1,4242427042223748,0.0021,1.0,1.0,1.0,1.0,1.0,4.0,2.18,6.0,6.0,3.5625
A,1,4111118874588690,0.1533,1.0,1.0,1.0,1.0,0.0,4.0,2.6494,8.0,5.0,4.5
A,1,4242425093368750,0.108,1.0,1.0,1.0,1.0,1.0,4.0,3.0306,9.0,3.0,4.0
A,1,4532013762472043,-0.3027,1.0,1.0,1.0,1.0,2.0,4.0,2.8585,8.0,3.0,3.3125
A,1,4111115887171431,0.1339,1.0,1.0,1.0,1.0,0.0,4.0,2.125,6.0,8.0,3.375
A,1,4111110152932328,0.0031,1.0,1.0,1.0,1.0,0.0,4.0,2.6085,8.0,6.0,2.75
A,1,5105107799339110,0.0045,1.0,1.0,1.0,1.0,3.0,5.0,2.5306,6.0,4.0,3.8125
A,1,4242425654120947,0.1026,1.0,1.0,1.0,1.0,1.0,4.0,2.6494,8.0,5.0,3.8125
A,1,4532011495193308,0.1944,1.0,1.0,1.0,1.0,2.0,4.0,2.9056,8.0,3.0,3.625
A,1,4242429360268461,-0.0533,1.0,1.0,1.0,1.0,1.0,4.0,2.7028,8.0,4.0,3.9375
A,1,4111119383503394,-0.016,1.0,1.0,1.0,1.0,0.0,4.0,2.5244,7.0,5.0,3.5
A,1,4111112704055707,-0.1329,1.0,1.0,1.0,1.0,0.0,4.0,2.43,6.0,5.0,2.875
A,1,4111115381185176,0.1804,1.0,1.0,1.0,1.0,0.0,4.0,2.25,7.0,8.0,3.375
A,1,4111116296821152,0.2325,1.0,1.0,1.0,1.0,0.0,4.0,2.3496,7.0,7.0,3.1875
A,1,4111115844943310,0.0745,1.0,1.0,1.0,1.0,0.0,4.0,2.4056,7.0,6.0,3.125
A,1,4242421407392941,0.2355,1.0,1.0,1.0,1.0,1.0,4.0,2.5244,7.0,5.0,3.625
A,1,4111117944852540,0.2175,1.0,1.0,1.0,1.0,0.0,4.0,2.6494,8.0,5.0,3.5625
A,1,4111114919466117,-0.0555,1.0,1.0,1.0,1.0,0.0,4.0,1.9528,5.0,8.0,3.5625
A,1,4532018751500852,0.0144,1.0,1.0,1.0,1.0,2.0,4.0,2.8278,8.0,4.0,3.5
A,1,5555554516461666,2.0561,1.0,1.0,1.0,1.0,4.0,5.0,1.7962,4.0,7.0,4.6875
A,1,5105109429265475,-0.05,1.0,1.0,1.0,1.0,3.0,5.0,2.875,8.0,4.0,4.0625
A,1,4242425710427096,-0.0356,1.0,1.0,1.0,1.0,1.0,4.0,2.75,8.0,4.0,3.6875
A,1,4111115481956864,0.223,1.0,1.0,1.0,1.0,0.0,4.0,2.3585,6.0,6.0,4.0625
A,1,4111114725805235,-0.0294,1.0,1.0,1.0,1.0,0.0,4.0,2.7272,8.0,5.0,3.125
A,1,5105106534305733,-0.1703,1.0,1.0,1.0,1.0,3.0,5.0,2.5778,7.0,4.0,3.1875
A,1,4111118581027370,-0.1672,1.0,1.0,1.0,1.0,0.0,4.0,2.6556,8.0,6.0,3.125
A,1,4111111519977881,0.3556,1.0,1.0,1.0,1.0,0.0,4.0,2.125,6.0,8.0,4.0625
A,1,4242427786703475,-0.1526,1.0,1.0,1.0,1.0,1.0,4.0,2.7028,8.0,4.0,4.5
A,1,4111110663092349,0.3827,1.0,1.0,1.0,1.0,0.0,4.0,2.6494,7.0,5.0,3.1875
A,1,4111115565726936,-0.0492,1.0,1.0,1.0,1.0,0.0,4.0,2.68,8.0,5.0,3.9375
A,1,4242425180664848,-0.0819,1.0,1.0,1.0,1.0,1.0,4.0,2.555,7.0,5.0,4.25
A,1,5105101139341183,0.217,1.0,1.0,1.0,1.0,3.0,5.0,2.4835,7.0,6.0,2.875
A,1,5555550610127732,0.1586,1.0,1.0,1.0,1.0,4.0,5.0,2.5306,7.0,6.0,3.6875
A,1,4111112973374441,0.1387,1.0,1.0,1.0,1.0,0.0,4.0,2.2806,6.0,6.0,3.3125
A,1,4111111049531885,-0.0582,1.0,1.0,1.0,1.0,0.0,4.0,2.3968,7.0,7.0,3.3125
A,1,4242426031523365,0.1009,1.0,1.0,1.0,1.0,1.0,4.0,2.6556,7.0,4.0,3.25
A,1,4111119599381585,0.236,1.0,1.0,1.0,1.0,0.0,4.0,2.3113,6.0,6.0,4.4375
A,1,5555554759343381,0.4122,1.0,1.0,1.0,1.0,4.0,5.0,2.3496,7.0,7.0,4.8125
A,1,4111115428335370,-0.2214,1.0,1.0,1.0,1.0,0.0,4.0,2.7272,8.0,5.0,3.0625
A,1,4242422141075602,-0.1756,1.0,1.0,1.0,1.0,1.0,4.0,2.5244,7.0,5.0,2.875
A,1,4532014857025928,0.108,1.0,1.0,1.0,1.0,2.0,4.0,3.0306,9.0,3.0,4.0625
A,1,4242428668985016,0.0757,1.0,1.0,1.0,1.0,1.0,4.0,2.8113,8.0,3.0,4.6875
A,1,4242422659183913,0.1408,1.0,1.0,1.0,1.0,1.0,4.0,2.8278,8.0,4.0,4.0625
A,1,4532019411728057,0.2385,1.0,1.0,1.0,1.0,2.0,4.0,3.0778,9.0,3.0,3.6875
A,1,5555559962276559,1.3594,1.0,1.0,1.0,1.0,4.0,5.0,1.9528,5.0,8.0,5.625
A,1,4111116007733688,0.2315,1.0,1.0,1.0,1.0,0.0,4.0,2.6494,7.0,5.0,3.5625
A,1,5555552175277753,0.2972,1.0,1.0,1.0,1.0,4.0,5.0,1.875,5.0,8.0,4.75
A,1,5105101472469815,-0.0875,1.0,1.0,1.0,1.0,3.0,5.0,2.9528,9.0,4.0,3.6875
A,1,4242424212980413,-0.0683,1.0,1.0,1.0,1.0,1.0,4.0,2.4238,7.0,5.0,3.25
A,1,4242420778957779,-0.0935,1.0,1.0,1.0,1.0,1.0,4.0,2.555,7.0,5.0,5.25
A,1,4532014599251535,0.276,1.0,1.0,1.0,1.0,2.0,4.0,2.6494,7.0,5.0,3.9375
A,1,4111117188402432,-0.0142,1.0,1.0,1.0,1.0,0.0,4.0,2.4835,7.0,6.0,3.0
A,1,4111111313721857,0.184,1.0,1.0,1.0,1.0,0.0,4.0,2.25,7.0,8.0,2.9375
A,1,5555551658357983,-0.5246,1.0,1.0,1.0,1.0,4.0,5.0,2.25,7.0,8.0,5.3125
A,1,5555556909077611,0.4536,1.0,1.0,1.0,1.0,4.0,5.0,2.4056,6.0,6.0,4.75
A,1,4532011535225292,0.0231,1.0,1.0,1.0,1.0,2.0,4.0,2.5244,7.0,5.0,3.1875
A,1,4111111473760075,-0.0554,1.0,1.0,1.0,1.0,0.0,4.0,2.4835,7.0,6.0,3.0625
A,1,6011002357806330,0.1012,1.0,1.0,1.0,1.0,5.0,6.0,2.7272,8.0,5.0,2.8125
A,1,4532011010664296,-0.0458,1.0,1.0,1.0,1.0,2.0,4.0,2.8585,8.0,3.0,3.125
A,1,4111115231922786,-0.2189,1.0,1.0,1.0,1.0,0.0,4.0,2.7335,9.0,6.0,3.375
A,1,4111117170801880,0.1958,1.0,1.0,1.0,1.0,0.0,4.0,2.0524,5.0,7.0,3.0625
A,1,5105101733728603,-0.2026,1.0,1.0,1.0,1.0,3.0,5.0,2.8585,8.0,3.0,3.25
A,1,4532015536267187,0.152,1.0,1.0,1.0,1.0,2.0,4.0,3.0778,9.0,3.0,4.0625
A,1,4242424523421735,0.2282,1.0,1.0,1.0,1.0,1.0,4.0,2.2988,6.0,5.0,3.375
A,1,4111113420142282,-0.3211,1.0,1.0,1.0,1.0,0.0,4.0,2.2335,6.0,6.0,2.3125
A,1,4111113929385234,0.0814,1.0,1.0,1.0,1.0,0.0,4.0,2.6022,7.0,5.0,3.5625
A,1,4111115949069268,0.1273,1.0,1.0,1.0,1.0,0.0,4.0,2.7272,8.0,5.0,4.1875
A,1,4242427550030410,-0.1918,1.0,1.0,1.0,1.0,1.0,4.0,2.5778,7.0,4.0,2.6875
A,1,4111113559431456,0.221,1.0,1.0,1.0,1.0,0.0,4.0,2.3113,6.0,6.0,3.375
A,1,4242423172414322,-0.3976,1.0,1.0,1.0,1.0,1.0,4.0,2.055,5.0,6.0,2.9375
A,1,4242420690317177,-0.1272,1.0,1.0,1.0,1.0,1.0,4.0,2.8585,8.0,3.0,3.6875
A,1,4111119862835606,0.1774,1.0,1.0,1.0,1.0,0.0,4.0,2.8522,9.0,5.0,3.875
A,1,5105109410190120,0.0525,1.0,1.0,1.0,1.0,3.0,5.0,2.2988,6.0,5.0,2.4375
A,1,4111112851474651,0.2325,1.0,1.0,1.0,1.0,0.0,4.0,2.3496,7.0,7.0,3.25
A,1,4111119727013092,-0.1725,1.0,1.0,1.0,1.0,0.0,4.0,2.5306,7.0,6.0,3.0625
A,1,5105102903892849,-0.1866,1.0,1.0,1.0,1.0,3.0,5.0,2.9056,8.0,3.0,4.125
A,1,4532018802291402,-0.0582,1.0,1.0,1.0,1.0,2.0,4.0,2.8278,8.0,4.0,3.1875
A,1,4242429786231309,0.3579,1.0,1.0,1.0,1.0,1.0,4.0,2.9528,9.0,4.0,4.125
A,1,4532012776793170,0.2576,1.0,1.0,1.0,1.0,2.0,4.0,3.0,9.0,4.0,4.0
A,1,4242425761686665,-0.0239,1.0,1.0,1.0,1.0,1.0,4.0,2.555,7.0,5.0,4.625
A,1,5555556126716355,0.1819,1.0,1.0,1.0,1.0,4.0,5.0,2.0778,6.0,8.0,4.5
A,1,4242423511656617,-0.0184,1.0,1.0,1.0,1.0,1.0,4.0,2.6863,7.0,3.0,3.6875
A,1,4111110617686188,0.195,1.0,1.0,1.0,1.0,0.0,4.0,2.1774,6.0,7.0,3.75
A,1,5105101968641588,-0.0055,1.0,1.0,1.0,1.0,3.0,5.0,2.6556,7.0,4.0,4.25
A,1,4242420777540469,-0.018,1.0,1.0,1.0,1.0,1.0,4.0,2.555,7.0,5.0,4.1875
A,1,4111110180729258,-0.1672,1.0,1.0,1.0,1.0,0.0,4.0,2.6556,8.0,6.0,3.1875
A,1,4242428607421479,0.3125,1.0,1.0,1.0,1.0,1.0,4.0,2.6494,8.0,5.0,4.125
A,1,4111116530255282,-0.321,1.0,1.0,1.0,1.0,0.0,4.0,2.68,8.0,5.0,2.9375
A,1,5105100715354057,-0.1108,1.0,1.0,1.0,1.0,3.0,5.0,2.3522,6.0,5.0,3.0625
A,1,4111111306502827,0.8211,1.0,1.0,1.0,1.0,0.0,4.0,2.7806,9.0,6.0,2.6875
A,1,4242423641614437,-0.0613,1.0,1.0,1.0,1.0,1.0,4.0,2.3585,6.0,6.0,3.5625
A,1,6011004485667386,0.2861,1.0,1.0,1.0,1.0,5.0,6.0,2.8278,8.0,4.0,4.0625
A,1,5555552876122126,-0.0005,1.0,1.0,1.0,1.0,4.0,5.0,2.2806,6.0,6.0,4.1875
A,1,4242420463917583,0.3569,1.0,1.0,1.0,1.0,1.0,4.0,3.0778,10.0,4.0,4.0
A,1,4242422560188829,-0.0691,1.0,1.0,1.0,1.0,1.0,4.0,2.68,8.0,5.0,4.1875
A,1,5555551733546477,0.6523,1.0,1.0,1.0,1.0,4.0,5.0,2.2246,6.0,7.0,4.8125
A,1,4111111945040031,-0.4506,1.0,1.0,1.0,1.0,0.0,4.0,2.1774,6.0,7.0,2.25
A,1,4111113349992916,0.2589,1.0,1.0,1.0,1.0,0.0,4.0,2.2806,6.0,6.0,4.0
A,1,4242425702490797,0.0726,1.0,1.0,1.0,1.0,1.0,4.0,2.4528,6.0,4.0,4.25
A,1,4532013113430781,0.0096,1.0,1.0,1.0,1.0,2.0,4.0,2.75,8.0,4.0,2.875
A,1,4242427217233001,-0.0196,1.0,1.0,1.0,1.0,1.0,4.0,2.4772,6.0,5.0,2.75
A,1,4111113725895105,-0.2189,1.0,1.0,1.0,1.0,0.0,4.0,2.7335,9.0,6.0,3.375
A,1,5105102689173109,0.1729,1.0,1.0,1.0,1.0,3.0,5.0,2.9528,9.0,4.0,3.625
A,1,4111110197932473,0.0119,1.0,1.0,1.0,1.0,0.0,4.0,2.5306,7.0,6.0,3.375
A,1,4532015916844936,0.0679,1.0,1.0,1.0,1.0,2.0,4.0,3.0778,9.0,3.0,4.375
A,1,6011005521555303,-0.7713,1.0,1.0,1.0,1.0,5.0,6.0,2.3522,6.0,5.0,2.625
A,1,4242424800222475,0.1227,1.0,1.0,1.0,1.0,1.0,4.0,2.18,6.0,6.0,3.25
A,1,4111118793088079,0.2787,1.0,1.0,1.0,1.0,0.0,4.0,2.6022,7.0,5.0,4.25
A,1,4532017049216404,0.1327,1.0,1.0,1.0,1.0,2.0,4.0,2.9528,9.0,4.0,3.25
A,1,4242428961598821,0.0561,1.0,1.0,1.0,1.0,1.0,4.0,2.6556,7.0,4.0,4.6875
A,1,5555555440499011,0.3653,1.0,1.0,1.0,1.0,4.0,5.0,2.0996,5.0,7.0,4.1875
A,1,4111112310489654,0.076,1.0,1.0,1.0,1.0,0.0,4.0,2.7335,9.0,6.0,3.1875
A,1,6011003679762938,0.271,1.0,1.0,1.0,1.0,5.0,6.0,2.9056,8.0,3.0,4.25
A,1,4111119469631127,-0.1732,1.0,1.0,1.0,1.0,0.0,4.0,2.3968,7.0,7.0,3.5625
A,1,4532016828750542,-0.0437,1.0,1.0,1.0,1.0,2.0,4.0,3.0306,9.0,3.0,3.875
A,1,4111113731813068,-0.117,1.0,1.0,1.0,1.0,0.0,4.0,2.3496,7.0,7.0,3.0625
A,1,6011008987093876,0.3614,1.0,1.0,1.0,1.0,5.0,6.0,2.7028,7.0,4.0,4.5625
A,1,4111110759380418,-0.3462,1.0,1.0,1.0,1.0,0.0,4.0,2.6556,8.0,6.0,3.375
A,1,4242429447363350,-0.1226,1.0,1.0,1.0,1.0,1.0,4.0,2.68,8.0,5.0,3.875
A,1,4111111752846199,-0.0679,1.0,1.0,1.0,1.0,0.0,4.0,2.5218,8.0,7.0,3.8125
A,1,4111117142827765,0.3267,1.0,1.0,1.0,1.0,0.0,4.0,2.4835,7.0,6.0,3.625
A,1,5105109347328660,-0.0101,1.0,1.0,1.0,1.0,3.0,5.0,3.2028,10.0,3.0,3.75
A,1,4242423027235559,-0.1882,1.0,1.0,1.0,1.0,1.0,4.0,2.555,7.0,5.0,3.6875
A,1,4242427437654150,0.1053,1.0,1.0,1.0,1.0,1.0,4.0,2.7272,8.0,5.0,3.75
A,1,4111114933338466,0.1572,1.0,1.0,1.0,1.0,0.0,4.0,2.3522,6.0,5.0,3.625
A,1,4111112888759678,0.6919,1.0,1.0,1.0,1.0,0.0,4.0,2.6494,8.0,5.0,4.8125
A,1,4242422826550945,0.1083,1.0,1.0,1.0,1.0,1.0,4.0,2.4772,7.0,5.0,4.0
A,1,4111113531817814,0.294,1.0,1.0,1.0,1.0,0.0,4.0,2.125,6.0,8.0,3.125
A,1,6011005874155644,-0.0288,1.0,1.0,1.0,1.0,5.0,6.0,2.6863,7.0,3.0,3.5625
A,1,4111110369868844,0.257,1.0,1.0,1.0,1.0,0.0,4.0,2.555,7.0,5.0,4.0625
A,1,6011003323745511,-0.8249,1.0,1.0,1.0,1.0,5.0,6.0,2.7806,8.0,4.0,2.625
A,1,4111111964495405,0.0814,1.0,1.0,1.0,1.0,0.0,4.0,2.2806,6.0,6.0,3.5
A,1,4111114097684515,0.2898,1.0,1.0,1.0,1.0,0.0,4.0,2.6085,8.0,6.0,3.625
A,1,4111112994975986,0.6919,1.0,1.0,1.0,1.0,0.0,4.0,2.6494,8.0,5.0,4.8125
A,1,4242422158006912,-0.0496,1.0,1.0,1.0,1.0,1.0,4.0,2.7272,8.0,5.0,3.25
A,1,4111118334792916,-0.1066,1.0,1.0,1.0,1.0,0.0,4.0,2.6556,8.0,6.0,3.8125
A,1,4111112836489618,0.4979,1.0,1.0,1.0,1.0,0.0,4.0,2.4835,7.0,6.0,4.0
A,1,5105101544740235,-0.0278,1.0,1.0,1.0,1.0,3.0,5.0,2.6085,7.0,4.0,2.9375
A,1,4111110447395521,-0.3442,1.0,1.0,1.0,1.0,0.0,4.0,2.6085,8.0,6.0,3.0625
A,1,4111113217425056,0.0917,1.0,1.0,1.0,1.0,0.0,4.0,2.6556,8.0,6.0,2.75
A,1,4111112499773720,0.0909,1.0,1.0,1.0,1.0,0.0,4.0,2.6022,7.0,5.0,3.6875
A,1,4111115682129444,-0.0126,1.0,1.0,1.0,1.0,0.0,4.0,2.4056,7.0,6.0,3.375
A,1,5105101667007164,0.4064,1.0,1.0,1.0,1.0,3.0,5.0,2.4528,6.0,4.0,3.125
A,1,4532017687921026,0.168,1.0,1.0,1.0,1.0,2.0,4.0,3.2028,10.0,3.0,3.9375
A,1,5105106405506815,0.3539,1.0,1.0,1.0,1.0,3.0,5.0,2.3522,6.0,5.0,3.25
A,1,4111113501845225,0.2919,1.0,1.0,1.0,1.0,0.0,4.0,2.4835,7.0,6.0,2.75
A,1,4532015306332815,-0.0582,1.0,1.0,1.0,1.0,2.0,4.0,2.8278,8.0,4.0,3.1875
A,1,4111117775563406,0.0909,1.0,1.0,1.0,1.0,0.0,4.0,2.6022,7.0,5.0,3.6875
A,1,4242421554265098,-0.0533,1.0,1.0,1.0,1.0,1.0,4.0,2.7028,8.0,4.0,3.9375
A,1,4111118968853190,0.511,1.0,1.0,1.0,1.0,0.0,4.0,2.6085,8.0,6.0,4.125
A,1,4532015508093777,0.3258,1.0,1.0,1.0,1.0,2.0,4.0,2.9835,9.0,3.0,4.125
A,1,4242427879677180,0.0606,1.0,1.0,1.0,1.0,1.0,4.0,2.7806,8.0,4.0,4.875
A,1,4532015428205568,0.0956,1.0,1.0,1.0,1.0,2.0,4.0,2.8278,8.0,4.0,3.75
A,1,4111115623800970,0.5541,1.0,1.0,1.0,1.0,0.0,4.0,2.9772,10.0,5.0,3.0625
A,1,4532016104002089,0.52,1.0,1.0,1.0,1.0,2.0,4.0,2.8994,9.0,5.0,2.8125
A,1,5105108640160077,0.1449,1.0,1.0,1.0,1.0,3.0,5.0,2.6022,7.0,5.0,3.1875
A,1,4111117370934184,0.1108,1.0,1.0,1.0,1.0,0.0,4.0,2.4835,7.0,6.0,3.4375
A,1,4242429586686264,-0.595,1.0,1.0,1.0,1.0,1.0,4.0,2.375,6.0,4.0,4.875
A,1,4532017444532694,0.0702,1.0,1.0,1.0,1.0,2.0,4.0,2.8994,9.0,5.0,3.9375
A,1,4242420913665279,0.3579,1.0,1.0,1.0,1.0,1.0,4.0,2.9528,9.0,4.0,4.125
A,1,4111111429077285,-0.3462,1.0,1.0,1.0,1.0,0.0,4.0,2.6556,8.0,6.0,3.375
A,1,4242421126532074,-0.286,1.0,1.0,1.0,1.0,1.0,4.0,2.6494,8.0,5.0,3.0625
A,1,4111114846722210,-0.0436,1.0,1.0,1.0,1.0,0.0,4.0,2.4363,7.0,6.0,2.8125
A,1,4242426740598013,0.1353,1.0,1.0,1.0,1.0,1.0,4.0,3.0778,10.0,4.0,3.8125
A,1,4111115706334723,-0.2214,1.0,1.0,1.0,1.0,0.0,4.0,2.7272,8.0,5.0,3.0625
A,1,4532015253757717,0.3608,1.0,1.0,1.0,1.0,2.0,4.0,2.625,7.0,4.0,4.0
A,1,4111114906447401,-0.1304,1.0,1.0,1.0,1.0,0.0,4.0,2.18,6.0,6.0,3.0
A,1,5105108034438188,0.0448,1.0,1.0,1.0,1.0,3.0,5.0,2.5306,6.0,4.0,3.6875
A,1,5555559640672328,0.9412,1.0,1.0,1.0,1.0,4.0,5.0,2.7806,9.0,6.0,4.8125
A,1,4242427079174327,0.1459,1.0,1.0,1.0,1.0,1.0,4.0,2.5,7.0,4.0,4.0625
A,1,4242428007192415,-0.1523,1.0,1.0,1.0,1.0,1.0,4.0,2.75,8.0,4.0,3.4375
A,1,4532012707907378,0.3565,1.0,1.0,1.0,1.0,2.0,4.0,2.9528,9.0,4.0,4.0625
A,1,5105109085290684,-0.2253,1.0,1.0,1.0,1.0,3.0,5.0,2.8278,8.0,4.0,3.9375
A,1,4111117831175328,-0.0395,1.0,1.0,1.0,1.0,0.0,4.0,2.3968,7.0,7.0,3.375
A,1,4532012477510303,0.011,1.0,1.0,1.0,1.0,2.0,4.0,2.7806,7.0,3.0,2.9375
A,1,4532014942863770,0.103,1.0,1.0,1.0,1.0,2.0,4.0,3.2028,10.0,3.0,4.0625
A,1,4242424107711881,0.2159,1.0,1.0,1.0,1.0,1.0,4.0,2.4528,6.0,4.0,3.5
A,1,4111119776061349,0.0735,1.0,1.0,1.0,1.0,0.0,4.0,2.5306,7.0,6.0,3.8125
A,1,4532018235278836,0.2818,1.0,1.0,1.0,1.0,2.0,4.0,2.9835,9.0,3.0,4.1875
A,1,4111116794561375,0.1482,1.0,1.0,1.0,1.0,0.0,4.0,2.5306,7.0,6.0,3.875
A,1,4242420831847314,0.1571,1.0,1.0,1.0,1.0,1.0,4.0,2.6022,7.0,5.0,3.5625
A,1,4242423562384861,0.3608,1.0,1.0,1.0,1.0,1.0,4.0,2.625,7.0,4.0,4.0
A,1,4111117980234546,0.4089,1.0,1.0,1.0,1.0,0.0,4.0,2.9772,10.0,5.0,3.5625
A,1,4532016669555422,0.0792,1.0,1.0,1.0,1.0,2.0,4.0,2.7806,8.0,4.0,4.0625
A,1,4242420133887158,-0.0929,1.0,1.0,1.0,1.0,1.0,4.0,2.8585,8.0,3.0,3.875
A,1,4242425216216878,0.2936,1.0,1.0,1.0,1.0,1.0,4.0,2.6022,7.0,5.0,4.0
A,1,4111117215562018,-0.2822,1.0,1.0,1.0,1.0,0.0,4.0,2.5218,8.0,7.0,2.875
A,1,4111112337465729,0.0924,1.0,1.0,1.0,1.0,0.0,4.0,2.7744,8.0,5.0,3.5625
A,1,4532013123047641,0.0701,1.0,1.0,1.0,1.0,2.0,4.0,2.8585,8.0,3.0,2.875
A,1,4532013066000409,0.1264,1.0,1.0,1.0,1.0,2.0,4.0,2.6556,8.0,6.0,2.6875
A,1,4242425007278533,0.345,1.0,1.0,1.0,1.0,1.0,4.0,2.7028,7.0,4.0,3.625
A,1,4532019595632638,0.1656,1.0,1.0,1.0,1.0,2.0,4.0,3.0306,9.0,3.0,4.4375
A,1,4242423346581188,0.1699,1.0,1.0,1.0,1.0,1.0,4.0,2.6556,7.0,4.0,4.0625
A,1,6011005078210104,-0.096,1.0,1.0,1.0,1.0,5.0,6.0,2.5306,8.0,6.0,2.25
A,1,4111114928161741,0.3779,1.0,1.0,1.0,1.0,0.0,4.0,2.2028,7.0,8.0,3.25
A,1,4111115439774815,0.2653,1.0,1.0,1.0,1.0,0.0,4.0,2.4835,7.0,6.0,3.875
A,1,6011004825943000,0.6816,1.0,1.0,1.0,1.0,5.0,6.0,2.7806,9.0,6.0,2.6875
A,1,6011004153752528,0.459,1.0,1.0,1.0,1.0,5.0,6.0,2.9835,9.0,3.0,3.125
A,1,4111119991554813,0.072,1.0,1.0,1.0,1.0,0.0,4.0,2.2246,6.0,7.0,3.9375
A,1,4111116243512037,-0.1241,1.0,1.0,1.0,1.0,0.0,4.0,2.6556,8.0,6.0,2.625
A,1,4111118026071744,-0.0142,1.0,1.0,1.0,1.0,0.0,4.0,2.4835,7.0,6.0,3.0
A,1,4242423860677156,0.2818,1.0,1.0,1.0,1.0,1.0,4.0,2.9835,9.0,3.0,4.1875
A,1,4111118807013113,0.0676,1.0,1.0,1.0,1.0,0.0,4.0,2.125,6.0,8.0,2.5625
A,1,4242423001837388,-0.0184,1.0,1.0,1.0,1.0,1.0,4.0,2.6863,7.0,3.0,3.6875
A,1,5555557552023951,0.5549,1.0,1.0,1.0,1.0,4.0,5.0,2.0919,7.0,9.0,4.3125
A,1,4111115346031176,0.0388,1.0,1.0,1.0,1.0,0.0,4.0,2.3968,7.0,7.0,2.8125
A,1,5555555219895548,0.0922,1.0,1.0,1.0,1.0,4.0,5.0,1.9669,6.0,9.0,5.375
A,1,4111111707950369,-0.1785,1.0,1.0,1.0,1.0,0.0,4.0,2.6556,8.0,6.0,3.5
A,1,4111115279546745,-0.0805,1.0,1.0,1.0,1.0,0.0,4.0,2.555,7.0,5.0,3.9375
A,1,4532014353156946,-0.1935,1.0,1.0,1.0,1.0,2.0,4.0,2.8585,8.0,3.0,3.8125
A,1,4111111510832242,-0.0079,1.0,1.0,1.0,1.0,0.0,4.0,2.3496,7.0,7.0,2.3125
A,1,4242424038409019,-0.0652,1.0,1.0,1.0,1.0,1.0,4.0,2.555,7.0,5.0,3.5
A,1,4111119021912023,-0.118,1.0,1.0,1.0,1.0,0.0,4.0,2.2246,6.0,7.0,2.375
A,1,4111113484803134,0.0133,1.0,1.0,1.0,1.0,0.0,4.0,2.1085,5.0,6.0,2.9375
A,1,4532019009883587,0.013,1.0,1.0,1.0,1.0,2.0,4.0,3.0306,9.0,3.0,4.5
A,1,4111119947132003,0.045,1.0,1.0,1.0,1.0,0.0,4.0,2.5306,7.0,6.0,2.9375
A,1,4111110125859855,-0.1463,1.0,1.0,1.0,1.0,0.0,4.0,2.4056,7.0,6.0,3.5625
A,1,5555553112057712,0.0451,1.0,1.0,1.0,1.0,4.0,5.0,2.2246,6.0,7.0,3.6875
A,1,4111110697689029,0.2267,1.0,1.0,1.0,1.0,0.0,4.0,2.7272,8.0,5.0,4.0625
A,1,4111119341252415,-0.0245,1.0,1.0,1.0,1.0,0.0,4.0,2.2246,6.0,7.0,2.8125
A,1,4242423873086833,0.2343,1.0,1.0,1.0,1.0,1.0,4.0,2.6085,7.0,4.0,4.1875
A,1,5555558113798784,0.7908,1.0,1.0,1.0,1.0,4.0,5.0,2.4835,7.0,6.0,5.375
A,1,4111110518274787,0.3267,1.0,1.0,1.0,1.0,0.0,4.0,2.4835,7.0,6.0,3.625
A,1,4111110554238837,-0.101,1.0,1.0,1.0,1.0,0.0,4.0,2.7744,8.0,5.0,3.375
A,1,5105103066855656,0.1744,1.0,1.0,1.0,1.0,3.0,5.0,2.3522,6.0,5.0,3.875
A,1,4242421598956074,0.1234,1.0,1.0,1.0,1.0,1.0,4.0,2.9528,9.0,4.0,4.5
A,1,4111112853232842,-0.2017,1.0,1.0,1.0,1.0,0.0,4.0,2.3994,6.0,5.0,3.0
A,1,4242423388743985,0.4394,1.0,1.0,1.0,1.0,1.0,4.0,2.6085,7.0,4.0,4.75
A,1,4111114008807361,0.1862,1.0,1.0,1.0,1.0,0.0,4.0,2.4835,7.0,6.0,2.875
A,1,5105104592905270,0.1364,1.0,1.0,1.0,1.0,3.0,5.0,2.625,7.0,4.0,3.4375
A,1,5555558718378453,-0.0622,1.0,1.0,1.0,1.0,4.0,5.0,2.2246,6.0,7.0,5.25
A,1,4532014295414627,0.124,1.0,1.0,1.0,1.0,2.0,4.0,2.9528,9.0,4.0,3.6875
A,1,5555555950172313,0.3042,1.0,1.0,1.0,1.0,4.0,5.0,2.25,7.0,8.0,4.125
A,1,4242427726351773,0.1116,1.0,1.0,1.0,1.0,1.0,4.0,2.5778,7.0,4.0,4.125
A,1,4111117863574752,0.018,1.0,1.0,1.0,1.0,0.0,4.0,2.7272,8.0,5.0,3.9375
A,1,4242426602589597,0.2049,1.0,1.0,1.0,1.0,1.0,4.0,2.8278,8.0,4.0,4.6875
A,1,4532016920166258,0.0736,1.0,1.0,1.0,1.0,2.0,4.0,3.0306,9.0,3.0,3.75
A,1,5105105213822729,-0.4172,1.0,1.0,1.0,1.0,3.0,5.0,2.7806,8.0,4.0,3.3125
A,1,4111119951192786,0.2446,1.0,1.0,1.0,1.0,0.0,4.0,2.4746,8.0,7.0,4.125
A,1,4242421833551623,-0.0489,1.0,1.0,1.0,1.0,1.0,4.0,2.6556,7.0,4.0,3.4375
A,1,4242423690051770,0.2288,1.0,1.0,1.0,1.0,1.0,4.0,2.9835,9.0,3.0,3.5
A,1,4111112746017137,0.1006,1.0,1.0,1.0,1.0,0.0,4.0,2.3496,7.0,7.0,2.9375
A,1,4532017009578041,0.2312,1.0,1.0,1.0,1.0,2.0,4.0,3.0,9.0,4.0,3.5
A,1,4111117043696236,-0.2266,1.0,1.0,1.0,1.0,0.0,4.0,2.7272,8.0,5.0,3.4375
A,1,4111115188127454,0.0118,1.0,1.0,1.0,1.0,0.0,4.0,2.2246,6.0,7.0,3.375
A,1,4242424234491787,-0.1123,1.0,1.0,1.0,1.0,1.0,4.0,2.4056,7.0,6.0,4.1875
A,1,4111116906361482,-0.1882,1.0,1.0,1.0,1.0,0.0,4.0,2.6085,8.0,6.0,3.375
A,1,4111112232014218,-0.0971,1.0,1.0,1.0,1.0,0.0,4.0,2.1468,6.0,7.0,2.125
A,1,4242428716921245,0.1773,1.0,1.0,1.0,1.0,1.0,4.0,2.6494,8.0,5.0,3.9375
A,1,4242422362503191,-0.0496,1.0,1.0,1.0,1.0,1.0,4.0,2.7272,8.0,5.0,3.125
A,1,4242423573780610,0.0446,1.0,1.0,1.0,1.0,1.0,4.0,3.0306,9.0,3.0,3.625
A,1,6011004831413493,-0.2588,1.0,1.0,1.0,1.0,5.0,6.0,2.6085,7.0,4.0,3.0
A,1,4242425881799901,0.0427,1.0,1.0,1.0,1.0,1.0,4.0,2.8585,8.0,3.0,4.6875
A,1,4111110974039609,-0.1408,1.0,1.0,1.0,1.0,0.0,4.0,2.555,7.0,5.0,3.5
A,1,4111115968652564,0.257,1.0,1.0,1.0,1.0,0.0,4.0,2.555,7.0,5.0,4.0625
A,1,4111112567602082,-0.0472,1.0,1.0,1.0,1.0,0.0,4.0,2.7272,8.0,5.0,2.9375
A,1,4111118690420086,0.2326,1.0,1.0,1.0,1.0,0.0,4.0,2.6022,7.0,5.0,3.25
A,1,4242429526790036,0.1408,1.0,1.0,1.0,1.0,1.0,4.0,2.8278,8.0,4.0,4.0625
A,1,4111119348162724,-0.2063,1.0,1.0,1.0,1.0,0.0,4.0,2.6085,8.0,6.0,3.4375
A,1,4242424444041000,-2.0351,1.0,1.0,1.0,1.0,1.0,4.0,1.7028,4.0,8.0,2.4375
A,1,4532012254910825,-0.2663,1.0,1.0,1.0,1.0,2.0,4.0,2.8278,8.0,4.0,3.3125
A,1,4111113631428140,0.2158,1.0,1.0,1.0,1.0,0.0,4.0,2.3496,7.0,7.0,2.5625
A,1,4532015348800878,0.0702,1.0,1.0,1.0,1.0,2.0,4.0,2.8278,8.0,4.0,4.125
A,1,4111113867030032,-0.6279,1.0,1.0,1.0,1.0,0.0,4.0,2.68,8.0,5.0,2.5625
A,1,4111115405170717,0.1495,1.0,1.0,1.0,1.0,0.0,4.0,2.0996,5.0,7.0,2.875
A,1,4242428485909322,-0.0918,1.0,1.0,1.0,1.0,1.0,4.0,2.5244,7.0,5.0,4.25
A,1,5105102318886634,-0.3269,1.0,1.0,1.0,1.0,3.0,5.0,2.9056,8.0,3.0,3.8125
A,1,4111119629210721,-0.0758,1.0,1.0,1.0,1.0,0.0,4.0,2.3496,7.0,7.0,3.0
A,1,4111114292359533,-0.0081,1.0,1.0,1.0,1.0,0.0,4.0,2.4772,6.0,5.0,3.375
A,1,4242424636811079,0.1766,1.0,1.0,1.0,1.0,1.0,4.0,2.9528,9.0,4.0,3.9375
A,1,6011009112671529,0.1147,1.0,1.0,1.0,1.0,5.0,6.0,2.6022,7.0,5.0,3.1875
A,1,5105100234188622,-0.2327,1.0,1.0,1.0,1.0,3.0,5.0,2.8585,8.0,3.0,3.0
A,1,4111114565548903,0.0647,1.0,1.0,1.0,1.0,0.0,4.0,2.68,8.0,5.0,3.625
A,1,4532019617468094,-0.0085,1.0,1.0,1.0,1.0,2.0,4.0,3.2028,10.0,3.0,4.3125
A,1,5105106304759572,0.0543,1.0,1.0,1.0,1.0,3.0,5.0,2.9528,9.0,4.0,3.75
A,1,4242420785312000,0.204,1.0,1.0,1.0,1.0,1.0,4.0,2.7028,8.0,4.0,2.75
A,1,4111119951732037,-0.3644,1.0,1.0,1.0,1.0,0.0,4.0,2.6556,8.0,6.0,3.4375
A,1,5555555667868781,1.2748,1.0,1.0,1.0,1.0,4.0,5.0,2.0524,5.0,7.0,5.75
A,1,5105104820568437,-0.2472,1.0,1.0,1.0,1.0,3.0,5.0,3.0306,9.0,3.0,3.6875
A,1,4111111170872553,-0.4827,1.0,1.0,1.0,1.0,0.0,4.0,2.5218,8.0,7.0,3.0
A,1,4111111632820315,-0.2436,1.0,1.0,1.0,1.0,0.0,4.0,2.5218,8.0,7.0,2.5
A,1,4242427323725270,0.268,1.0,1.0,1.0,1.0,1.0,4.0,2.3113,6.0,6.0,3.5
A,1,4111118862615075,-0.1175,1.0,1.0,1.0,1.0,0.0,4.0,2.6556,8.0,6.0,3.5625
A,1,4532016950847470,0.0456,1.0,1.0,1.0,1.0,2.0,4.0,3.1556,10.0,3.0,4.0625
A,1,5105109608774875,-0.401,1.0,1.0,1.0,1.0,3.0,5.0,2.8585,8.0,3.0,4.5625
A,1,4242425921695937,-0.0904,1.0,1.0,1.0,1.0,1.0,4.0,2.7806,8.0,4.0,4.625
A,1,5105100014667746,0.0156,1.0,1.0,1.0,1.0,3.0,5.0,2.5306,6.0,4.0,3.3125
A,1,5105102497274701,-0.0804,1.0,1.0,1.0,1.0,3.0,5.0,2.7335,7.0,3.0,3.4375
A,1,4242420403638158,0.0402,1.0,1.0,1.0,1.0,1.0,4.0,2.8278,8.0,4.0,3.5
A,1,4242423261837151,-0.2931,1.0,1.0,1.0,1.0,1.0,4.0,2.7806,8.0,4.0,3.4375
A,1,6011006726699797,0.571,1.0,1.0,1.0,1.0,5.0,6.0,2.4835,6.0,4.0,4.75
A,1,4111116832123667,0.1103,1.0,1.0,1.0,1.0,0.0,4.0,2.4835,7.0,6.0,3.3125
A,1,4242428201713040,-0.1775,1.0,1.0,1.0,1.0,1.0,4.0,2.5778,7.0,4.0,2.75
A,1,4111110755397879,-0.0896,1.0,1.0,1.0,1.0,0.0,4.0,2.7272,8.0,5.0,4.3125
A,1,4111116258744210,-0.303,1.0,1.0,1.0,1.0,0.0,4.0,2.6085,8.0,6.0,3.0
A,1,4111112801197907,-0.0582,1.0,1.0,1.0,1.0,0.0,4.0,2.3968,7.0,7.0,3.3125
A,1,4111116453842306,-0.0294,1.0,1.0,1.0,1.0,0.0,4.0,2.7272,8.0,5.0,3.125
A,1,4111115771108044,-0.0245,1.0,1.0,1.0,1.0,0.0,4.0,2.2246,6.0,7.0,2.875
A,1,4111114946627962,0.0165,1.0,1.0,1.0,1.0,0.0,4.0,2.43,6.0,5.0,4.0
A,1,4111113396857699,0.1414,1.0,1.0,1.0,1.0,0.0,4.0,2.7272,8.0,5.0,4.625
A,1,4242429489451394,-0.0902,1.0,1.0,1.0,1.0,1.0,4.0,2.4363,7.0,6.0,4.625
A,1,4111115650863917,-0.083,1.0,1.0,1.0,1.0,0.0,4.0,2.7806,9.0,6.0,3.6875
A,1,4111112652769226,-0.0275,1.0,1.0,1.0,1.0,0.0,4.0,2.4772,7.0,5.0,3.5
A,1,4111114421777811,0.2172,1.0,1.0,1.0,1.0,0.0,4.0,1.9056,5.0,8.0,3.1875
A,1,4532013300659069,0.0144,1.0,1.0,1.0,1.0,2.0,4.0,2.8278,8.0,4.0,3.5
A,1,4111112084296384,-0.2266,1.0,1.0,1.0,1.0,0.0,4.0,2.7272,8.0,5.0,3.4375
A,1,4242427241994123,0.2646,1.0,1.0,1.0,1.0,1.0,4.0,2.2988,6.0,5.0,3.75
A,1,4242420870719465,0.3565,1.0,1.0,1.0,1.0,1.0,4.0,2.9528,9.0,4.0,4.0625
A,1,4111117165670241,-0.1616,1.0,1.0,1.0,1.0,0.0,4.0,2.3968,7.0,7.0,3.0
A,1,4242423975185848,0.3931,1.0,1.0,1.0,1.0,1.0,4.0,2.7806,8.0,4.0,4.75
A,1,4111110366118300,-0.2443,1.0,1.0,1.0,1.0,0.0,4.0,2.2246,6.0,7.0,2.3125
A,1,4532017713033739,0.1833,1.0,1.0,1.0,1.0,2.0,4.0,2.7272,8.0,5.0,3.625
A,1,4242427329003946,0.1185,1.0,1.0,1.0,1.0,1.0,4.0,2.625,7.0,4.0,3.8125
A,1,4111110072514784,0.1622,1.0,1.0,1.0,1.0,0.0,4.0,2.4835,7.0,6.0,2.9375
A,1,5105107936339593,-0.2235,1.0,1.0,1.0,1.0,3.0,5.0,2.6556,7.0,4.0,4.3125
A,1,5105100724050555,0.0592,1.0,1.0,1.0,1.0,3.0,5.0,2.18,6.0,6.0,2.8125
A,1,4111112151926830,0.2017,1.0,1.0,1.0,1.0,0.0,4.0,2.6468,9.0,7.0,2.875
A,1,4111118804731212,0.0388,1.0,1.0,1.0,1.0,0.0,4.0,2.3968,7.0,7.0,2.8125
A,1,4111114994124375,-0.1463,1.0,1.0,1.0,1.0,0.0,4.0,2.4056,7.0,6.0,3.5625
A,1,4111118165492362,-0.3644,1.0,1.0,1.0,1.0,0.0,4.0,2.6556,8.0,6.0,3.4375
A,1,5555551170465157,-0.4756,1.0,1.0,1.0,1.0,4.0,5.0,2.0778,6.0,8.0,4.1875
A,1,6011005323233208,-0.5542,1.0,1.0,1.0,1.0,5.0,6.0,2.5778,7.0,4.0,2.4375
A,1,4242429625839726,0.1598,1.0,1.0,1.0,1.0,1.0,4.0,2.7272,8.0,5.0,4.6875
A,1,4111114477815606,0.0948,1.0,1.0,1.0,1.0,0.0,4.0,2.4835,7.0,6.0,3.5625
A,1,5555550605773748,0.4122,1.0,1.0,1.0,1.0,4.0,5.0,2.3496,7.0,7.0,4.8125
A,1,5555551571776061,0.372,1.0,1.0,1.0,1.0,4.0,5.0,2.0524,5.0,7.0,4.4375
A,1,5555550583668670,-0.1527,1.0,1.0,1.0,1.0,4.0,5.0,2.2246,6.0,7.0,4.9375
A,1,4111116400866473,-0.183,1.0,1.0,1.0,1.0,0.0,4.0,2.555,7.0,5.0,3.3125
A,1,4111110556633522,0.1118,1.0,1.0,1.0,1.0,0.0,4.0,2.6022,7.0,5.0,2.875
A,1,4532011976810529,0.168,1.0,1.0,1.0,1.0,2.0,4.0,3.2028,10.0,3.0,3.9375
A,1,4111119643999085,0.306,1.0,1.0,1.0,1.0,0.0,4.0,2.6494,8.0,5.0,4.4375
A,1,4532013373696436,0.2718,1.0,1.0,1.0,1.0,2.0,4.0,2.8522,9.0,5.0,4.0625
A,1,4532010852134251,0.101,1.0,1.0,1.0,1.0,2.0,4.0,2.7335,7.0,3.0,2.875
A,1,5555553535217208,0.3042,1.0,1.0,1.0,1.0,4.0,5.0,2.25,7.0,8.0,4.125
A,1,4111117005824412,0.1837,1.0,1.0,1.0,1.0,0.0,4.0,2.4835,7.0,6.0,2.625
A,1,5555558013425843,0.08,1.0,1.0,1.0,1.0,4.0,5.0,2.3968,7.0,7.0,4.25
A,1,4242423348218466,-0.154,1.0,1.0,1.0,1.0,1.0,4.0,2.3994,6.0,5.0,3.9375
A,1,4532014065394967,0.183,1.0,1.0,1.0,1.0,2.0,4.0,3.0778,9.0,3.0,4.25
A,1,5105103561574646,-0.0517,1.0,1.0,1.0,1.0,3.0,5.0,2.6556,7.0,4.0,3.6875
A,1,4242421169923743,0.1932,1.0,1.0,1.0,1.0,1.0,4.0,2.625,7.0,4.0,3.9375
A,1,4111113004398656,-0.1196,1.0,1.0,1.0,1.0,0.0,4.0,2.7744,8.0,5.0,3.3125
A,1,4111114511682293,-0.2005,1.0,1.0,1.0,1.0,0.0,4.0,2.5218,8.0,7.0,3.125
A,1,6011001328307535,-0.0185,1.0,1.0,1.0,1.0,5.0,6.0,2.7806,8.0,4.0,2.8125
A,1,4242428147606282,-0.0291,1.0,1.0,1.0,1.0,1.0,4.0,2.5244,7.0,5.0,3.875
A,1,4111113829277085,0.2106,1.0,1.0,1.0,1.0,0.0,4.0,2.8994,9.0,5.0,3.75
A,1,4532013314632540,0.0711,1.0,1.0,1.0,1.0,2.0,4.0,2.7028,7.0,4.0,2.875
A,1,5105104643389425,-0.2336,1.0,1.0,1.0,1.0,3.0,5.0,3.0306,9.0,3.0,3.75
A,1,4111117572633899,0.4078,1.0,1.0,1.0,1.0,0.0,4.0,2.8994,9.0,5.0,4.25
A,1,4242424001990300,0.0734,1.0,1.0,1.0,1.0,1.0,4.0,2.3522,6.0,5.0,2.75
A,1,4242424792619837,-0.0169,1.0,1.0,1.0,1.0,1.0,4.0,2.75,8.0,4.0,4.625
A,1,4111113911092350,0.0478,1.0,1.0,1.0,1.0,0.0,4.0,2.3968,7.0,7.0,2.625
A,1,4532015095273741,0.2512,1.0,1.0,1.0,1.0,2.0,4.0,2.9528,8.0,3.0,3.625
A,1,4111114410951070,-0.0544,1.0,1.0,1.0,1.0,0.0,4.0,2.1774,6.0,7.0,2.5
A,1,4111116715270544,0.216,1.0,1.0,1.0,1.0,0.0,4.0,2.4835,7.0,6.0,3.125
A,1,4532010436470551,-0.0458,1.0,1.0,1.0,1.0,2.0,4.0,2.8585,8.0,3.0,3.125
A,1,4111114982705565,0.2323,1.0,1.0,1.0,1.0,0.0,4.0,2.8522,9.0,5.0,3.75
A,1,4111119879248637,0.0821,1.0,1.0,1.0,1.0,0.0,4.0,2.7744,8.0,5.0,4.5
A,1,4111112093167881,-0.8383,1.0,1.0,1.0,1.0,0.0,4.0,2.6468,9.0,7.0,3.375
A,1,4532019648126380,0.2489,1.0,1.0,1.0,1.0,2.0,4.0,3.125,9.0,2.0,3.875
A,1,4242423897406769,0.624,1.0,1.0,1.0,1.0,1.0,4.0,2.8278,8.0,4.0,4.8125
A,1,4111116624756070,0.2326,1.0,1.0,1.0,1.0,0.0,4.0,2.6022,7.0,5.0,3.25
A,1,4111118014815771,0.3201,1.0,1.0,1.0,1.0,0.0,4.0,2.125,6.0,8.0,3.1875
A,1,4532013398217069,0.168,1.0,1.0,1.0,1.0,2.0,4.0,3.2028,10.0,3.0,3.9375
A,1,5555553193371339,-0.1212,1.0,1.0,1.0,1.0,4.0,5.0,2.055,5.0,6.0,4.5
A,1,4111118113755530,0.1006,1.0,1.0,1.0,1.0,0.0,4.0,2.3496,7.0,7.0,2.9375
A,1,4242428650690665,-0.2186,1.0,1.0,1.0,1.0,1.0,4.0,2.6556,7.0,4.0,4.3125
A,1,4242420701498107,-0.0489,1.0,1.0,1.0,1.0,1.0,4.0,2.6556,7.0,4.0,3.4375
A,1,4111112511119845,0.002,1.0,1.0,1.0,1.0,0.0,4.0,1.9669,6.0,9.0,2.875
A,1,4111117683387062,0.017,1.0,1.0,1.0,1.0,0.0,4.0,2.7744,8.0,5.0,3.6875
A,1,6011008336066326,-0.0198,1.0,1.0,1.0,1.0,5.0,6.0,2.3522,6.0,5.0,3.1875
A,1,4111112695594649,-0.1273,1.0,1.0,1.0,1.0,0.0,4.0,2.43,6.0,5.0,4.25
A,1,5555558748851099,-0.4377,1.0,1.0,1.0,1.0,4.0,5.0,2.3496,7.0,7.0,5.5625
A,1,4242429965391650,-0.0569,1.0,1.0,1.0,1.0,1.0,4.0,2.8585,8.0,3.0,4.4375
A,1,4242420093471126,-0.0025,1.0,1.0,1.0,1.0,1.0,4.0,2.75,8.0,4.0,3.1875
A,1,5105107929454714,0.1103,1.0,1.0,1.0,1.0,3.0,5.0,2.7335,7.0,3.0,4.0
A,1,4111117431473842,0.2706,1.0,1.0,1.0,1.0,0.0,4.0,2.2806,6.0,6.0,3.25
A,1,5105106520342641,0.1809,1.0,1.0,1.0,1.0,3.0,5.0,2.7335,7.0,3.0,2.8125
A,1,4111119247519594,0.3226,1.0,1.0,1.0,1.0,0.0,4.0,2.3113,6.0,6.0,4.0
A,1,4111113885425404,0.0737,1.0,1.0,1.0,1.0,0.0,4.0,2.5244,7.0,5.0,3.25
A,1,5105106396462424,0.0368,1.0,1.0,1.0,1.0,3.0,5.0,2.9056,8.0,3.0,3.625
A,1,4111112118619221,0.1747,1.0,1.0,1.0,1.0,0.0,4.0,1.9197,6.0,9.0,2.625
A,1,4111111717314622,0.2221,1.0,1.0,1.0,1.0,0.0,4.0,2.125,6.0,8.0,2.6875
A,1,4111110695065578,0.1624,1.0,1.0,1.0,1.0,0.0,4.0,2.7272,8.0,5.0,3.75
A,1,4242425172105990,0.1115,1.0,1.0,1.0,1.0,1.0,4.0,2.7028,7.0,4.0,3.5625
A,1,4242423497803712,-0.0013,1.0,1.0,1.0,1.0,1.0,4.0,2.75,8.0,4.0,3.875
A,1,4111114580091525,-0.0142,1.0,1.0,1.0,1.0,0.0,4.0,2.4835,7.0,6.0,3.0
A,1,5555550774866273,0.3022,1.0,1.0,1.0,1.0,4.0,5.0,2.6085,8.0,6.0,5.0
A,1,4111110902830061,-0.2658,1.0,1.0,1.0,1.0,0.0,4.0,2.5306,8.0,6.0,2.375
A,1,4111114521100310,0.8018,1.0,1.0,1.0,1.0,0.0,4.0,2.0778,6.0,8.0,1.625
A,1,4242427621109847,-0.0013,1.0,1.0,1.0,1.0,1.0,4.0,2.75,8.0,4.0,3.9375
A,1,6011001859633499,0.3914,1.0,1.0,1.0,1.0,5.0,6.0,2.8585,8.0,3.0,4.0625
A,1,4111114475792195,0.0608,1.0,1.0,1.0,1.0,0.0,4.0,2.3585,6.0,6.0,3.875
A,1,4242429569858872,-0.3306,1.0,1.0,1.0,1.0,1.0,4.0,2.6556,7.0,4.0,5.3125
A,1,4532018031342356,-0.0139,1.0,1.0,1.0,1.0,2.0,4.0,2.875,8.0,4.0,3.125
A,1,4242428309405986,-0.1449,1.0,1.0,1.0,1.0,1.0,4.0,2.8278,8.0,4.0,4.375
A,1,4532011300996473,0.1117,1.0,1.0,1.0,1.0,2.0,4.0,3.0306,9.0,3.0,3.5625
A,1,5105103155978690,-0.0639,1.0,1.0,1.0,1.0,3.0,5.0,2.7806,8.0,4.0,4.0625
A,1,4111116086872878,-0.0567,1.0,1.0,1.0,1.0,0.0,4.0,2.5244,7.0,5.0,4.3125
A,1,4111112727910938,-0.1175,1.0,1.0,1.0,1.0,0.0,4.0,2.6556,8.0,6.0,3.5625
A,1,4532012138787332,-0.0993,1.0,1.0,1.0,1.0,2.0,4.0,2.8278,8.0,4.0,3.6875
A,1,4242421994329629,-0.6463,1.0,1.0,1.0,1.0,1.0,4.0,2.2744,6.0,5.0,4.5
A,1,4111111646284565,0.145,1.0,1.0,1.0,1.0,0.0,4.0,2.3113,6.0,6.0,3.5
A,1,4111119744939642,0.1992,1.0,1.0,1.0,1.0,0.0,4.0,2.4772,7.0,5.0,4.125
A,1,4242423504026729,0.2323,1.0,1.0,1.0,1.0,1.0,4.0,2.6494,8.0,5.0,3.5
A,1,4111112702111486,0.1455,1.0,1.0,1.0,1.0,0.0,4.0,2.25,7.0,8.0,2.5625
A,1,6011005447355507,0.0814,1.0,1.0,1.0,1.0,5.0,6.0,2.625,7.0,4.0,3.3125
A,1,4242426975463412,0.3572,1.0,1.0,1.0,1.0,1.0,4.0,2.6494,8.0,5.0,4.0625
A,1,5105107015040443,-0.3944,1.0,1.0,1.0,1.0,3.0,5.0,2.3829,6.0,5.0,2.5
A,1,4242420397532961,0.1766,1.0,1.0,1.0,1.0,1.0,4.0,2.9528,9.0,4.0,3.9375
A,1,4111115097726305,-0.2246,1.0,1.0,1.0,1.0,0.0,4.0,2.8994,9.0,5.0,3.3125
A,1,5555552481562948,-0.3869,1.0,1.0,1.0,1.0,4.0,5.0,2.3968,7.0,7.0,4.9375
A,1,5105109818032783,-0.2841,1.0,1.0,1.0,1.0,3.0,5.0,2.8585,8.0,3.0,3.8125
A,1,4111119415450788,0.4097,1.0,1.0,1.0,1.0,0.0,4.0,2.4835,7.0,6.0,3.75
A,1,4111111280078851,-0.117,1.0,1.0,1.0,1.0,0.0,4.0,2.3496,7.0,7.0,3.0625
A,1,4111116447747777,1.3146,1.0,1.0,1.0,1.0,0.0,4.0,1.805,4.0,6.0,4.3125
A,1,6011006261995360,-0.2669,1.0,1.0,1.0,1.0,5.0,6.0,2.5778,7.0,4.0,3.4375
A,1,4111110806558230,-0.0231,1.0,1.0,1.0,1.0,0.0,4.0,2.7272,8.0,5.0,2.875
A,1,4111119299971370,0.1586,1.0,1.0,1.0,1.0,0.0,4.0,2.4056,7.0,6.0,4.0625
A,1,4111116475116226,-0.1514,1.0,1.0,1.0,1.0,0.0,4.0,2.2246,6.0,7.0,3.0625
A,1,4111118351309156,-0.2005,1.0,1.0,1.0,1.0,0.0,4.0,2.5218,8.0,7.0,3.125
A,1,4532010068070083,0.6155,1.0,1.0,1.0,1.0,2.0,4.0,2.7806,9.0,6.0,2.9375
A,1,4111116401080397,-0.1266,1.0,1.0,1.0,1.0,0.0,4.0,2.6085,8.0,6.0,2.9375
A,1,4532013754871194,0.108,1.0,1.0,1.0,1.0,2.0,4.0,3.0306,9.0,3.0,4.0
A,1,4111113958977976,-0.3123,1.0,1.0,1.0,1.0,0.0,4.0,2.68,8.0,5.0,4.9375
A,1,4111110474234551,0.1618,1.0,1.0,1.0,1.0,0.0,4.0,2.4056,7.0,6.0,2.75
A,1,4111112737114737,0.7867,1.0,1.0,1.0,1.0,0.0,4.0,2.0218,5.0,7.0,3.1875
A,1,4111117862243045,0.1616,1.0,1.0,1.0,1.0,0.0,4.0,2.8522,9.0,5.0,3.125
A,1,4532012184439598,-0.0193,1.0,1.0,1.0,1.0,2.0,4.0,2.9528,8.0,3.0,4.25
A,1,5105108792153540,-0.0418,1.0,1.0,1.0,1.0,3.0,5.0,2.9056,9.0,4.0,3.5
A,1,4111117283402733,-0.0453,1.0,1.0,1.0,1.0,0.0,4.0,2.6022,7.0,5.0,3.0
A,1,4111116668084843,-0.2572,1.0,1.0,1.0,1.0,0.0,4.0,2.3829,6.0,5.0,3.875
A,1,4111112184074327,0.1622,1.0,1.0,1.0,1.0,0.0,4.0,2.4835,7.0,6.0,2.9375
A,1,4111115321735403,0.1837,1.0,1.0,1.0,1.0,0.0,4.0,2.4835,7.0,6.0,2.625
A,1,4242420679368035,0.108,1.0,1.0,1.0,1.0,1.0,4.0,3.0306,9.0,3.0,4.0625
A,1,4242428545308531,0.163,1.0,1.0,1.0,1.0,1.0,4.0,2.6556,7.0,4.0,3.75
A,1,4111115907057610,-0.0554,1.0,1.0,1.0,1.0,0.0,4.0,2.4835,7.0,6.0,3.0625
A,1,4111115733750909,0.2315,1.0,1.0,1.0,1.0,0.0,4.0,2.6494,7.0,5.0,3.5625
A,1,4111111757600658,0.0119,1.0,1.0,1.0,1.0,0.0,4.0,2.5306,7.0,6.0,3.375
A,1,4111112911632116,-0.2181,1.0,1.0,1.0,1.0,0.0,4.0,1.9669,6.0,9.0,2.5625
A,1,4242423041923388,-0.1728,1.0,1.0,1.0,1.0,1.0,4.0,2.5778,7.0,4.0,3.6875
A,1,4532014486580608,0.0611,1.0,1.0,1.0,1.0,2.0,4.0,2.8585,8.0,3.0,4.0
A,1,6011003353960170,-0.4283,1.0,1.0,1.0,1.0,5.0,6.0,2.555,7.0,5.0,2.8125
A,1,4532019488601492,0.2292,1.0,1.0,1.0,1.0,2.0,4.0,3.0778,9.0,3.0,4.125
A,1,4111114471548286,0.0856,1.0,1.0,1.0,1.0,0.0,4.0,2.4056,7.0,6.0,3.625
A,1,4111118231977172,-0.0297,1.0,1.0,1.0,1.0,0.0,4.0,2.3496,7.0,7.0,3.5
A,1,6011003906072739,0.1898,1.0,1.0,1.0,1.0,5.0,6.0,2.6494,7.0,5.0,3.375
A,1,4242424195443421,0.2592,1.0,1.0,1.0,1.0,1.0,4.0,2.1468,6.0,7.0,3.4375
A,1,4532012186859546,0.0102,1.0,1.0,1.0,1.0,2.0,4.0,3.0778,9.0,3.0,4.3125
A,1,5555554661802912,-0.0074,1.0,1.0,1.0,1.0,4.0,5.0,2.6556,8.0,6.0,4.3125
A,1,5555554550032563,-0.8951,1.0,1.0,1.0,1.0,4.0,5.0,1.9669,6.0,9.0,3.9375
A,1,4111110971607705,0.0124,1.0,1.0,1.0,1.0,0.0,4.0,2.4363,7.0,6.0,3.1875
A,1,4242429479400310,-0.1927,1.0,1.0,1.0,1.0,1.0,4.0,2.555,7.0,5.0,3.4375
A,1,4111118300609391,-0.0142,1.0,1.0,1.0,1.0,0.0,4.0,2.4835,7.0,6.0,3.0
A,1,4111110159282941,0.1205,1.0,1.0,1.0,1.0,0.0,4.0,2.3968,7.0,7.0,3.125
A,1,4111111530047813,0.163,1.0,1.0,1.0,1.0,0.0,4.0,2.3968,7.0,7.0,2.5625
A,1,4242429768844194,0.2396,1.0,1.0,1.0,1.0,1.0,4.0,2.4835,7.0,6.0,4.875
A,1,4111116151085836,0.1467,1.0,1.0,1.0,1.0,0.0,4.0,2.3968,7.0,7.0,3.25
A,1,4242423981903069,0.0423,1.0,1.0,1.0,1.0,1.0,4.0,2.8585,8.0,3.0,4.125
A,1,4532011843460771,0.0508,1.0,1.0,1.0,1.0,2.0,4.0,3.0306,9.0,3.0,3.5
A,1,4111113041856989,-0.0319,1.0,1.0,1.0,1.0,0.0,4.0,2.6556,8.0,6.0,3.875
A,1,4111111844530603,0.2992,1.0,1.0,1.0,1.0,0.0,4.0,2.4835,7.0,6.0,2.6875
A,1,5555551168154284,-0.0032,1.0,1.0,1.0,1.0,4.0,5.0,2.2246,6.0,7.0,4.375
A,1,4111118091243947,0.0818,1.0,1.0,1.0,1.0,0.0,4.0,2.6085,8.0,6.0,3.5
A,1,5105108640505164,0.454,1.0,1.0,1.0,1.0,3.0,5.0,2.4528,6.0,4.0,3.1875
A,1,4111111359897819,0.13,1.0,1.0,1.0,1.0,0.0,4.0,2.3496,7.0,7.0,4.3125
A,1,5105100467049087,0.0688,1.0,1.0,1.0,1.0,3.0,5.0,2.7744,8.0,5.0,3.5625
A,1,6011005183343576,-0.2658,1.0,1.0,1.0,1.0,5.0,6.0,2.8585,8.0,3.0,3.3125
A,1,4111116524535368,0.1391,1.0,1.0,1.0,1.0,0.0,4.0,2.6022,7.0,5.0,3.5
A,1,5555554164992848,0.7908,1.0,1.0,1.0,1.0,4.0,5.0,2.4835,7.0,6.0,5.3125
A,1,4111117648373389,0.3427,1.0,1.0,1.0,1.0,0.0,4.0,2.6022,7.0,5.0,4.1875
A,1,4242428853599937,-0.5325,1.0,1.0,1.0,1.0,1.0,4.0,2.7335,7.0,3.0,5.25
A,1,5555556875431164,0.4402,1.0,1.0,1.0,1.0,4.0,5.0,2.3968,7.0,7.0,4.6875
A,1,5105102384513062,0.0592,1.0,1.0,1.0,1.0,3.0,5.0,2.8585,8.0,3.0,2.875
A,1,4242426600603507,0.2423,1.0,1.0,1.0,1.0,1.0,4.0,2.6085,7.0,4.0,3.1875
A,1,5105108903335192,-0.0636,1.0,1.0,1.0,1.0,3.0,5.0,2.6863,7.0,3.0,3.4375
A,1,4242426071229162,0.1188,1.0,1.0,1.0,1.0,1.0,4.0,2.4835,7.0,6.0,3.375
A,1,4111114292235485,-0.183,1.0,1.0,1.0,1.0,0.0,4.0,2.555,7.0,5.0,3.3125
A,1,5555551680179439,0.4598,1.0,1.0,1.0,1.0,4.0,5.0,2.7806,9.0,6.0,4.875
A,1,4111111321311303,2.8922,1.0,1.0,1.0,1.0,0.0,4.0,1.7169,5.0,9.0,1.6875
A,1,4111117783368566,0.2787,1.0,1.0,1.0,1.0,0.0,4.0,2.6022,7.0,5.0,4.25
A,1,5105102067980497,-0.309,1.0,1.0,1.0,1.0,3.0,5.0,3.0,9.0,4.0,4.0
A,1,4111116038114858,0.0276,1.0,1.0,1.0,1.0,0.0,4.0,2.3496,7.0,7.0,3.3125
A,1,5105107218266431,-0.11,1.0,1.0,1.0,1.0,3.0,5.0,3.0,9.0,4.0,3.25
A,1,4111119000149712,-0.0539,1.0,1.0,1.0,1.0,0.0,4.0,2.2246,6.0,7.0,2.625
A,1,4111114185837744,0.3406,1.0,1.0,1.0,1.0,0.0,4.0,2.2806,6.0,6.0,3.75
A,1,4242425906136568,0.2818,1.0,1.0,1.0,1.0,1.0,4.0,2.9835,9.0,3.0,4.1875
A,1,5105108354636668,0.0908,1.0,1.0,1.0,1.0,3.0,5.0,2.7028,7.0,4.0,4.1875
A,1,4111114510487280,-0.0142,1.0,1.0,1.0,1.0,0.0,4.0,2.4835,7.0,6.0,3.0
A,1,4111112676396493,0.4096,1.0,1.0,1.0,1.0,0.0,4.0,2.6022,7.0,5.0,4.0
A,1,4242427074269684,-0.0495,1.0,1.0,1.0,1.0,1.0,4.0,2.5244,7.0,5.0,4.4375
A,1,4111115407131899,-0.1397,1.0,1.0,1.0,1.0,0.0,4.0,2.5218,8.0,7.0,3.5
A,1,4242420250990223,0.3047,1.0,1.0,1.0,1.0,1.0,4.0,2.3113,6.0,6.0,3.125
A,1,4111115255983391,0.1196,1.0,1.0,1.0,1.0,0.0,4.0,2.4835,7.0,6.0,3.6875
A,1,4242424797681063,0.0592,1.0,1.0,1.0,1.0,1.0,4.0,2.9528,9.0,4.0,4.3125
A,1,4532018374916618,0.1643,1.0,1.0,1.0,1.0,2.0,4.0,3.2028,10.0,3.0,4.25
A,1,5105108982335188,0.0386,1.0,1.0,1.0,1.0,3.0,5.0,2.6556,7.0,4.0,4.1875
A,1,4111115081148714,-0.259,1.0,1.0,1.0,1.0,0.0,4.0,2.0778,6.0,8.0,3.0
A,1,4242420720702638,-0.1932,1.0,1.0,1.0,1.0,1.0,4.0,2.555,7.0,5.0,3.3125
A,1,4111114623521652,0.0539,1.0,1.0,1.0,1.0,0.0,4.0,2.3585,6.0,6.0,2.8125
A,1,4111118614437430,-0.1969,1.0,1.0,1.0,1.0,0.0,4.0,2.4056,7.0,6.0,3.0625
A,1,4242425477814676,-0.2195,1.0,1.0,1.0,1.0,1.0,4.0,2.555,7.0,5.0,4.5625
A,1,4532010436493587,0.0456,1.0,1.0,1.0,1.0,2.0,4.0,3.1556,10.0,3.0,4.0
A,1,4242420883056269,0.1408,1.0,1.0,1.0,1.0,1.0,4.0,2.8278,8.0,4.0,4.0625
A,1,5555553368605644,0.5148,1.0,1.0,1.0,1.0,4.0,5.0,2.2246,6.0,7.0,4.6875
A,1,5105105491993358,-0.0055,1.0,1.0,1.0,1.0,3.0,5.0,2.6556,7.0,4.0,4.25
A,1,4111118075170769,0.0827,1.0,1.0,1.0,1.0,0.0,4.0,2.6085,8.0,6.0,3.6875
A,1,4242424057269070,0.1261,1.0,1.0,1.0,1.0,1.0,4.0,2.5778,7.0,4.0,3.625
A,1,4532018420742695,-0.0741,1.0,1.0,1.0,1.0,2.0,4.0,3.1556,10.0,3.0,3.875
A,1,4111119202720294,-0.0447,1.0,1.0,1.0,1.0,0.0,4.0,2.3994,6.0,5.0,2.875
A,1,4111116594103808,-0.3649,1.0,1.0,1.0,1.0,0.0,4.0,2.6556,8.0,6.0,3.3125
A,1,4532018750882608,0.2761,1.0,1.0,1.0,1.0,2.0,4.0,2.9528,9.0,4.0,4.1875
A,1,4111111413231880,0.0676,1.0,1.0,1.0,1.0,0.0,4.0,2.125,6.0,8.0,2.5
A,1,6011005281413552,0.1894,1.0,1.0,1.0,1.0,5.0,6.0,2.7806,8.0,4.0,2.75
A,1,4111118707991699,0.1774,1.0,1.0,1.0,1.0,0.0,4.0,2.4056,7.0,6.0,4.625
A,1,5555551772871406,0.1984,1.0,1.0,1.0,1.0,4.0,5.0,2.6085,8.0,6.0,4.5625
A,1,4532017742529954,-0.2823,1.0,1.0,1.0,1.0,2.0,4.0,2.8585,8.0,3.0,4.3125
A,1,5555550703474884,0.4873,1.0,1.0,1.0,1.0,4.0,5.0,2.3585,6.0,6.0,4.6875
A,1,5105106554599405,0.3049,1.0,1.0,1.0,1.0,3.0,5.0,2.3585,6.0,6.0,4.0
A,1,4532011704752530,-0.2009,1.0,1.0,1.0,1.0,2.0,4.0,2.7806,7.0,3.0,3.0625
A,1,4111116587746696,-0.0538,1.0,1.0,1.0,1.0,0.0,4.0,2.5244,7.0,5.0,4.5625
A,1,4111118757724529,0.4421,1.0,1.0,1.0,1.0,0.0,4.0,2.6022,7.0,5.0,4.0625
A,1,4242422729037271,-0.0035,1.0,1.0,1.0,1.0,1.0,4.0,2.4363,7.0,6.0,3.625
A,1,4242429877434937,-0.7355,1.0,1.0,1.0,1.0,1.0,4.0,2.43,6.0,5.0,4.9375
A,1,4242426355346542,0.6008,1.0,1.0,1.0,1.0,1.0,4.0,2.2272,5.0,5.0,3.8125
A,1,4111115433208497,-0.1843,1.0,1.0,1.0,1.0,0.0,4.0,2.8522,9.0,5.0,3.375
A,1,4111113997185920,0.1769,1.0,1.0,1.0,1.0,0.0,4.0,2.7335,9.0,6.0,3.875
A,1,4111111955245082,0.216,1.0,1.0,1.0,1.0,0.0,4.0,2.4835,7.0,6.0,3.125
A,1,4242426835137412,0.2632,1.0,1.0,1.0,1.0,1.0,4.0,2.75,8.0,4.0,3.625
A,1,5555557298007938,0.0287,1.0,1.0,1.0,1.0,4.0,5.0,2.5306,7.0,6.0,5.1875
A,1,4111114046297617,0.1108,1.0,1.0,1.0,1.0,0.0,4.0,2.4835,7.0,6.0,3.4375
A,1,4111118427470123,0.1622,1.0,1.0,1.0,1.0,0.0,4.0,2.4835,7.0,6.0,2.9375
A,1,4111118249190412,-0.1514,1.0,1.0,1.0,1.0,0.0,4.0,2.2246,6.0,7.0,3.0625
A,1,4242426832419730,-0.0936,1.0,1.0,1.0,1.0,1.0,4.0,2.875,9.0,4.0,3.8125
A,1,5105109373251794,-0.2522,1.0,1.0,1.0,1.0,3.0,5.0,2.9056,8.0,3.0,3.875
A,1,4242425599053716,0.2377,1.0,1.0,1.0,1.0,1.0,4.0,2.9835,9.0,3.0,4.25
A,1,4242429476146718,0.1131,1.0,1.0,1.0,1.0,1.0,4.0,2.6022,7.0,5.0,4.4375
A,1,5555552706168612,0.3534,1.0,1.0,1.0,1.0,4.0,5.0,2.4835,7.0,6.0,4.3125
A,1,6011006762170570,-0.8044,1.0,1.0,1.0,1.0,5.0,6.0,2.3829,6.0,5.0,3.0625
A,1,5105107923389171,-0.1602,1.0,1.0,1.0,1.0,3.0,5.0,2.875,8.0,4.0,3.875
A,1,5105102842775758,0.0908,1.0,1.0,1.0,1.0,3.0,5.0,2.7028,7.0,4.0,4.1875
A,1,4111113961511143,0.0737,1.0,1.0,1.0,1.0,0.0,4.0,1.9669,6.0,9.0,2.6875
A,1,4242423868169834,-0.1747,1.0,1.0,1.0,1.0,1.0,4.0,2.6556,7.0,4.0,4.625
A,1,4111110873870492,0.0924,1.0,1.0,1.0,1.0,0.0,4.0,2.7744,8.0,5.0,3.5625
A,1,4242421897903736,0.1656,1.0,1.0,1.0,1.0,1.0,4.0,3.0306,9.0,3.0,4.4375
A,1,4242420518525589,0.1116,1.0,1.0,1.0,1.0,1.0,4.0,2.5778,7.0,4.0,4.125
A,1,4111115541654269,0.145,1.0,1.0,1.0,1.0,0.0,4.0,2.3113,6.0,6.0,3.5
A,1,4111116863764066,-0.2491,1.0,1.0,1.0,1.0,0.0,4.0,2.4238,7.0,5.0,3.8125
A,1,6011009344737940,0.2692,1.0,1.0,1.0,1.0,5.0,6.0,2.7028,7.0,4.0,3.625
A,1,4242427126408645,0.1026,1.0,1.0,1.0,1.0,1.0,4.0,2.6494,8.0,5.0,3.8125
A,1,5555557870943971,-0.0041,1.0,1.0,1.0,1.0,4.0,5.0,2.6085,8.0,6.0,5.3125
A,1,4111110362851235,0.0917,1.0,1.0,1.0,1.0,0.0,4.0,2.6556,8.0,6.0,2.75
A,1,4111113124283994,-0.0033,1.0,1.0,1.0,1.0,0.0,4.0,2.3585,6.0,6.0,3.375
A,1,4242424641065190,0.1071,1.0,1.0,1.0,1.0,1.0,4.0,2.6022,7.0,5.0,3.375
A,1,4242423909483178,-0.1449,1.0,1.0,1.0,1.0,1.0,4.0,2.8278,8.0,4.0,4.375
A,1,5555551417589322,0.0881,1.0,1.0,1.0,1.0,4.0,5.0,2.5218,8.0,7.0,4.5
A,1,4242426576877333,-0.2895,1.0,1.0,1.0,1.0,1.0,4.0,2.6863,7.0,3.0,4.5625
A,1,4532010239331935,0.2385,1.0,1.0,1.0,1.0,2.0,4.0,2.6494,7.0,5.0,3.3125
A,1,4111116089417127,-0.3867,1.0,1.0,1.0,1.0,0.0,4.0,2.5218,8.0,7.0,3.375
A,1,4111111142060311,1.7938,1.0,1.0,1.0,1.0,0.0,4.0,1.9669,6.0,9.0,1.75
A,1,4242425734995896,-0.3285,1.0,1.0,1.0,1.0,1.0,4.0,2.7806,8.0,4.0,5.1875
A,1,4111116266259771,0.4097,1.0,1.0,1.0,1.0,0.0,4.0,2.4835,7.0,6.0,3.75
A,1,4111111435879617,0.1512,1.0,1.0,1.0,1.0,0.0,4.0,2.5218,8.0,7.0,3.75
A,1,4111116699392611,0.0586,1.0,1.0,1.0,1.0,0.0,4.0,2.1774,6.0,7.0,3.8125
A,1,5105101703206184,0.592,1.0,1.0,1.0,1.0,3.0,5.0,2.875,9.0,4.0,2.75
A,1,4111118606070538,-0.0294,1.0,1.0,1.0,1.0,0.0,4.0,2.7272,8.0,5.0,3.25
A,1,4111111603237002,0.7786,1.0,1.0,1.0,1.0,0.0,4.0,2.4835,7.0,6.0,2.0625
A,1,4242420683636823,0.1304,1.0,1.0,1.0,1.0,1.0,4.0,2.4835,6.0,4.0,3.9375
A,1,4242429355357907,-0.0331,1.0,1.0,1.0,1.0,1.0,4.0,2.7335,7.0,3.0,4.4375
A,1,4532012896527466,-0.1204,1.0,1.0,1.0,1.0,2.0,4.0,3.1556,10.0,3.0,4.375
A,1,4242422837253612,0.2184,1.0,1.0,1.0,1.0,1.0,4.0,2.6085,8.0,6.0,3.5625
A,1,6011000602697314,-0.2638,1.0,1.0,1.0,1.0,5.0,6.0,2.68,8.0,5.0,2.875
A,1,4242426037985006,0.0899,1.0,1.0,1.0,1.0,1.0,4.0,2.9835,9.0,3.0,3.875
A,1,5555556385803167,0.4728,1.0,1.0,1.0,1.0,4.0,5.0,2.3968,7.0,7.0,4.8125
A,1,4242424764774842,0.0309,1.0,1.0,1.0,1.0,1.0,4.0,1.9746,5.0,7.0,4.4375
A,1,4242425557499687,-0.4927,1.0,1.0,1.0,1.0,1.0,4.0,2.6556,7.0,4.0,5.1875
A,1,4532012668216413,-0.3203,1.0,1.0,1.0,1.0,2.0,4.0,2.8585,8.0,3.0,3.375
A,1,4111110004290446,-0.0589,1.0,1.0,1.0,1.0,0.0,4.0,2.2744,6.0,5.0,2.375
A,1,4111115707232058,0.1221,1.0,1.0,1.0,1.0,0.0,4.0,2.7744,8.0,5.0,3.0
A,1,4111111993486359,0.4727,1.0,1.0,1.0,1.0,0.0,4.0,2.4835,7.0,6.0,4.125
A,1,4111110626841642,0.0778,1.0,1.0,1.0,1.0,0.0,4.0,2.3113,6.0,6.0,3.0
A,1,5555551126546688,0.6523,1.0,1.0,1.0,1.0,4.0,5.0,2.2246,6.0,7.0,4.8125
A,1,4111115915490225,0.1098,1.0,1.0,1.0,1.0,0.0,4.0,2.3585,6.0,6.0,3.1875
A,1,4532012118043508,0.011,1.0,1.0,1.0,1.0,2.0,4.0,2.7806,7.0,3.0,2.9375
A,1,4111112142311043,0.5337,1.0,1.0,1.0,1.0,0.0,4.0,1.9528,5.0,8.0,1.875
A,1,4242426900870897,-0.1857,1.0,1.0,1.0,1.0,1.0,4.0,2.7335,7.0,3.0,4.5
A,1,4242426888805055,0.204,1.0,1.0,1.0,1.0,1.0,4.0,2.4835,6.0,4.0,4.4375
A,1,4242426584009341,0.3347,1.0,1.0,1.0,1.0,1.0,4.0,2.8522,9.0,5.0,3.625
A,1,4111113321969239,0.145,1.0,1.0,1.0,1.0,0.0,4.0,2.3113,6.0,6.0,3.5
A,1,4111116721235309,0.6286,1.0,1.0,1.0,1.0,0.0,4.0,2.7806,9.0,6.0,2.9375
A,1,4111119549348924,0.1992,1.0,1.0,1.0,1.0,0.0,4.0,2.4772,7.0,5.0,4.125
A,1,4532015131683457,0.3702,1.0,1.0,1.0,1.0,2.0,4.0,2.9835,9.0,3.0,3.625
A,1,4532010068176161,0.1214,1.0,1.0,1.0,1.0,2.0,4.0,2.9056,9.0,4.0,3.1875
A,1,4111114688466447,-0.0095,1.0,1.0,1.0,1.0,0.0,4.0,2.1266,5.0,5.0,4.125
A,1,4532014995750866,0.1896,1.0,1.0,1.0,1.0,2.0,4.0,3.2028,10.0,3.0,4.625
A,1,4111117038713335,-0.1969,1.0,1.0,1.0,1.0,0.0,4.0,2.4056,7.0,6.0,3.0625
A,1,4242422426102568,-0.0227,1.0,1.0,1.0,1.0,1.0,4.0,2.4056,7.0,6.0,3.375
A,1,6011002807048301,0.0137,1.0,1.0,1.0,1.0,5.0,6.0,2.6085,8.0,6.0,2.5625
A,1,4111110416800451,-0.118,1.0,1.0,1.0,1.0,0.0,4.0,2.1774,6.0,7.0,2.375
A,1,4111119569980911,0.2989,1.0,1.0,1.0,1.0,0.0,4.0,2.2718,7.0,7.0,4.125
A,1,4532017463678428,0.0679,1.0,1.0,1.0,1.0,2.0,4.0,3.0778,9.0,3.0,4.375
A,1,5555552827146455,0.7024,1.0,1.0,1.0,1.0,4.0,5.0,2.25,7.0,8.0,4.625
A,1,4532012856021245,-0.0094,1.0,1.0,1.0,1.0,2.0,4.0,2.8278,8.0,4.0,3.125
A,1,4242427293229014,-0.0706,1.0,1.0,1.0,1.0,1.0,4.0,2.4056,7.0,6.0,3.5625
A,1,4242428465917543,0.0581,1.0,1.0,1.0,1.0,1.0,4.0,2.8522,9.0,5.0,4.375
A,1,5555552848596761,0.4875,1.0,1.0,1.0,1.0,4.0,5.0,2.5218,8.0,7.0,5.375
A,1,4111119970451536,0.0295,1.0,1.0,1.0,1.0,0.0,4.0,2.6556,8.0,6.0,3.625
A,1,6011002329971782,0.2621,1.0,1.0,1.0,1.0,5.0,6.0,2.8585,8.0,3.0,3.625
A,1,4111115448472823,-0.016,1.0,1.0,1.0,1.0,0.0,4.0,2.5244,7.0,5.0,3.5
A,1,4111112795687046,0.2966,1.0,1.0,1.0,1.0,0.0,4.0,2.8994,9.0,5.0,3.9375
A,1,5555559037930768,0.0287,1.0,1.0,1.0,1.0,4.0,5.0,2.5306,7.0,6.0,5.125
A,1,4532011709250019,-0.2073,1.0,1.0,1.0,1.0,2.0,4.0,2.8278,8.0,4.0,3.0625
A,1,4532013509754935,0.1149,1.0,1.0,1.0,1.0,2.0,4.0,2.8278,8.0,4.0,4.0625
A,1,4111114173711539,0.294,1.0,1.0,1.0,1.0,0.0,4.0,2.125,6.0,8.0,3.125
A,1,4111112568044169,-0.1882,1.0,1.0,1.0,1.0,0.0,4.0,2.6085,8.0,6.0,3.375
A,1,4111119147506543,-0.2068,1.0,1.0,1.0,1.0,0.0,4.0,2.6085,8.0,6.0,3.3125
A,1,4242427439344578,0.2478,1.0,1.0,1.0,1.0,1.0,4.0,2.4835,7.0,6.0,4.5
A,1,6011009035759385,-0.1743,1.0,1.0,1.0,1.0,5.0,6.0,2.8278,8.0,4.0,3.875
A,1,6011005041142087,-0.1847,1.0,1.0,1.0,1.0,5.0,6.0,2.6494,8.0,5.0,2.5
A,1,4242425697470440,0.3818,1.0,1.0,1.0,1.0,1.0,4.0,2.4835,7.0,6.0,4.0
A,1,4532019207580506,0.3925,1.0,1.0,1.0,1.0,2.0,4.0,3.0778,10.0,4.0,3.5625
A,1,4111117780583753,0.1994,1.0,1.0,1.0,1.0,0.0,4.0,2.6022,7.0,5.0,3.875
A,1,4111119500024266,0.0644,1.0,1.0,1.0,1.0,0.0,4.0,2.6022,7.0,5.0,2.6875
A,1,4111112275968734,0.1557,1.0,1.0,1.0,1.0,0.0,4.0,2.8994,9.0,5.0,3.875
A,1,4111116284957737,0.4736,1.0,1.0,1.0,1.0,0.0,4.0,2.8522,9.0,5.0,4.1875
A,1,4111119779530241,-0.1785,1.0,1.0,1.0,1.0,0.0,4.0,2.6556,8.0,6.0,3.5
A,1,4111110353407260,-0.0488,1.0,1.0,1.0,1.0,0.0,4.0,2.7272,8.0,5.0,2.4375
A,1,4111111145450394,0.2362,1.0,1.0,1.0,1.0,0.0,4.0,2.1468,6.0,7.0,2.8125
A,1,4242421737435071,0.0911,1.0,1.0,1.0,1.0,1.0,4.0,2.6556,7.0,4.0,3.5
A,1,4111111523012477,0.163,1.0,1.0,1.0,1.0,0.0,4.0,2.3968,7.0,7.0,2.5625
A,1,4532010331462661,0.0769,1.0,1.0,1.0,1.0,2.0,4.0,2.7335,7.0,3.0,2.9375
A,1,4111117437006612,0.0691,1.0,1.0,1.0,1.0,0.0,4.0,2.5306,7.0,6.0,2.8125
A,1,4242420457911428,0.143,1.0,1.0,1.0,1.0,1.0,4.0,2.6494,8.0,5.0,3.6875
A,1,4532017911171588,0.0702,1.0,1.0,1.0,1.0,2.0,4.0,2.8994,9.0,5.0,3.9375
A,1,4111119196576975,-0.062,1.0,1.0,1.0,1.0,0.0,4.0,2.3585,6.0,6.0,4.5625
A,1,4242423902043466,-0.0653,1.0,1.0,1.0,1.0,1.0,4.0,2.3994,6.0,5.0,3.4375
A,1,4111118799994296,0.0172,1.0,1.0,1.0,1.0,0.0,4.0,2.4238,7.0,5.0,5.0625
A,1,4242427131400843,-0.2827,1.0,1.0,1.0,1.0,1.0,4.0,2.6022,7.0,5.0,3.0625
A,1,4111119317848519,0.1332,1.0,1.0,1.0,1.0,0.0,4.0,2.3968,7.0,7.0,4.0
A,1,4532017636950704,0.1349,1.0,1.0,1.0,1.0,2.0,4.0,3.0778,9.0,3.0,3.875
A,1,5555551150148120,0.3354,1.0,1.0,1.0,1.0,4.0,5.0,2.1468,6.0,7.0,3.3125
A,1,4111112181418659,0.1804,1.0,1.0,1.0,1.0,0.0,4.0,2.25,7.0,8.0,3.375
A,1,4111110369655191,-0.0395,1.0,1.0,1.0,1.0,0.0,4.0,2.3968,7.0,7.0,3.375
A,1,5555559782983053,-0.4161,1.0,1.0,1.0,1.0,4.0,5.0,2.3968,7.0,7.0,5.25
A,1,5105106809378142,-0.2282,1.0,1.0,1.0,1.0,3.0,5.0,3.1556,10.0,3.0,3.75
A,1,4111118068379765,0.4078,1.0,1.0,1.0,1.0,0.0,4.0,2.8994,9.0,5.0,4.25
A,1,4242423085559130,0.0474,1.0,1.0,1.0,1.0,1.0,4.0,2.8585,8.0,3.0,3.5625
A,1,4242421424358669,0.3125,1.0,1.0,1.0,1.0,1.0,4.0,2.6494,8.0,5.0,4.125
A,1,4111118132132885,0.1719,1.0,1.0,1.0,1.0,0.0,4.0,2.2246,6.0,7.0,3.125
A,1,4242423161733757,-0.0588,1.0,1.0,1.0,1.0,1.0,4.0,2.6863,7.0,3.0,3.8125
A,1,4111114550146234,0.1692,1.0,1.0,1.0,1.0,0.0,4.0,2.4056,7.0,6.0,2.6875
A,1,4111113767768673,-0.2976,1.0,1.0,1.0,1.0,0.0,4.0,2.3522,6.0,5.0,4.3125
A,1,4111113034321678,-0.1026,1.0,1.0,1.0,1.0,0.0,4.0,2.6085,8.0,6.0,2.875
A,1,4111118158848497,-0.0003,1.0,1.0,1.0,1.0,0.0,4.0,2.2335,6.0,6.0,4.4375
A,1,4111113444866460,-0.18,1.0,1.0,1.0,1.0,0.0,4.0,2.2516,6.0,5.0,3.375
A,1,4532016464015655,0.0334,1.0,1.0,1.0,1.0,2.0,4.0,2.6556,7.0,4.0,3.5625
A,1,4242429141594417,0.2079,1.0,1.0,1.0,1.0,1.0,4.0,2.3113,6.0,6.0,3.9375
A,1,4111118006408502,-0.2802,1.0,1.0,1.0,1.0,0.0,4.0,2.5244,7.0,5.0,2.625
A,1,4111114433704803,-0.1177,1.0,1.0,1.0,1.0,0.0,4.0,2.3522,6.0,5.0,2.8125
A,1,4111115568665248,0.0165,1.0,1.0,1.0,1.0,0.0,4.0,2.43,6.0,5.0,4.0
A,1,5105103723539784,-0.5463,1.0,1.0,1.0,1.0,3.0,5.0,3.0306,9.0,3.0,3.9375
A,1,4242420516653409,0.1012,1.0,1.0,1.0,1.0,1.0,4.0,2.8278,8.0,4.0,3.5625
A,1,4242422325448351,0.21,1.0,1.0,1.0,1.0,1.0,4.0,2.2988,6.0,5.0,3.4375
A,1,4532018888754760,0.8186,1.0,1.0,1.0,1.0,2.0,4.0,3.0,9.0,4.0,4.75
A,1,4111118802655249,0.2394,1.0,1.0,1.0,1.0,0.0,4.0,2.7744,8.0,5.0,3.625
A,1,4111114682131633,-0.0245,1.0,1.0,1.0,1.0,0.0,4.0,2.2246,6.0,7.0,2.875
A,1,4111112169336097,-0.3644,1.0,1.0,1.0,1.0,0.0,4.0,2.6556,8.0,6.0,3.4375
A,1,4111118058630466,0.0991,1.0,1.0,1.0,1.0,0.0,4.0,2.6022,7.0,5.0,3.4375
A,1,6011000046833087,-0.0748,1.0,1.0,1.0,1.0,5.0,6.0,2.5306,7.0,6.0,2.9375
A,1,4111111027452914,0.2088,1.0,1.0,1.0,1.0,0.0,4.0,2.3496,7.0,7.0,2.75
A,1,4242428555273112,-0.1228,1.0,1.0,1.0,1.0,1.0,4.0,2.555,7.0,5.0,3.5625
A,1,5105105310530225,0.1657,1.0,1.0,1.0,1.0,3.0,5.0,2.2272,5.0,5.0,2.375
A,1,4242428931769312,0.0143,1.0,1.0,1.0,1.0,1.0,4.0,2.8278,8.0,4.0,4.1875
A,1,4242426206307115,-0.1815,1.0,1.0,1.0,1.0,1.0,4.0,2.8278,8.0,4.0,3.0625
A,1,5555553046525016,0.305,1.0,1.0,1.0,1.0,4.0,5.0,2.25,7.0,8.0,3.875
A,1,5105107510600188,-0.0697,1.0,1.0,1.0,1.0,3.0,5.0,2.3522,6.0,5.0,3.0
A,1,4111111780167626,0.0276,1.0,1.0,1.0,1.0,0.0,4.0,2.3496,7.0,7.0,3.3125
A,1,4111116834706790,0.017,1.0,1.0,1.0,1.0,0.0,4.0,2.7744,8.0,5.0,3.6875
A,1,4532015264467116,0.0215,1.0,1.0,1.0,1.0,2.0,4.0,2.8585,8.0,3.0,3.5625
A,1,5105107485680645,0.2024,1.0,1.0,1.0,1.0,3.0,5.0,2.7028,7.0,4.0,4.0625
A,1,4242421122681966,-0.142,1.0,1.0,1.0,1.0,1.0,4.0,2.3829,6.0,5.0,3.75
A,1,4242423818409132,0.2243,1.0,1.0,1.0,1.0,1.0,4.0,2.625,7.0,4.0,3.5625
A,1,4111119969742119,0.4588,1.0,1.0,1.0,1.0,0.0,4.0,2.1468,6.0,7.0,4.125
A,1,4111119560677094,0.3494,1.0,1.0,1.0,1.0,0.0,4.0,2.6494,7.0,5.0,3.875
A,1,4532014532586245,-0.1351,1.0,1.0,1.0,1.0,2.0,4.0,2.7806,8.0,4.0,3.6875
A,1,5555550270304084,0.3048,1.0,1.0,1.0,1.0,4.0,5.0,2.4056,7.0,6.0,3.625
A,1,4111113254952053,0.0878,1.0,1.0,1.0,1.0,0.0,4.0,2.6022,7.0,5.0,2.9375
A,1,4111119676729714,0.0754,1.0,1.0,1.0,1.0,0.0,4.0,2.3585,6.0,6.0,4.1875
A,1,4242421837223567,-0.0554,1.0,1.0,1.0,1.0,1.0,4.0,2.7272,8.0,5.0,3.875
A,1,4111119491648248,0.2589,1.0,1.0,1.0,1.0,0.0,4.0,2.2806,6.0,6.0,4.0
A,1,4242424948962081,-0.2323,1.0,1.0,1.0,1.0,1.0,4.0,2.5244,7.0,5.0,4.3125
A,1,4111116378974978,0.5987,1.0,1.0,1.0,1.0,0.0,4.0,2.6022,7.0,5.0,4.8125
A,1,4532018085162270,-0.0971,1.0,1.0,1.0,1.0,2.0,4.0,3.0306,9.0,3.0,3.375
A,1,4242420363827858,-0.0655,1.0,1.0,1.0,1.0,1.0,4.0,2.7806,8.0,4.0,4.25
A,1,4111113507487279,0.0025,1.0,1.0,1.0,1.0,0.0,4.0,2.8522,9.0,5.0,3.8125
A,1,4242429320059950,0.291,1.0,1.0,1.0,1.0,1.0,4.0,2.4835,6.0,4.0,3.75
A,1,5105107109246559,-0.0135,1.0,1.0,1.0,1.0,3.0,5.0,2.7806,8.0,4.0,3.75
A,1,4242423471771448,0.2065,1.0,1.0,1.0,1.0,1.0,4.0,2.3113,6.0,6.0,4.0
A,1,4111114711557956,-0.0971,1.0,1.0,1.0,1.0,0.0,4.0,2.2246,6.0,7.0,3.6875
A,1,4532012761802440,-0.1639,1.0,1.0,1.0,1.0,2.0,4.0,2.9835,9.0,3.0,3.0625
A,1,4242421353527201,-0.0407,1.0,1.0,1.0,1.0,1.0,4.0,2.6022,7.0,5.0,2.9375
A,1,4111116900948656,0.1994,1.0,1.0,1.0,1.0,0.0,4.0,2.6022,7.0,5.0,3.875
A,1,5555552554865715,0.5648,1.0,1.0,1.0,1.0,4.0,5.0,1.9238,7.0,10.0,4.875
A,1,4242422872074535,-0.1038,1.0,1.0,1.0,1.0,1.0,4.0,2.5244,7.0,5.0,3.8125
A,1,4111117550189146,-0.4048,1.0,1.0,1.0,1.0,0.0,4.0,2.5218,8.0,7.0,3.4375
A,1,5105106628556720,-0.0517,1.0,1.0,1.0,1.0,3.0,5.0,2.6556,7.0,4.0,3.6875
A,1,4111111674883866,0.1856,1.0,1.0,1.0,1.0,0.0,4.0,2.3113,6.0,6.0,4.125
A,1,6011007764870167,-0.0946,1.0,1.0,1.0,1.0,5.0,6.0,2.4056,6.0,4.0,3.8125
A,1,4111115606851735,-0.2063,1.0,1.0,1.0,1.0,0.0,4.0,2.6085,8.0,6.0,3.4375
A,1,4111112536318331,0.1308,1.0,1.0,1.0,1.0,0.0,4.0,2.2718,7.0,7.0,2.75
A,1,4111112032307770,-0.4745,1.0,1.0,1.0,1.0,0.0,4.0,2.43,6.0,5.0,2.5
A,1,4111117824703508,-0.1196,1.0,1.0,1.0,1.0,0.0,4.0,2.7744,8.0,5.0,3.3125
A,1,6011001767395389,0.382,1.0,1.0,1.0,1.0,5.0,6.0,2.9056,8.0,3.0,4.125
A,1,6011001091329609,-0.6024,1.0,1.0,1.0,1.0,5.0,6.0,2.3522,6.0,5.0,3.0
A,1,4111111620921653,-0.1765,1.0,1.0,1.0,1.0,0.0,4.0,2.5218,8.0,7.0,2.75
A,1,6011008535042789,0.2374,1.0,1.0,1.0,1.0,5.0,6.0,3.125,10.0,4.0,3.6875
A,1,4111113193355491,0.8743,1.0,1.0,1.0,1.0,0.0,4.0,2.0996,5.0,7.0,3.25
A,1,4242422106584119,-0.2149,1.0,1.0,1.0,1.0,1.0,4.0,2.7028,8.0,4.0,3.4375
A,1,4111119786109906,0.4979,1.0,1.0,1.0,1.0,0.0,4.0,2.4835,7.0,6.0,4.0
A,1,4111112216675182,-0.117,1.0,1.0,1.0,1.0,0.0,4.0,2.3496,7.0,7.0,3.0625
A,1,5555554981263985,0.4875,1.0,1.0,1.0,1.0,4.0,5.0,2.5218,8.0,7.0,5.3125
A,1,4111114284456719,-0.0339,1.0,1.0,1.0,1.0,0.0,4.0,2.5306,8.0,6.0,3.6875
A,1,5105104687184302,-0.3415,1.0,1.0,1.0,1.0,3.0,5.0,3.0306,9.0,3.0,3.4375
A,1,4532015373933461,0.0001,1.0,1.0,1.0,1.0,2.0,4.0,2.8994,9.0,5.0,3.6875
A,1,6011003180565838,-0.0693,1.0,1.0,1.0,1.0,5.0,6.0,2.5306,6.0,4.0,3.4375
A,1,4242421522700473,-0.4416,1.0,1.0,1.0,1.0,1.0,4.0,2.5244,7.0,5.0,3.0625
A,1,4111117926795824,0.1907,1.0,1.0,1.0,1.0,0.0,4.0,2.7744,8.0,5.0,4.25
A,1,4242427955844845,0.6185,1.0,1.0,1.0,1.0,1.0,4.0,2.3113,6.0,6.0,4.8125
A,1,4111119157850815,0.1445,1.0,1.0,1.0,1.0,0.0,4.0,2.3496,7.0,7.0,3.625
A,1,4242426163042218,0.0231,1.0,1.0,1.0,1.0,1.0,4.0,2.5244,7.0,5.0,3.1875
A,1,4242426949268897,0.7948,1.0,1.0,1.0,1.0,1.0,4.0,2.4528,6.0,4.0,5.375
A,1,4242422454193901,0.0597,1.0,1.0,1.0,1.0,1.0,4.0,2.5244,7.0,5.0,3.5
A,1,4532017006006582,-0.0604,1.0,1.0,1.0,1.0,2.0,4.0,2.8994,9.0,5.0,3.0625
A,1,5555558311280957,0.2564,1.0,1.0,1.0,1.0,4.0,5.0,2.5218,8.0,7.0,4.625
A,1,4242426268089759,0.1939,1.0,1.0,1.0,1.0,1.0,4.0,2.8278,8.0,4.0,4.875
A,1,5105107297112126,0.0972,1.0,1.0,1.0,1.0,3.0,5.0,2.6022,7.0,5.0,3.125
A,1,4111111333753732,-0.0446,1.0,1.0,1.0,1.0,0.0,4.0,2.18,6.0,6.0,2.875
A,1,4242423360965200,0.1009,1.0,1.0,1.0,1.0,1.0,4.0,2.6556,7.0,4.0,3.25
A,1,4111117523174027,0.1622,1.0,1.0,1.0,1.0,0.0,4.0,2.4835,7.0,6.0,2.9375
A,1,4111114505210259,0.0629,1.0,1.0,1.0,1.0,0.0,4.0,2.3585,6.0,6.0,2.625
A,1,4111114296384123,0.2421,1.0,1.0,1.0,1.0,0.0,4.0,2.4835,7.0,6.0,3.1875
A,1,4532016760436449,0.3565,1.0,1.0,1.0,1.0,2.0,4.0,2.9528,9.0,4.0,4.0
A,1,4111119120808171,0.0813,1.0,1.0,1.0,1.0,0.0,4.0,2.25,7.0,8.0,2.875
A,1,4242424887613471,0.1671,1.0,1.0,1.0,1.0,1.0,4.0,2.6022,7.0,5.0,4.1875
A,1,4111119218476170,-0.3867,1.0,1.0,1.0,1.0,0.0,4.0,2.5218,8.0,7.0,3.375
A,1,4242427250388076,0.1408,1.0,1.0,1.0,1.0,1.0,4.0,2.8278,8.0,4.0,4.0
A,1,4532019373689305,0.4861,1.0,1.0,1.0,1.0,2.0,4.0,3.125,10.0,4.0,4.25
A,1,4111117027529676,0.1624,1.0,1.0,1.0,1.0,0.0,4.0,2.7272,8.0,5.0,3.75
A,1,4111110114161388,-0.0803,1.0,1.0,1.0,1.0,0.0,4.0,1.9669,6.0,9.0,2.625
A,1,4111115259618688,0.408,1.0,1.0,1.0,1.0,0.0,4.0,2.4835,7.0,6.0,4.1875
A,1,5555551142246768,0.3214,1.0,1.0,1.0,1.0,4.0,5.0,2.5306,7.0,6.0,4.4375
A,1,4111115834282695,0.0508,1.0,1.0,1.0,1.0,0.0,4.0,2.7744,8.0,5.0,3.8125
A,1,4111117690311550,-0.2822,1.0,1.0,1.0,1.0,0.0,4.0,2.5218,8.0,7.0,2.875
A,1,5105102145459878,-0.0454,1.0,1.0,1.0,1.0,3.0,5.0,2.8278,8.0,4.0,4.0625
A,1,4242421085413308,0.1789,1.0,1.0,1.0,1.0,1.0,4.0,2.7028,7.0,4.0,3.1875
A,1,5105104904688259,-0.2536,1.0,1.0,1.0,1.0,3.0,5.0,2.9056,8.0,3.0,4.1875
A,1,4242427701908175,-0.0929,1.0,1.0,1.0,1.0,1.0,4.0,2.8585,8.0,3.0,3.9375
A,1,4242420172941726,0.002,1.0,1.0,1.0,1.0,1.0,4.0,2.5244,7.0,5.0,3.5625
A,1,4242428901162118,-0.1772,1.0,1.0,1.0,1.0,1.0,4.0,2.5778,7.0,4.0,3.4375
A,1,4111113681343363,-0.0067,1.0,1.0,1.0,1.0,0.0,4.0,2.055,5.0,6.0,3.0625
A,1,4242424906029402,-0.0739,1.0,1.0,1.0,1.0,1.0,4.0,2.1266,5.0,5.0,3.375
A,1,4111117348262510,0.6286,1.0,1.0,1.0,1.0,0.0,4.0,2.7806,9.0,6.0,2.9375
A,1,4111115516800574,0.216,1.0,1.0,1.0,1.0,0.0,4.0,2.4835,7.0,6.0,3.125
A,1,4532011314202314,-0.4077,1.0,1.0,1.0,1.0,2.0,4.0,2.4835,6.0,4.0,2.25
A,1,4532016592799410,0.2271,1.0,1.0,1.0,1.0,2.0,4.0,3.0778,9.0,3.0,4.1875
A,1,4111110607934457,-0.2084,1.0,1.0,1.0,1.0,0.0,4.0,2.7272,8.0,5.0,3.375
A,1,4111114099940311,0.1958,1.0,1.0,1.0,1.0,0.0,4.0,2.0524,5.0,7.0,3.0625
A,1,4111110142897235,-0.0203,1.0,1.0,1.0,1.0,0.0,4.0,2.7806,9.0,6.0,3.125
A,1,4111119829415583,0.1975,1.0,1.0,1.0,1.0,0.0,4.0,2.5306,7.0,6.0,3.9375
A,1,4242427497431515,0.2936,1.0,1.0,1.0,1.0,1.0,4.0,2.6022,7.0,5.0,4.0
A,1,4532016229584334,-0.0119,1.0,1.0,1.0,1.0,2.0,4.0,2.9835,9.0,3.0,3.8125
A,1,4111112409769818,0.0403,1.0,1.0,1.0,1.0,0.0,4.0,2.6556,8.0,6.0,3.9375
A,1,4111114300096465,-0.172,1.0,1.0,1.0,1.0,0.0,4.0,2.555,7.0,5.0,2.875
A,1,5555555659440193,0.8177,1.0,1.0,1.0,1.0,4.0,5.0,2.25,7.0,8.0,4.75
A,1,6011008605904934,-0.0766,1.0,1.0,1.0,1.0,5.0,6.0,2.7744,8.0,5.0,3.5
A,1,6011004961938665,0.2861,1.0,1.0,1.0,1.0,5.0,6.0,2.7806,8.0,4.0,4.0625
A,1,4111111388339437,0.2556,1.0,1.0,1.0,1.0,0.0,4.0,2.2806,6.0,6.0,3.625
A,1,5555550739753996,0.6011,1.0,1.0,1.0,1.0,4.0,5.0,2.2246,6.0,7.0,5.5
A,1,5105106810727758,-0.0297,1.0,1.0,1.0,1.0,3.0,5.0,2.6863,7.0,3.0,3.9375
A,1,4111116895562272,-0.0567,1.0,1.0,1.0,1.0,0.0,4.0,2.7272,8.0,5.0,3.8125
A,1,4242422426514861,0.1803,1.0,1.0,1.0,1.0,1.0,4.0,2.2988,6.0,5.0,3.5625
A,1,5105101570491976,-0.0921,1.0,1.0,1.0,1.0,3.0,5.0,2.6556,7.0,4.0,3.8125
A,1,4111116859024988,0.0832,1.0,1.0,1.0,1.0,0.0,4.0,2.7272,8.0,5.0,4.25
A,1,5105108539005086,0.2131,1.0,1.0,1.0,1.0,3.0,5.0,2.5244,7.0,5.0,3.5
A,1,5105105026194951,-0.2792,1.0,1.0,1.0,1.0,3.0,5.0,2.5778,7.0,4.0,3.375
A,1,6011008159234548,0.3461,1.0,1.0,1.0,1.0,5.0,6.0,3.0306,9.0,3.0,3.5625
A,1,4242421343960546,-0.0897,1.0,1.0,1.0,1.0,1.0,4.0,2.7272,8.0,5.0,3.6875
A,1,5105105040161531,0.0588,1.0,1.0,1.0,1.0,3.0,5.0,2.2744,6.0,5.0,2.375
A,1,4111119133995676,0.408,1.0,1.0,1.0,1.0,0.0,4.0,2.4835,7.0,6.0,4.1875
A,1,4111117561293424,-0.0728,1.0,1.0,1.0,1.0,0.0,4.0,2.6085,8.0,6.0,3.25
A,1,4111112722463321,0.2377,1.0,1.0,1.0,1.0,0.0,4.0,2.2806,6.0,6.0,2.5625
A,1,6011007288759417,0.5142,1.0,1.0,1.0,1.0,5.0,6.0,2.9835,9.0,3.0,4.125
A,1,4111110028937840,-0.0294,1.0,1.0,1.0,1.0,0.0,4.0,2.7272,8.0,5.0,3.125
A,1,5105108578262325,0.005,1.0,1.0,1.0,1.0,3.0,5.0,2.8278,8.0,4.0,3.75
A,1,4111112630315597,-0.0203,1.0,1.0,1.0,1.0,0.0,4.0,2.7806,9.0,6.0,3.125
A,1,4532013439415318,-0.0457,1.0,1.0,1.0,1.0,2.0,4.0,2.7806,8.0,4.0,3.5
A,1,4242424600911467,0.2147,1.0,1.0,1.0,1.0,1.0,4.0,2.6022,7.0,5.0,3.5
A,1,4242420917206450,-0.0651,1.0,1.0,1.0,1.0,1.0,4.0,2.7028,8.0,4.0,3.25
A,1,4532013891579635,0.2536,1.0,1.0,1.0,1.0,2.0,4.0,3.1556,10.0,3.0,4.4375
A,1,4111113255248923,0.2326,1.0,1.0,1.0,1.0,0.0,4.0,2.6022,7.0,5.0,3.25
A,1,5105100612707969,0.0005,1.0,1.0,1.0,1.0,3.0,5.0,2.7028,7.0,4.0,3.6875
A,1,4111116062231388,-0.1314,1.0,1.0,1.0,1.0,0.0,4.0,2.5306,7.0,6.0,3.0
A,1,5555558418548553,0.4395,1.0,1.0,1.0,1.0,4.0,5.0,1.7947,5.0,9.0,5.0625
A,1,5555555697787571,-0.0283,1.0,1.0,1.0,1.0,4.0,5.0,2.0,6.0,8.0,5.75
A,1,5105106798528640,-0.1766,1.0,1.0,1.0,1.0,3.0,5.0,3.0306,9.0,3.0,4.1875
A,1,4242427057739661,0.0649,1.0,1.0,1.0,1.0,1.0,4.0,2.9835,9.0,3.0,4.3125
A,1,4111110773089680,-0.0151,1.0,1.0,1.0,1.0,0.0,4.0,2.7272,8.0,5.0,3.5625
A,1,4532012684639747,0.4231,1.0,1.0,1.0,1.0,2.0,4.0,3.2028,10.0,3.0,4.4375
A,1,4242426211458085,0.4578,1.0,1.0,1.0,1.0,1.0,4.0,2.625,7.0,4.0,3.625
A,1,4111112508705903,0.2056,1.0,1.0,1.0,1.0,0.0,4.0,2.8522,9.0,5.0,3.0
A,1,4111114852881157,0.11,1.0,1.0,1.0,1.0,0.0,4.0,2.2246,6.0,7.0,3.625
A,1,4111111639302119,0.1985,1.0,1.0,1.0,1.0,0.0,4.0,2.25,7.0,8.0,2.75
A,1,4111114321642537,0.1862,1.0,1.0,1.0,1.0,0.0,4.0,2.4835,7.0,6.0,2.875
A,1,5105101802949569,-0.0946,1.0,1.0,1.0,1.0,3.0,5.0,2.8113,8.0,3.0,4.0625
A,1,4242427387623734,-0.1869,1.0,1.0,1.0,1.0,1.0,4.0,2.4056,6.0,4.0,4.25
A,1,4242428388945910,-0.2014,1.0,1.0,1.0,1.0,1.0,4.0,2.7806,8.0,4.0,4.5625
A,1,4111119681314544,0.1126,1.0,1.0,1.0,1.0,0.0,4.0,2.2718,7.0,7.0,3.375
A,1,5555558461878261,0.3048,1.0,1.0,1.0,1.0,4.0,5.0,2.4835,7.0,6.0,5.0625
A,1,4242423189483161,0.0023,1.0,1.0,1.0,1.0,1.0,4.0,2.6556,7.0,4.0,3.875
A,1,4111117438805087,0.0909,1.0,1.0,1.0,1.0,0.0,4.0,2.6022,7.0,5.0,3.6875
A,1,4111110844122437,0.1618,1.0,1.0,1.0,1.0,0.0,4.0,2.4056,7.0,6.0,2.75
A,1,4532014709283063,-0.1105,1.0,1.0,1.0,1.0,2.0,4.0,3.1556,10.0,3.0,3.5625
A,1,4532011256069879,-0.112,1.0,1.0,1.0,1.0,2.0,4.0,3.25,10.0,2.0,4.25
A,1,4242422839986201,0.0799,1.0,1.0,1.0,1.0,1.0,4.0,2.7272,8.0,5.0,4.125
A,1,4242428880423424,0.5814,1.0,1.0,1.0,1.0,1.0,4.0,2.0079,5.0,6.0,3.8125
A,1,4111115294370964,0.1942,1.0,1.0,1.0,1.0,0.0,4.0,2.8522,9.0,5.0,3.625
A,1,4242425200890019,-0.0933,1.0,1.0,1.0,1.0,1.0,4.0,2.5778,7.0,4.0,3.25
A,1,4242421550706897,0.1852,1.0,1.0,1.0,1.0,1.0,4.0,3.0306,9.0,3.0,4.125
A,1,4532012647488869,0.8456,1.0,1.0,1.0,1.0,2.0,4.0,3.1556,10.0,3.0,4.8125
A,1,4242425793295683,0.2049,1.0,1.0,1.0,1.0,1.0,4.0,2.8278,8.0,4.0,4.6875
A,1,4242427887590656,0.6663,1.0,1.0,1.0,1.0,1.0,4.0,2.9056,8.0,3.0,4.9375
A,1,4111119027672456,0.0924,1.0,1.0,1.0,1.0,0.0,4.0,2.7744,8.0,5.0,3.5625
A,1,4111117472014299,-0.0033,1.0,1.0,1.0,1.0,0.0,4.0,2.3585,6.0,6.0,3.375
A,1,4242427143610215,-0.3459,1.0,1.0,1.0,1.0,1.0,4.0,2.7028,8.0,4.0,3.0
A,1,4111115001079742,0.2919,1.0,1.0,1.0,1.0,0.0,4.0,2.4835,7.0,6.0,2.75
A,1,4111114497011244,-0.3568,1.0,1.0,1.0,1.0,0.0,4.0,2.0462,6.0,7.0,2.8125
A,1,6011007257919695,0.3481,1.0,1.0,1.0,1.0,5.0,6.0,2.7335,7.0,3.0,4.25
A,1,4111116840174751,0.2325,1.0,1.0,1.0,1.0,0.0,4.0,2.3496,7.0,7.0,3.25
A,1,4111116941972285,-0.0319,1.0,1.0,1.0,1.0,0.0,4.0,2.6556,8.0,6.0,3.875
A,1,4111116546339161,-0.0068,1.0,1.0,1.0,1.0,0.0,4.0,2.2246,6.0,7.0,3.3125
A,1,4111117908551963,0.1481,1.0,1.0,1.0,1.0,0.0,4.0,2.7806,9.0,6.0,3.875
A,1,5555553548241930,0.0954,1.0,1.0,1.0,1.0,4.0,5.0,2.5218,8.0,7.0,4.3125
A,1,5105101009056671,0.1311,1.0,1.0,1.0,1.0,3.0,5.0,2.3522,6.0,5.0,2.9375
A,1,4242425204164098,0.2932,1.0,1.0,1.0,1.0,1.0,4.0,2.6494,8.0,5.0,3.5625
A,1,4532011551442847,-0.0457,1.0,1.0,1.0,1.0,2.0,4.0,2.7806,8.0,4.0,3.5
A,1,4111117711443242,0.0615,1.0,1.0,1.0,1.0,0.0,4.0,2.0218,5.0,7.0,2.75
A,1,4242421362595470,0.1523,1.0,1.0,1.0,1.0,1.0,4.0,2.875,9.0,4.0,3.75
A,1,4111119252326075,0.1616,1.0,1.0,1.0,1.0,0.0,4.0,2.8522,9.0,5.0,3.125
A,1,4532013664803287,0.1349,1.0,1.0,1.0,1.0,2.0,4.0,3.0778,9.0,3.0,3.875
A,1,4242425642917198,-0.1071,1.0,1.0,1.0,1.0,1.0,4.0,2.75,8.0,4.0,4.375
A,1,4242429796092071,-0.0007,1.0,1.0,1.0,1.0,1.0,4.0,2.6556,7.0,4.0,4.25
A,1,4111114672812036,-0.365,1.0,1.0,1.0,1.0,0.0,4.0,2.6556,8.0,6.0,3.0
A,1,4111112701233299,0.1622,1.0,1.0,1.0,1.0,0.0,4.0,2.4835,7.0,6.0,2.9375
A,1,4242428876890602,-0.2583,1.0,1.0,1.0,1.0,1.0,4.0,2.6556,7.0,4.0,4.5
A,1,4111113813700308,0.2418,1.0,1.0,1.0,1.0,0.0,4.0,2.3113,6.0,6.0,2.625
A,1,5105104335014646,-0.6303,1.0,1.0,1.0,1.0,3.0,5.0,2.5613,6.0,3.0,3.0
A,1,4111112917334519,-0.0582,1.0,1.0,1.0,1.0,0.0,4.0,2.3968,7.0,7.0,3.3125
A,1,5555553702371341,0.2645,1.0,1.0,1.0,1.0,4.0,5.0,2.4835,7.0,6.0,3.8125
A,1,6011007028275401,0.3091,1.0,1.0,1.0,1.0,5.0,6.0,2.7272,8.0,5.0,2.75
A,1,4242421266244688,-0.2106,1.0,1.0,1.0,1.0,1.0,4.0,2.1266,5.0,5.0,4.0625
A,1,4111113404770835,0.185,1.0,1.0,1.0,1.0,0.0,4.0,2.6022,7.0,5.0,3.125
A,1,4532011369779968,1.2951,1.0,1.0,1.0,1.0,2.0,4.0,3.2028,10.0,3.0,5.0
A,1,4242426816337403,-0.1092,1.0,1.0,1.0,1.0,1.0,4.0,2.7806,8.0,4.0,3.6875
A,1,4111110430045380,-0.4562,1.0,1.0,1.0,1.0,0.0,4.0,2.3522,6.0,5.0,2.25
A,1,4111115951687247,0.0403,1.0,1.0,1.0,1.0,0.0,4.0,2.6556,8.0,6.0,3.9375
A,1,5555555856199865,-1.4574,1.0,1.0,1.0,1.0,4.0,5.0,1.8419,5.0,9.0,5.75
A,1,4242424278668845,-0.0335,1.0,1.0,1.0,1.0,1.0,4.0,2.3522,6.0,5.0,4.75
A,1,4111110066686671,-0.0053,1.0,1.0,1.0,1.0,0.0,4.0,2.18,6.0,6.0,3.4375
A,1,4111118825741422,0.3342,1.0,1.0,1.0,1.0,0.0,4.0,2.3113,6.0,6.0,3.25
A,1,5555556535712003,0.305,1.0,1.0,1.0,1.0,4.0,5.0,2.25,7.0,8.0,3.875
A,1,4532010645842533,-0.2953,1.0,1.0,1.0,1.0,2.0,4.0,2.8585,8.0,3.0,3.4375
A,1,5105109769141286,-0.309,1.0,1.0,1.0,1.0,3.0,5.0,3.0,9.0,4.0,4.0625
A,1,4242424037743970,-0.2423,1.0,1.0,1.0,1.0,1.0,4.0,2.43,6.0,5.0,3.875
A,1,4242426730366900,0.2804,1.0,1.0,1.0,1.0,1.0,4.0,2.6863,7.0,3.0,3.625
A,1,4532017399421802,0.2522,1.0,1.0,1.0,1.0,2.0,4.0,3.0778,9.0,3.0,3.75
A,1,4242427311959170,-0.1676,1.0,1.0,1.0,1.0,1.0,4.0,2.8585,8.0,3.0,3.8125
A,1,4111110423850820,-0.0305,1.0,1.0,1.0,1.0,0.0,4.0,2.6022,7.0,5.0,2.5625
A,1,4532014916441850,0.3039,1.0,1.0,1.0,1.0,2.0,4.0,2.9528,9.0,4.0,3.5625
A,1,4242421867283523,-0.0554,1.0,1.0,1.0,1.0,1.0,4.0,2.7272,8.0,5.0,3.9375
A,1,4111111946674150,0.2325,1.0,1.0,1.0,1.0,0.0,4.0,2.3496,7.0,7.0,3.25
A,1,5105104526588614,-0.0399,1.0,1.0,1.0,1.0,3.0,5.0,2.7028,7.0,4.0,3.8125
A,1,5105109814889921,-0.1034,1.0,1.0,1.0,1.0,3.0,5.0,2.6556,7.0,4.0,4.4375
A,1,5555550144165588,0.1792,1.0,1.0,1.0,1.0,4.0,5.0,2.125,6.0,8.0,4.5
A,1,4111118832715013,-0.3063,1.0,1.0,1.0,1.0,0.0,4.0,2.5218,8.0,7.0,2.9375
A,1,4111113321576323,0.1618,1.0,1.0,1.0,1.0,0.0,4.0,2.4056,7.0,6.0,2.75
A,1,4242422770283022,0.1947,1.0,1.0,1.0,1.0,1.0,4.0,2.2246,6.0,7.0,3.1875
A,1,5105101984020684,-0.3919,1.0,1.0,1.0,1.0,3.0,5.0,2.8278,8.0,4.0,3.375
A,1,4242423419621713,-0.1772,1.0,1.0,1.0,1.0,1.0,4.0,2.5778,7.0,4.0,3.4375
A,1,4111116080950712,0.7248,1.0,1.0,1.0,1.0,0.0,4.0,2.7335,9.0,6.0,2.9375
A,1,4242429812203041,-0.4005,1.0,1.0,1.0,1.0,1.0,4.0,2.5244,7.0,5.0,3.0
A,1,4111116093564146,-0.1195,1.0,1.0,1.0,1.0,0.0,4.0,2.4363,7.0,6.0,3.3125
A,1,4242428855752757,0.9108,1.0,1.0,1.0,1.0,1.0,4.0,2.2806,5.0,4.0,4.8125
A,1,4111118700871658,0.1196,1.0,1.0,1.0,1.0,0.0,4.0,2.4835,7.0,6.0,3.6875
A,1,4242427470152195,0.1589,1.0,1.0,1.0,1.0,1.0,4.0,2.625,7.0,4.0,3.6875
A,1,5555554793953302,0.3797,1.0,1.0,1.0,1.0,4.0,5.0,2.3496,7.0,7.0,4.6875
A,1,4111117301044632,0.2248,1.0,1.0,1.0,1.0,0.0,4.0,2.4835,7.0,6.0,2.4375
A,1,4111116356238248,0.2891,1.0,1.0,1.0,1.0,0.0,4.0,2.6494,7.0,5.0,3.5
A,1,6011007080223042,0.0549,1.0,1.0,1.0,1.0,5.0,6.0,2.6085,8.0,6.0,2.25
A,1,6011005105088465,-0.1545,1.0,1.0,1.0,1.0,5.0,6.0,2.43,6.0,5.0,3.125
A,1,4532015892751840,0.2546,1.0,1.0,1.0,1.0,2.0,4.0,3.0778,9.0,3.0,4.0
A,1,4111116920328566,0.0155,1.0,1.0,1.0,1.0,0.0,4.0,2.8522,9.0,5.0,3.5
A,1,4242429618281639,0.0764,1.0,1.0,1.0,1.0,1.0,4.0,2.7028,7.0,4.0,4.4375
A,1,4111110166752795,-0.1175,1.0,1.0,1.0,1.0,0.0,4.0,2.6556,8.0,6.0,3.5625
A,1,4242420100152933,-0.2212,1.0,1.0,1.0,1.0,1.0,4.0,2.6556,7.0,4.0,2.625
A,1,4532011306430873,0.2486,1.0,1.0,1.0,1.0,2.0,4.0,2.9528,9.0,4.0,3.125
A,1,6011009217719272,0.0712,1.0,1.0,1.0,1.0,5.0,6.0,2.4835,6.0,4.0,3.4375
A,1,4111119336712910,-0.2005,1.0,1.0,1.0,1.0,0.0,4.0,2.5218,8.0,7.0,3.125
A,1,4111115071623825,0.0238,1.0,1.0,1.0,1.0,0.0,4.0,2.7806,9.0,6.0,3.0
A,1,4111117723972949,-0.1273,1.0,1.0,1.0,1.0,0.0,4.0,2.43,6.0,5.0,4.25
A,1,4242424840177689,-0.1546,1.0,1.0,1.0,1.0,1.0,4.0,2.7272,8.0,5.0,4.5
A,1,4532012012303057,0.1755,1.0,1.0,1.0,1.0,2.0,4.0,2.6556,7.0,4.0,2.375
A,1,5555553928538749,-0.1666,1.0,1.0,1.0,1.0,4.0,5.0,2.3968,7.0,7.0,5.5
A,1,5105107661706743,-0.064,1.0,1.0,1.0,1.0,3.0,5.0,2.6863,7.0,3.0,3.6875
A,1,4532011554773438,-0.1188,1.0,1.0,1.0,1.0,2.0,4.0,2.8585,8.0,3.0,3.875
A,1,4532010905052872,-0.2027,1.0,1.0,1.0,1.0,2.0,4.0,2.9056,9.0,4.0,3.3125
A,1,4111115985991714,0.1333,1.0,1.0,1.0,1.0,0.0,4.0,2.2246,6.0,7.0,4.1875
A,1,4532014945437119,-0.065,1.0,1.0,1.0,1.0,2.0,4.0,2.8278,8.0,4.0,3.875
A,1,4532019556376969,1.4991,1.0,1.0,1.0,1.0,2.0,4.0,2.9835,9.0,3.0,5.0
A,1,4111110565441701,-0.0539,1.0,1.0,1.0,1.0,0.0,4.0,2.2246,6.0,7.0,2.625
A,1,4532010122416975,0.2371,1.0,1.0,1.0,1.0,2.0,4.0,3.0306,9.0,3.0,3.25
A,1,4111119484704313,0.1006,1.0,1.0,1.0,1.0,0.0,4.0,2.4056,7.0,6.0,3.25
A,1,4532018776158454,0.0239,1.0,1.0,1.0,1.0,2.0,4.0,3.0306,9.0,3.0,4.375
A,1,4242424176304782,0.3379,1.0,1.0,1.0,1.0,1.0,4.0,2.6494,8.0,5.0,3.75
A,1,4111117832322986,-0.0905,1.0,1.0,1.0,1.0,0.0,4.0,2.7272,8.0,5.0,3.6875
A,1,4242429244568680,-0.1746,1.0,1.0,1.0,1.0,1.0,4.0,2.5244,7.0,5.0,4.375
A,1,5105106538531557,0.5292,1.0,1.0,1.0,1.0,3.0,5.0,2.4835,7.0,6.0,3.75
A,1,4111113946705323,0.1616,1.0,1.0,1.0,1.0,0.0,4.0,2.8522,9.0,5.0,3.1875
A,1,5555557814333107,0.4385,1.0,1.0,1.0,1.0,4.0,5.0,2.4835,7.0,6.0,4.1875
A,1,4242427267937907,0.2222,1.0,1.0,1.0,1.0,1.0,4.0,2.5778,7.0,4.0,4.6875
A,1,4111118561596014,-0.0395,1.0,1.0,1.0,1.0,0.0,4.0,2.3968,7.0,7.0,3.375
A,1,4111116924440086,0.0737,1.0,1.0,1.0,1.0,0.0,4.0,2.5244,7.0,5.0,3.25
A,1,4111118609783749,0.0756,1.0,1.0,1.0,1.0,0.0,4.0,2.7744,8.0,5.0,4.375
A,1,4242424141824674,0.1794,1.0,1.0,1.0,1.0,1.0,4.0,2.1468,6.0,7.0,3.6875
A,1,5105104861425513,-0.1192,1.0,1.0,1.0,1.0,3.0,5.0,2.75,8.0,4.0,3.1875
A,1,5555558424838279,0.7908,1.0,1.0,1.0,1.0,4.0,5.0,2.4835,7.0,6.0,5.3125
A,1,4532013585068721,0.2522,1.0,1.0,1.0,1.0,2.0,4.0,3.0778,9.0,3.0,3.75
A,1,4111110651093507,-0.1026,1.0,1.0,1.0,1.0,0.0,4.0,2.6085,8.0,6.0,2.8125
A,1,4242426989490328,0.2801,1.0,1.0,1.0,1.0,1.0,4.0,2.5778,7.0,4.0,4.75
A,1,4532018884233058,0.2221,1.0,1.0,1.0,1.0,2.0,4.0,2.7028,7.0,4.0,4.0
A,1,4242429336810198,0.0407,1.0,1.0,1.0,1.0,1.0,4.0,2.9056,8.0,3.0,4.125
A,1,4242420166436204,0.1212,1.0,1.0,1.0,1.0,1.0,4.0,2.3522,6.0,5.0,3.125
A,1,5105106454662659,0.341,1.0,1.0,1.0,1.0,3.0,5.0,2.625,7.0,4.0,4.0625
A,1,5105106277827380,-0.2522,1.0,1.0,1.0,1.0,3.0,5.0,2.9056,8.0,3.0,3.875
A,1,4242429536159123,0.0804,1.0,1.0,1.0,1.0,1.0,4.0,2.7028,7.0,4.0,3.875
A,1,4111114159211405,-0.4628,1.0,1.0,1.0,1.0,0.0,4.0,2.0778,6.0,8.0,2.5625
A,1,4532016461585841,-0.1188,1.0,1.0,1.0,1.0,2.0,4.0,2.8585,8.0,3.0,3.9375
A,1,5105102516349153,-0.1192,1.0,1.0,1.0,1.0,3.0,5.0,2.75,8.0,4.0,3.1875
A,1,5105103042010525,-0.0958,1.0,1.0,1.0,1.0,3.0,5.0,2.3522,6.0,5.0,2.125
A,1,4532013452357918,-0.0437,1.0,1.0,1.0,1.0,2.0,4.0,3.0306,9.0,3.0,3.875
A,1,4111114536559427,-0.1577,1.0,1.0,1.0,1.0,0.0,4.0,2.68,8.0,5.0,3.6875
A,1,4111119884826864,-0.3193,1.0,1.0,1.0,1.0,0.0,4.0,2.3522,6.0,5.0,4.5
A,1,5105109528761549,-0.2327,1.0,1.0,1.0,1.0,3.0,5.0,2.9528,9.0,4.0,4.25
A,1,5105103097975432,-0.3269,1.0,1.0,1.0,1.0,3.0,5.0,2.9056,8.0,3.0,3.8125
A,1,5105108716125178,0.3708,1.0,1.0,1.0,1.0,3.0,5.0,2.6022,7.0,5.0,3.625
A,1,5555556140817874,0.609,1.0,1.0,1.0,1.0,4.0,5.0,2.5306,7.0,6.0,4.75
A,1,4111119139502930,0.216,1.0,1.0,1.0,1.0,0.0,4.0,2.4835,7.0,6.0,3.125
A,1,5105105882474174,-0.0572,1.0,1.0,1.0,1.0,3.0,5.0,2.7335,7.0,3.0,3.875
A,1,4532019811308286,-0.1455,1.0,1.0,1.0,1.0,2.0,4.0,3.0306,9.0,3.0,3.8125
A,1,4242425739766177,0.3931,1.0,1.0,1.0,1.0,1.0,4.0,2.7806,8.0,4.0,4.75
A,1,4111115945033169,0.0119,1.0,1.0,1.0,1.0,0.0,4.0,2.5306,7.0,6.0,3.375
A,1,4242424098878327,-0.0085,1.0,1.0,1.0,1.0,1.0,4.0,2.5778,7.0,4.0,4.625
A,1,4111118055040917,-0.0142,1.0,1.0,1.0,1.0,0.0,4.0,2.4835,7.0,6.0,3.0
A,1,4532012512901897,0.06,1.0,1.0,1.0,1.0,2.0,4.0,3.0306,9.0,3.0,3.6875
A,1,4111110618053057,0.0031,1.0,1.0,1.0,1.0,0.0,4.0,2.6085,8.0,6.0,2.75
A,1,4532014996366829,0.7631,1.0,1.0,1.0,1.0,2.0,4.0,3.0306,9.0,3.0,4.8125
A,1,4532019942838508,0.0074,1.0,1.0,1.0,1.0,2.0,4.0,2.9528,8.0,3.0,4.4375
A,1,4111118065235390,0.1399,1.0,1.0,1.0,1.0,0.0,4.0,2.8994,9.0,5.0,3.125
A,1,4111114133627650,-0.1646,1.0,1.0,1.0,1.0,0.0,4.0,2.6556,8.0,6.0,2.875
A,1,4242420941682122,-0.0414,1.0,1.0,1.0,1.0,1.0,4.0,2.4056,7.0,6.0,3.3125
A,1,4242423812912131,-0.2958,1.0,1.0,1.0,1.0,1.0,4.0,2.3522,6.0,5.0,3.0625
A,1,5105102500384265,-0.1052,1.0,1.0,1.0,1.0,3.0,5.0,2.75,8.0,4.0,2.9375
A,1,4111115594620225,-0.3702,1.0,1.0,1.0,1.0,0.0,4.0,2.555,7.0,5.0,3.0625
A,1,5555559503624366,0.2643,1.0,1.0,1.0,1.0,4.0,5.0,2.3496,7.0,7.0,4.625
A,1,5105103446633922,-0.3978,1.0,1.0,1.0,1.0,3.0,5.0,2.9528,8.0,3.0,3.375
A,1,4242426327868060,0.1699,1.0,1.0,1.0,1.0,1.0,4.0,2.6556,7.0,4.0,4.0
A,1,4111112283780675,0.0547,1.0,1.0,1.0,1.0,0.0,4.0,2.8994,9.0,5.0,3.5625
A,1,4111111940179214,-0.2518,1.0,1.0,1.0,1.0,0.0,4.0,2.0778,6.0,8.0,2.9375
A,1,5105103111665027,-0.2527,1.0,1.0,1.0,1.0,3.0,5.0,2.555,7.0,5.0,2.75
A,1,4111116060529593,-0.101,1.0,1.0,1.0,1.0,0.0,4.0,2.7744,8.0,5.0,3.375
A,1,4111118371305242,0.0917,1.0,1.0,1.0,1.0,0.0,4.0,2.6556,8.0,6.0,2.75
A,1,4242421599972187,0.1526,1.0,1.0,1.0,1.0,1.0,4.0,2.6556,7.0,4.0,4.75
A,1,4111119906536806,-0.0567,1.0,1.0,1.0,1.0,0.0,4.0,2.7272,8.0,5.0,3.8125
A,1,6011004016228328,0.3163,1.0,1.0,1.0,1.0,5.0,6.0,2.6556,7.0,4.0,2.75
A,1,5105103990758398,-0.2366,1.0,1.0,1.0,1.0,3.0,5.0,2.7335,7.0,3.0,4.5625
A,1,4242428454079974,0.8044,1.0,1.0,1.0,1.0,1.0,4.0,2.4835,7.0,6.0,4.6875
A,1,4111113390763596,0.1624,1.0,1.0,1.0,1.0,0.0,4.0,2.7272,8.0,5.0,3.75
A,1,4242423703568117,0.06,1.0,1.0,1.0,1.0,1.0,4.0,3.0306,9.0,3.0,3.6875
A,1,4111116519080131,-0.2854,1.0,1.0,1.0,1.0,0.0,4.0,2.375,8.0,8.0,2.6875
A,1,4111110360552637,0.2491,1.0,1.0,1.0,1.0,0.0,4.0,2.7744,8.0,5.0,2.875
A,1,4111119349827721,0.0735,1.0,1.0,1.0,1.0,0.0,4.0,2.5306,7.0,6.0,3.8125
A,1,5105105221773260,-0.2117,1.0,1.0,1.0,1.0,3.0,5.0,2.6863,7.0,3.0,2.9375
A,1,4242422293331118,-0.151,1.0,1.0,1.0,1.0,1.0,4.0,2.3829,6.0,5.0,3.1875
A,1,4111118366497418,0.5303,1.0,1.0,1.0,1.0,0.0,4.0,2.4835,7.0,6.0,4.0625
A,1,4111111042686629,0.1103,1.0,1.0,1.0,1.0,0.0,4.0,2.4835,7.0,6.0,3.3125
A,1,5555558238272988,0.5207,1.0,1.0,1.0,1.0,4.0,5.0,2.2335,6.0,6.0,5.4375
A,1,4242426536111302,-0.0281,1.0,1.0,1.0,1.0,1.0,4.0,2.6556,7.0,4.0,2.875
A,1,6011002727256307,-0.3614,1.0,1.0,1.0,1.0,5.0,6.0,2.6556,7.0,4.0,3.0625
A,1,5105103638300900,0.4249,1.0,1.0,1.0,1.0,3.0,5.0,2.4835,7.0,6.0,2.75
A,1,4111111940631545,0.1006,1.0,1.0,1.0,1.0,0.0,4.0,2.3496,7.0,7.0,2.9375
A,1,4111110295486059,0.0924,1.0,1.0,1.0,1.0,0.0,4.0,2.7744,8.0,5.0,3.5625
A,1,4111115984824825,0.0165,1.0,1.0,1.0,1.0,0.0,4.0,2.43,6.0,5.0,4.0
A,1,4111117576003800,-0.0316,1.0,1.0,1.0,1.0,0.0,4.0,2.6494,8.0,5.0,2.8125
A,1,4242429079621117,-0.0724,1.0,1.0,1.0,1.0,1.0,4.0,2.6556,7.0,4.0,3.8125
A,1,5555550689190116,0.1952,1.0,1.0,1.0,1.0,4.0,5.0,2.3585,6.0,6.0,4.4375
A,1,5105106870251939,-0.3049,1.0,1.0,1.0,1.0,3.0,5.0,2.9835,9.0,3.0,3.875
A,1,4111111287588571,0.0586,1.0,1.0,1.0,1.0,0.0,4.0,2.2246,6.0,7.0,3.8125
A,1,4532010965907320,0.2312,1.0,1.0,1.0,1.0,2.0,4.0,3.0,9.0,4.0,3.5
A,1,4111116061016848,0.5794,1.0,1.0,1.0,1.0,0.0,4.0,2.0996,5.0,7.0,3.0625
A,1,4111110964040245,-0.0444,1.0,1.0,1.0,1.0,0.0,4.0,2.4772,7.0,5.0,2.6875
A,1,6011007191079697,0.7797,1.0,1.0,1.0,1.0,5.0,6.0,2.2806,5.0,4.0,4.0
A,1,4242421961407226,0.0597,1.0,1.0,1.0,1.0,1.0,4.0,2.5244,7.0,5.0,3.5
A,1,4242421715070940,0.1009,1.0,1.0,1.0,1.0,1.0,4.0,2.6556,7.0,4.0,3.25
A,1,4111112524674166,0.3342,1.0,1.0,1.0,1.0,0.0,4.0,2.3113,6.0,6.0,3.25
A,1,6011002380720391,0.3091,1.0,1.0,1.0,1.0,5.0,6.0,2.7272,8.0,5.0,2.6875
A,1,4111112747299312,-0.0215,1.0,1.0,1.0,1.0,0.0,4.0,2.3585,6.0,6.0,3.4375
A,1,5555550636479539,-0.2907,1.0,1.0,1.0,1.0,4.0,5.0,2.3968,7.0,7.0,5.125
A,1,5555559712770836,0.6699,1.0,1.0,1.0,1.0,4.0,5.0,2.7335,9.0,6.0,5.0
A,1,4111119868868668,0.4202,1.0,1.0,1.0,1.0,0.0,4.0,2.0488,5.0,5.0,5.125
A,1,4111118443618341,0.7867,1.0,1.0,1.0,1.0,0.0,4.0,2.0218,5.0,7.0,3.1875
A,1,4242427941079456,-0.1612,1.0,1.0,1.0,1.0,1.0,4.0,2.7272,8.0,5.0,4.375
A,1,4242425190736487,0.2852,1.0,1.0,1.0,1.0,1.0,4.0,3.0778,10.0,4.0,4.25
A,1,4111111554752041,0.1,1.0,1.0,1.0,1.0,0.0,4.0,2.1774,6.0,7.0,2.6875
A,1,4111110062035527,-0.0488,1.0,1.0,1.0,1.0,0.0,4.0,2.7272,8.0,5.0,2.4375
A,1,5555557268042113,0.3437,1.0,1.0,1.0,1.0,4.0,5.0,2.7806,9.0,6.0,4.0
A,1,4532016332775449,0.108,1.0,1.0,1.0,1.0,2.0,4.0,3.0306,9.0,3.0,4.0625
A,1,4242428137865658,0.0427,1.0,1.0,1.0,1.0,1.0,4.0,2.8585,8.0,3.0,4.6875
A,1,4532015054375222,0.1946,1.0,1.0,1.0,1.0,2.0,4.0,2.625,7.0,4.0,3.125
A,1,4111112759629554,0.1994,1.0,1.0,1.0,1.0,0.0,4.0,2.6022,7.0,5.0,3.9375
A,1,4111114026350956,0.081,1.0,1.0,1.0,1.0,0.0,4.0,2.7744,8.0,5.0,3.0625
A,1,4242421810083533,0.0888,1.0,1.0,1.0,1.0,1.0,4.0,2.7335,7.0,3.0,3.125
A,1,4242428671045576,0.0143,1.0,1.0,1.0,1.0,1.0,4.0,2.8278,8.0,4.0,4.1875
A,1,4111117276133030,0.2989,1.0,1.0,1.0,1.0,0.0,4.0,2.4835,7.0,6.0,2.5625
A,1,5555555024018773,0.1805,1.0,1.0,1.0,1.0,4.0,5.0,2.5218,8.0,7.0,4.1875
A,1,4532012094910563,-0.2382,1.0,1.0,1.0,1.0,2.0,4.0,2.9528,8.0,3.0,3.375
A,1,5105101685304031,-0.2518,1.0,1.0,1.0,1.0,3.0,5.0,2.5778,7.0,4.0,2.6875
A,1,5555552368162416,0.3534,1.0,1.0,1.0,1.0,4.0,5.0,2.4835,7.0,6.0,4.3125
A,1,4111116642742359,-0.0151,1.0,1.0,1.0,1.0,0.0,4.0,2.7272,8.0,5.0,3.5625
A,1,5105109542424686,-0.2522,1.0,1.0,1.0,1.0,3.0,5.0,2.9056,8.0,3.0,3.875
A,1,4532018357095067,0.0456,1.0,1.0,1.0,1.0,2.0,4.0,3.1556,10.0,3.0,4.0625
A,1,4242421041394527,0.013,1.0,1.0,1.0,1.0,1.0,4.0,2.6494,8.0,5.0,3.375
A,1,5555554134755838,-0.148,1.0,1.0,1.0,1.0,4.0,5.0,2.125,6.0,8.0,4.875
A,1,5105106747078416,-0.0572,1.0,1.0,1.0,1.0,3.0,5.0,2.7335,7.0,3.0,3.875
A,1,4111113648350048,0.185,1.0,1.0,1.0,1.0,0.0,4.0,2.6022,7.0,5.0,3.125
A,1,4111112511287303,-0.1696,1.0,1.0,1.0,1.0,0.0,4.0,2.5218,8.0,7.0,2.5625
A,1,4242426745065208,0.1185,1.0,1.0,1.0,1.0,1.0,4.0,2.625,7.0,4.0,3.8125
A,1,4111113564598174,0.1537,1.0,1.0,1.0,1.0,0.0,4.0,2.6085,8.0,6.0,3.8125
A,1,4111110609095091,-0.1628,1.0,1.0,1.0,1.0,0.0,4.0,2.2335,6.0,6.0,3.0
A,1,4111114846630918,0.3267,1.0,1.0,1.0,1.0,0.0,4.0,2.4835,7.0,6.0,3.625
A,1,4242421553822014,-0.4416,1.0,1.0,1.0,1.0,1.0,4.0,2.5244,7.0,5.0,3.0625
A,1,4242421604084283,-0.0496,1.0,1.0,1.0,1.0,1.0,4.0,2.5244,7.0,5.0,3.375
A,1,4111114421472058,0.0446,1.0,1.0,1.0,1.0,0.0,4.0,2.4056,7.0,6.0,2.875
A,1,4111110272945713,-0.4061,1.0,1.0,1.0,1.0,0.0,4.0,2.6556,8.0,6.0,3.0625
A,1,4111119014742957,0.0948,1.0,1.0,1.0,1.0,0.0,4.0,2.4835,7.0,6.0,3.5625
A,1,4111118634435091,-0.0728,1.0,1.0,1.0,1.0,0.0,4.0,2.6085,8.0,6.0,3.25
A,1,4111115272146873,-0.3462,1.0,1.0,1.0,1.0,0.0,4.0,2.6556,8.0,6.0,3.375
A,1,4111114898245425,0.0917,1.0,1.0,1.0,1.0,0.0,4.0,2.3994,6.0,5.0,3.75
A,1,5555551225871375,0.3714,1.0,1.0,1.0,1.0,4.0,5.0,2.125,6.0,8.0,4.4375
A,1,4111115513209563,-0.303,1.0,1.0,1.0,1.0,0.0,4.0,2.6085,8.0,6.0,3.0
A,1,4111119610392975,0.2851,1.0,1.0,1.0,1.0,0.0,4.0,2.7335,9.0,6.0,3.75
A,1,5105109934564149,0.0932,1.0,1.0,1.0,1.0,3.0,5.0,2.6863,7.0,3.0,4.125
A,1,4111115126637812,-0.2005,1.0,1.0,1.0,1.0,0.0,4.0,2.5218,8.0,7.0,3.125
A,1,5105101279783327,-0.3269,1.0,1.0,1.0,1.0,3.0,5.0,2.9056,8.0,3.0,3.8125
A,1,4111112164897903,0.088,1.0,1.0,1.0,1.0,0.0,4.0,2.7806,9.0,6.0,3.625
A,1,6011004639203369,-0.1237,1.0,1.0,1.0,1.0,5.0,6.0,2.6556,7.0,4.0,3.3125
A,1,6011002562753319,0.0538,1.0,1.0,1.0,1.0,5.0,6.0,2.9056,8.0,3.0,3.1875
A,1,5555551047594635,0.3488,1.0,1.0,1.0,1.0,4.0,5.0,2.375,8.0,8.0,4.625
A,1,4111114462857472,0.1583,1.0,1.0,1.0,1.0,0.0,4.0,2.5244,7.0,5.0,3.625
A,1,5555550617212214,0.0221,1.0,1.0,1.0,1.0,4.0,5.0,2.4363,7.0,6.0,3.5
A,1,5105103151694481,-0.2943,1.0,1.0,1.0,1.0,3.0,5.0,2.7272,8.0,5.0,3.375
A,1,4111116869901688,0.0899,1.0,1.0,1.0,1.0,0.0,4.0,2.3113,6.0,6.0,4.375
A,1,4111118665344279,0.3182,1.0,1.0,1.0,1.0,0.0,4.0,2.8522,9.0,5.0,3.9375
A,1,4242425484506067,0.126,1.0,1.0,1.0,1.0,1.0,4.0,2.6022,7.0,5.0,3.9375
A,1,4111110020648361,0.2248,1.0,1.0,1.0,1.0,0.0,4.0,2.4835,7.0,6.0,2.4375
A,1,5105105654181353,0.0677,1.0,1.0,1.0,1.0,3.0,5.0,2.5244,7.0,5.0,3.3125
A,1,4111113866535775,0.4096,1.0,1.0,1.0,1.0,0.0,4.0,2.6022,7.0,5.0,4.0
A,1,4242429792325509,-0.2224,1.0,1.0,1.0,1.0,1.0,4.0,2.555,7.0,5.0,4.3125
A,1,4242422972624700,0.1467,1.0,1.0,1.0,1.0,1.0,4.0,2.2806,6.0,6.0,3.5625
A,1,4242421482563598,-0.1648,1.0,1.0,1.0,1.0,1.0,4.0,2.75,8.0,4.0,4.3125
A,1,5105105601203581,0.103,1.0,1.0,1.0,1.0,3.0,5.0,2.5,7.0,4.0,2.6875
A,1,5105107640943227,-0.4337,1.0,1.0,1.0,1.0,3.0,5.0,3.0778,9.0,3.0,3.5
A,1,4111116449451477,0.1961,1.0,1.0,1.0,1.0,0.0,4.0,2.18,6.0,6.0,3.75
A,1,4111110938675944,0.4945,1.0,1.0,1.0,1.0,0.0,4.0,2.8522,9.0,5.0,4.0
A,1,5555557847435358,0.6331,1.0,1.0,1.0,1.0,4.0,5.0,2.0,5.0,8.0,5.25
A,1,4242422940854850,-0.154,1.0,1.0,1.0,1.0,1.0,4.0,2.3994,6.0,5.0,3.9375
A,1,4111111471464670,0.6652,1.0,1.0,1.0,1.0,0.0,4.0,2.0218,5.0,7.0,3.0625
A,1,4242427599489387,0.0649,1.0,1.0,1.0,1.0,1.0,4.0,2.6556,7.0,4.0,5.4375
A,1,4242422063515866,0.0858,1.0,1.0,1.0,1.0,1.0,4.0,2.7806,8.0,4.0,3.75
A,1,4242422172081404,0.0781,1.0,1.0,1.0,1.0,1.0,4.0,2.2988,6.0,5.0,2.9375
A,1,4111117432902385,0.024,1.0,1.0,1.0,1.0,0.0,4.0,2.8994,9.0,5.0,3.25
A,1,4532014382187102,-0.1081,1.0,1.0,1.0,1.0,2.0,4.0,2.9056,8.0,3.0,3.1875
A,1,5105109838138800,0.5496,1.0,1.0,1.0,1.0,3.0,5.0,2.4528,6.0,4.0,3.75
A,1,4111118704257540,0.2326,1.0,1.0,1.0,1.0,0.0,4.0,2.6022,7.0,5.0,3.1875
A,1,4111113025350926,0.419,1.0,1.0,1.0,1.0,0.0,4.0,2.7744,8.0,5.0,2.75
A,1,5105109282555293,0.1063,1.0,1.0,1.0,1.0,3.0,5.0,2.6022,7.0,5.0,3.875
A,1,5555550969910928,-0.334,1.0,1.0,1.0,1.0,4.0,5.0,2.4056,7.0,6.0,5.1875
A,1,4111119773369471,0.223,1.0,1.0,1.0,1.0,0.0,4.0,2.3585,6.0,6.0,4.0625
A,1,4532011431103924,0.2573,1.0,1.0,1.0,1.0,2.0,4.0,2.6556,7.0,4.0,2.6875
A,1,5555552858940149,-0.2573,1.0,1.0,1.0,1.0,4.0,5.0,2.3968,7.0,7.0,5.0
A,1,4111116046536571,0.2421,1.0,1.0,1.0,1.0,0.0,4.0,2.4835,7.0,6.0,3.25
A,1,5105103941716073,-0.3744,1.0,1.0,1.0,1.0,3.0,5.0,2.8278,8.0,4.0,3.3125
A,1,4111117540429867,0.0025,1.0,1.0,1.0,1.0,0.0,4.0,2.8522,9.0,5.0,3.8125
A,1,4111116387636907,0.1943,1.0,1.0,1.0,1.0,0.0,4.0,2.7272,8.0,5.0,4.0
A,1,5105103824205368,-0.4535,1.0,1.0,1.0,1.0,3.0,5.0,2.9056,8.0,3.0,3.3125
A,1,4242424786390809,-0.1384,1.0,1.0,1.0,1.0,1.0,4.0,2.8278,8.0,4.0,4.5
A,1,6011000766026631,-0.8867,1.0,1.0,1.0,1.0,5.0,6.0,2.2516,6.0,5.0,2.8125
A,1,4111117672851193,-0.3248,1.0,1.0,1.0,1.0,0.0,4.0,2.6468,9.0,7.0,3.625
A,1,4111118912542568,0.0025,1.0,1.0,1.0,1.0,0.0,4.0,2.5306,7.0,6.0,3.6875
A,1,5105103446483377,-0.3269,1.0,1.0,1.0,1.0,3.0,5.0,2.9056,8.0,3.0,3.8125
A,1,5105109321061030,-0.0485,1.0,1.0,1.0,1.0,3.0,5.0,2.5244,7.0,5.0,2.3125
A,1,4111118067194199,0.1065,1.0,1.0,1.0,1.0,0.0,4.0,2.3496,7.0,7.0,3.9375
A,1,5555553130404771,0.1482,1.0,1.0,1.0,1.0,4.0,5.0,2.4056,6.0,6.0,3.75
A,1,5555557848471832,0.2633,1.0,1.0,1.0,1.0,4.0,5.0,2.4835,7.0,6.0,5.125
A,1,4242425511667858,-0.1749,1.0,1.0,1.0,1.0,1.0,4.0,2.7335,7.0,3.0,4.375
A,1,4111118638276046,-0.0905,1.0,1.0,1.0,1.0,0.0,4.0,2.7272,8.0,5.0,3.6875
A,1,4242420222133621,-0.2732,1.0,1.0,1.0,1.0,1.0,4.0,2.2246,6.0,7.0,2.5
A,1,4111110951187066,-0.2005,1.0,1.0,1.0,1.0,0.0,4.0,2.5218,8.0,7.0,3.25
A,1,4111111958438809,0.4979,1.0,1.0,1.0,1.0,0.0,4.0,2.4835,7.0,6.0,4.0
A,1,4111113349139328,0.1574,1.0,1.0,1.0,1.0,0.0,4.0,2.2806,6.0,6.0,3.375
A,1,4111118774120792,0.1525,1.0,1.0,1.0,1.0,0.0,4.0,2.4835,7.0,6.0,3.5
A,1,6011000208855316,-0.0215,1.0,1.0,1.0,1.0,5.0,6.0,2.6022,7.0,5.0,2.875
A,1,4111117505103978,-0.3462,1.0,1.0,1.0,1.0,0.0,4.0,2.6556,8.0,6.0,3.375
A,1,4532012806968354,0.7255,1.0,1.0,1.0,1.0,2.0,4.0,3.125,9.0,2.0,4.125
A,1,4111116435989795,0.1414,1.0,1.0,1.0,1.0,0.0,4.0,2.7272,8.0,5.0,4.625
A,1,4242424981518915,-0.19,1.0,1.0,1.0,1.0,1.0,4.0,2.5306,6.0,4.0,4.3125
A,1,4242427544596906,-0.0669,1.0,1.0,1.0,1.0,1.0,4.0,2.6022,7.0,5.0,4.5625
A,1,4242423765610070,-0.2769,1.0,1.0,1.0,1.0,1.0,4.0,2.8585,8.0,3.0,3.3125
A,1,5105107699782658,0.3216,1.0,1.0,1.0,1.0,3.0,5.0,2.9528,8.0,3.0,4.9375
A,1,4111112931455555,-0.0058,1.0,1.0,1.0,1.0,0.0,4.0,2.18,6.0,6.0,3.3125
A,1,4111115299902795,0.2024,1.0,1.0,1.0,1.0,0.0,4.0,2.5244,7.0,5.0,4.125
A,1,4242428176666066,-0.2519,1.0,1.0,1.0,1.0,1.0,4.0,2.4363,7.0,6.0,4.375
A,1,4111111310366425,0.163,1.0,1.0,1.0,1.0,0.0,4.0,2.3968,7.0,7.0,2.5
A,1,4111119496580305,0.2394,1.0,1.0,1.0,1.0,0.0,4.0,2.7744,8.0,5.0,3.625
A,1,4111116354533848,-0.027,1.0,1.0,1.0,1.0,0.0,4.0,2.43,6.0,5.0,3.625
A,1,4111112437750368,-0.2059,1.0,1.0,1.0,1.0,0.0,4.0,2.8994,9.0,5.0,3.375
A,1,4111116150837963,-0.0298,1.0,1.0,1.0,1.0,0.0,4.0,2.7806,9.0,6.0,3.5625
A,1,4242424258592023,0.1629,1.0,1.0,1.0,1.0,1.0,4.0,2.4056,7.0,6.0,3.625
A,1,4111118869256071,-0.0268,1.0,1.0,1.0,1.0,0.0,4.0,2.7806,9.0,6.0,3.8125
A,1,4111116818169114,0.3688,1.0,1.0,1.0,1.0,0.0,4.0,1.8419,5.0,9.0,3.375
A,1,4111114514913372,-0.0758,1.0,1.0,1.0,1.0,0.0,4.0,2.3496,7.0,7.0,3.0
A,1,4242426472410726,0.1803,1.0,1.0,1.0,1.0,1.0,4.0,2.2988,6.0,5.0,3.5625
A,1,4242424248082077,0.6848,1.0,1.0,1.0,1.0,1.0,4.0,2.1738,5.0,5.0,3.75
A,1,6011000557977935,0.5545,1.0,1.0,1.0,1.0,5.0,6.0,2.6556,7.0,4.0,4.0625
A,1,5105103635137487,-0.2437,1.0,1.0,1.0,1.0,3.0,5.0,2.8585,8.0,3.0,3.6875
A,1,4242429004060456,0.1689,1.0,1.0,1.0,1.0,1.0,4.0,2.3522,6.0,5.0,3.25
A,1,4111114677024819,0.1428,1.0,1.0,1.0,1.0,0.0,4.0,2.6085,8.0,6.0,3.5625
A,1,5105106060462460,0.0118,1.0,1.0,1.0,1.0,3.0,5.0,2.3994,6.0,5.0,2.875
A,1,5105109800802227,0.0972,1.0,1.0,1.0,1.0,3.0,5.0,2.6022,7.0,5.0,3.125
A,1,4111114301324379,-0.0436,1.0,1.0,1.0,1.0,0.0,4.0,2.4363,7.0,6.0,2.8125
A,1,5105100575022869,-0.0456,1.0,1.0,1.0,1.0,3.0,5.0,2.75,8.0,4.0,3.5
A,1,4111111574419183,0.3779,1.0,1.0,1.0,1.0,0.0,4.0,2.2028,7.0,8.0,3.25
A,1,6011003794816643,-0.0612,1.0,1.0,1.0,1.0,5.0,6.0,2.8585,8.0,3.0,3.6875
A,1,4111114532652283,-0.0864,1.0,1.0,1.0,1.0,0.0,4.0,2.6022,7.0,5.0,3.0625
A,1,4532010124065424,0.2573,1.0,1.0,1.0,1.0,2.0,4.0,2.6556,7.0,4.0,2.6875
A,1,4111115699403659,0.4421,1.0,1.0,1.0,1.0,0.0,4.0,2.6022,7.0,5.0,4.0625
A,1,4111113482684312,0.0837,1.0,1.0,1.0,1.0,0.0,4.0,2.3585,6.0,6.0,3.125
A,1,4242425419976575,0.1526,1.0,1.0,1.0,1.0,1.0,4.0,2.6556,7.0,4.0,4.75
A,1,4532012421056411,-0.1061,1.0,1.0,1.0,1.0,2.0,4.0,2.6556,7.0,4.0,2.5625
A,1,4111114263309483,-0.1073,1.0,1.0,1.0,1.0,0.0,4.0,2.68,8.0,5.0,3.1875
A,1,5105104871903012,0.2938,1.0,1.0,1.0,1.0,3.0,5.0,2.875,9.0,4.0,2.9375
A,1,4242428689455296,-0.349,1.0,1.0,1.0,1.0,1.0,4.0,2.5,6.0,4.0,5.0
A,1,6011009498773667,0.2221,1.0,1.0,1.0,1.0,5.0,6.0,2.8585,8.0,3.0,4.625
A,1,4111119294380866,0.3017,1.0,1.0,1.0,1.0,0.0,4.0,2.7744,8.0,5.0,4.0
A,1,4242422853705081,0.1012,1.0,1.0,1.0,1.0,1.0,4.0,2.8278,8.0,4.0,3.5625
A,1,5555556694465807,-0.101,1.0,1.0,1.0,1.0,4.0,5.0,2.3496,7.0,7.0,5.3125
A,1,4111115822412668,-0.022,1.0,1.0,1.0,1.0,0.0,4.0,2.3585,6.0,6.0,3.3125
A,1,5105100384170354,-0.0892,1.0,1.0,1.0,1.0,3.0,5.0,2.6556,7.0,4.0,2.9375
A,1,4242422690594532,-0.0291,1.0,1.0,1.0,1.0,1.0,4.0,2.5244,7.0,5.0,3.9375
A,1,4111110146750869,-0.3644,1.0,1.0,1.0,1.0,0.0,4.0,2.6556,8.0,6.0,3.4375
A,1,4242420423256999,-0.0311,1.0,1.0,1.0,1.0,1.0,4.0,2.4772,7.0,5.0,4.1875
A,1,4111113279333602,0.0065,1.0,1.0,1.0,1.0,0.0,4.0,2.6494,8.0,5.0,2.9375
A,1,4111111792915293,-0.0874,1.0,1.0,1.0,1.0,0.0,4.0,2.3496,7.0,7.0,3.5625
A,1,4111116381131269,0.0172,1.0,1.0,1.0,1.0,0.0,4.0,2.25,7.0,8.0,3.0625
A,1,6011009889779620,0.3614,1.0,1.0,1.0,1.0,5.0,6.0,2.7028,7.0,4.0,4.5625
A,1,4242422882046838,-0.2741,1.0,1.0,1.0,1.0,1.0,4.0,2.2744,6.0,5.0,4.1875
A,1,4111116337741385,0.1525,1.0,1.0,1.0,1.0,0.0,4.0,2.4835,7.0,6.0,3.5
A,1,4242421593511627,0.1897,1.0,1.0,1.0,1.0,1.0,4.0,2.7806,8.0,4.0,3.625
A,1,4242425493611692,0.3608,1.0,1.0,1.0,1.0,1.0,4.0,2.625,7.0,4.0,4.0
A,1,4111113152500194,0.122,1.0,1.0,1.0,1.0,0.0,4.0,2.3968,7.0,7.0,2.4375
A,1,5555556199194282,0.3048,1.0,1.0,1.0,1.0,4.0,5.0,2.4835,7.0,6.0,5.0625
A,1,4111112613495036,-0.365,1.0,1.0,1.0,1.0,0.0,4.0,2.6556,8.0,6.0,3.0
A,1,4532017950022932,-0.2839,1.0,1.0,1.0,1.0,2.0,4.0,2.8278,8.0,4.0,3.375
A,1,4242429016717143,0.0411,1.0,1.0,1.0,1.0,1.0,4.0,2.7806,8.0,4.0,3.5625
A,1,4242427460729739,-0.1768,1.0,1.0,1.0,1.0,1.0,4.0,2.5778,7.0,4.0,4.5
A,1,4242426983158814,-0.0215,1.0,1.0,1.0,1.0,1.0,4.0,2.7806,8.0,4.0,4.4375
A,1,4111115890269834,0.2966,1.0,1.0,1.0,1.0,0.0,4.0,2.8994,9.0,5.0,3.9375
A,1,4532014948698097,0.6536,1.0,1.0,1.0,1.0,2.0,4.0,3.1556,10.0,3.0,4.9375
A,1,5555553260967373,0.8435,1.0,1.0,1.0,1.0,4.0,5.0,2.4835,7.0,6.0,4.75
A,1,4242425035479699,0.1692,1.0,1.0,1.0,1.0,1.0,4.0,2.7806,8.0,4.0,4.6875
A,1,5105100332455642,0.034,1.0,1.0,1.0,1.0,3.0,5.0,2.7028,7.0,4.0,2.875
A,1,4111112379203533,0.0306,1.0,1.0,1.0,1.0,0.0,4.0,2.6494,8.0,5.0,2.875
A,1,4111115861724130,0.2017,1.0,1.0,1.0,1.0,0.0,4.0,2.6468,9.0,7.0,2.875
A,1,4111116288726724,-0.0642,1.0,1.0,1.0,1.0,0.0,4.0,2.4772,6.0,5.0,3.8125
A,1,4111119923435446,0.1583,1.0,1.0,1.0,1.0,0.0,4.0,2.5244,7.0,5.0,3.625
A,1,4111119254207273,-0.0294,1.0,1.0,1.0,1.0,0.0,4.0,2.7272,8.0,5.0,3.125
A,1,6011003478413618,-0.0715,1.0,1.0,1.0,1.0,5.0,6.0,2.7028,7.0,4.0,3.3125
A,1,4242425276446308,0.1773,1.0,1.0,1.0,1.0,1.0,4.0,2.6494,8.0,5.0,3.9375
A,1,4111119431454046,0.0209,1.0,1.0,1.0,1.0,0.0,4.0,2.305,7.0,6.0,3.0625
A,1,6011003172952804,0.8099,1.0,1.0,1.0,1.0,5.0,6.0,3.0778,10.0,4.0,3.0625
A,1,4111110233923262,-0.1393,1.0,1.0,1.0,1.0,0.0,4.0,2.4772,7.0,5.0,2.5625
A,1,4111110717246842,0.216,1.0,1.0,1.0,1.0,0.0,4.0,2.4835,7.0,6.0,3.125
A,1,4242423736566914,-0.0655,1.0,1.0,1.0,1.0,1.0,4.0,2.7806,8.0,4.0,4.25
A,1,4242420665900999,0.204,1.0,1.0,1.0,1.0,1.0,4.0,2.4835,6.0,4.0,4.4375
A,1,4242428958550405,0.1366,1.0,1.0,1.0,1.0,1.0,4.0,2.4528,6.0,4.0,4.1875
A,1,4242427896436974,0.0962,1.0,1.0,1.0,1.0,1.0,4.0,2.6022,7.0,5.0,5.0625
A,1,4532015593434860,0.0899,1.0,1.0,1.0,1.0,2.0,4.0,2.9835,9.0,3.0,3.875
A,1,4111117276310935,-0.1361,1.0,1.0,1.0,1.0,0.0,4.0,2.7806,9.0,6.0,3.25
A,1,4532011659163154,0.0144,1.0,1.0,1.0,1.0,2.0,4.0,2.8278,8.0,4.0,3.5
A,1,4242427175202485,-0.0634,1.0,1.0,1.0,1.0,1.0,4.0,2.5244,7.0,5.0,3.6875
A,1,4111117251450698,-0.0907,1.0,1.0,1.0,1.0,0.0,4.0,2.7806,9.0,6.0,3.5
A,1,4111116557948355,0.4147,1.0,1.0,1.0,1.0,0.0,4.0,2.6494,8.0,5.0,4.125
A,1,5105108817499548,0.02,1.0,1.0,1.0,1.0,3.0,5.0,2.7335,7.0,3.0,4.6875
A,1,5105101020610274,0.4858,1.0,1.0,1.0,1.0,3.0,5.0,2.5244,7.0,5.0,2.1875
A,1,4532017980896834,1.0771,1.0,1.0,1.0,1.0,2.0,4.0,3.2028,10.0,3.0,4.8125
A,1,5555555102833622,0.1709,1.0,1.0,1.0,1.0,4.0,5.0,2.3496,7.0,7.0,3.875
A,1,4111116771743335,0.2029,1.0,1.0,1.0,1.0,0.0,4.0,2.3113,6.0,6.0,3.4375
A,1,4532019821566675,-0.1204,1.0,1.0,1.0,1.0,2.0,4.0,3.1556,10.0,3.0,4.375
A,1,4532014434916680,0.2541,1.0,1.0,1.0,1.0,2.0,4.0,3.0,9.0,4.0,3.75
A,1,5555550046426559,0.3714,1.0,1.0,1.0,1.0,4.0,5.0,2.125,6.0,8.0,4.4375
A,1,4242425905004098,0.3917,1.0,1.0,1.0,1.0,1.0,4.0,2.4528,6.0,4.0,3.625
A,1,4242425345980006,0.1897,1.0,1.0,1.0,1.0,1.0,4.0,2.7806,8.0,4.0,3.625
A,1,4111116141362667,0.4587,1.0,1.0,1.0,1.0,0.0,4.0,2.1468,6.0,7.0,3.1875
A,1,4111119126232194,-0.1103,1.0,1.0,1.0,1.0,0.0,4.0,2.2246,6.0,7.0,3.0
A,1,5105109371202864,0.6693,1.0,1.0,1.0,1.0,3.0,5.0,3.1556,10.0,3.0,3.375
A,1,4242421192133435,0.0563,1.0,1.0,1.0,1.0,1.0,4.0,2.4056,6.0,4.0,3.125
A,1,4111114856354268,0.3438,1.0,1.0,1.0,1.0,0.0,4.0,2.6022,7.0,5.0,3.75
A,1,4532013093053124,0.1882,1.0,1.0,1.0,1.0,2.0,4.0,2.7028,7.0,4.0,2.8125
A,1,4532013145192177,-0.2635,1.0,1.0,1.0,1.0,2.0,4.0,2.875,8.0,4.0,3.4375
A,1,4111115649187758,0.2058,1.0,1.0,1.0,1.0,0.0,4.0,2.5306,7.0,6.0,4.3125
A,1,4242424128547009,0.4418,1.0,1.0,1.0,1.0,1.0,4.0,2.6494,8.0,5.0,3.625
A,1,4242420072606395,-0.0199,1.0,1.0,1.0,1.0,1.0,4.0,2.7806,8.0,4.0,3.5
A,1,5105109122148754,-0.3495,1.0,1.0,1.0,1.0,3.0,5.0,2.8278,8.0,4.0,3.4375
A,1,6011004087456741,-0.1412,1.0,1.0,1.0,1.0,5.0,6.0,2.6556,7.0,4.0,3.375
A,1,4242421977956869,-0.7396,1.0,1.0,1.0,1.0,1.0,4.0,2.8585,8.0,3.0,5.3125
A,1,4242428621638256,0.1085,1.0,1.0,1.0,1.0,1.0,4.0,2.555,7.0,5.0,4.0625
A,1,4111116178662674,0.1683,1.0,1.0,1.0,1.0,0.0,4.0,2.2806,6.0,6.0,3.875
A,1,4111112490407401,-0.1312,1.0,1.0,1.0,1.0,0.0,4.0,2.2335,6.0,6.0,2.5
A,1,4111119880161522,-0.2005,1.0,1.0,1.0,1.0,0.0,4.0,2.5218,8.0,7.0,3.1875
A,1,4111119055830091,-0.0554,1.0,1.0,1.0,1.0,0.0,4.0,2.4835,7.0,6.0,3.0625
A,1,4242422605465331,0.1487,1.0,1.0,1.0,1.0,1.0,4.0,2.625,7.0,4.0,3.3125
A,1,6011002193756830,0.3249,1.0,1.0,1.0,1.0,5.0,6.0,2.9528,9.0,4.0,3.25
A,1,6011009569765790,0.5388,1.0,1.0,1.0,1.0,5.0,6.0,2.5306,6.0,4.0,4.4375
A,1,5555550114807441,0.3782,1.0,1.0,1.0,1.0,4.0,5.0,2.3113,6.0,6.0,3.75
A,1,4111112754670421,0.1622,1.0,1.0,1.0,1.0,0.0,4.0,2.4835,7.0,6.0,2.9375
A,1,4242425340119063,0.0165,1.0,1.0,1.0,1.0,1.0,4.0,2.8278,8.0,4.0,3.125
A,1,4111115760034029,0.6477,1.0,1.0,1.0,1.0,0.0,4.0,2.8522,9.0,5.0,2.8125
A,1,5105105782095517,-0.2882,1.0,1.0,1.0,1.0,3.0,5.0,2.555,7.0,5.0,3.8125
A,1,4242424693967053,-0.1449,1.0,1.0,1.0,1.0,1.0,4.0,2.8278,8.0,4.0,4.375
A,1,4242425554097427,-0.1401,1.0,1.0,1.0,1.0,1.0,4.0,2.3522,6.0,5.0,4.125
A,1,4532014617694203,0.2903,1.0,1.0,1.0,1.0,2.0,4.0,3.0778,9.0,3.0,3.5625
A,1,4111113840903958,0.4633,1.0,1.0,1.0,1.0,0.0,4.0,2.6494,7.0,5.0,3.625
A,1,4111117260925904,-0.1196,1.0,1.0,1.0,1.0,0.0,4.0,2.7744,8.0,5.0,3.3125
A,1,4111110111449737,-0.3629,1.0,1.0,1.0,1.0,0.0,4.0,2.0778,6.0,8.0,2.875
A,1,4532015639810164,0.2232,1.0,1.0,1.0,1.0,2.0,4.0,3.0778,9.0,3.0,3.625
A,1,4111114397177897,0.1724,1.0,1.0,1.0,1.0,0.0,4.0,2.2806,6.0,6.0,4.4375
A,1,4111114304563106,0.1224,1.0,1.0,1.0,1.0,0.0,4.0,2.3585,6.0,6.0,2.5625
A,1,4242429968751637,0.8134,1.0,1.0,1.0,1.0,1.0,4.0,3.0306,9.0,3.0,4.9375
A,1,4242429447157489,0.8622,1.0,1.0,1.0,1.0,1.0,4.0,2.4835,7.0,6.0,4.75
A,1,4111114522872354,-0.0512,1.0,1.0,1.0,1.0,0.0,4.0,2.555,7.0,5.0,3.1875
A,1,4242424726218243,0.1945,1.0,1.0,1.0,1.0,1.0,4.0,2.305,7.0,6.0,3.5625
A,1,4532019654583110,0.1117,1.0,1.0,1.0,1.0,2.0,4.0,3.0306,9.0,3.0,3.5625
A,1,6011003685937474,0.3761,1.0,1.0,1.0,1.0,5.0,6.0,3.0778,9.0,3.0,4.0
A,1,4532018015134670,0.3529,1.0,1.0,1.0,1.0,2.0,4.0,3.0306,9.0,3.0,3.125
A,1,5105101833116980,0.1449,1.0,1.0,1.0,1.0,3.0,5.0,2.6022,7.0,5.0,3.25
A,1,4111113936957181,-0.0679,1.0,1.0,1.0,1.0,0.0,4.0,2.5218,8.0,7.0,3.8125
A,1,6011008869422201,-0.0141,1.0,1.0,1.0,1.0,5.0,6.0,2.6556,7.0,4.0,3.125
A,1,4111111885338403,0.3342,1.0,1.0,1.0,1.0,0.0,4.0,2.3113,6.0,6.0,3.25
A,1,4111119604739520,-0.2059,1.0,1.0,1.0,1.0,0.0,4.0,2.8994,9.0,5.0,3.375
A,1,4111113686747295,0.5067,1.0,1.0,1.0,1.0,0.0,4.0,2.8994,9.0,5.0,4.125
A,1,5105105464061191,-0.2829,1.0,1.0,1.0,1.0,3.0,5.0,2.43,6.0,5.0,3.0625
A,1,5555554519241248,-0.0032,1.0,1.0,1.0,1.0,4.0,5.0,2.2246,6.0,7.0,4.375
A,1,4242425627020299,0.3526,1.0,1.0,1.0,1.0,1.0,4.0,2.4835,7.0,6.0,3.75
A,1,4111115493329092,0.0991,1.0,1.0,1.0,1.0,0.0,4.0,2.6022,7.0,5.0,3.4375
A,1,4111119590030546,0.185,1.0,1.0,1.0,1.0,0.0,4.0,2.6022,7.0,5.0,3.125
A,1,4111111958611611,1.3678,1.0,1.0,1.0,1.0,0.0,4.0,1.7988,6.0,10.0,3.0
A,1,4111116066121494,-0.1103,1.0,1.0,1.0,1.0,0.0,4.0,2.1774,6.0,7.0,3.0
A,1,4242423792286803,0.0799,1.0,1.0,1.0,1.0,1.0,4.0,2.7272,8.0,5.0,4.125
A,1,4242426778729332,-0.1922,1.0,1.0,1.0,1.0,1.0,4.0,2.555,7.0,5.0,4.5
A,1,4242420454339649,0.3818,1.0,1.0,1.0,1.0,1.0,4.0,2.4835,7.0,6.0,4.0625
A,1,4532010115252536,0.1133,1.0,1.0,1.0,1.0,2.0,4.0,2.6556,7.0,4.0,2.8125
A,1,5105103293600487,0.4649,1.0,1.0,1.0,1.0,3.0,5.0,3.125,10.0,4.0,3.375
A,1,4532015937066022,-0.0721,1.0,1.0,1.0,1.0,2.0,4.0,3.0306,9.0,3.0,3.4375
A,1,4111113269078142,-0.0203,1.0,1.0,1.0,1.0,0.0,4.0,2.7806,9.0,6.0,3.1875
A,1,4111111057605563,0.1622,1.0,1.0,1.0,1.0,0.0,4.0,2.4835,7.0,6.0,2.9375
A,1,4242427173737904,0.1116,1.0,1.0,1.0,1.0,1.0,4.0,2.5778,7.0,4.0,4.125
A,1,4111111881133386,0.2172,1.0,1.0,1.0,1.0,0.0,4.0,1.9056,5.0,8.0,3.1875
A,1,4242425940474017,0.1204,1.0,1.0,1.0,1.0,1.0,4.0,2.4835,7.0,6.0,3.6875
A,1,4242429353775845,-0.1747,1.0,1.0,1.0,1.0,1.0,4.0,2.6556,7.0,4.0,4.625
A,1,4242425706815874,-0.2026,1.0,1.0,1.0,1.0,1.0,4.0,2.8278,8.0,4.0,4.3125
A,1,4242421543155087,0.0411,1.0,1.0,1.0,1.0,1.0,4.0,2.7806,8.0,4.0,3.5625
A,1,4242424414157620,0.05,1.0,1.0,1.0,1.0,1.0,4.0,2.4056,7.0,6.0,3.25
A,1,4242421560725796,0.0961,1.0,1.0,1.0,1.0,1.0,4.0,2.8278,8.0,4.0,4.125
A,1,4111118155024928,-0.0068,1.0,1.0,1.0,1.0,0.0,4.0,2.5306,7.0,6.0,3.3125
A,1,4242420311751861,0.1214,1.0,1.0,1.0,1.0,1.0,4.0,2.9056,9.0,4.0,3.1875
A,1,4111111831114031,1.9458,1.0,1.0,1.0,1.0,0.0,4.0,1.6738,5.0,10.0,2.0
A,1,5555555265916222,-0.5257,1.0,1.0,1.0,1.0,4.0,5.0,1.875,5.0,8.0,4.375
A,1,5105106582082986,0.0657,1.0,1.0,1.0,1.0,3.0,5.0,2.7335,7.0,3.0,4.125
A,1,4242428593134052,0.2632,1.0,1.0,1.0,1.0,1.0,4.0,2.75,8.0,4.0,3.625
A,1,4111110134123780,-0.0181,1.0,1.0,1.0,1.0,0.0,4.0,2.3968,7.0,7.0,2.375
A,1,4532016215278420,-0.0033,1.0,1.0,1.0,1.0,2.0,4.0,3.0,9.0,4.0,3.25
A,1,4111117682168828,0.2048,1.0,1.0,1.0,1.0,0.0,4.0,2.2806,6.0,6.0,4.0625
A,1,4111112957597900,0.1994,1.0,1.0,1.0,1.0,0.0,4.0,2.6022,7.0,5.0,3.875
A,1,4111112862703601,0.0917,1.0,1.0,1.0,1.0,0.0,4.0,2.6556,8.0,6.0,2.75
A,1,4242429226957927,0.481,1.0,1.0,1.0,1.0,1.0,4.0,2.3113,6.0,6.0,4.75
A,1,5555556251951728,0.8177,1.0,1.0,1.0,1.0,4.0,5.0,2.25,7.0,8.0,4.75
A,1,4111112057856305,0.1616,1.0,1.0,1.0,1.0,0.0,4.0,2.8522,9.0,5.0,3.125
A,1,4242424140956220,-0.0683,1.0,1.0,1.0,1.0,1.0,4.0,2.4238,7.0,5.0,3.1875
A,1,4111112362746498,0.1624,1.0,1.0,1.0,1.0,0.0,4.0,2.7272,8.0,5.0,3.75
A,1,5555556256286856,0.3919,1.0,1.0,1.0,1.0,4.0,5.0,1.75,4.0,8.0,5.25
A,1,4532010471626166,-0.2839,1.0,1.0,1.0,1.0,2.0,4.0,2.8278,8.0,4.0,3.375
A,1,4242426659111055,0.047,1.0,1.0,1.0,1.0,1.0,4.0,2.6863,7.0,3.0,3.5625
A,1,4111112393365094,-0.2271,1.0,1.0,1.0,1.0,0.0,4.0,2.7272,8.0,5.0,3.3125
A,1,4111119994638290,0.296,1.0,1.0,1.0,1.0,0.0,4.0,2.6494,8.0,5.0,4.25
A,1,4242421863276836,-0.0007,1.0,1.0,1.0,1.0,1.0,4.0,2.6556,7.0,4.0,4.25
A,1,4111119651519205,0.2325,1.0,1.0,1.0,1.0,0.0,4.0,2.3496,7.0,7.0,3.25
A,1,5105104890285581,0.1735,1.0,1.0,1.0,1.0,3.0,5.0,2.6085,7.0,4.0,3.875
A,1,4111116469858502,0.1255,1.0,1.0,1.0,1.0,0.0,4.0,2.7744,8.0,5.0,3.875
A,1,4111119522299763,-0.0492,1.0,1.0,1.0,1.0,0.0,4.0,2.68,8.0,5.0,3.9375
A,1,4242420725054282,0.1759,1.0,1.0,1.0,1.0,1.0,4.0,2.2806,6.0,6.0,3.3125
A,1,4111114185395768,0.249,1.0,1.0,1.0,1.0,0.0,4.0,2.6556,8.0,6.0,4.0625
A,1,4532016279459239,0.1656,1.0,1.0,1.0,1.0,2.0,4.0,3.0306,9.0,3.0,4.4375
A,1,4111113319557442,0.2421,1.0,1.0,1.0,1.0,0.0,4.0,2.4835,7.0,6.0,3.25
A,1,4111117642617112,-0.5481,1.0,1.0,1.0,1.0,0.0,4.0,2.0,5.0,8.0,2.875
A,1,4242428512157481,0.2878,1.0,1.0,1.0,1.0,1.0,4.0,2.4528,6.0,4.0,3.75
A,1,5105100939155207,-0.2616,1.0,1.0,1.0,1.0,3.0,5.0,2.5778,7.0,4.0,3.3125
A,1,4111113848248299,-0.0086,1.0,1.0,1.0,1.0,0.0,4.0,2.43,6.0,5.0,4.125
A,1,4111110081943966,-0.0063,1.0,1.0,1.0,1.0,0.0,4.0,2.5306,7.0,6.0,3.4375
A,1,6011003121374324,0.2691,1.0,1.0,1.0,1.0,5.0,6.0,2.6556,7.0,4.0,2.375
A,1,4111113896999082,0.1533,1.0,1.0,1.0,1.0,0.0,4.0,2.6494,8.0,5.0,4.5
A,1,4111115731102160,-0.363,1.0,1.0,1.0,1.0,0.0,4.0,2.375,8.0,8.0,2.1875
A,1,5555553606487714,0.3488,1.0,1.0,1.0,1.0,4.0,5.0,2.6556,8.0,6.0,4.75
A,1,4242420702730995,0.163,1.0,1.0,1.0,1.0,1.0,4.0,2.6556,7.0,4.0,3.75
A,1,6011004534165002,0.2685,1.0,1.0,1.0,1.0,5.0,6.0,2.6022,7.0,5.0,2.375
A,1,5105103771491888,-0.2012,1.0,1.0,1.0,1.0,3.0,5.0,2.8278,8.0,4.0,4.25
A,1,4242424159284944,0.0142,1.0,1.0,1.0,1.0,1.0,4.0,2.1468,6.0,7.0,4.25
A,1,4111113044990769,0.0639,1.0,1.0,1.0,1.0,0.0,4.0,2.555,7.0,5.0,3.75
A,1,4111114676966424,-0.0348,1.0,1.0,1.0,1.0,0.0,4.0,2.2744,6.0,5.0,3.9375
A,1,4111117132592387,-0.1785,1.0,1.0,1.0,1.0,0.0,4.0,2.6556,8.0,6.0,3.5
A,1,4111118642236804,0.2326,1.0,1.0,1.0,1.0,0.0,4.0,2.6022,7.0,5.0,3.25
A,1,4111117579233537,0.0639,1.0,1.0,1.0,1.0,0.0,4.0,2.555,7.0,5.0,3.75
A,1,4111112107715006,0.0347,1.0,1.0,1.0,1.0,0.0,4.0,2.3496,7.0,7.0,2.375
A,1,4111118965829284,0.1636,1.0,1.0,1.0,1.0,0.0,4.0,2.6022,7.0,5.0,4.375
A,1,5105105959006891,0.1995,1.0,1.0,1.0,1.0,3.0,5.0,2.4056,6.0,4.0,4.0
A,1,4242428979866004,0.2381,1.0,1.0,1.0,1.0,1.0,4.0,2.7028,7.0,4.0,4.6875
A,1,5105102578960509,-0.1703,1.0,1.0,1.0,1.0,3.0,5.0,2.75,8.0,4.0,3.9375
A,1,4111113789435368,0.2267,1.0,1.0,1.0,1.0,0.0,4.0,2.7272,8.0,5.0,4.0625
A,1,4111114350287444,-0.1971,1.0,1.0,1.0,1.0,0.0,4.0,2.5488,8.0,5.0,3.125
A,1,4111116235676626,-0.0326,1.0,1.0,1.0,1.0,0.0,4.0,2.4238,7.0,5.0,3.625
A,1,4111115110515891,-0.1096,1.0,1.0,1.0,1.0,0.0,4.0,1.9197,6.0,9.0,2.8125
A,1,4242422440325187,-0.2685,1.0,1.0,1.0,1.0,1.0,4.0,2.5488,8.0,5.0,3.375
A,1,5105107251005092,0.2827,1.0,1.0,1.0,1.0,3.0,5.0,2.3522,6.0,5.0,2.6875
A,1,4111117585697881,0.369,1.0,1.0,1.0,1.0,0.0,4.0,2.4835,7.0,6.0,4.5625
A,1,6011006398997966,-0.2445,1.0,1.0,1.0,1.0,5.0,6.0,2.5778,7.0,4.0,5.0
A,1,5555556308917680,-0.1233,1.0,1.0,1.0,1.0,4.0,5.0,2.6556,8.0,6.0,4.875
A,1,6011005740879617,-0.1743,1.0,1.0,1.0,1.0,5.0,6.0,2.7806,8.0,4.0,3.875
A,1,4111116530536673,-0.183,1.0,1.0,1.0,1.0,0.0,4.0,2.555,7.0,5.0,3.3125
A,1,4242421347724914,0.2835,1.0,1.0,1.0,1.0,1.0,4.0,2.2806,6.0,6.0,3.75
A,1,5555551318435609,0.1023,1.0,1.0,1.0,1.0,4.0,5.0,2.5218,8.0,7.0,4.375
A,1,4532010982146126,-0.0971,1.0,1.0,1.0,1.0,2.0,4.0,3.0306,9.0,3.0,3.375
A,1,4242422903495873,0.008,1.0,1.0,1.0,1.0,1.0,4.0,2.75,8.0,4.0,4.25
A,1,4532018212114798,0.3844,1.0,1.0,1.0,1.0,2.0,4.0,2.9528,9.0,4.0,3.625
A,1,4111117060083003,-0.6864,1.0,1.0,1.0,1.0,0.0,4.0,2.4238,7.0,5.0,2.25
A,1,4532011557675325,-0.0485,1.0,1.0,1.0,1.0,2.0,4.0,2.7744,8.0,5.0,3.8125
A,1,4111114186893308,0.1196,1.0,1.0,1.0,1.0,0.0,4.0,2.4835,7.0,6.0,3.6875
A,1,4532017458891168,0.1252,1.0,1.0,1.0,1.0,2.0,4.0,3.1556,10.0,3.0,4.5
A,1,4111119137569907,0.5556,1.0,1.0,1.0,1.0,0.0,4.0,2.6085,8.0,6.0,4.0625
A,1,4111112022010764,-0.0339,1.0,1.0,1.0,1.0,0.0,4.0,2.3113,6.0,6.0,2.0625
A,1,4532011169963275,0.2546,1.0,1.0,1.0,1.0,2.0,4.0,3.0778,9.0,3.0,4.0
A,1,4111119812392005,-0.365,1.0,1.0,1.0,1.0,0.0,4.0,2.6556,8.0,6.0,3.0
A,1,4111115372634174,0.2421,1.0,1.0,1.0,1.0,0.0,4.0,2.4835,7.0,6.0,3.1875
A,1,4532012070435726,-0.1081,1.0,1.0,1.0,1.0,2.0,4.0,2.9056,8.0,3.0,3.1875
A,1,4111113342263489,-0.183,1.0,1.0,1.0,1.0,0.0,4.0,2.555,7.0,5.0,3.3125
A,1,4111113098477457,-0.0492,1.0,1.0,1.0,1.0,0.0,4.0,2.68,8.0,5.0,3.9375
A,1,4111117695422758,0.3017,1.0,1.0,1.0,1.0,0.0,4.0,2.7744,8.0,5.0,4.0
A,1,4111113821429213,0.0927,1.0,1.0,1.0,1.0,0.0,4.0,2.2246,6.0,7.0,2.75
A,1,4242429759486344,0.8824,1.0,1.0,1.0,1.0,1.0,4.0,2.6085,8.0,6.0,4.8125
A,1,4242426743474592,-0.1501,1.0,1.0,1.0,1.0,1.0,4.0,2.4056,7.0,6.0,4.3125
A,1,5555559247928362,-0.4725,1.0,1.0,1.0,1.0,4.0,5.0,2.6085,8.0,6.0,5.125
A,1,5105102969121992,0.389,1.0,1.0,1.0,1.0,3.0,5.0,2.4528,6.0,4.0,3.875
A,1,4111113936142446,0.2706,1.0,1.0,1.0,1.0,0.0,4.0,2.2806,6.0,6.0,3.1875
A,1,4532017125463797,0.2292,1.0,1.0,1.0,1.0,2.0,4.0,3.0778,9.0,3.0,4.125
A,1,4532019630862752,0.168,1.0,1.0,1.0,1.0,2.0,4.0,3.2028,10.0,3.0,3.9375
A,1,4242427076641104,-0.0183,1.0,1.0,1.0,1.0,1.0,4.0,2.4772,6.0,5.0,3.375
A,1,4532014966933244,0.1149,1.0,1.0,1.0,1.0,2.0,4.0,2.8278,8.0,4.0,4.0625
A,1,4111119091525648,0.0295,1.0,1.0,1.0,1.0,0.0,4.0,2.6556,8.0,6.0,3.625
A,1,4242429728590523,-0.046,1.0,1.0,1.0,1.0,1.0,4.0,2.7272,8.0,5.0,4.25
A,1,4242421950526127,-0.0004,1.0,1.0,1.0,1.0,1.0,4.0,2.7272,8.0,5.0,3.5
A,1,4111112908640056,-0.2214,1.0,1.0,1.0,1.0,0.0,4.0,2.7272,8.0,5.0,3.0625
A,1,5555557881838301,0.6065,1.0,1.0,1.0,1.0,4.0,5.0,2.2806,6.0,6.0,4.8125
A,1,4111117273726398,0.018,1.0,1.0,1.0,1.0,0.0,4.0,2.7272,8.0,5.0,3.9375
A,1,4111110429480978,0.3438,1.0,1.0,1.0,1.0,0.0,4.0,2.6022,7.0,5.0,3.75
A,1,4242424624638328,0.4949,1.0,1.0,1.0,1.0,1.0,4.0,2.1738,5.0,5.0,4.0
A,1,4111113254254583,-0.0597,1.0,1.0,1.0,1.0,0.0,4.0,2.43,6.0,5.0,3.125
A,1,4111117927688226,0.3974,1.0,1.0,1.0,1.0,0.0,4.0,2.6022,7.0,5.0,4.125
A,1,4111113338445322,0.0184,1.0,1.0,1.0,1.0,0.0,4.0,2.3522,6.0,5.0,2.875
A,1,4242421929209102,0.4987,1.0,1.0,1.0,1.0,1.0,4.0,2.1863,5.0,6.0,3.3125
A,1,4242422444426528,1.1169,1.0,1.0,1.0,1.0,1.0,4.0,1.8024,5.0,7.0,3.6875
A,1,4242427694800579,-0.1657,1.0,1.0,1.0,1.0,1.0,4.0,2.8278,8.0,4.0,4.5625
A,1,4242429939551561,-0.1095,1.0,1.0,1.0,1.0,1.0,4.0,2.6863,7.0,3.0,4.4375
A,1,4242427347912219,-0.154,1.0,1.0,1.0,1.0,1.0,4.0,2.3994,6.0,5.0,3.9375
A,1,4242420010434223,-1.0325,1.0,1.0,1.0,1.0,1.0,4.0,2.1266,5.0,5.0,2.3125
A,1,4111118200205688,-0.3291,1.0,1.0,1.0,1.0,0.0,4.0,2.555,7.0,5.0,3.0
A,1,5105103074499935,0.1103,1.0,1.0,1.0,1.0,3.0,5.0,2.7335,7.0,3.0,4.0625
A,1,5555559396446968,0.2343,1.0,1.0,1.0,1.0,4.0,5.0,2.3113,6.0,6.0,5.875
A,1,5105106521770089,-0.0582,1.0,1.0,1.0,1.0,3.0,5.0,2.7806,8.0,4.0,3.5625
A,1,4532012624837823,0.2658,1.0,1.0,1.0,1.0,2.0,4.0,2.9528,9.0,4.0,3.75
A,1,4532010398688927,0.3412,1.0,1.0,1.0,1.0,2.0,4.0,3.2028,10.0,3.0,4.6875
A,1,5105102256352078,-0.26,1.0,1.0,1.0,1.0,3.0,5.0,2.7806,8.0,4.0,3.25
A,1,5105103711530688,-0.111,1.0,1.0,1.0,1.0,3.0,5.0,2.6556,7.0,4.0,3.375
A,1,4532010924887357,0.8339,1.0,1.0,1.0,1.0,2.0,4.0,3.125,9.0,2.0,4.25
A,1,4242427987919789,1.1576,1.0,1.0,1.0,1.0,1.0,4.0,2.4835,6.0,4.0,5.75
A,1,4111118026887362,-0.0905,1.0,1.0,1.0,1.0,0.0,4.0,2.7272,8.0,5.0,3.6875
A,1,4242422370829026,0.2184,1.0,1.0,1.0,1.0,1.0,4.0,2.6085,8.0,6.0,3.5625
A,1,4111110965654515,0.1393,1.0,1.0,1.0,1.0,0.0,4.0,2.2806,6.0,6.0,3.4375
A,1,4111114552404631,0.1692,1.0,1.0,1.0,1.0,0.0,4.0,2.4056,7.0,6.0,2.6875
A,1,4242423653938278,-0.1741,1.0,1.0,1.0,1.0,1.0,4.0,2.7806,8.0,4.0,4.5
A,1,4532017930772143,0.1944,1.0,1.0,1.0,1.0,2.0,4.0,2.9056,8.0,3.0,3.625
A,1,4532019007485690,0.3559,1.0,1.0,1.0,1.0,2.0,4.0,3.125,10.0,4.0,3.9375
A,1,4242424861692806,-0.0341,1.0,1.0,1.0,1.0,1.0,4.0,2.5778,7.0,4.0,4.25
A,1,4242427264808416,0.1115,1.0,1.0,1.0,1.0,1.0,4.0,2.5244,7.0,5.0,4.0
A,1,4532014599377298,0.9636,1.0,1.0,1.0,1.0,2.0,4.0,3.0778,9.0,3.0,4.875
A,1,4532019089912876,0.1896,1.0,1.0,1.0,1.0,2.0,4.0,3.2028,10.0,3.0,4.625
A,1,5555551370573842,0.1023,1.0,1.0,1.0,1.0,4.0,5.0,2.5218,8.0,7.0,4.375
A,1,4242422032551216,0.0577,1.0,1.0,1.0,1.0,1.0,4.0,2.4835,7.0,6.0,2.8125
A,1,4111117545611352,-0.0758,1.0,1.0,1.0,1.0,0.0,4.0,2.3496,7.0,7.0,3.0
A,1,5105106003578455,-0.068,1.0,1.0,1.0,1.0,3.0,5.0,2.6494,8.0,5.0,3.4375
A,1,4111115866962784,-0.0319,1.0,1.0,1.0,1.0,0.0,4.0,2.7272,8.0,5.0,4.375
A,1,4111118384419881,-0.244,1.0,1.0,1.0,1.0,0.0,4.0,1.9746,5.0,7.0,3.9375
A,1,4242425840421050,-0.0539,1.0,1.0,1.0,1.0,1.0,4.0,2.3522,6.0,5.0,2.9375
A,1,4111110637621249,-0.4061,1.0,1.0,1.0,1.0,0.0,4.0,2.6556,8.0,6.0,3.0625
A,1,4111113728343210,0.1837,1.0,1.0,1.0,1.0,0.0,4.0,2.4835,7.0,6.0,2.625
A,1,4242422162633297,0.1204,1.0,1.0,1.0,1.0,1.0,4.0,2.4835,7.0,6.0,3.6875
A,1,4242421473070942,-0.0678,1.0,1.0,1.0,1.0,1.0,4.0,2.5244,7.0,5.0,3.4375
A,1,4111117591062807,-0.3152,1.0,1.0,1.0,1.0,0.0,4.0,2.7806,9.0,6.0,3.375
A,1,4242425183789873,0.6402,1.0,1.0,1.0,1.0,1.0,4.0,2.8585,8.0,3.0,4.8125
A,1,4111112595358418,0.1196,1.0,1.0,1.0,1.0,0.0,4.0,2.4835,7.0,6.0,3.6875
A,1,4111117425194198,-0.0626,1.0,1.0,1.0,1.0,0.0,4.0,2.3496,7.0,7.0,3.6875
A,1,4242426881714114,-0.0171,1.0,1.0,1.0,1.0,1.0,4.0,2.3522,6.0,5.0,3.6875
A,1,4111113214485251,0.0927,1.0,1.0,1.0,1.0,0.0,4.0,2.2246,6.0,7.0,2.75
A,1,4111117599035458,0.1943,1.0,1.0,1.0,1.0,0.0,4.0,2.7272,8.0,5.0,4.0
A,1,4111116048049680,-0.1252,1.0,1.0,1.0,1.0,0.0,4.0,2.43,6.0,5.0,3.375
A,1,4111116758148979,0.1578,1.0,1.0,1.0,1.0,0.0,4.0,2.5306,7.0,6.0,4.5625
A,1,5105105886898808,-0.1858,1.0,1.0,1.0,1.0,3.0,5.0,2.3113,6.0,6.0,5.0
A,1,4242421816891806,0.1388,1.0,1.0,1.0,1.0,1.0,4.0,2.6863,7.0,3.0,4.125
A,1,4532011662056890,0.0446,1.0,1.0,1.0,1.0,2.0,4.0,3.0306,9.0,3.0,3.625
A,1,4242424951869777,-0.1426,1.0,1.0,1.0,1.0,1.0,4.0,2.7806,8.0,4.0,5.0625
A,1,5105104360453057,-0.2698,1.0,1.0,1.0,1.0,3.0,5.0,2.625,7.0,4.0,3.0625
A,1,5105101229200828,0.2451,1.0,1.0,1.0,1.0,3.0,5.0,2.4528,6.0,4.0,2.875
A,1,4532010132835909,-0.3088,1.0,1.0,1.0,1.0,2.0,4.0,2.9056,8.0,3.0,3.4375
A,1,4111112216555020,0.1952,1.0,1.0,1.0,1.0,0.0,4.0,2.3113,6.0,6.0,2.3125
A,1,4111119618708172,0.0682,1.0,1.0,1.0,1.0,0.0,4.0,2.5218,8.0,7.0,3.625
A,1,4111112116485807,-0.2005,1.0,1.0,1.0,1.0,0.0,4.0,2.5218,8.0,7.0,3.1875
A,1,4111113316967214,0.1467,1.0,1.0,1.0,1.0,0.0,4.0,2.3968,7.0,7.0,3.1875
A,1,4242421213203118,-0.3095,1.0,1.0,1.0,1.0,1.0,4.0,2.3522,6.0,5.0,2.5
A,1,4111114778929551,0.3556,1.0,1.0,1.0,1.0,0.0,4.0,2.5306,7.0,6.0,4.125
A,1,4242423897423574,-0.1746,1.0,1.0,1.0,1.0,1.0,4.0,2.5244,7.0,5.0,4.375
A,1,4111115986450611,-0.0395,1.0,1.0,1.0,1.0,0.0,4.0,2.3968,7.0,7.0,3.375
A,1,4111110116116117,0.5023,1.0,1.0,1.0,1.0,0.0,4.0,1.4966,5.0,11.0,2.125
A,1,4242428057848429,-0.2117,1.0,1.0,1.0,1.0,1.0,4.0,2.4772,7.0,5.0,4.5625
A,1,4242428023973624,0.1773,1.0,1.0,1.0,1.0,1.0,4.0,2.6494,8.0,5.0,3.875
A,1,4532017934930291,-0.0946,1.0,1.0,1.0,1.0,2.0,4.0,2.9056,8.0,3.0,3.875
A,1,4242421168257804,0.1593,1.0,1.0,1.0,1.0,1.0,4.0,2.75,8.0,4.0,3.75
A,1,4242424662620303,0.7529,1.0,1.0,1.0,1.0,1.0,4.0,2.2272,5.0,5.0,3.125
A,1,4242428416806175,0.1408,1.0,1.0,1.0,1.0,1.0,4.0,2.8278,8.0,4.0,4.0
A,1,4242420089143473,0.0606,1.0,1.0,1.0,1.0,1.0,4.0,2.7272,8.0,5.0,3.5625
A,1,4111110976758081,0.1125,1.0,1.0,1.0,1.0,0.0,4.0,2.6556,8.0,6.0,3.75
A,1,4242426740352775,0.1563,1.0,1.0,1.0,1.0,1.0,4.0,2.5778,7.0,4.0,4.0
A,1,4242427845207617,0.1266,1.0,1.0,1.0,1.0,1.0,4.0,2.7028,8.0,4.0,4.0625
A,1,4532012699516344,0.1513,1.0,1.0,1.0,1.0,2.0,4.0,2.9528,8.0,3.0,4.0
A,1,4532010839073507,0.3039,1.0,1.0,1.0,1.0,2.0,4.0,2.9528,9.0,4.0,3.5625
A,1,4111110297088424,0.0986,1.0,1.0,1.0,1.0,0.0,4.0,2.6022,7.0,5.0,3.3125
A,1,4111114244212996,0.2896,1.0,1.0,1.0,1.0,0.0,4.0,2.1085,5.0,6.0,3.25
A,1,5105103181661930,0.0972,1.0,1.0,1.0,1.0,3.0,5.0,2.6022,7.0,5.0,3.125
A,1,4111116851556151,0.1508,1.0,1.0,1.0,1.0,0.0,4.0,1.875,5.0,8.0,3.25
A,1,4242429616460672,0.1459,1.0,1.0,1.0,1.0,1.0,4.0,2.5,7.0,4.0,4.0625
A,1,5555551808816458,-0.6767,1.0,1.0,1.0,1.0,4.0,5.0,2.1468,6.0,7.0,4.9375
A,1,4111117718628969,0.1851,1.0,1.0,1.0,1.0,0.0,4.0,2.5306,7.0,6.0,4.5
A,1,5105107970634271,0.1738,1.0,1.0,1.0,1.0,3.0,5.0,2.9835,9.0,3.0,3.625
A,1,4242424073513998,0.2761,1.0,1.0,1.0,1.0,1.0,4.0,2.9528,9.0,4.0,4.1875
A,1,4111118861878617,0.5049,1.0,1.0,1.0,1.0,0.0,4.0,2.0218,5.0,7.0,4.3125
A,1,4111112472031724,0.3013,1.0,1.0,1.0,1.0,0.0,4.0,2.3113,6.0,6.0,2.5625
A,1,4111115917758470,0.2653,1.0,1.0,1.0,1.0,0.0,4.0,2.4835,7.0,6.0,3.875
A,1,5555558996031196,0.2633,1.0,1.0,1.0,1.0,4.0,5.0,2.4835,7.0,6.0,5.125
A,1,5105102570320017,-0.3856,1.0,1.0,1.0,1.0,3.0,5.0,2.43,6.0,5.0,2.4375
A,1,4111111151438457,-0.259,1.0,1.0,1.0,1.0,0.0,4.0,2.0778,6.0,8.0,3.0
A,1,4242426745365657,0.0514,1.0,1.0,1.0,1.0,1.0,4.0,2.4835,6.0,4.0,4.5
A,1,5555557576042805,0.7024,1.0,1.0,1.0,1.0,4.0,5.0,2.25,7.0,8.0,4.625
A,1,4242420542744164,0.1316,1.0,1.0,1.0,1.0,1.0,4.0,2.2718,7.0,7.0,3.4375
A,1,5555555308363085,0.6662,1.0,1.0,1.0,1.0,4.0,5.0,1.9528,5.0,8.0,4.4375
A,1,4242427846478878,0.2989,1.0,1.0,1.0,1.0,1.0,4.0,2.18,5.0,5.0,5.3125
A,1,4111113216632066,0.2864,1.0,1.0,1.0,1.0,0.0,4.0,2.2806,6.0,6.0,2.75
A,1,4242426726929778,-0.0896,1.0,1.0,1.0,1.0,1.0,4.0,2.43,6.0,5.0,5.0625
A,1,4111117387171994,0.2809,1.0,1.0,1.0,1.0,0.0,4.0,2.2246,6.0,7.0,4.0625
A,1,4111111484987329,0.4979,1.0,1.0,1.0,1.0,0.0,4.0,2.4835,7.0,6.0,4.0
A,1,4242424309845321,0.2932,1.0,1.0,1.0,1.0,1.0,4.0,2.6494,8.0,5.0,3.5625
A,1,4111110428885623,-0.2266,1.0,1.0,1.0,1.0,0.0,4.0,2.7272,8.0,5.0,3.4375
A,1,5105105147533400,0.3698,1.0,1.0,1.0,1.0,3.0,5.0,2.4528,6.0,4.0,2.75
A,1,4111117762619740,0.3267,1.0,1.0,1.0,1.0,0.0,4.0,2.4835,7.0,6.0,3.625
A,1,4111110343825704,0.041,1.0,1.0,1.0,1.0,0.0,4.0,2.7272,8.0,5.0,2.8125
A,1,5105109184012328,-0.1174,1.0,1.0,1.0,1.0,3.0,5.0,2.8278,8.0,4.0,3.125
A,1,5105105489936435,-0.2057,1.0,1.0,1.0,1.0,3.0,5.0,2.875,8.0,4.0,4.25
A,1,4242423041446232,-0.086,1.0,1.0,1.0,1.0,1.0,4.0,2.18,6.0,6.0,2.9375
A,1,4111110593760635,-0.1196,1.0,1.0,1.0,1.0,0.0,4.0,2.7744,8.0,5.0,3.3125
A,1,4242424522687237,0.01,1.0,1.0,1.0,1.0,1.0,4.0,2.4056,7.0,6.0,4.0
A,1,5555550673426450,0.0967,1.0,1.0,1.0,1.0,4.0,5.0,2.3968,7.0,7.0,4.1875
A,1,4242427152238965,0.2991,1.0,1.0,1.0,1.0,1.0,4.0,2.8522,9.0,5.0,4.125
A,1,6011001892812779,0.0889,1.0,1.0,1.0,1.0,5.0,6.0,2.7028,7.0,4.0,3.875
A,1,5555551765926928,0.1873,1.0,1.0,1.0,1.0,4.0,5.0,2.3968,7.0,7.0,5.3125
A,1,4111110045027765,-0.0243,1.0,1.0,1.0,1.0,0.0,4.0,2.6022,7.0,5.0,2.8125
A,1,4242426049175901,0.1215,1.0,1.0,1.0,1.0,1.0,4.0,2.8278,8.0,4.0,3.75
A,1,4532016093647639,0.139,1.0,1.0,1.0,1.0,2.0,4.0,3.0306,9.0,3.0,4.25
A,1,4111110913129735,-0.5238,1.0,1.0,1.0,1.0,0.0,4.0,2.5218,8.0,7.0,3.0625
A,1,4242425548882397,0.3126,1.0,1.0,1.0,1.0,1.0,4.0,2.5778,7.0,4.0,4.8125
A,1,4242425741247281,0.1149,1.0,1.0,1.0,1.0,1.0,4.0,2.2988,6.0,5.0,3.6875
A,1,5555559292359414,-0.1473,1.0,1.0,1.0,1.0,4.0,5.0,2.2246,6.0,7.0,4.875
A,1,4111114309645122,-0.1026,1.0,1.0,1.0,1.0,0.0,4.0,2.6085,8.0,6.0,2.8125
A,1,6011006655795434,0.0574,1.0,1.0,1.0,1.0,5.0,6.0,2.8585,8.0,3.0,3.875
A,1,4111118694033968,0.5458,1.0,1.0,1.0,1.0,0.0,4.0,2.6494,7.0,5.0,4.0625
A,1,4111117263285074,-0.2246,1.0,1.0,1.0,1.0,0.0,4.0,2.8994,9.0,5.0,3.3125
A,1,4111117069903987,0.1273,1.0,1.0,1.0,1.0,0.0,4.0,2.7272,8.0,5.0,4.1875
A,1,4111116132412422,-1.1883,1.0,1.0,1.0,1.0,0.0,4.0,1.9746,5.0,7.0,2.25
A,1,4242423958227237,0.3242,1.0,1.0,1.0,1.0,1.0,4.0,2.4835,7.0,6.0,4.125
A,1,4242426950951159,0.0129,1.0,1.0,1.0,1.0,1.0,4.0,2.6863,7.0,3.0,4.25
A,1,4111119290686415,-0.1776,1.0,1.0,1.0,1.0,0.0,4.0,2.6556,8.0,6.0,3.6875
A,1,4111119503733046,-0.2214,1.0,1.0,1.0,1.0,0.0,4.0,2.7272,8.0,5.0,3.0625
A,1,4242429106513725,0.3039,1.0,1.0,1.0,1.0,1.0,4.0,2.9528,9.0,4.0,3.5625
A,1,4111117287310536,-0.0203,1.0,1.0,1.0,1.0,0.0,4.0,2.7806,9.0,6.0,3.1875
A,1,4532017423413551,0.0583,1.0,1.0,1.0,1.0,2.0,4.0,2.6863,7.0,3.0,3.125
A,1,4111117091873117,0.173,1.0,1.0,1.0,1.0,0.0,4.0,2.2028,7.0,8.0,3.3125
A,1,4242425957948911,0.1526,1.0,1.0,1.0,1.0,1.0,4.0,2.6556,7.0,4.0,4.75
A,1,4242424470812860,0.2355,1.0,1.0,1.0,1.0,1.0,4.0,2.5244,7.0,5.0,3.625
A,1,4111112579539710,-0.1175,1.0,1.0,1.0,1.0,0.0,4.0,2.6556,8.0,6.0,3.5625
A,1,4242424255701908,-0.0356,1.0,1.0,1.0,1.0,1.0,4.0,2.75,8.0,4.0,3.6875
A,1,4111112440020205,0.0085,1.0,1.0,1.0,1.0,0.0,4.0,2.18,5.0,5.0,1.75
A,1,4111119556231047,-0.0203,1.0,1.0,1.0,1.0,0.0,4.0,2.7806,9.0,6.0,3.1875
A,1,4111118051414033,-0.118,1.0,1.0,1.0,1.0,0.0,4.0,2.2246,6.0,7.0,2.375
A,1,4111119257518957,0.408,1.0,1.0,1.0,1.0,0.0,4.0,2.4835,7.0,6.0,4.1875
A,1,5105106975823129,-0.4672,1.0,1.0,1.0,1.0,3.0,5.0,3.0306,9.0,3.0,4.0
A,1,4111115699163386,0.5303,1.0,1.0,1.0,1.0,0.0,4.0,2.4835,7.0,6.0,4.0625
A,1,4532017613881955,-0.0052,1.0,1.0,1.0,1.0,2.0,4.0,3.1556,10.0,3.0,4.25
A,1,4242425948757900,-0.0763,1.0,1.0,1.0,1.0,1.0,4.0,2.7028,7.0,4.0,4.5
A,1,4242425811376887,-0.2095,1.0,1.0,1.0,1.0,1.0,4.0,2.8585,8.0,3.0,4.5
A,1,4242421213519422,-0.3118,1.0,1.0,1.0,1.0,1.0,4.0,2.2335,6.0,6.0,3.0
A,1,4532019763031175,0.1117,1.0,1.0,1.0,1.0,2.0,4.0,3.0306,9.0,3.0,3.5625
A,1,4242420861448272,-0.0592,1.0,1.0,1.0,1.0,1.0,4.0,2.4238,7.0,5.0,3.75
A,1,5105107296004274,-0.3789,1.0,1.0,1.0,1.0,3.0,5.0,2.875,8.0,4.0,3.3125
A,1,4111114719389345,0.2653,1.0,1.0,1.0,1.0,0.0,4.0,2.4835,7.0,6.0,3.875
A,1,4111115402323574,0.0814,1.0,1.0,1.0,1.0,0.0,4.0,2.6022,7.0,5.0,2.75
A,1,4242427673014937,0.105,1.0,1.0,1.0,1.0,1.0,4.0,2.7806,8.0,4.0,4.0625
A,1,5105101230652090,-0.4749,1.0,1.0,1.0,1.0,3.0,5.0,2.555,7.0,5.0,2.5
A,1,4242427748114316,0.0067,1.0,1.0,1.0,1.0,1.0,4.0,2.555,7.0,5.0,3.75
A,1,4242424939077899,0.0564,1.0,1.0,1.0,1.0,1.0,4.0,2.5778,7.0,4.0,5.1875
A,1,5105104208667942,-0.055,1.0,1.0,1.0,1.0,3.0,5.0,3.0778,9.0,3.0,3.75
A,1,4242422057776680,0.1252,1.0,1.0,1.0,1.0,1.0,4.0,2.6556,7.0,4.0,4.125
A,1,4242428321284401,0.3008,1.0,1.0,1.0,1.0,1.0,4.0,2.2988,6.0,5.0,3.1875
A,1,4111114008967736,0.017,1.0,1.0,1.0,1.0,0.0,4.0,2.7744,8.0,5.0,3.6875
A,1,5105100617987145,-0.0135,1.0,1.0,1.0,1.0,3.0,5.0,2.7806,8.0,4.0,3.75
A,1,4242420507043412,-0.0251,1.0,1.0,1.0,1.0,1.0,4.0,2.4772,7.0,5.0,2.75
A,1,4111110162898501,-0.5238,1.0,1.0,1.0,1.0,0.0,4.0,2.5218,8.0,7.0,3.0625
A,1,4532012288505724,0.2239,1.0,1.0,1.0,1.0,2.0,4.0,2.8278,8.0,4.0,3.625
A,1,4242421294263197,-0.0291,1.0,1.0,1.0,1.0,1.0,4.0,2.5244,7.0,5.0,3.875
A,1,4532014573876281,0.7255,1.0,1.0,1.0,1.0,2.0,4.0,3.125,9.0,2.0,4.125
A,1,5555550941728984,-1.0079,1.0,1.0,1.0,1.0,4.0,5.0,2.6556,8.0,6.0,5.125
A,1,4242429364371451,-0.1301,1.0,1.0,1.0,1.0,1.0,4.0,2.7272,8.0,5.0,3.8125
A,1,4111111231699672,-0.0577,1.0,1.0,1.0,1.0,0.0,4.0,2.3968,7.0,7.0,3.4375
A,1,5555559349869811,0.4368,1.0,1.0,1.0,1.0,4.0,5.0,2.4835,7.0,6.0,5.5
A,1,4111113940443442,-0.0446,1.0,1.0,1.0,1.0,0.0,4.0,2.18,6.0,6.0,2.875
A,1,4532013665704633,0.2239,1.0,1.0,1.0,1.0,2.0,4.0,2.8278,8.0,4.0,3.625
A,1,5105107903504179,0.0137,1.0,1.0,1.0,1.0,3.0,5.0,2.6556,7.0,4.0,3.5625
A,1,4532018865139712,0.103,1.0,1.0,1.0,1.0,2.0,4.0,3.2028,10.0,3.0,4.0625
A,1,4111112569463616,-0.1463,1.0,1.0,1.0,1.0,0.0,4.0,2.4056,7.0,6.0,3.5625
A,1,4111117916154750,-0.0395,1.0,1.0,1.0,1.0,0.0,4.0,2.3968,7.0,7.0,3.375
A,1,4242423832826667,-0.4433,1.0,1.0,1.0,1.0,1.0,4.0,2.43,6.0,5.0,4.3125
A,1,4532010467118228,-0.0971,1.0,1.0,1.0,1.0,2.0,4.0,3.0306,9.0,3.0,3.375
A,1,5105103795060107,-0.2264,1.0,1.0,1.0,1.0,3.0,5.0,2.555,7.0,5.0,3.125
A,1,4111115893049555,0.0443,1.0,1.0,1.0,1.0,0.0,4.0,2.5244,7.0,5.0,3.875
A,1,4111116475221935,-0.3649,1.0,1.0,1.0,1.0,0.0,4.0,2.6556,8.0,6.0,3.3125
A,1,4111119935944575,-0.5079,1.0,1.0,1.0,1.0,0.0,4.0,2.3829,6.0,5.0,4.3125
A,1,5555552603284413,0.0048,1.0,1.0,1.0,1.0,4.0,5.0,2.6556,8.0,6.0,3.9375
A,1,4111112073910581,0.2017,1.0,1.0,1.0,1.0,0.0,4.0,2.6468,9.0,7.0,2.8125
A,1,4532010228526370,0.2486,1.0,1.0,1.0,1.0,2.0,4.0,2.9528,9.0,4.0,3.125
A,1,5105106242444931,-0.1662,1.0,1.0,1.0,1.0,3.0,5.0,2.8278,8.0,4.0,3.1875
A,1,4242428495207212,0.2505,1.0,1.0,1.0,1.0,1.0,4.0,2.5306,8.0,6.0,3.625
A,1,4111111185595652,0.0366,1.0,1.0,1.0,1.0,0.0,4.0,2.2718,7.0,7.0,3.5
A,1,4111112774783600,-0.2271,1.0,1.0,1.0,1.0,0.0,4.0,2.7272,8.0,5.0,3.3125
A,1,4111115951173362,-0.2005,1.0,1.0,1.0,1.0,0.0,4.0,2.5218,8.0,7.0,3.1875
A,1,5555559381761967,0.5739,1.0,1.0,1.0,1.0,4.0,5.0,2.5306,7.0,6.0,5.4375
A,1,4532014089034110,0.0346,1.0,1.0,1.0,1.0,2.0,4.0,2.7806,8.0,4.0,2.8125
A,1,5105106316988847,-0.3395,1.0,1.0,1.0,1.0,3.0,5.0,3.0306,9.0,3.0,4.5
A,1,5555555781387197,0.6159,1.0,1.0,1.0,1.0,4.0,5.0,2.2246,6.0,7.0,5.375
A,1,6011008175938973,0.271,1.0,1.0,1.0,1.0,5.0,6.0,2.9056,8.0,3.0,4.25
A,1,5105104768369822,0.4646,1.0,1.0,1.0,1.0,3.0,5.0,3.25,10.0,2.0,4.1875
A,1,4111113676148637,0.2331,1.0,1.0,1.0,1.0,0.0,4.0,2.3585,6.0,6.0,3.75
A,1,6011005230951280,0.3091,1.0,1.0,1.0,1.0,5.0,6.0,2.7272,8.0,5.0,2.6875
A,1,4242429374397413,-0.3029,1.0,1.0,1.0,1.0,1.0,4.0,2.43,6.0,5.0,4.25
A,1,4111118988916647,0.5349,1.0,1.0,1.0,1.0,0.0,4.0,2.3585,6.0,6.0,4.6875
A,1,4111111957272258,0.0948,1.0,1.0,1.0,1.0,0.0,4.0,2.4835,7.0,6.0,3.5625
A,1,4242426922268583,0.1744,1.0,1.0,1.0,1.0,1.0,4.0,2.4835,7.0,6.0,4.3125
A,1,4532014215130402,-0.7621,1.0,1.0,1.0,1.0,2.0,4.0,2.5613,6.0,3.0,2.3125
A,1,5105101699556485,-0.0169,1.0,1.0,1.0,1.0,3.0,5.0,2.6022,7.0,5.0,4.375
A,1,4532014816667828,0.1656,1.0,1.0,1.0,1.0,2.0,4.0,3.0306,9.0,3.0,4.4375
A,1,4111119373985379,-0.0166,1.0,1.0,1.0,1.0,0.0,4.0,2.555,7.0,5.0,4.5
A,1,6011005551216925,-0.3095,1.0,1.0,1.0,1.0,5.0,6.0,2.4528,6.0,4.0,3.0625
A,1,4111113535534985,-0.0652,1.0,1.0,1.0,1.0,0.0,4.0,2.3522,6.0,5.0,3.6875
A,1,4242423342096306,0.1007,1.0,1.0,1.0,1.0,1.0,4.0,2.4528,6.0,4.0,3.375
A,1,5555556326737201,0.298,1.0,1.0,1.0,1.0,4.0,5.0,2.5306,7.0,6.0,4.1875
A,1,4242422269677189,0.3595,1.0,1.0,1.0,1.0,1.0,4.0,2.6022,7.0,5.0,4.6875
A,1,4111113876048215,-0.3338,1.0,1.0,1.0,1.0,0.0,4.0,2.7806,9.0,6.0,3.3125
A,1,4532013558049666,0.1831,1.0,1.0,1.0,1.0,2.0,4.0,3.0306,9.0,3.0,4.1875
A,1,4242424164843759,0.3292,1.0,1.0,1.0,1.0,1.0,4.0,2.7335,9.0,6.0,4.3125
A,1,5555553375412372,0.0062,1.0,1.0,1.0,1.0,4.0,5.0,2.2246,6.0,7.0,4.1875
A,1,4111116218700740,0.2919,1.0,1.0,1.0,1.0,0.0,4.0,2.4835,7.0,6.0,2.75
A,1,4242422433281884,-0.1733,1.0,1.0,1.0,1.0,1.0,4.0,2.1266,5.0,5.0,3.8125
A,1,4111114932852699,0.182,1.0,1.0,1.0,1.0,0.0,4.0,2.7272,8.0,5.0,4.125
A,1,5555556535487200,0.1182,1.0,1.0,1.0,1.0,4.0,5.0,2.375,8.0,8.0,4.375
A,1,4111111565823385,0.1108,1.0,1.0,1.0,1.0,0.0,4.0,2.4835,7.0,6.0,3.4375
A,1,4532011542440827,-0.0582,1.0,1.0,1.0,1.0,2.0,4.0,2.8278,8.0,4.0,3.25
A,1,4111112934945156,0.0948,1.0,1.0,1.0,1.0,0.0,4.0,2.4835,7.0,6.0,3.5625
A,1,4111112813929651,-0.4048,1.0,1.0,1.0,1.0,0.0,4.0,2.5218,8.0,7.0,3.4375
A,1,4111116158196636,0.2958,1.0,1.0,1.0,1.0,0.0,4.0,2.2718,7.0,7.0,3.75
A,1,4242421493518300,-0.0323,1.0,1.0,1.0,1.0,1.0,4.0,2.8278,8.0,4.0,3.25
A,1,6011000366270241,-0.4232,1.0,1.0,1.0,1.0,5.0,6.0,2.555,7.0,5.0,2.4375
A,1,5555559692018768,-0.5395,1.0,1.0,1.0,1.0,4.0,5.0,2.6556,8.0,6.0,5.375
A,1,5105109367137983,-0.2977,1.0,1.0,1.0,1.0,3.0,5.0,2.9056,8.0,3.0,4.25
A,1,4111114576845769,0.1636,1.0,1.0,1.0,1.0,0.0,4.0,2.6022,7.0,5.0,4.375
A,1,4242426814215684,-0.154,1.0,1.0,1.0,1.0,1.0,4.0,2.3994,6.0,5.0,3.9375
A,1,4111118502986092,0.2394,1.0,1.0,1.0,1.0,0.0,4.0,2.7744,8.0,5.0,3.625
A,1,4111118539632966,0.182,1.0,1.0,1.0,1.0,0.0,4.0,2.7272,8.0,5.0,4.125
A,1,4111118554507663,0.1319,1.0,1.0,1.0,1.0,0.0,4.0,2.7272,8.0,5.0,3.625
A,1,5555557315766060,0.2315,1.0,1.0,1.0,1.0,4.0,5.0,2.2246,6.0,7.0,4.4375
A,1,4111118196216558,0.1417,1.0,1.0,1.0,1.0,0.0,4.0,2.3968,7.0,7.0,3.75
A,1,4111113893958743,0.2787,1.0,1.0,1.0,1.0,0.0,4.0,2.6022,7.0,5.0,4.25
A,1,4242426820510615,0.1789,1.0,1.0,1.0,1.0,1.0,4.0,2.7028,7.0,4.0,3.25
A,1,4111119372283099,-0.0567,1.0,1.0,1.0,1.0,0.0,4.0,2.7272,8.0,5.0,3.8125
A,1,4242424358988600,-0.2383,1.0,1.0,1.0,1.0,1.0,4.0,2.7806,8.0,4.0,4.3125
A,1,4111117561559006,0.1103,1.0,1.0,1.0,1.0,0.0,4.0,2.4835,7.0,6.0,3.3125
A,1,4111113470333377,-0.1705,1.0,1.0,1.0,1.0,0.0,4.0,2.1266,5.0,5.0,3.0625
A,1,5555558402731314,0.0048,1.0,1.0,1.0,1.0,4.0,5.0,2.6556,8.0,6.0,3.9375
A,1,4242423943697544,0.2478,1.0,1.0,1.0,1.0,1.0,4.0,2.4835,7.0,6.0,4.5
A,1,5555558688909634,0.4598,1.0,1.0,1.0,1.0,4.0,5.0,2.4835,7.0,6.0,5.6875
A,1,4111113749892906,0.5283,1.0,1.0,1.0,1.0,0.0,4.0,2.8522,9.0,5.0,4.125
A,1,4111112205058945,-0.0864,1.0,1.0,1.0,1.0,0.0,4.0,2.6022,7.0,5.0,3.0625
A,1,4111119352037986,0.0199,1.0,1.0,1.0,1.0,0.0,4.0,3.0244,10.0,5.0,3.8125
A,1,4532014348455916,0.3565,1.0,1.0,1.0,1.0,2.0,4.0,2.9528,9.0,4.0,4.0
A,1,4242426106658682,0.1116,1.0,1.0,1.0,1.0,1.0,4.0,2.5778,7.0,4.0,4.125
A,1,5105109980214250,0.0637,1.0,1.0,1.0,1.0,3.0,5.0,2.6556,7.0,4.0,3.25
A,1,4111110712162267,0.1,1.0,1.0,1.0,1.0,0.0,4.0,2.2246,6.0,7.0,2.6875
A,1,4111117729366187,0.5556,1.0,1.0,1.0,1.0,0.0,4.0,2.6085,8.0,6.0,4.0625
A,1,4111117802397745,0.0025,1.0,1.0,1.0,1.0,0.0,4.0,2.8522,9.0,5.0,3.8125
A,1,4242427074451308,0.0606,1.0,1.0,1.0,1.0,1.0,4.0,2.7272,8.0,5.0,3.5625
A,1,5555553655738710,0.8177,1.0,1.0,1.0,1.0,4.0,5.0,2.25,7.0,8.0,4.6875
A,1,4111112042656299,0.1172,1.0,1.0,1.0,1.0,0.0,4.0,2.6022,7.0,5.0,3.375
A,1,4242420859337339,-0.0655,1.0,1.0,1.0,1.0,1.0,4.0,2.7806,8.0,4.0,4.25
A,1,4242423266722507,0.404,1.0,1.0,1.0,1.0,1.0,4.0,2.4835,7.0,6.0,3.625
A,1,4242425023741928,0.0385,1.0,1.0,1.0,1.0,1.0,4.0,2.7744,9.0,5.0,3.6875
A,1,4111118315473593,0.0948,1.0,1.0,1.0,1.0,0.0,4.0,2.4835,7.0,6.0,3.5625
A,1,4532017743879143,0.2377,1.0,1.0,1.0,1.0,2.0,4.0,2.9835,9.0,3.0,4.25
A,1,5105100727428527,0.059,1.0,1.0,1.0,1.0,3.0,5.0,2.6863,7.0,3.0,3.5
A,1,5105103427998864,-1.7156,1.0,1.0,1.0,1.0,3.0,5.0,3.25,10.0,2.0,4.5
A,1,5555552962153282,0.1556,1.0,1.0,1.0,1.0,4.0,5.0,2.2718,7.0,7.0,4.375
A,1,5555555867836752,-0.5969,1.0,1.0,1.0,1.0,4.0,5.0,2.125,6.0,8.0,5.4375
A,1,4111111767004511,0.0676,1.0,1.0,1.0,1.0,0.0,4.0,2.125,6.0,8.0,2.5625
A,1,4242422543710624,-0.1958,1.0,1.0,1.0,1.0,1.0,4.0,2.5488,8.0,5.0,3.25
A,1,4532012344131382,0.0333,1.0,1.0,1.0,1.0,2.0,4.0,2.6085,7.0,4.0,2.875
A,1,4111114809490839,-0.1689,1.0,1.0,1.0,1.0,0.0,4.0,2.43,6.0,5.0,3.9375
A,1,4111116473613364,0.6334,1.0,1.0,1.0,1.0,0.0,4.0,2.1391,5.0,6.0,3.25
A,1,4111115389283759,0.1907,1.0,1.0,1.0,1.0,0.0,4.0,2.7744,8.0,5.0,4.25
A,1,4242422112167628,0.2581,1.0,1.0,1.0,1.0,1.0,4.0,2.3113,6.0,6.0,3.375
A,1,4111110609889626,0.1994,1.0,1.0,1.0,1.0,0.0,4.0,2.6022,7.0,5.0,3.9375
A,1,6011006453421217,0.2179,1.0,1.0,1.0,1.0,5.0,6.0,2.8278,8.0,4.0,2.6875
A,1,4111110788606924,0.017,1.0,1.0,1.0,1.0,0.0,4.0,2.7744,8.0,5.0,3.6875
A,1,5105109400781995,0.341,1.0,1.0,1.0,1.0,3.0,5.0,2.6085,7.0,4.0,4.0
A,1,4242427720357503,0.0443,1.0,1.0,1.0,1.0,1.0,4.0,2.5306,6.0,4.0,3.5625
A,1,4111112020534617,-0.083,1.0,1.0,1.0,1.0,0.0,4.0,2.6556,8.0,6.0,2.4375
A,1,4111116898636198,-0.0167,1.0,1.0,1.0,1.0,0.0,4.0,2.3113,6.0,6.0,4.5625
A,1,5555556870790663,0.2633,1.0,1.0,1.0,1.0,4.0,5.0,2.4835,7.0,6.0,5.125
A,1,4111110296069300,-0.0775,1.0,1.0,1.0,1.0,0.0,4.0,2.5244,7.0,5.0,2.75
A,1,4111113508452827,-0.1196,1.0,1.0,1.0,1.0,0.0,4.0,2.7744,8.0,5.0,3.3125
A,1,5105100290819326,-0.1662,1.0,1.0,1.0,1.0,3.0,5.0,2.8278,8.0,4.0,3.25
A,1,4242424352067278,0.1773,1.0,1.0,1.0,1.0,1.0,4.0,2.6494,8.0,5.0,3.875
A,1,4242428594029160,-0.0013,1.0,1.0,1.0,1.0,1.0,4.0,2.75,8.0,4.0,3.875
A,1,4111110616843806,0.1098,1.0,1.0,1.0,1.0,0.0,4.0,2.3585,6.0,6.0,3.1875
A,1,5105108549798829,-0.4468,1.0,1.0,1.0,1.0,3.0,5.0,2.8585,8.0,3.0,5.0625
A,1,4111116724965753,0.1255,1.0,1.0,1.0,1.0,0.0,4.0,2.7744,8.0,5.0,3.9375
A,1,4242428331816143,0.2191,1.0,1.0,1.0,1.0,1.0,4.0,2.4835,6.0,4.0,3.5
A,1,4242426419332058,0.0106,1.0,1.0,1.0,1.0,1.0,4.0,2.875,9.0,4.0,3.6875
A,1,4111114975484426,0.0522,1.0,1.0,1.0,1.0,0.0,4.0,2.5488,8.0,5.0,3.875
A,1,5555550276391200,0.3367,1.0,1.0,1.0,1.0,4.0,5.0,2.6085,8.0,6.0,3.75
A,1,5555556057399650,-0.6093,1.0,1.0,1.0,1.0,4.0,5.0,2.125,6.0,8.0,5.0
A,1,4532013365501412,0.218,1.0,1.0,1.0,1.0,2.0,4.0,2.7335,7.0,3.0,2.8125
A,1,4111116592426730,-0.2246,1.0,1.0,1.0,1.0,0.0,4.0,2.8994,9.0,5.0,3.3125
A,1,4532018964904917,0.1252,1.0,1.0,1.0,1.0,2.0,4.0,3.1556,10.0,3.0,4.5
A,1,4111111003397877,0.129,1.0,1.0,1.0,1.0,0.0,4.0,2.4835,7.0,6.0,3.375
A,1,4111112260033775,0.419,1.0,1.0,1.0,1.0,0.0,4.0,2.7744,8.0,5.0,2.75
A,1,4111118237621337,0.2421,1.0,1.0,1.0,1.0,0.0,4.0,2.4835,7.0,6.0,3.1875
A,1,5105103842328770,-0.0995,1.0,1.0,1.0,1.0,3.0,5.0,2.9528,8.0,3.0,3.5
A,1,5105104544413134,0.1446,1.0,1.0,1.0,1.0,3.0,5.0,2.2272,5.0,5.0,2.8125
A,1,4111117303055545,-0.0447,1.0,1.0,1.0,1.0,0.0,4.0,2.3994,6.0,5.0,2.875
A,1,4242425959211011,0.2096,1.0,1.0,1.0,1.0,1.0,4.0,2.4528,6.0,4.0,3.25
A,1,4111116459299410,-0.0808,1.0,1.0,1.0,1.0,0.0,4.0,2.4363,7.0,6.0,3.625
A,1,4242422469639385,-0.0447,1.0,1.0,1.0,1.0,1.0,4.0,2.625,7.0,4.0,4.5625
A,1,4532012768438370,0.2075,1.0,1.0,1.0,1.0,2.0,4.0,3.0778,9.0,3.0,3.9375
A,1,5105105127772143,0.0637,1.0,1.0,1.0,1.0,3.0,5.0,2.6556,7.0,4.0,3.1875
A,1,4532018332147298,-0.0437,1.0,1.0,1.0,1.0,2.0,4.0,3.0306,9.0,3.0,3.875
A,1,4242426996939572,0.0564,1.0,1.0,1.0,1.0,1.0,4.0,2.5778,7.0,4.0,5.1875
A,1,5105107584544346,-0.1006,1.0,1.0,1.0,1.0,3.0,5.0,2.75,8.0,4.0,3.875
A,1,4242422987823917,0.1287,1.0,1.0,1.0,1.0,1.0,4.0,2.6022,7.0,5.0,4.625
A,1,4111115686903661,-0.0339,1.0,1.0,1.0,1.0,0.0,4.0,2.5306,8.0,6.0,3.6875
A,1,5555551415885706,0.8177,1.0,1.0,1.0,1.0,4.0,5.0,2.25,7.0,8.0,4.6875
A,1,4111115992897615,0.3357,1.0,1.0,1.0,1.0,0.0,4.0,2.6085,8.0,6.0,4.375
A,1,4242427036886039,-0.0852,1.0,1.0,1.0,1.0,1.0,4.0,2.9056,8.0,3.0,4.25
A,1,5105103892301297,-0.1728,1.0,1.0,1.0,1.0,3.0,5.0,2.9056,8.0,3.0,3.5
A,1,4111116752827636,-0.0567,1.0,1.0,1.0,1.0,0.0,4.0,2.7272,8.0,5.0,3.8125
A,1,4111118123804534,0.1622,1.0,1.0,1.0,1.0,0.0,4.0,2.4835,7.0,6.0,2.9375
A,1,6011000300124207,0.2703,1.0,1.0,1.0,1.0,5.0,6.0,2.3496,7.0,7.0,1.6875
A,1,4242421312353160,0.0942,1.0,1.0,1.0,1.0,1.0,4.0,2.6085,7.0,4.0,2.6875
A,1,4111115388583456,0.0165,1.0,1.0,1.0,1.0,0.0,4.0,2.43,6.0,5.0,4.0
A,1,4111118346958372,0.4728,1.0,1.0,1.0,1.0,0.0,4.0,2.8994,9.0,5.0,4.0
A,1,4111116507673087,0.1319,1.0,1.0,1.0,1.0,0.0,4.0,2.7272,8.0,5.0,3.625
A,1,4111111603261465,0.2161,1.0,1.0,1.0,1.0,0.0,4.0,2.3496,7.0,7.0,2.6875
A,1,5555559350522028,-0.4256,1.0,1.0,1.0,1.0,4.0,5.0,2.0778,6.0,8.0,4.125
A,1,4532019894065217,-0.3898,1.0,1.0,1.0,1.0,2.0,4.0,3.25,10.0,2.0,4.125
A,1,5105105674704168,0.1034,1.0,1.0,1.0,1.0,3.0,5.0,2.7335,7.0,3.0,3.75
A,1,4111118354841718,0.11,1.0,1.0,1.0,1.0,0.0,4.0,2.1774,6.0,7.0,3.625
A,1,4532014741182596,-0.0741,1.0,1.0,1.0,1.0,2.0,4.0,3.1556,10.0,3.0,3.875
A,1,6011005357299679,0.1558,1.0,1.0,1.0,1.0,5.0,6.0,2.9056,8.0,3.0,4.375
A,1,4111119796320584,0.1948,1.0,1.0,1.0,1.0,0.0,4.0,3.0244,10.0,5.0,3.875
A,1,4111118595672245,0.018,1.0,1.0,1.0,1.0,0.0,4.0,2.7272,8.0,5.0,3.875
A,1,4111112277326238,0.0737,1.0,1.0,1.0,1.0,0.0,4.0,2.5244,7.0,5.0,3.1875
A,1,4111119701264422,-0.0436,1.0,1.0,1.0,1.0,0.0,4.0,2.4363,7.0,6.0,2.875
A,1,4111117086998358,0.3209,1.0,1.0,1.0,1.0,0.0,4.0,2.8522,9.0,5.0,4.5
A,1,4532010702644939,0.06,1.0,1.0,1.0,1.0,2.0,4.0,3.0306,9.0,3.0,3.6875
A,1,5105109810309106,-0.3057,1.0,1.0,1.0,1.0,3.0,5.0,2.5244,7.0,5.0,3.0625
A,1,4242429277764321,0.0507,1.0,1.0,1.0,1.0,1.0,4.0,2.4772,7.0,5.0,4.125
A,1,4111112449384958,0.26,1.0,1.0,1.0,1.0,0.0,4.0,2.5244,7.0,5.0,4.0625
A,1,4242424401561792,0.2932,1.0,1.0,1.0,1.0,1.0,4.0,2.6494,8.0,5.0,3.5625
A,1,5555554032617387,0.4608,1.0,1.0,1.0,1.0,4.0,5.0,2.7806,9.0,6.0,4.4375
A,1,5555556733679350,-0.1527,1.0,1.0,1.0,1.0,4.0,5.0,2.2246,6.0,7.0,4.9375
A,1,5105100329709944,-0.1899,1.0,1.0,1.0,1.0,3.0,5.0,2.8278,8.0,4.0,3.6875
A,1,4111112816648134,0.198,1.0,1.0,1.0,1.0,0.0,4.0,2.2246,6.0,7.0,3.25
A,1,4532012596621007,0.0361,1.0,1.0,1.0,1.0,2.0,4.0,3.0306,9.0,3.0,3.3125
A,1,4111112181899981,0.3636,1.0,1.0,1.0,1.0,0.0,4.0,1.9056,5.0,8.0,4.0625
A,1,4111114569950048,0.0909,1.0,1.0,1.0,1.0,0.0,4.0,2.6022,7.0,5.0,3.6875
A,1,4242423204693406,-0.0653,1.0,1.0,1.0,1.0,1.0,4.0,2.3994,6.0,5.0,3.4375
A,1,5555555353691372,0.7136,1.0,1.0,1.0,1.0,4.0,5.0,2.2028,7.0,8.0,4.625
A,1,4111116115209506,0.156,1.0,1.0,1.0,1.0,0.0,4.0,2.3968,7.0,7.0,2.75
A,1,5105105125734301,-0.2518,1.0,1.0,1.0,1.0,3.0,5.0,2.5778,7.0,4.0,2.6875
A,1,5105109333656991,-0.0239,1.0,1.0,1.0,1.0,3.0,5.0,2.5613,6.0,3.0,4.125
A,1,4532018069594258,0.2096,1.0,1.0,1.0,1.0,2.0,4.0,3.0778,9.0,3.0,4.4375
A,1,4111113222134636,0.1913,1.0,1.0,1.0,1.0,0.0,4.0,2.1863,5.0,6.0,2.5625
A,1,4111113559757058,0.2507,1.0,1.0,1.0,1.0,0.0,4.0,2.6494,8.0,5.0,3.9375
A,1,4111119364109724,-0.1882,1.0,1.0,1.0,1.0,0.0,4.0,2.6085,8.0,6.0,3.375
A,1,5555551735142218,0.2529,1.0,1.0,1.0,1.0,4.0,5.0,2.3496,7.0,7.0,4.0
A,1,4111116552568190,0.0818,1.0,1.0,1.0,1.0,0.0,4.0,2.6085,8.0,6.0,3.5
A,1,4242424864564242,-0.1366,1.0,1.0,1.0,1.0,1.0,4.0,1.9212,5.0,7.0,3.9375
A,1,4111110559718916,0.1512,1.0,1.0,1.0,1.0,0.0,4.0,2.5218,8.0,7.0,3.75
A,1,5555552252905706,-0.5735,1.0,1.0,1.0,1.0,4.0,5.0,2.0778,6.0,8.0,4.25
A,1,5105107897449720,-0.4705,1.0,1.0,1.0,1.0,3.0,5.0,2.9056,8.0,3.0,4.3125
A,1,4111118373198330,-0.0126,1.0,1.0,1.0,1.0,0.0,4.0,2.4056,7.0,6.0,3.375
A,1,5105104714545731,0.3627,1.0,1.0,1.0,1.0,3.0,5.0,2.4528,6.0,4.0,3.3125
A,1,4111119276774227,0.0174,1.0,1.0,1.0,1.0,0.0,4.0,2.3522,6.0,5.0,3.875
A,1,4111113195484893,0.1101,1.0,1.0,1.0,1.0,0.0,4.0,2.3585,6.0,6.0,3.9375
A,1,4532018643841324,0.2239,1.0,1.0,1.0,1.0,2.0,4.0,2.8278,8.0,4.0,3.625
A,1,4111119800006468,0.0285,1.0,1.0,1.0,1.0,0.0,4.0,2.3994,6.0,5.0,3.125
A,1,4111119788306658,0.2567,1.0,1.0,1.0,1.0,0.0,4.0,2.8522,9.0,5.0,4.3125
A,1,4111115396944542,0.1888,1.0,1.0,1.0,1.0,0.0,4.0,2.5244,7.0,5.0,3.75
A,1,4532011047417866,0.06,1.0,1.0,1.0,1.0,2.0,4.0,3.0306,9.0,3.0,3.6875
A,1,4532014987306701,0.2612,1.0,1.0,1.0,1.0,2.0,4.0,3.2028,10.0,3.0,3.75
A,1,4532010968852234,0.1349,1.0,1.0,1.0,1.0,2.0,4.0,3.0778,9.0,3.0,3.875
A,1,4242426895159132,0.0143,1.0,1.0,1.0,1.0,1.0,4.0,2.8278,8.0,4.0,4.1875
A,1,5555557691820721,-0.1119,1.0,1.0,1.0,1.0,4.0,5.0,2.6556,8.0,6.0,4.5625
A,1,4111113604196674,-0.1189,1.0,1.0,1.0,1.0,0.0,4.0,2.4363,7.0,6.0,3.4375
A,1,6011000353422573,-0.7495,1.0,1.0,1.0,1.0,5.0,6.0,2.8278,8.0,4.0,2.625
A,1,4242422162279497,-0.0913,1.0,1.0,1.0,1.0,1.0,4.0,2.2806,6.0,6.0,4.1875
A,1,5105107403000868,-0.5378,1.0,1.0,1.0,1.0,3.0,5.0,2.6556,8.0,6.0,3.0
A,1,4111111447744981,-0.0805,1.0,1.0,1.0,1.0,0.0,4.0,1.9212,5.0,7.0,3.625
A,1,4242422487094712,-0.2478,1.0,1.0,1.0,1.0,1.0,4.0,2.4238,7.0,5.0,3.875
A,1,4242427499269285,-0.5374,1.0,1.0,1.0,1.0,1.0,4.0,2.4772,7.0,5.0,4.9375
A,1,4111110214051638,-0.2436,1.0,1.0,1.0,1.0,0.0,4.0,2.5218,8.0,7.0,2.4375
A,1,4111119599331853,0.3226,1.0,1.0,1.0,1.0,0.0,4.0,2.3113,6.0,6.0,4.0
A,1,4111119433596406,0.3133,1.0,1.0,1.0,1.0,0.0,4.0,2.6022,7.0,5.0,3.625
A,1,4111115232935290,-0.0864,1.0,1.0,1.0,1.0,0.0,4.0,2.6022,7.0,5.0,3.0625
A,1,6011005641608396,-0.0827,1.0,1.0,1.0,1.0,5.0,6.0,2.7028,8.0,4.0,3.5
A,1,4242421921795959,0.4137,1.0,1.0,1.0,1.0,1.0,4.0,2.4528,6.0,4.0,4.6875
A,1,4111115802915334,-0.4061,1.0,1.0,1.0,1.0,0.0,4.0,2.6556,8.0,6.0,3.0625
A,1,4111117926483025,-0.0497,1.0,1.0,1.0,1.0,0.0,4.0,3.0244,10.0,5.0,3.4375
A,1,4242421206489914,-0.0291,1.0,1.0,1.0,1.0,1.0,4.0,2.5244,7.0,5.0,3.875
A,1,4242429014850342,0.013,1.0,1.0,1.0,1.0,1.0,4.0,2.6494,8.0,5.0,3.375
A,1,4242429864372371,0.008,1.0,1.0,1.0,1.0,1.0,4.0,2.75,8.0,4.0,4.25
A,1,4111112310019840,-0.0079,1.0,1.0,1.0,1.0,0.0,4.0,2.3496,7.0,7.0,2.3125
A,1,5105109482798909,0.4064,1.0,1.0,1.0,1.0,3.0,5.0,2.8278,8.0,4.0,4.8125
A,1,4111110777263067,-0.0395,1.0,1.0,1.0,1.0,0.0,4.0,2.5244,7.0,5.0,3.375
A,1,4111111902881674,-0.4048,1.0,1.0,1.0,1.0,0.0,4.0,2.5218,8.0,7.0,3.4375
A,1,4111112888406510,0.2421,1.0,1.0,1.0,1.0,0.0,4.0,2.4835,7.0,6.0,3.1875
A,1,4111110463777966,0.2246,1.0,1.0,1.0,1.0,0.0,4.0,2.555,7.0,5.0,4.0
A,1,4111110513858444,0.2706,1.0,1.0,1.0,1.0,0.0,4.0,2.2806,6.0,6.0,3.1875
A,1,4242425976659556,0.3044,1.0,1.0,1.0,1.0,1.0,4.0,2.4835,6.0,4.0,5.0625
A,1,6011002869123414,-0.4147,1.0,1.0,1.0,1.0,5.0,6.0,2.8278,8.0,4.0,3.0
A,1,4111117388894172,0.4727,1.0,1.0,1.0,1.0,0.0,4.0,2.4835,7.0,6.0,4.125
A,1,4111114871998040,-0.1122,1.0,1.0,1.0,1.0,0.0,4.0,2.3585,6.0,6.0,3.6875
A,1,4242425892802959,0.0382,1.0,1.0,1.0,1.0,1.0,4.0,2.43,6.0,5.0,4.6875
A,1,4111114406347770,0.1722,1.0,1.0,1.0,1.0,0.0,4.0,2.3522,6.0,5.0,3.1875
A,1,6011009385295436,0.1024,1.0,1.0,1.0,1.0,5.0,6.0,3.0778,9.0,3.0,3.875
A,1,4532012883971693,0.4231,1.0,1.0,1.0,1.0,2.0,4.0,3.2028,10.0,3.0,4.4375
A,1,4111113417347217,0.2369,1.0,1.0,1.0,1.0,0.0,4.0,2.0524,5.0,7.0,3.0
A,1,4242424112169596,0.0992,1.0,1.0,1.0,1.0,1.0,4.0,2.4528,6.0,4.0,3.875
A,1,6011004156214377,-0.4147,1.0,1.0,1.0,1.0,5.0,6.0,2.8278,8.0,4.0,3.0
A,1,4532019466962817,0.2948,1.0,1.0,1.0,1.0,2.0,4.0,3.2028,10.0,3.0,4.5625
A,1,4242421536004870,0.0055,1.0,1.0,1.0,1.0,1.0,4.0,2.9056,9.0,4.0,3.25
A,1,5555556818045113,0.1201,1.0,1.0,1.0,1.0,4.0,5.0,2.3496,7.0,7.0,4.1875
A,1,4111116526524170,0.045,1.0,1.0,1.0,1.0,0.0,4.0,2.5306,7.0,6.0,2.9375
A,1,4242422734448281,-0.0138,1.0,1.0,1.0,1.0,1.0,4.0,2.18,6.0,6.0,3.8125
A,1,4532017838282930,0.2486,1.0,1.0,1.0,1.0,2.0,4.0,2.9835,9.0,3.0,4.0625
A,1,4111112585162168,0.0171,1.0,1.0,1.0,1.0,0.0,4.0,2.2718,6.0,7.0,3.3125
A,1,5105107123492155,-0.1192,1.0,1.0,1.0,1.0,3.0,5.0,2.75,8.0,4.0,3.1875
A,1,4111119052259054,0.0574,1.0,1.0,1.0,1.0,0.0,4.0,2.4772,6.0,5.0,3.125
A,1,4242420361343809,-0.2931,1.0,1.0,1.0,1.0,1.0,4.0,2.7806,8.0,4.0,3.4375
A,1,5555550531609909,0.1157,1.0,1.0,1.0,1.0,4.0,5.0,2.1774,6.0,7.0,4.5
A,1,4242425997055768,-0.2646,1.0,1.0,1.0,1.0,1.0,4.0,2.8585,8.0,3.0,4.9375
A,1,4111116938772318,0.0403,1.0,1.0,1.0,1.0,0.0,4.0,2.6556,8.0,6.0,3.9375
A,1,4242427172734431,0.6692,1.0,1.0,1.0,1.0,1.0,4.0,2.2272,5.0,5.0,3.5625
A,1,4111116203079498,0.0547,1.0,1.0,1.0,1.0,0.0,4.0,2.8994,9.0,5.0,3.5625
A,1,4111118012330872,0.1821,1.0,1.0,1.0,1.0,0.0,4.0,2.5306,7.0,6.0,2.6875
A,1,4242425053111828,0.1009,1.0,1.0,1.0,1.0,1.0,4.0,2.6556,7.0,4.0,3.25
A,1,4242426359707228,0.2173,1.0,1.0,1.0,1.0,1.0,4.0,2.8522,9.0,5.0,4.1875
A,1,4242424079067270,0.1199,1.0,1.0,1.0,1.0,1.0,4.0,2.4056,6.0,4.0,3.75
A,1,4111116759350186,-0.083,1.0,1.0,1.0,1.0,0.0,4.0,2.7806,9.0,6.0,3.6875
A,1,5105109335485597,-0.2078,1.0,1.0,1.0,1.0,3.0,5.0,2.7744,8.0,5.0,4.375
A,1,4111117646898841,0.0899,1.0,1.0,1.0,1.0,0.0,4.0,2.3113,6.0,6.0,4.375
A,1,4111115650663390,0.2326,1.0,1.0,1.0,1.0,0.0,4.0,2.6022,7.0,5.0,3.25
A,1,4111117082411406,0.1006,1.0,1.0,1.0,1.0,0.0,4.0,2.3496,7.0,7.0,2.625
A,1,4532013458916436,0.108,1.0,1.0,1.0,1.0,2.0,4.0,3.0306,9.0,3.0,4.0
A,1,4111118561126655,0.0118,1.0,1.0,1.0,1.0,0.0,4.0,2.1774,6.0,7.0,3.375
A,1,4242422397277951,-0.1647,1.0,1.0,1.0,1.0,1.0,4.0,2.555,7.0,5.0,4.375
A,1,5555558218298961,-0.3457,1.0,1.0,1.0,1.0,4.0,5.0,2.3585,6.0,6.0,5.25
A,1,4111119757597089,0.364,1.0,1.0,1.0,1.0,0.0,4.0,2.555,7.0,5.0,4.6875
A,1,5105109209545799,-0.0616,1.0,1.0,1.0,1.0,3.0,5.0,2.5778,7.0,4.0,4.4375
A,1,4532015605397253,0.2658,1.0,1.0,1.0,1.0,2.0,4.0,2.9528,9.0,4.0,3.75
A,1,4242426127903430,-0.1597,1.0,1.0,1.0,1.0,1.0,4.0,2.75,8.0,4.0,3.3125
A,1,4111111525675131,0.1553,1.0,1.0,1.0,1.0,0.0,4.0,2.2028,7.0,8.0,2.8125
A,1,4111118130980889,0.2176,1.0,1.0,1.0,1.0,0.0,4.0,2.2806,6.0,6.0,3.9375
A,1,4242425625673891,0.1169,1.0,1.0,1.0,1.0,1.0,4.0,2.9528,9.0,4.0,4.375
A,1,4111111816050259,-0.2822,1.0,1.0,1.0,1.0,0.0,4.0,2.5218,8.0,7.0,2.875
A,1,5105102562401189,-0.2112,1.0,1.0,1.0,1.0,3.0,5.0,2.7806,8.0,4.0,3.125
A,1,4532011636996031,-0.1531,1.0,1.0,1.0,1.0,2.0,4.0,2.8585,8.0,3.0,3.6875
A,1,5105104942420442,-0.041,1.0,1.0,1.0,1.0,3.0,5.0,2.43,6.0,5.0,2.9375
A,1,4111118884610005,0.0367,1.0,1.0,1.0,1.0,0.0,4.0,2.3113,6.0,6.0,3.0625
A,1,5105107001775200,0.3013,1.0,1.0,1.0,1.0,3.0,5.0,2.1391,5.0,6.0,2.5625
A,1,5105100464491605,0.3348,1.0,1.0,1.0,1.0,3.0,5.0,2.4835,6.0,4.0,3.1875
A,1,4111113884399451,0.1101,1.0,1.0,1.0,1.0,0.0,4.0,2.3585,6.0,6.0,3.9375
A,1,5105108780745760,0.1502,1.0,1.0,1.0,1.0,3.0,5.0,2.6556,7.0,4.0,4.0
A,1,4242424402621603,0.0567,1.0,1.0,1.0,1.0,1.0,4.0,2.2988,6.0,5.0,2.875
A,1,4111112700265326,-0.4692,1.0,1.0,1.0,1.0,0.0,4.0,2.7272,8.0,5.0,2.625
A,1,4111113916734139,-0.0063,1.0,1.0,1.0,1.0,0.0,4.0,2.2246,6.0,7.0,3.4375
A,1,4111118624434419,0.2052,1.0,1.0,1.0,1.0,0.0,4.0,2.305,7.0,6.0,3.375
A,1,4242423247002466,0.3008,1.0,1.0,1.0,1.0,1.0,4.0,2.2988,6.0,5.0,3.25
A,1,4242420944895697,-0.4148,1.0,1.0,1.0,1.0,1.0,4.0,2.68,8.0,5.0,4.9375
A,1,4111113119220779,0.1205,1.0,1.0,1.0,1.0,0.0,4.0,2.3968,7.0,7.0,3.125
A,1,6011007462674135,-0.2658,1.0,1.0,1.0,1.0,5.0,6.0,2.8585,8.0,3.0,3.3125
A,1,4111116814346070,-0.0142,1.0,1.0,1.0,1.0,0.0,4.0,2.4835,7.0,6.0,3.0
A,1,4242428571483679,0.647,1.0,1.0,1.0,1.0,1.0,4.0,2.9528,9.0,4.0,4.75
A,1,4111115554871396,0.2284,1.0,1.0,1.0,1.0,0.0,4.0,2.6085,8.0,6.0,3.875
A,1,4111117303376495,-0.076,1.0,1.0,1.0,1.0,0.0,4.0,2.7272,8.0,5.0,3.5
A,1,4111115248195079,-0.1776,1.0,1.0,1.0,1.0,0.0,4.0,2.6556,8.0,6.0,3.6875
A,1,4242422551524909,0.1326,1.0,1.0,1.0,1.0,1.0,4.0,2.3522,6.0,5.0,3.75
A,1,4242425619817322,0.0452,1.0,1.0,1.0,1.0,1.0,4.0,2.8522,9.0,5.0,3.875
A,1,4111114092386637,0.0547,1.0,1.0,1.0,1.0,0.0,4.0,2.8994,9.0,5.0,3.5625
A,1,4111115972156628,0.1125,1.0,1.0,1.0,1.0,0.0,4.0,2.6556,8.0,6.0,3.75
A,1,4111116126233685,0.2421,1.0,1.0,1.0,1.0,0.0,4.0,2.4835,7.0,6.0,3.1875
A,1,4111116341426916,0.198,1.0,1.0,1.0,1.0,0.0,4.0,2.1774,6.0,7.0,3.1875
A,1,4111117711404657,0.198,1.0,1.0,1.0,1.0,0.0,4.0,2.1774,6.0,7.0,3.1875
A,1,4242429845407189,-0.1819,1.0,1.0,1.0,1.0,1.0,4.0,2.7272,8.0,5.0,4.5625
A,1,4111112596647033,-0.2059,1.0,1.0,1.0,1.0,0.0,4.0,2.8994,9.0,5.0,3.375
A,1,4111114703717485,-0.1189,1.0,1.0,1.0,1.0,0.0,4.0,2.4363,7.0,6.0,3.4375
A,1,4111116830532885,-0.0151,1.0,1.0,1.0,1.0,0.0,4.0,2.7272,8.0,5.0,3.5625
A,1,4242420953858107,0.108,1.0,1.0,1.0,1.0,1.0,4.0,3.0306,9.0,3.0,4.0
A,1,4111114543491911,0.1247,1.0,1.0,1.0,1.0,0.0,4.0,1.875,5.0,8.0,3.125
A,1,6011003118713450,-0.1106,1.0,1.0,1.0,1.0,5.0,6.0,2.6494,8.0,5.0,2.5625
A,1,4242423990227906,0.1085,1.0,1.0,1.0,1.0,1.0,4.0,2.555,7.0,5.0,4.0625
A,1,5555557703068210,0.445,1.0,1.0,1.0,1.0,4.0,5.0,2.6085,8.0,6.0,4.0
A,1,4242423942505383,0.0221,1.0,1.0,1.0,1.0,1.0,4.0,2.5778,7.0,4.0,3.75
A,1,4111118086304241,0.1862,1.0,1.0,1.0,1.0,0.0,4.0,2.4835,7.0,6.0,2.8125
A,1,4111114380053758,0.3827,1.0,1.0,1.0,1.0,0.0,4.0,2.6494,7.0,5.0,3.25
A,1,4242426522332557,0.4438,1.0,1.0,1.0,1.0,1.0,4.0,2.3113,6.0,6.0,3.625
A,1,5105103783356327,-0.1899,1.0,1.0,1.0,1.0,3.0,5.0,2.8278,8.0,4.0,3.6875
A,1,4111119123559110,0.0813,1.0,1.0,1.0,1.0,0.0,4.0,2.25,7.0,8.0,2.8125
A,1,4242429930147757,-0.1806,1.0,1.0,1.0,1.0,1.0,4.0,2.7806,8.0,4.0,4.375
A,1,4242429145184819,-0.3029,1.0,1.0,1.0,1.0,1.0,4.0,2.43,6.0,5.0,4.25
A,1,4532013998141644,0.3565,1.0,1.0,1.0,1.0,2.0,4.0,2.9528,9.0,4.0,4.0
A,1,4111112181081903,0.0904,1.0,1.0,1.0,1.0,0.0,4.0,2.25,7.0,8.0,2.625
A,1,4111110759992899,0.5081,1.0,1.0,1.0,1.0,0.0,4.0,2.5488,8.0,5.0,4.75
A,1,4111114783715417,-0.0642,1.0,1.0,1.0,1.0,0.0,4.0,2.1774,6.0,7.0,3.5
A,1,4111115645896287,0.0179,1.0,1.0,1.0,1.0,0.0,4.0,2.7744,8.0,5.0,4.3125
A,1,4242429677778111,-0.0174,1.0,1.0,1.0,1.0,1.0,4.0,2.6085,7.0,4.0,4.5
A,1,4242428500105203,-0.587,1.0,1.0,1.0,1.0,1.0,4.0,2.5778,7.0,4.0,2.625
A,1,4111116364889990,0.2887,1.0,1.0,1.0,1.0,0.0,4.0,2.6022,7.0,5.0,4.4375
A,1,4242424962600104,0.1212,1.0,1.0,1.0,1.0,1.0,4.0,2.3522,6.0,5.0,3.125
A,1,4532014682806286,0.0611,1.0,1.0,1.0,1.0,2.0,4.0,2.8585,8.0,3.0,4.0625
A,1,4242425085267275,0.1085,1.0,1.0,1.0,1.0,1.0,4.0,2.555,7.0,5.0,4.0625
A,1,4111110698955023,-0.0062,1.0,1.0,1.0,1.0,0.0,4.0,2.8994,9.0,5.0,3.5
A,1,4242425274973113,0.3538,1.0,1.0,1.0,1.0,1.0,4.0,2.625,7.0,4.0,3.75
A,1,4111118083128924,0.129,1.0,1.0,1.0,1.0,0.0,4.0,2.4835,7.0,6.0,3.375
A,1,5105107198156016,-0.1247,1.0,1.0,1.0,1.0,3.0,5.0,2.555,7.0,5.0,3.5
A,1,4111112150112242,1.2366,1.0,1.0,1.0,1.0,0.0,4.0,1.875,5.0,8.0,1.8125
A,1,4242420435809967,0.0592,1.0,1.0,1.0,1.0,1.0,4.0,2.9528,9.0,4.0,4.3125
A,1,5555553156599769,0.2303,1.0,1.0,1.0,1.0,4.0,5.0,2.0778,6.0,8.0,5.625
A,1,4242428259527243,0.01,1.0,1.0,1.0,1.0,1.0,4.0,2.4056,7.0,6.0,4.0625
A,1,4111114938078968,0.1273,1.0,1.0,1.0,1.0,0.0,4.0,2.7272,8.0,5.0,4.4375
A,1,4111112369839304,-0.076,1.0,1.0,1.0,1.0,0.0,4.0,2.7272,8.0,5.0,3.5
A,1,5105106131338871,0.0513,1.0,1.0,1.0,1.0,3.0,5.0,2.6022,7.0,5.0,3.3125
A,1,5105101092064723,0.4895,1.0,1.0,1.0,1.0,3.0,5.0,2.9528,9.0,4.0,2.875
A,1,4242429106981484,0.1031,1.0,1.0,1.0,1.0,1.0,4.0,2.6022,7.0,5.0,4.25
A,1,4532016060346827,0.1117,1.0,1.0,1.0,1.0,2.0,4.0,3.0306,9.0,3.0,3.5625
A,1,4242428847560953,0.0961,1.0,1.0,1.0,1.0,1.0,4.0,2.9528,9.0,4.0,4.5625
A,1,4532017634945672,0.183,1.0,1.0,1.0,1.0,2.0,4.0,3.0778,9.0,3.0,4.25
A,1,4111119266365408,0.1942,1.0,1.0,1.0,1.0,0.0,4.0,2.8522,9.0,5.0,3.625
A,1,4111117419715610,0.3405,1.0,1.0,1.0,1.0,0.0,4.0,2.25,7.0,8.0,3.125
A,1,4532019058263939,-0.0338,1.0,1.0,1.0,1.0,2.0,4.0,3.0306,9.0,3.0,4.3125
A,1,4242424369588969,-0.3306,1.0,1.0,1.0,1.0,1.0,4.0,2.6556,7.0,4.0,5.3125
A,1,5105109362306112,0.151,1.0,1.0,1.0,1.0,3.0,5.0,2.7028,7.0,4.0,2.8125
A,1,4242423441219049,0.1764,1.0,1.0,1.0,1.0,1.0,4.0,2.2806,6.0,6.0,3.4375
A,1,4111115564335556,0.4349,1.0,1.0,1.0,1.0,0.0,4.0,2.1738,5.0,5.0,3.5
A,1,6011001998728036,-0.2263,1.0,1.0,1.0,1.0,5.0,6.0,2.8278,8.0,4.0,3.8125
A,1,6011002949218655,-0.104,1.0,1.0,1.0,1.0,5.0,6.0,2.9056,8.0,3.0,3.6875
A,1,4242420930016027,-0.121,1.0,1.0,1.0,1.0,1.0,4.0,2.7028,8.0,4.0,2.875
A,1,4111112738298307,0.2394,1.0,1.0,1.0,1.0,0.0,4.0,2.7744,8.0,5.0,3.625
A,1,4532013208086019,-0.0033,1.0,1.0,1.0,1.0,2.0,4.0,3.0,9.0,4.0,3.25
A,1,4242425486615999,-0.5537,1.0,1.0,1.0,1.0,1.0,4.0,2.6556,7.0,4.0,5.0
A,1,5555557312857003,0.1466,1.0,1.0,1.0,1.0,4.0,5.0,2.3968,7.0,7.0,4.125
A,1,4111113269433339,0.191,1.0,1.0,1.0,1.0,0.0,4.0,2.2988,6.0,5.0,3.375
A,1,4111114082649630,-0.0294,1.0,1.0,1.0,1.0,0.0,4.0,2.7272,8.0,5.0,3.1875
A,1,5105109198115174,0.5807,1.0,1.0,1.0,1.0,3.0,5.0,2.4835,7.0,6.0,3.625
A,1,4242423274562192,-0.0331,1.0,1.0,1.0,1.0,1.0,4.0,2.5306,8.0,6.0,3.6875
A,1,4111110559497057,0.1828,1.0,1.0,1.0,1.0,0.0,4.0,2.4772,6.0,5.0,3.75
A,1,4111117003512365,-0.009,1.0,1.0,1.0,1.0,0.0,4.0,2.6556,8.0,6.0,2.5625
A,1,4111114984573177,0.0646,1.0,1.0,1.0,1.0,0.0,4.0,2.4363,7.0,6.0,4.0
A,1,4532017622218785,0.1714,1.0,1.0,1.0,1.0,2.0,4.0,3.0,9.0,4.0,3.9375
A,1,4242423926976220,0.3818,1.0,1.0,1.0,1.0,1.0,4.0,2.4835,7.0,6.0,4.0
A,1,5555553669568228,0.528,1.0,1.0,1.0,1.0,4.0,5.0,2.2246,6.0,7.0,5.3125
A,1,4111119871753634,-0.0319,1.0,1.0,1.0,1.0,0.0,4.0,2.6556,8.0,6.0,3.875
A,1,4532017128499368,-1.6354,1.0,1.0,1.0,1.0,2.0,4.0,3.25,10.0,2.0,4.5
A,1,4111113374411949,0.6005,1.0,1.0,1.0,1.0,0.0,4.0,2.0218,5.0,7.0,3.375
A,1,4111110726302214,0.3411,1.0,1.0,1.0,1.0,0.0,4.0,2.4835,7.0,6.0,2.25
A,1,4242426065898386,0.6732,1.0,1.0,1.0,1.0,1.0,4.0,2.8113,8.0,3.0,4.8125
A,1,5105100379184220,-0.0851,1.0,1.0,1.0,1.0,3.0,5.0,2.9528,9.0,4.0,3.0
A,1,4111118547934743,0.0443,1.0,1.0,1.0,1.0,0.0,4.0,2.5244,7.0,5.0,3.9375
A,1,4242422153391368,-0.1092,1.0,1.0,1.0,1.0,1.0,4.0,2.7806,8.0,4.0,3.6875
A,1,4532018616366069,0.2515,1.0,1.0,1.0,1.0,2.0,4.0,2.8994,9.0,5.0,4.125
A,1,6011006557624799,0.271,1.0,1.0,1.0,1.0,5.0,6.0,2.9056,8.0,3.0,4.25
A,1,4242427814771460,-0.1539,1.0,1.0,1.0,1.0,1.0,4.0,2.555,7.0,5.0,3.9375
A,1,4242429428115068,-0.0013,1.0,1.0,1.0,1.0,1.0,4.0,2.75,8.0,4.0,3.875
A,1,4111111934182844,0.2539,1.0,1.0,1.0,1.0,0.0,4.0,2.1468,6.0,7.0,3.3125
A,1,4242426864147399,0.1598,1.0,1.0,1.0,1.0,1.0,4.0,2.7272,8.0,5.0,4.6875
A,1,4111111471001217,0.3851,1.0,1.0,1.0,1.0,0.0,4.0,1.8419,5.0,9.0,2.0625
A,1,5105100772321585,0.0637,1.0,1.0,1.0,1.0,3.0,5.0,2.6556,7.0,4.0,3.25
A,1,5105105338098825,-0.0174,1.0,1.0,1.0,1.0,3.0,5.0,2.6556,7.0,4.0,3.9375
A,1,4111119904178056,0.0295,1.0,1.0,1.0,1.0,0.0,4.0,2.6556,8.0,6.0,3.625
A,1,4532017915622164,0.0446,1.0,1.0,1.0,1.0,2.0,4.0,3.0306,9.0,3.0,3.625
A,1,5105105349564153,0.1374,1.0,1.0,1.0,1.0,3.0,5.0,2.6022,7.0,5.0,3.5625
A,1,4111117735583965,0.1273,1.0,1.0,1.0,1.0,0.0,4.0,2.7272,8.0,5.0,4.1875
A,1,4532013166385304,-0.2884,1.0,1.0,1.0,1.0,2.0,4.0,2.875,8.0,4.0,3.375
A,1,5105105738593086,-0.0901,1.0,1.0,1.0,1.0,3.0,5.0,2.8278,8.0,4.0,4.125
A,1,5105101565252516,0.6286,1.0,1.0,1.0,1.0,3.0,5.0,2.1556,5.0,6.0,3.125
A,1,5105107680627037,0.1333,1.0,1.0,1.0,1.0,3.0,5.0,2.8278,8.0,4.0,3.625
A,1,4111111083000821,-0.2106,1.0,1.0,1.0,1.0,0.0,4.0,2.1468,6.0,7.0,2.0
A,1,4242422164956878,-0.0169,1.0,1.0,1.0,1.0,1.0,4.0,2.75,8.0,4.0,4.625
A,1,5105100540207934,-0.0827,1.0,1.0,1.0,1.0,3.0,5.0,2.7272,8.0,5.0,2.875
A,1,4242427074673166,0.3608,1.0,1.0,1.0,1.0,1.0,4.0,2.6085,7.0,4.0,4.0625
A,1,5105107582870818,0.3901,1.0,1.0,1.0,1.0,3.0,5.0,2.4835,6.0,4.0,4.125
A,1,5555557364932431,0.2257,1.0,1.0,1.0,1.0,4.0,5.0,2.6085,8.0,6.0,4.5
A,1,4242429321952930,-0.2286,1.0,1.0,1.0,1.0,1.0,4.0,2.555,7.0,5.0,3.8125
A,1,4111117470103680,0.1862,1.0,1.0,1.0,1.0,0.0,4.0,2.4835,7.0,6.0,2.8125
A,1,4111111719534607,-0.2005,1.0,1.0,1.0,1.0,0.0,4.0,2.5218,8.0,7.0,3.25
A,1,5105103152883026,0.0258,1.0,1.0,1.0,1.0,3.0,5.0,2.7335,7.0,3.0,3.125
A,1,4532019392228788,0.0961,1.0,1.0,1.0,1.0,2.0,4.0,2.9528,9.0,4.0,4.5625
A,1,4242423422333447,0.5746,1.0,1.0,1.0,1.0,1.0,4.0,1.805,4.0,6.0,3.3125
A,1,4532017724043883,-0.1693,1.0,1.0,1.0,1.0,2.0,4.0,2.9056,8.0,3.0,3.8125
A,1,4111119791491570,0.0586,1.0,1.0,1.0,1.0,0.0,4.0,2.2246,6.0,7.0,3.8125
A,1,4111115891951166,0.2698,1.0,1.0,1.0,1.0,0.0,4.0,2.125,6.0,8.0,3.75
A,1,5105101630990355,0.3627,1.0,1.0,1.0,1.0,3.0,5.0,2.4528,6.0,4.0,3.3125
A,1,5555557144491575,1.5407,1.0,1.0,1.0,1.0,4.0,5.0,1.9528,5.0,8.0,4.8125
A,1,6011004203711862,-0.7328,1.0,1.0,1.0,1.0,5.0,6.0,2.75,8.0,4.0,2.625
A,1,6011003517746051,-0.0676,1.0,1.0,1.0,1.0,5.0,6.0,2.625,7.0,4.0,2.9375
A,1,4111116880357589,0.4295,1.0,1.0,1.0,1.0,0.0,4.0,2.8522,9.0,5.0,4.25
A,1,4111117031171713,-0.0861,1.0,1.0,1.0,1.0,0.0,4.0,1.7947,5.0,9.0,2.5
A,1,4242421004918775,0.1215,1.0,1.0,1.0,1.0,1.0,4.0,2.8278,8.0,4.0,3.75
A,1,4111111599034751,-0.0582,1.0,1.0,1.0,1.0,0.0,4.0,2.3968,7.0,7.0,3.3125
A,1,4532014615570504,-0.1692,1.0,1.0,1.0,1.0,2.0,4.0,2.7806,8.0,4.0,3.25
A,1,4111114309717491,0.0118,1.0,1.0,1.0,1.0,0.0,4.0,2.2246,6.0,7.0,3.375
A,1,4111118895895868,0.3514,1.0,1.0,1.0,1.0,0.0,4.0,2.2988,6.0,5.0,5.1875
A,1,4111117059790535,0.0909,1.0,1.0,1.0,1.0,0.0,4.0,2.6022,7.0,5.0,3.6875
A,1,5555557045093710,0.1701,1.0,1.0,1.0,1.0,4.0,5.0,2.3496,7.0,7.0,4.125
A,1,5555555651484181,0.6952,1.0,1.0,1.0,1.0,4.0,5.0,1.9528,5.0,8.0,4.5625
A,1,4111115260431741,-0.3616,1.0,1.0,1.0,1.0,0.0,4.0,2.4746,8.0,7.0,2.625
A,1,4111118057024257,0.0808,1.0,1.0,1.0,1.0,0.0,4.0,2.6494,7.0,5.0,3.0625
A,1,5105109549784371,-0.4705,1.0,1.0,1.0,1.0,3.0,5.0,2.9056,8.0,3.0,4.3125
A,1,5555550998488425,0.8148,1.0,1.0,1.0,1.0,4.0,5.0,2.2246,6.0,7.0,5.4375
A,1,4111113006464563,-0.1329,1.0,1.0,1.0,1.0,0.0,4.0,2.43,6.0,5.0,2.875
A,1,5105106418581664,0.0045,1.0,1.0,1.0,1.0,3.0,5.0,2.5306,6.0,4.0,3.8125
A,1,4242428120121614,0.2217,1.0,1.0,1.0,1.0,1.0,4.0,2.2744,6.0,5.0,2.75
A,1,4111111500102788,0.2158,1.0,1.0,1.0,1.0,0.0,4.0,2.3496,7.0,7.0,2.5625
A,1,4242428243908780,0.0299,1.0,1.0,1.0,1.0,1.0,4.0,2.5778,7.0,4.0,4.1875
A,1,5555559077493776,-0.1007,1.0,1.0,1.0,1.0,4.0,5.0,2.4056,7.0,6.0,5.5625
A,1,5555556214685884,-0.0225,1.0,1.0,1.0,1.0,4.0,5.0,2.2246,6.0,7.0,5.125
A,1,5555550347934327,0.4402,1.0,1.0,1.0,1.0,4.0,5.0,2.4835,7.0,6.0,4.5
A,1,4242421080899535,0.0407,1.0,1.0,1.0,1.0,1.0,4.0,2.9056,8.0,3.0,4.125
A,1,6011003696877594,0.5943,1.0,1.0,1.0,1.0,5.0,6.0,3.0306,9.0,3.0,4.5
A,1,4111111634394020,0.2989,1.0,1.0,1.0,1.0,0.0,4.0,2.4835,7.0,6.0,2.5625
A,1,4532010537468991,-0.1536,1.0,1.0,1.0,1.0,2.0,4.0,3.25,10.0,2.0,4.1875
A,1,4111113760564459,0.1319,1.0,1.0,1.0,1.0,0.0,4.0,2.7272,8.0,5.0,3.625
A,1,4242422656398472,0.0516,1.0,1.0,1.0,1.0,1.0,4.0,2.6494,8.0,5.0,4.375
A,1,4111113908967515,0.1481,1.0,1.0,1.0,1.0,0.0,4.0,2.7806,9.0,6.0,3.875
A,1,4111118458145347,0.2556,1.0,1.0,1.0,1.0,0.0,4.0,2.2806,6.0,6.0,3.625
A,1,5105108686676671,0.1057,1.0,1.0,1.0,1.0,3.0,5.0,2.4772,6.0,5.0,4.5625
A,1,4111116004096808,0.0285,1.0,1.0,1.0,1.0,0.0,4.0,2.3994,6.0,5.0,3.125
A,1,4242428020414994,0.0966,1.0,1.0,1.0,1.0,1.0,4.0,2.2806,6.0,6.0,3.6875
A,1,4242428460968814,-0.1922,1.0,1.0,1.0,1.0,1.0,4.0,2.555,7.0,5.0,4.5
A,1,4111114222631993,0.0837,1.0,1.0,1.0,1.0,0.0,4.0,2.3585,6.0,6.0,3.125
A,1,4242420362141988,0.1593,1.0,1.0,1.0,1.0,1.0,4.0,2.75,8.0,4.0,3.75
A,1,4111116219525872,0.0818,1.0,1.0,1.0,1.0,0.0,4.0,2.6085,8.0,6.0,3.5
A,1,4111116945079962,0.182,1.0,1.0,1.0,1.0,0.0,4.0,2.7272,8.0,5.0,4.125
A,1,4532014459529020,-0.0439,1.0,1.0,1.0,1.0,2.0,4.0,2.6863,7.0,3.0,3.4375
A,1,4242423788923138,0.0101,1.0,1.0,1.0,1.0,1.0,4.0,2.6085,7.0,4.0,4.375
A,1,4111117812801652,-0.5238,1.0,1.0,1.0,1.0,0.0,4.0,2.5218,8.0,7.0,3.0625
A,1,4532011759694991,0.2623,1.0,1.0,1.0,1.0,2.0,4.0,2.9528,9.0,4.0,4.6875
A,1,4111117116179144,1.3449,1.0,1.0,1.0,1.0,0.0,4.0,1.7947,5.0,9.0,3.125
A,1,5555553560859437,-0.0123,1.0,1.0,1.0,1.0,4.0,5.0,2.375,8.0,8.0,5.0
A,1,4111116923090395,-0.2266,1.0,1.0,1.0,1.0,0.0,4.0,2.7272,8.0,5.0,3.4375
A,1,5555555156614142,0.1721,1.0,1.0,1.0,1.0,4.0,5.0,1.9528,5.0,8.0,4.0625
A,1,4111112805483063,0.1221,1.0,1.0,1.0,1.0,0.0,4.0,2.7744,8.0,5.0,3.0
A,1,4111119438852200,0.078,1.0,1.0,1.0,1.0,0.0,4.0,2.7744,8.0,5.0,3.125
A,1,4111111643636817,0.0118,1.0,1.0,1.0,1.0,0.0,4.0,2.2246,6.0,7.0,3.375
A,1,4242425755111811,-0.2424,1.0,1.0,1.0,1.0,1.0,4.0,2.3829,6.0,5.0,3.3125
A,1,4242423481838005,0.2669,1.0,1.0,1.0,1.0,1.0,4.0,2.6556,7.0,4.0,3.625
A,1,4242421761223971,-0.1228,1.0,1.0,1.0,1.0,1.0,4.0,2.555,7.0,5.0,3.5625
A,1,4242420451650717,0.0042,1.0,1.0,1.0,1.0,1.0,4.0,2.7028,7.0,4.0,3.375
A,1,4242423939550186,0.1831,1.0,1.0,1.0,1.0,1.0,4.0,3.0306,9.0,3.0,4.1875
A,1,5555553043883954,0.6523,1.0,1.0,1.0,1.0,4.0,5.0,2.2246,6.0,7.0,4.8125
A,1,4242422184616783,0.3608,1.0,1.0,1.0,1.0,1.0,4.0,2.625,7.0,4.0,4.0
A,1,6011009753893523,0.0767,1.0,1.0,1.0,1.0,5.0,6.0,3.0306,9.0,3.0,3.875
A,1,4111119357952726,0.3017,1.0,1.0,1.0,1.0,0.0,4.0,2.7744,8.0,5.0,4.0
A,1,4242422573183775,0.1252,1.0,1.0,1.0,1.0,1.0,4.0,2.6556,7.0,4.0,4.125
A,1,5555550162257358,0.0501,1.0,1.0,1.0,1.0,4.0,5.0,2.375,8.0,8.0,4.3125
A,1,4111110576216068,-0.0728,1.0,1.0,1.0,1.0,0.0,4.0,2.6085,8.0,6.0,3.125
A,1,4242428493820404,0.2835,1.0,1.0,1.0,1.0,1.0,4.0,2.2806,6.0,6.0,3.75
A,1,4532012264912019,-0.0582,1.0,1.0,1.0,1.0,2.0,4.0,2.8278,8.0,4.0,3.1875
A,1,4532012461681557,0.0736,1.0,1.0,1.0,1.0,2.0,4.0,3.0306,9.0,3.0,3.75
A,1,4111111839077925,0.2562,1.0,1.0,1.0,1.0,0.0,4.0,2.7806,9.0,6.0,3.75
A,1,4111112836548561,-0.0223,1.0,1.0,1.0,1.0,0.0,4.0,2.5306,7.0,6.0,3.5625
A,1,6011004552695542,-0.0466,1.0,1.0,1.0,1.0,5.0,6.0,2.7028,7.0,4.0,3.4375
A,1,4111115563230808,0.081,1.0,1.0,1.0,1.0,0.0,4.0,2.7744,8.0,5.0,3.0625
A,1,4111116118308081,-0.3629,1.0,1.0,1.0,1.0,0.0,4.0,2.0778,6.0,8.0,2.8125
A,1,5555550905443877,0.4728,1.0,1.0,1.0,1.0,4.0,5.0,2.3968,7.0,7.0,4.8125
A,1,4532012336717404,-0.1081,1.0,1.0,1.0,1.0,2.0,4.0,2.9056,8.0,3.0,3.25
A,1,4111116391920834,-0.3462,1.0,1.0,1.0,1.0,0.0,4.0,2.6556,8.0,6.0,3.375
A,1,5105105507705176,0.6716,1.0,1.0,1.0,1.0,3.0,5.0,2.18,5.0,5.0,3.4375
A,1,4532010667207243,-0.1081,1.0,1.0,1.0,1.0,2.0,4.0,2.9056,8.0,3.0,3.25
A,1,5105100784403199,-0.0153,1.0,1.0,1.0,1.0,3.0,5.0,2.8278,8.0,4.0,3.5625
A,1,4242421053075964,0.3844,1.0,1.0,1.0,1.0,1.0,4.0,2.9528,9.0,4.0,3.625
A,1,4111116638390452,-0.2241,1.0,1.0,1.0,1.0,0.0,4.0,2.8994,9.0,5.0,3.4375
A,1,5105101875827254,-0.0399,1.0,1.0,1.0,1.0,3.0,5.0,2.7028,7.0,4.0,3.8125
A,1,5105103672969412,-0.4724,1.0,1.0,1.0,1.0,3.0,5.0,3.0778,9.0,3.0,3.8125
A,1,4111118151364831,0.0891,1.0,1.0,1.0,1.0,0.0,4.0,2.125,6.0,8.0,3.0625
A,1,4242429887506864,-0.1828,1.0,1.0,1.0,1.0,1.0,4.0,2.7806,8.0,4.0,4.9375
A,1,4111113408896800,-0.1825,1.0,1.0,1.0,1.0,0.0,4.0,2.555,7.0,5.0,3.4375
A,1,5555554423492077,0.4402,1.0,1.0,1.0,1.0,4.0,5.0,2.4835,7.0,6.0,4.5
A,1,5105100346166078,-0.4172,1.0,1.0,1.0,1.0,3.0,5.0,2.7806,8.0,4.0,3.3125
A,1,4111112628927924,0.1888,1.0,1.0,1.0,1.0,0.0,4.0,2.5244,7.0,5.0,3.75
A,1,4111115491106468,0.0276,1.0,1.0,1.0,1.0,0.0,4.0,2.3496,7.0,7.0,3.3125
A,1,4532011623867898,0.2948,1.0,1.0,1.0,1.0,2.0,4.0,3.2028,10.0,3.0,4.5625
A,1,5105108269709287,-0.5675,1.0,1.0,1.0,1.0,3.0,5.0,2.9528,8.0,3.0,4.375
A,1,4111112128163160,0.0093,1.0,1.0,1.0,1.0,0.0,4.0,2.25,7.0,8.0,2.4375
A,1,5555557366258256,-0.0922,1.0,1.0,1.0,1.0,4.0,5.0,2.0778,6.0,8.0,5.0
A,1,4111110718204634,0.0031,1.0,1.0,1.0,1.0,0.0,4.0,2.6085,8.0,6.0,2.75
A,1,6011008499621784,0.382,1.0,1.0,1.0,1.0,5.0,6.0,2.9056,8.0,3.0,4.125
A,1,5555550405110711,0.2184,1.0,1.0,1.0,1.0,4.0,5.0,1.9746,5.0,7.0,3.125
A,1,4242428367242800,0.2355,1.0,1.0,1.0,1.0,1.0,4.0,2.5244,7.0,5.0,3.625
A,1,4111110741289750,-0.1672,1.0,1.0,1.0,1.0,0.0,4.0,2.6556,8.0,6.0,3.25
A,1,4532016833177400,-0.0971,1.0,1.0,1.0,1.0,2.0,4.0,3.0306,9.0,3.0,3.375
A,1,4111119305453017,0.0691,1.0,1.0,1.0,1.0,0.0,4.0,2.5306,7.0,6.0,2.875
A,1,4242429080905921,0.1185,1.0,1.0,1.0,1.0,1.0,4.0,2.6085,7.0,4.0,3.8125
A,1,4111114416875075,0.1525,1.0,1.0,1.0,1.0,0.0,4.0,2.4835,7.0,6.0,3.5
A,1,4111117703499533,0.0909,1.0,1.0,1.0,1.0,0.0,4.0,2.6022,7.0,5.0,3.6875
A,1,6011006257524398,0.17,1.0,1.0,1.0,1.0,5.0,6.0,3.2028,10.0,3.0,3.6875
A,1,4111115288820693,0.2323,1.0,1.0,1.0,1.0,0.0,4.0,2.8522,9.0,5.0,3.75
A,1,4532018005361762,0.5323,1.0,1.0,1.0,1.0,2.0,4.0,3.0778,9.0,3.0,3.3125
A,1,4242422784275378,-0.2694,1.0,1.0,1.0,1.0,1.0,4.0,2.3522,6.0,5.0,4.4375
A,1,5105103253078260,-0.2742,1.0,1.0,1.0,1.0,3.0,5.0,2.8278,8.0,4.0,3.0
A,1,5555557998975863,0.7254,1.0,1.0,1.0,1.0,4.0,5.0,2.2246,6.0,7.0,6.3125
A,1,4242428466407098,-0.012,1.0,1.0,1.0,1.0,1.0,4.0,2.6022,7.0,5.0,4.375
A,1,5105106339174219,-0.0064,1.0,1.0,1.0,1.0,3.0,5.0,3.0,9.0,4.0,3.5625
A,1,4111114142761441,-1.267,1.0,1.0,1.0,1.0,0.0,4.0,1.7744,5.0,8.0,2.6875
A,1,5105108422756696,-0.1766,1.0,1.0,1.0,1.0,3.0,5.0,3.0306,9.0,3.0,4.1875
A,1,5555555507746601,0.3714,1.0,1.0,1.0,1.0,4.0,5.0,2.125,6.0,8.0,4.4375
A,1,4111116373675729,0.1943,1.0,1.0,1.0,1.0,0.0,4.0,2.7272,8.0,5.0,4.0
A,1,4242426791623884,-0.1006,1.0,1.0,1.0,1.0,1.0,4.0,2.75,8.0,4.0,4.5
A,1,4111118409065347,-0.2024,1.0,1.0,1.0,1.0,0.0,4.0,2.8522,9.0,5.0,3.4375
A,1,5105102705876776,0.0386,1.0,1.0,1.0,1.0,3.0,5.0,2.6556,7.0,4.0,4.1875
A,1,4532019099691932,-0.073,1.0,1.0,1.0,1.0,2.0,4.0,2.7744,8.0,5.0,4.5
A,1,4111112126154450,-0.0954,1.0,1.0,1.0,1.0,0.0,4.0,2.2246,6.0,7.0,2.4375
A,1,4242426030196023,-0.2529,1.0,1.0,1.0,1.0,1.0,4.0,2.6556,7.0,4.0,3.0
A,1,4111115289474268,0.1943,1.0,1.0,1.0,1.0,0.0,4.0,2.7272,8.0,5.0,4.0
A,1,4242427358634652,0.2343,1.0,1.0,1.0,1.0,1.0,4.0,2.625,7.0,4.0,4.1875
A,1,5555550539047797,0.0433,1.0,1.0,1.0,1.0,4.0,5.0,2.2246,6.0,7.0,5.0625
A,1,4111118416435798,0.5232,1.0,1.0,1.0,1.0,0.0,4.0,2.6085,8.0,6.0,4.0
A,1,4111116729733404,-0.2084,1.0,1.0,1.0,1.0,0.0,4.0,2.7272,8.0,5.0,3.375
A,1,4532013679166993,0.1168,1.0,1.0,1.0,1.0,2.0,4.0,2.9835,9.0,3.0,4.625
A,1,5105104361979076,-0.142,1.0,1.0,1.0,1.0,3.0,5.0,2.9056,8.0,3.0,4.0
A,1,5555552451857609,0.8323,1.0,1.0,1.0,1.0,4.0,5.0,2.5,9.0,8.0,4.8125
A,1,4532018979243004,-0.1455,1.0,1.0,1.0,1.0,2.0,4.0,3.0306,9.0,3.0,3.8125
A,1,5105107121910265,-0.3774,1.0,1.0,1.0,1.0,3.0,5.0,2.555,7.0,5.0,2.875
A,1,4242428979674390,0.07,1.0,1.0,1.0,1.0,1.0,4.0,2.7806,8.0,4.0,5.0
A,1,4242423272371356,-0.1228,1.0,1.0,1.0,1.0,1.0,4.0,2.555,7.0,5.0,3.5625
A,1,4111115251166512,-0.5411,1.0,1.0,1.0,1.0,0.0,4.0,1.9528,5.0,8.0,2.6875
A,1,4242421187527773,0.1116,1.0,1.0,1.0,1.0,1.0,4.0,2.5778,7.0,4.0,4.125
A,1,5555555104394581,0.3596,1.0,1.0,1.0,1.0,4.0,5.0,2.25,7.0,8.0,4.375
A,1,4242426493530536,0.0023,1.0,1.0,1.0,1.0,1.0,4.0,2.6556,7.0,4.0,3.875
A,1,4111111565840017,0.0388,1.0,1.0,1.0,1.0,0.0,4.0,2.3968,7.0,7.0,2.875
A,1,4111112294124269,0.2635,1.0,1.0,1.0,1.0,0.0,4.0,2.1085,5.0,6.0,3.125
A,1,4111114229155640,0.1622,1.0,1.0,1.0,1.0,0.0,4.0,2.4835,7.0,6.0,2.9375
A,1,5105106649428966,-0.3071,1.0,1.0,1.0,1.0,3.0,5.0,2.875,8.0,4.0,4.5
A,1,4111113605874394,0.1942,1.0,1.0,1.0,1.0,0.0,4.0,2.8522,9.0,5.0,3.625
A,1,4111112909944739,0.2568,1.0,1.0,1.0,1.0,0.0,4.0,2.4772,7.0,5.0,4.0625
A,1,4111119551528959,-0.0331,1.0,1.0,1.0,1.0,0.0,4.0,2.2335,6.0,6.0,4.1875
A,1,4242427097427335,0.1563,1.0,1.0,1.0,1.0,1.0,4.0,2.5778,7.0,4.0,4.0625
A,1,4242422595561529,-0.2219,1.0,1.0,1.0,1.0,1.0,4.0,2.3522,6.0,5.0,4.1875
A,1,4111117333131845,0.2761,1.0,1.0,1.0,1.0,0.0,4.0,2.1468,6.0,7.0,2.9375
A,1,4242424033478175,0.1053,1.0,1.0,1.0,1.0,1.0,4.0,2.7272,8.0,5.0,3.75
A,1,5105101976823582,-0.5463,1.0,1.0,1.0,1.0,3.0,5.0,3.0306,9.0,3.0,3.9375
A,1,4111113571922011,-0.2858,1.0,1.0,1.0,1.0,0.0,4.0,2.375,8.0,8.0,2.5
A,1,6011003890957564,0.5451,1.0,1.0,1.0,1.0,5.0,6.0,3.0,9.0,4.0,4.0
A,1,4111113774737000,0.4441,1.0,1.0,1.0,1.0,0.0,4.0,2.2272,5.0,5.0,2.9375
A,1,5555556552419417,0.7024,1.0,1.0,1.0,1.0,4.0,5.0,2.25,7.0,8.0,4.625
A,1,5555554234355935,0.5261,1.0,1.0,1.0,1.0,4.0,5.0,1.7947,5.0,9.0,4.5625
A,1,4111113419796551,-0.1484,1.0,1.0,1.0,1.0,0.0,4.0,2.3968,7.0,7.0,3.6875
A,1,6011005441228155,0.1084,1.0,1.0,1.0,1.0,5.0,6.0,2.6556,7.0,4.0,2.8125
A,1,5105106513183770,-0.0935,1.0,1.0,1.0,1.0,3.0,5.0,2.6556,7.0,4.0,3.3125
A,1,4111118918787696,-0.0601,1.0,1.0,1.0,1.0,0.0,4.0,2.3585,6.0,6.0,4.875
A,1,6011004197643931,-0.0466,1.0,1.0,1.0,1.0,5.0,6.0,2.7028,7.0,4.0,3.4375
A,1,4242420003785953,0.196,1.0,1.0,1.0,1.0,1.0,4.0,2.8585,8.0,3.0,3.625
A,1,5105101113916794,-0.3804,1.0,1.0,1.0,1.0,3.0,5.0,2.6556,8.0,6.0,3.375
A,1,5555554880916212,0.0311,1.0,1.0,1.0,1.0,4.0,5.0,2.6556,8.0,6.0,4.4375
A,1,4242427056095214,0.1146,1.0,1.0,1.0,1.0,1.0,4.0,2.75,8.0,4.0,3.5625
A,1,4111113782834575,0.2747,1.0,1.0,1.0,1.0,0.0,4.0,2.6494,7.0,5.0,3.8125
A,1,4532015934321040,0.101,1.0,1.0,1.0,1.0,2.0,4.0,2.7335,7.0,3.0,2.875
A,1,4532018086791283,0.2084,1.0,1.0,1.0,1.0,2.0,4.0,3.2028,10.0,3.0,4.1875
A,1,4242424044654632,0.2871,1.0,1.0,1.0,1.0,1.0,4.0,2.1468,6.0,7.0,3.5
A,1,4111118088796915,0.3357,1.0,1.0,1.0,1.0,0.0,4.0,2.6085,8.0,6.0,4.375
A,1,5555557154430265,-0.0514,1.0,1.0,1.0,1.0,4.0,5.0,2.375,8.0,8.0,4.1875
A,1,4242425521990639,-0.0214,1.0,1.0,1.0,1.0,1.0,4.0,2.7806,8.0,4.0,4.1875
A,1,4242424768456123,0.3572,1.0,1.0,1.0,1.0,1.0,4.0,2.6494,8.0,5.0,4.0
A,1,4111113176496528,0.2562,1.0,1.0,1.0,1.0,0.0,4.0,2.7806,9.0,6.0,3.75
A,1,4111117099196156,0.0571,1.0,1.0,1.0,1.0,0.0,4.0,2.3496,7.0,7.0,3.875
A,1,4532017369240315,0.1428,1.0,1.0,1.0,1.0,2.0,4.0,3.0778,9.0,3.0,3.4375
A,1,4111115606879066,0.2507,1.0,1.0,1.0,1.0,0.0,4.0,2.6494,8.0,5.0,3.875
A,1,5105100640878238,0.1729,1.0,1.0,1.0,1.0,3.0,5.0,2.9528,9.0,4.0,3.625
A,1,5555555348486250,0.8177,1.0,1.0,1.0,1.0,4.0,5.0,2.25,7.0,8.0,4.6875
A,1,4242427425809337,0.1339,1.0,1.0,1.0,1.0,1.0,4.0,2.75,8.0,4.0,4.125
A,1,6011000611813100,-1.3957,1.0,1.0,1.0,1.0,5.0,6.0,1.9363,5.0,6.0,1.8125
A,1,5555559535551660,0.5662,1.0,1.0,1.0,1.0,4.0,5.0,1.7988,6.0,10.0,4.6875
A,1,4532015985177283,0.0679,1.0,1.0,1.0,1.0,2.0,4.0,3.0778,9.0,3.0,4.375
A,1,4111113340919843,0.2024,1.0,1.0,1.0,1.0,0.0,4.0,2.3113,6.0,6.0,3.3125
A,1,4532019568213325,0.1098,1.0,1.0,1.0,1.0,2.0,4.0,2.9835,9.0,3.0,3.6875
A,1,4111116518422276,0.2421,1.0,1.0,1.0,1.0,0.0,4.0,2.4835,7.0,6.0,3.25
A,1,4532010376960678,0.0389,1.0,1.0,1.0,1.0,2.0,4.0,3.1556,10.0,3.0,4.1875
A,1,5555555180498819,-0.0225,1.0,1.0,1.0,1.0,4.0,5.0,2.2246,6.0,7.0,5.1875
A,1,4111119571494364,-0.0784,1.0,1.0,1.0,1.0,0.0,4.0,2.4056,7.0,6.0,3.8125
A,1,4111112014979596,0.1537,1.0,1.0,1.0,1.0,0.0,4.0,2.6085,8.0,6.0,3.8125
A,1,4242426192979547,0.3126,1.0,1.0,1.0,1.0,1.0,4.0,2.5778,7.0,4.0,4.8125
A,1,4242424211421187,-0.1209,1.0,1.0,1.0,1.0,1.0,4.0,2.0488,5.0,5.0,3.0625
A,1,4111116330476120,0.1817,1.0,1.0,1.0,1.0,0.0,4.0,2.5306,7.0,6.0,2.5625
A,1,4242423015834892,-0.076,1.0,1.0,1.0,1.0,1.0,4.0,2.75,8.0,4.0,3.8125
A,1,4242422595647211,0.1316,1.0,1.0,1.0,1.0,1.0,4.0,2.5244,7.0,5.0,3.75
A,1,4111115844243794,-0.0563,1.0,1.0,1.0,1.0,0.0,4.0,2.5488,8.0,5.0,3.6875
A,1,4111115886351869,0.344,1.0,1.0,1.0,1.0,0.0,4.0,2.4835,7.0,6.0,4.25
A,1,6011006966423874,-0.1272,1.0,1.0,1.0,1.0,5.0,6.0,2.9528,9.0,4.0,3.9375
A,1,4111117263833162,0.216,1.0,1.0,1.0,1.0,0.0,4.0,2.4835,7.0,6.0,3.125
A,1,4242425293468780,0.021,1.0,1.0,1.0,1.0,1.0,4.0,2.875,9.0,4.0,4.375
A,1,6011007620336502,-0.2096,1.0,1.0,1.0,1.0,5.0,6.0,2.6022,7.0,5.0,2.625
A,1,4111119694213683,0.2926,1.0,1.0,1.0,1.0,0.0,4.0,2.5306,7.0,6.0,3.75
A,1,4111111738118291,1.6464,1.0,1.0,1.0,1.0,0.0,4.0,2.0919,7.0,9.0,3.125
A,1,5105105323201293,-0.4347,1.0,1.0,1.0,1.0,3.0,5.0,2.5141,6.0,3.0,2.625
A,1,5105108521868244,0.1034,1.0,1.0,1.0,1.0,3.0,5.0,2.7335,7.0,3.0,3.75
A,1,4242429596264730,-0.1648,1.0,1.0,1.0,1.0,1.0,4.0,2.75,8.0,4.0,4.3125
A,1,4111115540432923,0.1118,1.0,1.0,1.0,1.0,0.0,4.0,2.6022,7.0,5.0,2.875
A,1,5105100661923467,0.0323,1.0,1.0,1.0,1.0,3.0,5.0,2.9835,9.0,3.0,3.5
A,1,4111117927914929,0.1372,1.0,1.0,1.0,1.0,0.0,4.0,2.1556,5.0,6.0,4.25
A,1,4242427316561237,0.0461,1.0,1.0,1.0,1.0,1.0,4.0,2.7028,7.0,4.0,3.6875
A,1,4111110574411265,0.2088,1.0,1.0,1.0,1.0,0.0,4.0,2.3496,7.0,7.0,2.75
A,1,4242424112112935,-0.1061,1.0,1.0,1.0,1.0,1.0,4.0,2.2744,6.0,5.0,2.9375
A,1,5105103866648012,-0.13,1.0,1.0,1.0,1.0,3.0,5.0,2.8585,8.0,3.0,3.5
A,1,6011002009464371,0.3091,1.0,1.0,1.0,1.0,5.0,6.0,2.7272,8.0,5.0,2.75
A,1,4111119569638865,0.3874,1.0,1.0,1.0,1.0,0.0,4.0,2.6022,7.0,5.0,4.625
A,1,5555552119041653,-0.0053,1.0,1.0,1.0,1.0,4.0,5.0,2.4746,8.0,7.0,3.875
A,1,4242429964832670,-0.1006,1.0,1.0,1.0,1.0,1.0,4.0,2.75,8.0,4.0,4.5
A,1,4242421164236406,0.1689,1.0,1.0,1.0,1.0,1.0,4.0,2.3522,6.0,5.0,3.1875
A,1,4532013884705957,0.2096,1.0,1.0,1.0,1.0,2.0,4.0,3.0778,9.0,3.0,4.4375
A,1,4111114139458365,0.0948,1.0,1.0,1.0,1.0,0.0,4.0,2.4835,7.0,6.0,3.5625
A,1,5105105074033986,0.0924,1.0,1.0,1.0,1.0,3.0,5.0,2.9528,9.0,4.0,3.5625
A,1,4111112190160417,0.1455,1.0,1.0,1.0,1.0,0.0,4.0,2.25,7.0,8.0,2.5
A,1,5555556686551846,-0.8797,1.0,1.0,1.0,1.0,4.0,5.0,1.875,5.0,8.0,5.3125
A,1,4242428988376821,0.0533,1.0,1.0,1.0,1.0,1.0,4.0,2.7028,8.0,4.0,4.875
A,1,4242421716347800,-0.233,1.0,1.0,1.0,1.0,1.0,4.0,2.8278,8.0,4.0,3.4375
A,1,5105103379670990,0.2024,1.0,1.0,1.0,1.0,3.0,5.0,2.7028,7.0,4.0,4.0625
A,1,4111112994708635,0.1948,1.0,1.0,1.0,1.0,0.0,4.0,3.0244,10.0,5.0,3.875
A,1,4532015048940255,0.0152,1.0,1.0,1.0,1.0,2.0,4.0,2.7806,8.0,4.0,3.5625
A,1,4532019106397051,0.0508,1.0,1.0,1.0,1.0,2.0,4.0,3.0306,9.0,3.0,3.5
A,1,4532018081322159,-0.3338,1.0,1.0,1.0,1.0,2.0,4.0,2.9056,8.0,3.0,3.375
A,1,4111114205223172,-0.0548,1.0,1.0,1.0,1.0,0.0,4.0,2.4056,7.0,6.0,2.3125
A,1,4111119851472098,-0.0319,1.0,1.0,1.0,1.0,0.0,4.0,2.6556,8.0,6.0,3.875
A,1,4111118707838312,0.1525,1.0,1.0,1.0,1.0,0.0,4.0,2.4835,7.0,6.0,3.5
A,1,4111116766664397,-0.2522,1.0,1.0,1.0,1.0,0.0,4.0,2.2988,6.0,5.0,4.3125
A,1,4111114828160694,0.0948,1.0,1.0,1.0,1.0,0.0,4.0,2.4835,7.0,6.0,3.5625
A,1,5105100443779039,0.2721,1.0,1.0,1.0,1.0,3.0,5.0,2.75,7.0,4.0,3.625
A,1,4242427495701307,-0.1496,1.0,1.0,1.0,1.0,1.0,4.0,2.7806,8.0,4.0,3.8125
A,1,4242423797334509,-0.0007,1.0,1.0,1.0,1.0,1.0,4.0,2.6556,7.0,4.0,4.25
A,1,4242423863349308,0.1563,1.0,1.0,1.0,1.0,1.0,4.0,2.5778,7.0,4.0,4.0625
A,1,4111112613229237,0.0446,1.0,1.0,1.0,1.0,0.0,4.0,2.4056,7.0,6.0,2.875
A,1,5555559401684744,0.6732,1.0,1.0,1.0,1.0,4.0,5.0,2.5306,8.0,6.0,4.8125
A,1,4242428093174418,-0.0554,1.0,1.0,1.0,1.0,1.0,4.0,2.7272,8.0,5.0,3.9375
A,1,4242428893964133,-0.2583,1.0,1.0,1.0,1.0,1.0,4.0,2.6556,7.0,4.0,4.5
A,1,4242428673275973,0.1692,1.0,1.0,1.0,1.0,1.0,4.0,2.7806,8.0,4.0,4.6875
A,1,4532019986170008,0.3559,1.0,1.0,1.0,1.0,2.0,4.0,3.125,10.0,4.0,3.9375
A,1,4111116923190203,0.1748,1.0,1.0,1.0,1.0,0.0,4.0,2.5306,7.0,6.0,2.75
A,1,4111117762294346,0.0909,1.0,1.0,1.0,1.0,0.0,4.0,2.6022,7.0,5.0,3.6875
A,1,4242427430462239,0.0447,1.0,1.0,1.0,1.0,1.0,4.0,2.4238,7.0,5.0,3.625
A,1,4111114336130213,-0.1899,1.0,1.0,1.0,1.0,0.0,4.0,2.1468,6.0,7.0,2.1875
A,1,4111118479824581,0.0971,1.0,1.0,1.0,1.0,0.0,4.0,2.4363,7.0,6.0,4.0625
A,1,4532013669454771,0.2271,1.0,1.0,1.0,1.0,2.0,4.0,3.0778,9.0,3.0,4.1875
A,1,4111115366683070,-0.2271,1.0,1.0,1.0,1.0,0.0,4.0,2.7272,8.0,5.0,3.3125
A,1,5105103755104374,0.1069,1.0,1.0,1.0,1.0,3.0,5.0,2.5306,6.0,4.0,3.1875
A,1,5105107646777637,-0.0372,1.0,1.0,1.0,1.0,3.0,5.0,2.6022,7.0,5.0,4.5
A,1,5555555710071672,0.0561,1.0,1.0,1.0,1.0,4.0,5.0,2.2246,6.0,7.0,4.125
A,1,4532014441423951,0.182,1.0,1.0,1.0,1.0,2.0,4.0,2.6022,7.0,5.0,3.25
A,1,4532019679923903,0.1234,1.0,1.0,1.0,1.0,2.0,4.0,2.9528,9.0,4.0,4.5
A,1,4111112287639489,0.2348,1.0,1.0,1.0,1.0,0.0,4.0,2.7744,8.0,5.0,4.1875
A,1,4111110708131680,0.2161,1.0,1.0,1.0,1.0,0.0,4.0,2.3496,7.0,7.0,2.6875
A,1,5555550717144564,-0.1128,1.0,1.0,1.0,1.0,4.0,5.0,2.2246,6.0,7.0,4.3125
A,1,4242429147577259,0.1516,1.0,1.0,1.0,1.0,1.0,4.0,2.4528,6.0,4.0,4.625
A,1,4242422529124741,0.0318,1.0,1.0,1.0,1.0,1.0,4.0,2.18,6.0,6.0,3.4375
A,1,4242424334487818,-0.0444,1.0,1.0,1.0,1.0,1.0,4.0,2.3113,6.0,6.0,4.25
A,1,4111117824942601,-0.0728,1.0,1.0,1.0,1.0,0.0,4.0,2.6085,8.0,6.0,3.25
A,1,4111119070911538,-0.2005,1.0,1.0,1.0,1.0,0.0,4.0,2.5218,8.0,7.0,3.25
A,1,4532019158821644,0.0289,1.0,1.0,1.0,1.0,2.0,4.0,3.0306,9.0,3.0,3.9375
A,1,5105101623025896,-0.4283,1.0,1.0,1.0,1.0,3.0,5.0,2.8585,8.0,3.0,3.375
A,1,4111119123315448,-0.117,1.0,1.0,1.0,1.0,0.0,4.0,2.3496,7.0,7.0,3.0625
A,1,4532015374838081,-0.0946,1.0,1.0,1.0,1.0,2.0,4.0,2.9056,8.0,3.0,3.875
A,1,4111113034449784,-0.1489,1.0,1.0,1.0,1.0,0.0,4.0,2.4238,7.0,5.0,3.4375
A,1,5555557977997326,0.123,1.0,1.0,1.0,1.0,4.0,5.0,2.2335,6.0,6.0,6.0
A,1,6011009988525825,0.1302,1.0,1.0,1.0,1.0,5.0,6.0,2.7335,7.0,3.0,4.3125
A,1,4242429434623634,-0.0795,1.0,1.0,1.0,1.0,1.0,4.0,2.1085,5.0,6.0,3.875
A,1,4111116951991589,0.557,1.0,1.0,1.0,1.0,0.0,4.0,2.1468,6.0,7.0,4.4375
A,1,4532017556747239,0.0239,1.0,1.0,1.0,1.0,2.0,4.0,3.0306,9.0,3.0,4.375
A,1,4111119623561277,-0.1175,1.0,1.0,1.0,1.0,0.0,4.0,2.6556,8.0,6.0,3.5625
A,1,4111110722755092,-0.0453,1.0,1.0,1.0,1.0,0.0,4.0,2.6022,7.0,5.0,3.0
A,1,5105106494512617,-0.0153,1.0,1.0,1.0,1.0,3.0,5.0,2.8278,8.0,4.0,3.5625
A,1,5105102931617952,-0.0153,1.0,1.0,1.0,1.0,3.0,5.0,2.8278,8.0,4.0,3.5625
A,1,4242429705428846,0.1767,1.0,1.0,1.0,1.0,1.0,4.0,2.6494,8.0,5.0,4.4375
A,1,4111111007599742,-0.0068,1.0,1.0,1.0,1.0,0.0,4.0,2.5306,7.0,6.0,3.3125
A,1,4111116109499238,0.3728,1.0,1.0,1.0,1.0,0.0,4.0,2.6085,8.0,6.0,3.75
A,1,6011008612607678,0.066,1.0,1.0,1.0,1.0,5.0,6.0,2.4528,6.0,4.0,3.6875
A,1,4111110250355778,-0.0294,1.0,1.0,1.0,1.0,0.0,4.0,2.7272,8.0,5.0,3.1875
A,1,4532010775031485,-0.3088,1.0,1.0,1.0,1.0,2.0,4.0,2.9056,8.0,3.0,3.4375
A,1,4111113491186101,1.2836,1.0,1.0,1.0,1.0,0.0,4.0,2.0919,7.0,9.0,2.6875
A,1,4111114914915605,-0.0068,1.0,1.0,1.0,1.0,0.0,4.0,2.2246,6.0,7.0,3.3125
A,1,4242421489942118,0.5636,1.0,1.0,1.0,1.0,1.0,4.0,2.2272,5.0,5.0,4.0625
A,1,4242425404900119,-0.0627,1.0,1.0,1.0,1.0,1.0,4.0,2.43,6.0,5.0,3.1875
A,1,4111114785682318,0.1537,1.0,1.0,1.0,1.0,0.0,4.0,2.6085,8.0,6.0,3.8125
A,1,4242426395958215,-0.0215,1.0,1.0,1.0,1.0,1.0,4.0,2.7806,8.0,4.0,4.4375
A,1,5105100425259075,0.159,1.0,1.0,1.0,1.0,3.0,5.0,2.5244,7.0,5.0,3.1875
A,1,4242425020639109,-0.3006,1.0,1.0,1.0,1.0,1.0,4.0,2.7806,8.0,4.0,3.3125
A,1,4111112410238688,0.2421,1.0,1.0,1.0,1.0,0.0,4.0,2.4835,7.0,6.0,3.1875
A,1,4111113651808494,0.1428,1.0,1.0,1.0,1.0,0.0,4.0,2.6085,8.0,6.0,3.5625
A,1,6011005698269282,0.4257,1.0,1.0,1.0,1.0,5.0,6.0,2.7335,7.0,3.0,4.0625
A,1,4242422339258267,0.4071,1.0,1.0,1.0,1.0,1.0,4.0,2.6085,8.0,6.0,4.0625
A,1,4242428809782629,0.2972,1.0,1.0,1.0,1.0,1.0,4.0,2.555,7.0,5.0,4.8125
A,1,4111119013043860,0.2992,1.0,1.0,1.0,1.0,0.0,4.0,2.4835,7.0,6.0,2.6875
A,1,6011006201239408,0.3091,1.0,1.0,1.0,1.0,5.0,6.0,2.7272,8.0,5.0,2.6875
A,1,4242420327390126,-0.0496,1.0,1.0,1.0,1.0,1.0,4.0,2.7272,8.0,5.0,3.1875
A,1,4111111857985504,0.1906,1.0,1.0,1.0,1.0,0.0,4.0,2.4835,7.0,6.0,3.8125
A,1,4111115418845180,0.1124,1.0,1.0,1.0,1.0,0.0,4.0,2.0524,5.0,7.0,3.3125
A,1,4111114020174873,0.1862,1.0,1.0,1.0,1.0,0.0,4.0,2.4835,7.0,6.0,2.8125
A,1,4111116764681963,0.1586,1.0,1.0,1.0,1.0,0.0,4.0,2.4056,7.0,6.0,4.0625
A,1,4111110961210197,0.0813,1.0,1.0,1.0,1.0,0.0,4.0,2.25,7.0,8.0,2.8125
A,1,4242424296463963,0.0417,1.0,1.0,1.0,1.0,1.0,4.0,2.2272,5.0,5.0,4.375
A,1,4111116321704548,0.0789,1.0,1.0,1.0,1.0,0.0,4.0,2.7335,9.0,6.0,3.0625
A,1,4242427158758024,0.3608,1.0,1.0,1.0,1.0,1.0,4.0,2.625,7.0,4.0,4.0625
A,1,5105100587603383,-0.0686,1.0,1.0,1.0,1.0,3.0,5.0,2.6556,7.0,4.0,3.4375
A,1,5105105707350922,0.2051,1.0,1.0,1.0,1.0,3.0,5.0,2.625,7.0,4.0,3.25
A,1,4111112703193244,0.2919,1.0,1.0,1.0,1.0,0.0,4.0,2.4835,7.0,6.0,2.75
A,1,4111115131163002,0.2026,1.0,1.0,1.0,1.0,0.0,4.0,2.25,7.0,8.0,1.9375
A,1,4242424631357375,0.0023,1.0,1.0,1.0,1.0,1.0,4.0,2.6556,7.0,4.0,3.875
A,1,4242427330094660,0.0911,1.0,1.0,1.0,1.0,1.0,4.0,2.6556,7.0,4.0,3.5
A,1,5555556632286877,0.0503,1.0,1.0,1.0,1.0,4.0,5.0,2.3585,6.0,6.0,5.3125
A,1,4242423668758794,0.1479,1.0,1.0,1.0,1.0,1.0,4.0,2.8278,8.0,4.0,5.0625
A,1,4242421201322888,0.2395,1.0,1.0,1.0,1.0,1.0,4.0,2.3113,6.0,6.0,3.3125
A,1,4242423034193817,0.0411,1.0,1.0,1.0,1.0,1.0,4.0,2.7806,8.0,4.0,3.5625
A,1,4532010820877338,-0.1935,1.0,1.0,1.0,1.0,2.0,4.0,2.8585,8.0,3.0,3.8125
A,1,4532015542754558,0.4071,1.0,1.0,1.0,1.0,2.0,4.0,2.6085,8.0,6.0,4.0625
A,1,4111118347596965,0.2347,1.0,1.0,1.0,1.0,0.0,4.0,2.7744,8.0,5.0,4.4375
A,1,4111117556318335,-0.1189,1.0,1.0,1.0,1.0,0.0,4.0,2.4363,7.0,6.0,3.4375
A,1,4532018303423108,0.0471,1.0,1.0,1.0,1.0,2.0,4.0,2.7028,7.0,4.0,2.9375
A,1,4111116015825195,-0.2774,1.0,1.0,1.0,1.0,0.0,4.0,2.4746,8.0,7.0,3.1875
A,1,4532018997857652,1.0678,1.0,1.0,1.0,1.0,2.0,4.0,3.2028,10.0,3.0,5.0625
A,1,6011008027848958,0.7882,1.0,1.0,1.0,1.0,5.0,6.0,2.875,9.0,4.0,4.1875
A,1,5105100246036553,-0.0038,1.0,1.0,1.0,1.0,3.0,5.0,2.625,7.0,4.0,2.875
A,1,5555557758139841,-0.2907,1.0,1.0,1.0,1.0,4.0,5.0,2.3968,7.0,7.0,5.1875
A,1,4242420169394293,0.1563,1.0,1.0,1.0,1.0,1.0,4.0,2.5778,7.0,4.0,4.0
A,1,4111112208055120,0.2103,1.0,1.0,1.0,1.0,0.0,4.0,2.3113,6.0,6.0,2.125
A,1,4242428970713486,0.2761,1.0,1.0,1.0,1.0,1.0,4.0,2.9528,9.0,4.0,4.4375
A,1,5105107752266946,-0.1866,1.0,1.0,1.0,1.0,3.0,5.0,2.9056,8.0,3.0,4.125
A,1,4532015773898157,0.0272,1.0,1.0,1.0,1.0,2.0,4.0,3.0306,9.0,3.0,4.6875
A,1,4111113815876668,-0.0253,1.0,1.0,1.0,1.0,0.0,4.0,2.4363,7.0,6.0,4.1875
A,1,4242426070685059,0.087,1.0,1.0,1.0,1.0,1.0,4.0,2.8585,8.0,3.0,4.0
A,1,4242423807148188,0.1116,1.0,1.0,1.0,1.0,1.0,4.0,2.5778,7.0,4.0,4.125
A,1,4111110475040148,-0.1307,1.0,1.0,1.0,1.0,0.0,4.0,2.2335,6.0,6.0,2.625
A,1,4532017423000374,0.1133,1.0,1.0,1.0,1.0,2.0,4.0,2.6556,7.0,4.0,2.8125
A,1,4111119652771243,-0.3644,1.0,1.0,1.0,1.0,0.0,4.0,2.6556,8.0,6.0,3.4375
A,1,4111117657681805,0.1482,1.0,1.0,1.0,1.0,0.0,4.0,2.5306,7.0,6.0,3.875
A,1,4242421096842750,0.1523,1.0,1.0,1.0,1.0,1.0,4.0,2.875,9.0,4.0,3.75
A,1,4111119214059624,0.2421,1.0,1.0,1.0,1.0,0.0,4.0,2.4835,7.0,6.0,3.1875
A,1,4111118348026491,-0.1882,1.0,1.0,1.0,1.0,0.0,4.0,2.6085,8.0,6.0,3.375
A,1,5555555218603521,0.3543,1.0,1.0,1.0,1.0,4.0,5.0,2.25,7.0,8.0,3.9375
A,1,6011009789543761,0.7511,1.0,1.0,1.0,1.0,5.0,6.0,3.0306,9.0,3.0,4.1875
A,1,4111113420138066,0.0666,1.0,1.0,1.0,1.0,0.0,4.0,2.5306,7.0,6.0,2.625
A,1,4242428825202222,1.4593,1.0,1.0,1.0,1.0,1.0,4.0,1.7947,5.0,9.0,3.1875
A,1,6011009126470041,-0.3206,1.0,1.0,1.0,1.0,5.0,6.0,2.5244,7.0,5.0,2.625
A,1,4111116049633136,0.308,1.0,1.0,1.0,1.0,0.0,4.0,2.3113,6.0,6.0,3.125
A,1,4111114175852919,0.1417,1.0,1.0,1.0,1.0,0.0,4.0,2.3968,7.0,7.0,3.75
A,1,4111112705190495,0.125,1.0,1.0,1.0,1.0,0.0,4.0,2.5306,7.0,6.0,3.1875
A,1,4532019758927031,0.7255,1.0,1.0,1.0,1.0,2.0,4.0,3.125,9.0,2.0,4.125
A,1,4111112988342193,0.0912,1.0,1.0,1.0,1.0,0.0,4.0,2.4056,6.0,6.0,3.625
A,1,5555555572596360,0.2634,1.0,1.0,1.0,1.0,4.0,5.0,2.0919,7.0,9.0,4.875
A,1,4242427864190215,-0.0936,1.0,1.0,1.0,1.0,1.0,4.0,2.875,9.0,4.0,3.8125
A,1,4532011728241452,-0.1692,1.0,1.0,1.0,1.0,2.0,4.0,2.7806,8.0,4.0,3.1875
A,1,5105109034173676,0.0368,1.0,1.0,1.0,1.0,3.0,5.0,2.9056,8.0,3.0,3.625
A,1,4242421485176380,0.0023,1.0,1.0,1.0,1.0,1.0,4.0,2.9528,9.0,4.0,3.8125
A,1,4111112298116071,-0.41,1.0,1.0,1.0,1.0,0.0,4.0,2.375,8.0,8.0,2.875
A,1,4532015704422002,-0.4719,1.0,1.0,1.0,1.0,2.0,4.0,2.5778,7.0,4.0,2.5625
A,1,4111110097973114,0.1959,1.0,1.0,1.0,1.0,0.0,4.0,2.2718,6.0,7.0,3.125
A,1,5105108440067902,-0.0667,1.0,1.0,1.0,1.0,3.0,5.0,2.8994,9.0,5.0,3.25
A,1,4111118379146168,-0.0307,1.0,1.0,1.0,1.0,0.0,4.0,2.3968,7.0,7.0,3.875
A,1,4111119545789238,0.0179,1.0,1.0,1.0,1.0,0.0,4.0,2.7744,8.0,5.0,4.3125
A,1,4242429812698562,0.1287,1.0,1.0,1.0,1.0,1.0,4.0,2.6022,7.0,5.0,4.625
A,1,4111113472117406,0.2088,1.0,1.0,1.0,1.0,0.0,4.0,2.3496,7.0,7.0,2.75
A,1,4111116008489496,0.0104,1.0,1.0,1.0,1.0,0.0,4.0,2.4772,6.0,5.0,3.9375
A,1,5555555202579471,0.5341,1.0,1.0,1.0,1.0,4.0,5.0,2.25,7.0,8.0,4.5
A,1,4532019707227848,-0.0338,1.0,1.0,1.0,1.0,2.0,4.0,3.0306,9.0,3.0,4.3125
A,1,4111112613623066,0.2864,1.0,1.0,1.0,1.0,0.0,4.0,2.2806,6.0,6.0,2.75
A,1,4111113807390058,-0.0294,1.0,1.0,1.0,1.0,0.0,4.0,2.7272,8.0,5.0,3.25
A,1,4111111116886337,0.1152,1.0,1.0,1.0,1.0,0.0,4.0,2.125,6.0,8.0,3.3125
A,1,4111119423170543,-0.1266,1.0,1.0,1.0,1.0,0.0,4.0,2.6085,8.0,6.0,2.9375
A,1,4111112146465977,0.4097,1.0,1.0,1.0,1.0,0.0,4.0,2.4835,7.0,6.0,3.75
A,1,4242426142416624,-0.0267,1.0,1.0,1.0,1.0,1.0,4.0,1.8829,4.0,6.0,3.375
A,1,4242426833062836,0.1304,1.0,1.0,1.0,1.0,1.0,4.0,2.4835,6.0,4.0,3.9375
A,1,4532019814302179,0.2385,1.0,1.0,1.0,1.0,2.0,4.0,3.0778,9.0,3.0,3.6875
A,1,4242420725397178,0.1786,1.0,1.0,1.0,1.0,1.0,4.0,2.9056,9.0,4.0,4.1875
A,1,4242427722216061,0.0592,1.0,1.0,1.0,1.0,1.0,4.0,2.3585,6.0,6.0,3.25
A,1,4111115053659086,-0.076,1.0,1.0,1.0,1.0,0.0,4.0,2.7272,8.0,5.0,3.5
A,1,4111116999753785,0.5839,1.0,1.0,1.0,1.0,0.0,4.0,2.7272,8.0,5.0,4.8125
A,1,4532017663698705,0.2948,1.0,1.0,1.0,1.0,2.0,4.0,3.2028,10.0,3.0,4.5
A,1,6011007696884328,0.2533,1.0,1.0,1.0,1.0,5.0,6.0,2.9835,9.0,3.0,4.3125
A,1,4242427430638697,0.0143,1.0,1.0,1.0,1.0,1.0,4.0,2.8278,8.0,4.0,4.4375
A,1,5555556505746221,0.1563,1.0,1.0,1.0,1.0,4.0,5.0,2.25,7.0,8.0,4.25
A,1,4111119760599510,0.4097,1.0,1.0,1.0,1.0,0.0,4.0,2.4835,7.0,6.0,3.75
A,1,4242424098408968,-0.2239,1.0,1.0,1.0,1.0,1.0,4.0,2.43,6.0,5.0,4.625
A,1,4111112561958910,-0.4048,1.0,1.0,1.0,1.0,0.0,4.0,2.5218,8.0,7.0,3.4375
A,1,5105109547788846,0.5388,1.0,1.0,1.0,1.0,3.0,5.0,2.9056,8.0,3.0,4.875
A,1,4111114212335712,-0.0954,1.0,1.0,1.0,1.0,0.0,4.0,2.2246,6.0,7.0,2.4375
A,1,4242428001806580,0.1311,1.0,1.0,1.0,1.0,1.0,4.0,2.6085,7.0,4.0,3.375
A,1,5105106806426043,-0.1662,1.0,1.0,1.0,1.0,3.0,5.0,2.8278,8.0,4.0,3.1875
A,1,4532016955465120,0.2194,1.0,1.0,1.0,1.0,2.0,4.0,2.875,8.0,4.0,3.625
A,1,4111111007140182,-0.783,1.0,1.0,1.0,1.0,0.0,4.0,2.0778,6.0,8.0,2.0625
A,1,5555552148909722,0.3939,1.0,1.0,1.0,1.0,4.0,5.0,2.6085,8.0,6.0,4.625
A,1,5105100408726256,-0.1662,1.0,1.0,1.0,1.0,3.0,5.0,2.8278,8.0,4.0,3.25
A,1,4242424316256892,0.3572,1.0,1.0,1.0,1.0,1.0,4.0,2.6494,8.0,5.0,4.0
A,1,4111119993148002,0.129,1.0,1.0,1.0,1.0,0.0,4.0,2.4835,7.0,6.0,3.375
A,1,6011008325132568,-0.2298,1.0,1.0,1.0,1.0,5.0,6.0,2.7806,7.0,3.0,3.1875
A,1,4532019989607238,0.7035,1.0,1.0,1.0,1.0,2.0,4.0,3.2028,10.0,3.0,4.75
A,1,4242426206871441,0.002,1.0,1.0,1.0,1.0,1.0,4.0,2.5244,7.0,5.0,3.5625
A,1,5555552823458227,0.1848,1.0,1.0,1.0,1.0,4.0,5.0,2.1468,6.0,7.0,4.5625
A,1,4111115024201562,-0.1901,1.0,1.0,1.0,1.0,0.0,4.0,2.3585,6.0,6.0,2.25
A,1,4111118129519318,0.1044,1.0,1.0,1.0,1.0,0.0,4.0,2.25,7.0,8.0,3.5
A,1,6011008155200865,-0.6894,1.0,1.0,1.0,1.0,5.0,6.0,2.43,6.0,5.0,3.0
A,1,6011007623360848,-0.49,1.0,1.0,1.0,1.0,5.0,6.0,2.8278,8.0,4.0,3.4375
A,1,4111111538168389,-0.0176,1.0,1.0,1.0,1.0,0.0,4.0,2.3496,7.0,7.0,3.8125
A,1,5105101748237954,-0.5492,1.0,1.0,1.0,1.0,3.0,5.0,3.0306,9.0,3.0,3.875
A,1,4242423471117444,0.0654,1.0,1.0,1.0,1.0,1.0,4.0,2.0524,5.0,7.0,3.375
A,1,4111118449840790,-0.0807,1.0,1.0,1.0,1.0,0.0,4.0,2.3994,6.0,5.0,3.875
A,1,6011004097619288,-0.1743,1.0,1.0,1.0,1.0,5.0,6.0,2.8278,8.0,4.0,3.875
A,1,5555550024293120,0.0544,1.0,1.0,1.0,1.0,4.0,5.0,2.4363,7.0,6.0,3.3125
A,1,4111110319031139,-0.8003,1.0,1.0,1.0,1.0,0.0,4.0,1.9528,5.0,8.0,2.4375
A,1,4242428819207104,0.4578,1.0,1.0,1.0,1.0,1.0,4.0,2.625,7.0,4.0,3.625
A,1,4111116030389615,-0.1672,1.0,1.0,1.0,1.0,0.0,4.0,2.6556,8.0,6.0,3.125
A,1,4242426384042906,0.1316,1.0,1.0,1.0,1.0,1.0,4.0,2.5244,7.0,5.0,3.75
A,1,5105105771316551,0.3945,1.0,1.0,1.0,1.0,3.0,5.0,2.2988,6.0,5.0,3.3125
A,1,4111110582371477,-0.2068,1.0,1.0,1.0,1.0,0.0,4.0,2.6085,8.0,6.0,3.3125
A,1,4532016604413638,-0.0394,1.0,1.0,1.0,1.0,2.0,4.0,2.8585,8.0,3.0,3.5
A,1,4111114262313015,-0.267,1.0,1.0,1.0,1.0,0.0,4.0,2.3968,7.0,7.0,2.25
A,1,4532016011869091,0.243,1.0,1.0,1.0,1.0,2.0,4.0,2.9528,9.0,4.0,3.5
A,1,4532010258469251,0.1117,1.0,1.0,1.0,1.0,2.0,4.0,3.0306,9.0,3.0,3.5625
A,1,4111115443962984,0.2507,1.0,1.0,1.0,1.0,0.0,4.0,2.6494,8.0,5.0,3.9375
A,1,5105104917586565,-0.1199,1.0,1.0,1.0,1.0,3.0,5.0,2.7272,8.0,5.0,4.25
A,1,4111117603486788,0.3974,1.0,1.0,1.0,1.0,0.0,4.0,2.6022,7.0,5.0,4.125
A,1,4532012224096234,-0.3656,1.0,1.0,1.0,1.0,2.0,4.0,2.7272,8.0,5.0,3.0625
A,1,4532011185419237,0.2312,1.0,1.0,1.0,1.0,2.0,4.0,3.0,9.0,4.0,3.5
A,1,4242420927205443,-0.1409,1.0,1.0,1.0,1.0,1.0,4.0,2.4238,7.0,5.0,3.375
A,1,4242423785239546,-0.1071,1.0,1.0,1.0,1.0,1.0,4.0,2.75,8.0,4.0,4.375
A,1,4532010943192797,0.1066,1.0,1.0,1.0,1.0,2.0,4.0,2.9528,8.0,3.0,4.125
A,1,4532019123904806,0.2903,1.0,1.0,1.0,1.0,2.0,4.0,3.0778,9.0,3.0,3.5625
A,1,5555551088951876,-0.4674,1.0,1.0,1.0,1.0,4.0,5.0,2.3496,7.0,7.0,5.1875
A,1,4111112942037400,-0.3388,1.0,1.0,1.0,1.0,0.0,4.0,2.555,7.0,5.0,2.5
A,1,4111118186429419,0.0586,1.0,1.0,1.0,1.0,0.0,4.0,2.2246,6.0,7.0,3.8125
A,1,4111115305743951,0.2421,1.0,1.0,1.0,1.0,0.0,4.0,2.4835,7.0,6.0,3.1875
A,1,4242423595465893,0.0561,1.0,1.0,1.0,1.0,1.0,4.0,2.6556,7.0,4.0,4.6875
A,1,4532010074559475,-0.1754,1.0,1.0,1.0,1.0,2.0,4.0,2.7806,8.0,4.0,3.8125
A,1,4111110467617341,-0.1103,1.0,1.0,1.0,1.0,0.0,4.0,2.2246,6.0,7.0,3.0
A,1,4111117435259817,0.1125,1.0,1.0,1.0,1.0,0.0,4.0,2.6556,8.0,6.0,3.75
A,1,4532012296541596,0.0853,1.0,1.0,1.0,1.0,2.0,4.0,2.9056,8.0,3.0,4.0
A,1,4242424892218209,0.1442,1.0,1.0,1.0,1.0,1.0,4.0,2.2806,6.0,6.0,3.9375
A,1,6011009919144498,0.3659,1.0,1.0,1.0,1.0,5.0,6.0,2.4056,6.0,4.0,4.125
A,1,4242426964046012,0.106,1.0,1.0,1.0,1.0,1.0,4.0,2.3522,6.0,5.0,3.5
A,1,4111118145428635,0.1108,1.0,1.0,1.0,1.0,0.0,4.0,2.4835,7.0,6.0,3.4375
A,1,4532018552915481,-0.065,1.0,1.0,1.0,1.0,2.0,4.0,2.8278,8.0,4.0,3.9375
A,1,4111110231581385,0.0388,1.0,1.0,1.0,1.0,0.0,4.0,2.3968,7.0,7.0,2.8125
A,1,5105107695193710,0.1433,1.0,1.0,1.0,1.0,3.0,5.0,2.6556,7.0,4.0,3.75
A,1,4532017195390946,0.183,1.0,1.0,1.0,1.0,2.0,4.0,3.0778,9.0,3.0,4.25
A,1,4532019126566933,0.0853,1.0,1.0,1.0,1.0,2.0,4.0,2.9056,8.0,3.0,4.0625
A,1,5555558602041472,0.1847,1.0,1.0,1.0,1.0,4.0,5.0,2.6556,8.0,6.0,4.0
A,1,5555551930711585,0.3709,1.0,1.0,1.0,1.0,4.0,5.0,2.2028,7.0,8.0,4.375
A,1,4242423149996195,-0.0085,1.0,1.0,1.0,1.0,1.0,4.0,2.5778,7.0,4.0,4.625
A,1,4242427585906006,0.087,1.0,1.0,1.0,1.0,1.0,4.0,2.8585,8.0,3.0,4.0
A,1,4111118457724522,-0.1434,1.0,1.0,1.0,1.0,0.0,4.0,2.43,6.0,5.0,3.4375
A,1,4111113741815590,-0.2005,1.0,1.0,1.0,1.0,0.0,4.0,2.5218,8.0,7.0,3.25
A,1,4111114104830168,0.0927,1.0,1.0,1.0,1.0,0.0,4.0,2.2246,6.0,7.0,2.75
A,1,4111114755383194,0.3267,1.0,1.0,1.0,1.0,0.0,4.0,2.4835,7.0,6.0,3.625
A,1,4111117022466775,0.0991,1.0,1.0,1.0,1.0,0.0,4.0,2.6022,7.0,5.0,3.4375
A,1,4532015082167906,0.4482,1.0,1.0,1.0,1.0,2.0,4.0,3.2028,10.0,3.0,3.6875
A,1,4532018985326041,-0.0204,1.0,1.0,1.0,1.0,2.0,4.0,3.125,9.0,2.0,3.8125
A,1,4532018058031395,0.0215,1.0,1.0,1.0,1.0,2.0,4.0,2.8585,8.0,3.0,3.5625
A,1,4532012944158256,-0.0119,1.0,1.0,1.0,1.0,2.0,4.0,2.9835,9.0,3.0,3.8125
A,1,5105100141307240,0.9152,1.0,1.0,1.0,1.0,3.0,5.0,2.5244,7.0,5.0,2.125
A,1,4242420224687137,0.4418,1.0,1.0,1.0,1.0,1.0,4.0,2.6494,8.0,5.0,3.625
A,1,4111115840858231,0.1103,1.0,1.0,1.0,1.0,0.0,4.0,2.4835,7.0,6.0,3.3125
A,1,5555559888124719,0.9726,1.0,1.0,1.0,1.0,4.0,5.0,2.4835,7.0,6.0,5.4375
A,1,5105100018585076,0.3539,1.0,1.0,1.0,1.0,3.0,5.0,2.3522,6.0,5.0,3.25
A,1,5105108321095212,-0.087,1.0,1.0,1.0,1.0,3.0,5.0,2.6085,7.0,4.0,2.8125
A,1,4111113678888677,0.1479,1.0,1.0,1.0,1.0,0.0,4.0,2.3522,6.0,5.0,4.8125
A,1,5105105712484005,-0.604,1.0,1.0,1.0,1.0,3.0,5.0,2.5778,7.0,4.0,3.0
A,1,4111110379922789,0.2267,1.0,1.0,1.0,1.0,0.0,4.0,2.7272,8.0,5.0,4.0625
A,1,5105103368013749,0.0323,1.0,1.0,1.0,1.0,3.0,5.0,2.9835,9.0,3.0,3.5
A,1,4242423618010098,-0.2944,1.0,1.0,1.0,1.0,1.0,4.0,2.8585,8.0,3.0,3.375
A,1,4111115769004007,-0.0711,1.0,1.0,1.0,1.0,0.0,4.0,2.5244,7.0,5.0,2.9375
A,1,4111114918096410,0.198,1.0,1.0,1.0,1.0,0.0,4.0,2.2246,6.0,7.0,3.1875
A,1,4111115700693199,0.2898,1.0,1.0,1.0,1.0,0.0,4.0,2.6085,8.0,6.0,3.625
A,1,4111117124152414,-0.3082,1.0,1.0,1.0,1.0,0.0,4.0,1.875,5.0,8.0,2.5
A,1,4242429849364162,-0.1746,1.0,1.0,1.0,1.0,1.0,4.0,2.5244,7.0,5.0,4.375
A,1,4242429811659953,-0.1885,1.0,1.0,1.0,1.0,1.0,4.0,2.8585,8.0,3.0,4.625
A,1,4242428336208296,0.2936,1.0,1.0,1.0,1.0,1.0,4.0,2.6022,7.0,5.0,4.0625
A,1,6011000962502724,0.1012,1.0,1.0,1.0,1.0,5.0,6.0,2.7272,8.0,5.0,2.8125
A,1,4242422341401442,-0.6292,1.0,1.0,1.0,1.0,1.0,4.0,1.9212,5.0,7.0,2.6875
A,1,4111119733842427,0.3133,1.0,1.0,1.0,1.0,0.0,4.0,2.6022,7.0,5.0,3.625
A,1,5555557669686914,-0.2204,1.0,1.0,1.0,1.0,4.0,5.0,2.4056,7.0,6.0,5.75
A,1,4111117685926990,0.3144,1.0,1.0,1.0,1.0,0.0,4.0,2.8522,9.0,5.0,4.375
A,1,4111111892776389,0.042,1.0,1.0,1.0,1.0,0.0,4.0,2.6556,8.0,6.0,4.3125
A,1,4242426595668804,0.0561,1.0,1.0,1.0,1.0,1.0,4.0,2.6556,7.0,4.0,4.6875
A,1,4532017415666331,0.0215,1.0,1.0,1.0,1.0,2.0,4.0,2.8585,8.0,3.0,3.5625
A,1,5555553052714132,0.3096,1.0,1.0,1.0,1.0,4.0,5.0,2.3968,7.0,7.0,3.625
A,1,4532012668138237,-0.1455,1.0,1.0,1.0,1.0,2.0,4.0,3.0306,9.0,3.0,3.8125
A,1,4111110297174562,-0.1672,1.0,1.0,1.0,1.0,0.0,4.0,2.6556,8.0,6.0,3.25
A,1,4111119301201519,0.1455,1.0,1.0,1.0,1.0,0.0,4.0,2.25,7.0,8.0,2.5
A,1,4111112786574609,0.2966,1.0,1.0,1.0,1.0,0.0,4.0,2.8994,9.0,5.0,3.9375
A,1,4242427043316608,0.0402,1.0,1.0,1.0,1.0,1.0,4.0,2.8278,8.0,4.0,3.5
A,1,4242426347211978,0.1339,1.0,1.0,1.0,1.0,1.0,4.0,2.75,8.0,4.0,4.125
A,1,4111110745264486,-0.0254,1.0,1.0,1.0,1.0,0.0,4.0,2.6494,8.0,5.0,3.4375
A,1,4242427461608510,0.0402,1.0,1.0,1.0,1.0,1.0,4.0,2.8278,8.0,4.0,3.5
A,1,4111110836893938,0.2123,1.0,1.0,1.0,1.0,0.0,4.0,2.555,7.0,5.0,4.125
A,1,4111110718458099,0.2926,1.0,1.0,1.0,1.0,0.0,4.0,2.5306,7.0,6.0,3.75
A,1,4242420788652352,0.1245,1.0,1.0,1.0,1.0,1.0,4.0,2.7272,8.0,5.0,4.0
A,1,4111111527205713,0.0478,1.0,1.0,1.0,1.0,0.0,4.0,2.3968,7.0,7.0,2.625
A,1,4242427757198077,0.1611,1.0,1.0,1.0,1.0,1.0,4.0,2.68,8.0,5.0,4.75
A,1,4242425479030834,-0.1301,1.0,1.0,1.0,1.0,1.0,4.0,2.7272,8.0,5.0,3.8125
A,1,4532012936192909,0.1149,1.0,1.0,1.0,1.0,2.0,4.0,2.8278,8.0,4.0,4.0625
A,1,5555554832159440,0.0704,1.0,1.0,1.0,1.0,4.0,5.0,2.4746,8.0,7.0,4.375
A,1,4111111074695894,0.2284,1.0,1.0,1.0,1.0,0.0,4.0,2.6085,8.0,6.0,3.875
A,1,4111114238934506,-0.2029,1.0,1.0,1.0,1.0,0.0,4.0,2.8522,9.0,5.0,3.3125
A,1,4242427403663029,0.4578,1.0,1.0,1.0,1.0,1.0,4.0,2.625,7.0,4.0,3.625
A,1,4111117820199297,0.3146,1.0,1.0,1.0,1.0,0.0,4.0,2.4835,7.0,6.0,3.9375
A,1,5555559248220215,0.3192,1.0,1.0,1.0,1.0,4.0,5.0,2.2718,7.0,7.0,4.0625
A,1,5555553675913301,0.1034,1.0,1.0,1.0,1.0,4.0,5.0,2.3496,7.0,7.0,4.25
A,1,4111112212462817,0.3534,1.0,1.0,1.0,1.0,0.0,4.0,2.1468,6.0,7.0,2.75
A,1,4111118898765993,-0.6296,1.0,1.0,1.0,1.0,0.0,4.0,2.68,8.0,5.0,5.0625
A,1,5105101144343836,-0.3312,1.0,1.0,1.0,1.0,3.0,5.0,2.6556,7.0,4.0,3.0625
A,1,5105108620767925,-0.142,1.0,1.0,1.0,1.0,3.0,5.0,2.9056,8.0,3.0,4.0
A,1,4111113602882010,0.2248,1.0,1.0,1.0,1.0,0.0,4.0,2.4835,7.0,6.0,2.4375
A,1,4111110105284199,-0.1616,1.0,1.0,1.0,1.0,0.0,4.0,2.3968,7.0,7.0,3.0
A,1,5105100780056181,-0.0697,1.0,1.0,1.0,1.0,3.0,5.0,2.3522,6.0,5.0,3.0
A,1,5555551696894385,0.0384,1.0,1.0,1.0,1.0,4.0,5.0,2.3968,7.0,7.0,5.5625
A,1,5105107104452004,-0.3539,1.0,1.0,1.0,1.0,3.0,5.0,2.3829,6.0,5.0,2.4375
A,1,4242427099798790,0.3551,1.0,1.0,1.0,1.0,1.0,4.0,2.4835,6.0,4.0,5.1875
A,1,4111110490228439,0.185,1.0,1.0,1.0,1.0,0.0,4.0,2.6022,7.0,5.0,3.125
A,1,4111111042628001,-0.602,1.0,1.0,1.0,1.0,0.0,4.0,2.2246,6.0,7.0,2.0625
A,1,5105100614582055,-0.1302,1.0,1.0,1.0,1.0,3.0,5.0,2.4772,7.0,5.0,3.0
A,1,4111117003243136,0.2998,1.0,1.0,1.0,1.0,0.0,4.0,2.4835,7.0,6.0,2.375
A,1,4111116267052308,0.1395,1.0,1.0,1.0,1.0,0.0,4.0,2.8994,9.0,5.0,3.0
A,1,4111110695774880,0.1255,1.0,1.0,1.0,1.0,0.0,4.0,2.7744,8.0,5.0,3.9375
A,1,4111112881136254,-0.2028,1.0,1.0,1.0,1.0,0.0,4.0,2.3968,7.0,7.0,3.0625
A,1,5105101396613910,0.2989,1.0,1.0,1.0,1.0,3.0,5.0,2.4772,6.0,5.0,3.1875
A,1,5555553815751744,0.6255,1.0,1.0,1.0,1.0,4.0,5.0,2.125,6.0,8.0,4.6875
A,1,4111117759303134,0.2421,1.0,1.0,1.0,1.0,0.0,4.0,2.4835,7.0,6.0,3.1875
A,1,4111113966157827,0.3611,1.0,1.0,1.0,1.0,0.0,4.0,2.7806,9.0,6.0,3.9375
A,1,5105102702028280,0.1724,1.0,1.0,1.0,1.0,3.0,5.0,2.3994,6.0,5.0,2.6875
A,1,4111111784886684,-0.3503,1.0,1.0,1.0,1.0,0.0,4.0,2.1085,5.0,6.0,4.3125
A,1,4242421196925596,-0.0072,1.0,1.0,1.0,1.0,1.0,4.0,2.5306,6.0,4.0,4.4375
A,1,5555559762881715,-0.4161,1.0,1.0,1.0,1.0,4.0,5.0,2.3968,7.0,7.0,5.25
A,1,5105103063165570,0.0203,1.0,1.0,1.0,1.0,3.0,5.0,2.4528,6.0,4.0,3.0
A,1,4532018211848222,-0.1932,1.0,1.0,1.0,1.0,2.0,4.0,2.555,7.0,5.0,3.3125
A,1,4111116964426052,-0.183,1.0,1.0,1.0,1.0,0.0,4.0,2.555,7.0,5.0,3.3125
A,1,4111112351706412,-0.2436,1.0,1.0,1.0,1.0,0.0,4.0,2.5218,8.0,7.0,2.5
A,1,4532019160488887,0.2973,1.0,1.0,1.0,1.0,2.0,4.0,3.125,10.0,4.0,4.625
A,1,4111116887251389,0.6001,1.0,1.0,1.0,1.0,0.0,4.0,2.7335,9.0,6.0,4.125
A,1,5555552823094295,0.2643,1.0,1.0,1.0,1.0,4.0,5.0,2.3496,7.0,7.0,4.625
A,1,5105100542996161,-0.0686,1.0,1.0,1.0,1.0,3.0,5.0,2.6556,7.0,4.0,3.4375
A,1,4111114052438352,-0.0243,1.0,1.0,1.0,1.0,0.0,4.0,2.6022,7.0,5.0,2.8125
A,1,5105102521286762,-0.0935,1.0,1.0,1.0,1.0,3.0,5.0,2.6556,7.0,4.0,3.3125
A,1,4111115074379052,0.078,1.0,1.0,1.0,1.0,0.0,4.0,2.7744,8.0,5.0,3.1875
A,1,4242421243866538,0.3608,1.0,1.0,1.0,1.0,1.0,4.0,2.625,7.0,4.0,4.0
A,1,4111115962472597,0.5458,1.0,1.0,1.0,1.0,0.0,4.0,2.6494,7.0,5.0,4.0625
A,1,4532011006457713,-0.4749,1.0,1.0,1.0,1.0,2.0,4.0,2.9056,8.0,3.0,3.0625
A,1,4242425207243477,-0.2561,1.0,1.0,1.0,1.0,1.0,4.0,2.2516,6.0,5.0,3.6875
A,1,4242421866347345,0.1245,1.0,1.0,1.0,1.0,1.0,4.0,2.7272,8.0,5.0,4.0625
A,1,5555554572298002,0.0823,1.0,1.0,1.0,1.0,4.0,5.0,2.3496,7.0,7.0,4.3125
A,1,4242421270349085,0.1783,1.0,1.0,1.0,1.0,1.0,4.0,2.875,9.0,4.0,3.5625
A,1,4111112857120233,-0.1294,1.0,1.0,1.0,1.0,0.0,4.0,2.6085,8.0,6.0,2.625
A,1,4111115037646266,-0.0073,1.0,1.0,1.0,1.0,0.0,4.0,2.6494,8.0,5.0,3.375
A,1,4111113635123614,0.1,1.0,1.0,1.0,1.0,0.0,4.0,2.2246,6.0,7.0,2.6875
A,1,4242420767906761,0.057,1.0,1.0,1.0,1.0,1.0,4.0,2.6863,7.0,3.0,4.1875
A,1,4242425196554173,0.105,1.0,1.0,1.0,1.0,1.0,4.0,2.7806,8.0,4.0,4.0
A,1,4532016043787576,0.183,1.0,1.0,1.0,1.0,2.0,4.0,3.0778,9.0,3.0,4.25
A,1,4242429968776311,0.041,1.0,1.0,1.0,1.0,1.0,4.0,2.9056,8.0,3.0,4.6875
A,1,5105101181626093,-0.4458,1.0,1.0,1.0,1.0,3.0,5.0,2.7272,8.0,5.0,3.0625
A,1,4111114637000891,-0.1266,1.0,1.0,1.0,1.0,0.0,4.0,2.6085,8.0,6.0,2.9375
A,1,4242422574160129,-0.0051,1.0,1.0,1.0,1.0,1.0,4.0,2.6494,8.0,5.0,3.4375
A,1,4242425481277571,0.2759,1.0,1.0,1.0,1.0,1.0,4.0,2.4528,6.0,4.0,4.0625
A,1,5105102280461044,0.2372,1.0,1.0,1.0,1.0,3.0,5.0,2.6556,7.0,4.0,2.6875
A,1,4111115125503866,-0.0728,1.0,1.0,1.0,1.0,0.0,4.0,2.6085,8.0,6.0,3.125
A,1,4111119922383696,0.3974,1.0,1.0,1.0,1.0,0.0,4.0,2.6022,7.0,5.0,4.125
A,1,5555558429522159,0.8672,1.0,1.0,1.0,1.0,4.0,5.0,2.0778,6.0,8.0,4.8125
A,1,4532010799240336,0.0446,1.0,1.0,1.0,1.0,2.0,4.0,3.0306,9.0,3.0,3.625
A,1,5105106775277104,0.4381,1.0,1.0,1.0,1.0,3.0,5.0,2.6085,7.0,4.0,3.625
A,1,4111112204746938,-0.1843,1.0,1.0,1.0,1.0,0.0,4.0,2.8522,9.0,5.0,3.375
A,1,4111118472601895,-0.083,1.0,1.0,1.0,1.0,0.0,4.0,2.7806,9.0,6.0,3.6875
A,1,4111111285349125,-0.2028,1.0,1.0,1.0,1.0,0.0,4.0,2.3968,7.0,7.0,3.0625
A,1,4532015100006953,0.2254,1.0,1.0,1.0,1.0,2.0,4.0,2.7272,8.0,5.0,2.75
A,1,4242421932443029,0.21,1.0,1.0,1.0,1.0,1.0,4.0,2.2988,6.0,5.0,3.4375
A,1,4242426738244810,0.1026,1.0,1.0,1.0,1.0,1.0,4.0,2.6494,8.0,5.0,3.8125
A,1,4532015526104754,-0.2839,1.0,1.0,1.0,1.0,2.0,4.0,2.8278,8.0,4.0,3.375
A,1,5555556910209765,0.4402,1.0,1.0,1.0,1.0,4.0,5.0,2.3968,7.0,7.0,4.6875
A,1,4242427950599642,-0.0085,1.0,1.0,1.0,1.0,1.0,4.0,2.5778,7.0,4.0,4.625
A,1,4111116962449718,0.5303,1.0,1.0,1.0,1.0,0.0,4.0,2.4835,7.0,6.0,4.0625
A,1,4111115357922198,0.1125,1.0,1.0,1.0,1.0,0.0,4.0,2.6556,8.0,6.0,3.75
A,1,4532011495708188,0.1852,1.0,1.0,1.0,1.0,2.0,4.0,3.0306,9.0,3.0,4.125
A,1,4532011557311830,-0.3184,1.0,1.0,1.0,1.0,2.0,4.0,2.7806,8.0,4.0,3.0625
A,1,4111119523802565,-0.1843,1.0,1.0,1.0,1.0,0.0,4.0,2.8522,9.0,5.0,3.375
A,1,5555557949694845,0.8786,1.0,1.0,1.0,1.0,4.0,5.0,2.1774,6.0,7.0,5.9375
A,1,4111119207767902,0.3133,1.0,1.0,1.0,1.0,0.0,4.0,2.6022,7.0,5.0,3.625
A,1,4111119692876135,0.5698,1.0,1.0,1.0,1.0,0.0,4.0,2.7806,9.0,6.0,4.0625
A,1,4532017513680986,-0.112,1.0,1.0,1.0,1.0,2.0,4.0,3.25,10.0,2.0,4.25
A,1,4111116420516702,0.0666,1.0,1.0,1.0,1.0,0.0,4.0,2.5306,7.0,6.0,2.625
A,1,4242427771461584,-0.0819,1.0,1.0,1.0,1.0,1.0,4.0,2.555,7.0,5.0,4.25
A,1,4111112329675467,0.2699,1.0,1.0,1.0,1.0,0.0,4.0,2.7744,8.0,5.0,3.75
A,1,5105103062004614,0.2362,1.0,1.0,1.0,1.0,3.0,5.0,2.6022,7.0,5.0,2.375
A,1,4242421508442884,-0.0821,1.0,1.0,1.0,1.0,1.0,4.0,2.2335,6.0,6.0,3.875
A,1,5105103268939316,-0.2522,1.0,1.0,1.0,1.0,3.0,5.0,2.9056,8.0,3.0,3.875
A,1,4532016263167848,0.2292,1.0,1.0,1.0,1.0,2.0,4.0,3.0778,9.0,3.0,4.125
A,1,4111110711158548,0.0891,1.0,1.0,1.0,1.0,0.0,4.0,2.125,6.0,8.0,3.0625
A,1,4242427291996184,-0.0085,1.0,1.0,1.0,1.0,1.0,4.0,2.5778,7.0,4.0,4.625
A,1,4111113864612303,0.1862,1.0,1.0,1.0,1.0,0.0,4.0,2.4835,7.0,6.0,2.8125
A,1,5555552502901091,0.5604,1.0,1.0,1.0,1.0,4.0,5.0,2.0996,5.0,7.0,3.6875
A,1,4111114012706344,0.1688,1.0,1.0,1.0,1.0,0.0,4.0,2.4056,7.0,6.0,2.5
A,1,4242427971609644,0.1131,1.0,1.0,1.0,1.0,1.0,4.0,2.6022,7.0,5.0,4.4375
A,1,4242422279240846,0.1427,1.0,1.0,1.0,1.0,1.0,4.0,2.305,7.0,6.0,3.875
A,1,4242422323368866,0.4421,1.0,1.0,1.0,1.0,1.0,4.0,2.2579,5.0,5.0,4.0625
A,1,4111115051323412,-0.3672,1.0,1.0,1.0,1.0,0.0,4.0,2.2718,6.0,7.0,2.1875
A,1,4111118421815281,0.0553,1.0,1.0,1.0,1.0,0.0,4.0,1.9528,5.0,8.0,3.0625
A,1,4242422429687862,-0.2015,1.0,1.0,1.0,1.0,1.0,4.0,2.2806,6.0,6.0,4.5
A,1,6011008115259563,-0.5392,1.0,1.0,1.0,1.0,5.0,6.0,2.7806,8.0,4.0,3.3125
A,1,4111114369907206,-0.1191,1.0,1.0,1.0,1.0,0.0,4.0,2.7744,8.0,5.0,3.4375
A,1,4111114435155673,0.3342,1.0,1.0,1.0,1.0,0.0,4.0,2.3113,6.0,6.0,3.25
A,1,4532010246474611,-0.0094,1.0,1.0,1.0,1.0,2.0,4.0,2.8278,8.0,4.0,3.125
A,1,4242428268140616,0.2878,1.0,1.0,1.0,1.0,1.0,4.0,2.4528,6.0,4.0,3.75
A,1,4111118890878836,0.2451,1.0,1.0,1.0,1.0,0.0,4.0,2.5488,8.0,5.0,4.625
A,1,5105101662269553,0.0137,1.0,1.0,1.0,1.0,3.0,5.0,2.6556,7.0,4.0,3.5625
A,1,4242422768613529,0.2173,1.0,1.0,1.0,1.0,1.0,4.0,2.8522,9.0,5.0,4.1875
A,1,4242425100972909,0.3538,1.0,1.0,1.0,1.0,1.0,4.0,2.6085,7.0,4.0,3.75
A,1,4242427642180561,0.2632,1.0,1.0,1.0,1.0,1.0,4.0,2.75,8.0,4.0,3.625
A,1,4111112803251397,-0.0173,1.0,1.0,1.0,1.0,0.0,4.0,2.7806,9.0,6.0,3.0625
A,1,4111111294243848,0.1574,1.0,1.0,1.0,1.0,0.0,4.0,2.2806,6.0,6.0,3.375
A,1,4111114467046691,-0.0956,1.0,1.0,1.0,1.0,0.0,4.0,2.2335,6.0,6.0,3.5
A,1,4111111471904766,0.0118,1.0,1.0,1.0,1.0,0.0,4.0,2.2246,6.0,7.0,3.375
A,1,6011001452366687,0.2249,1.0,1.0,1.0,1.0,5.0,6.0,2.9056,9.0,4.0,3.5
A,1,4242429519001797,0.1113,1.0,1.0,1.0,1.0,1.0,4.0,2.7335,7.0,3.0,4.125
A,1,4532011801178308,-0.1692,1.0,1.0,1.0,1.0,2.0,4.0,2.7806,8.0,4.0,3.25
A,1,4111111798534247,0.0827,1.0,1.0,1.0,1.0,0.0,4.0,2.6085,8.0,6.0,3.6875
A,1,4111118798294607,0.0179,1.0,1.0,1.0,1.0,0.0,4.0,2.7744,8.0,5.0,4.3125
A,1,4242424390852178,0.2606,1.0,1.0,1.0,1.0,1.0,4.0,2.875,9.0,4.0,4.0625
A,1,4111116122150867,-0.3063,1.0,1.0,1.0,1.0,0.0,4.0,2.5218,8.0,7.0,2.9375
A,1,4532019236549043,0.0128,1.0,1.0,1.0,1.0,2.0,4.0,2.9056,8.0,3.0,3.75
A,1,4111117993744572,0.2123,1.0,1.0,1.0,1.0,0.0,4.0,2.555,7.0,5.0,4.125
A,1,4111117645719014,0.0276,1.0,1.0,1.0,1.0,0.0,4.0,2.3496,7.0,7.0,3.3125
A,1,4242420553950643,0.2669,1.0,1.0,1.0,1.0,1.0,4.0,2.6556,7.0,4.0,3.625
A,1,4242428800388368,-0.3856,1.0,1.0,1.0,1.0,1.0,4.0,2.43,6.0,5.0,4.375
A,1,4111110187986430,-0.3644,1.0,1.0,1.0,1.0,0.0,4.0,2.6556,8.0,6.0,3.4375
A,1,5555550757360179,0.3797,1.0,1.0,1.0,1.0,4.0,5.0,2.3496,7.0,7.0,4.6875
A,1,4111111880923878,0.184,1.0,1.0,1.0,1.0,0.0,4.0,2.5306,8.0,6.0,3.9375
A,1,5555554510647062,0.2042,1.0,1.0,1.0,1.0,4.0,5.0,2.3968,7.0,7.0,4.0625
A,1,4111114046366958,0.0953,1.0,1.0,1.0,1.0,0.0,4.0,2.68,8.0,5.0,3.75
A,1,5105108665603837,0.1103,1.0,1.0,1.0,1.0,3.0,5.0,2.7335,7.0,3.0,4.0
A,1,4532017577270542,-0.0724,1.0,1.0,1.0,1.0,2.0,4.0,2.6556,7.0,4.0,3.8125
A,1,4242421251942924,-0.1747,1.0,1.0,1.0,1.0,1.0,4.0,2.055,5.0,6.0,3.5625
A,1,4242425364345602,-0.0374,1.0,1.0,1.0,1.0,1.0,4.0,2.3994,6.0,5.0,3.5
A,1,4532016295265388,-0.0338,1.0,1.0,1.0,1.0,2.0,4.0,3.0306,9.0,3.0,4.3125
A,1,4532013968159550,0.3348,1.0,1.0,1.0,1.0,2.0,4.0,3.0,9.0,4.0,4.125
A,1,5555555994809169,-0.1739,1.0,1.0,1.0,1.0,4.0,5.0,2.2718,7.0,7.0,5.625
A,1,4111110816276401,0.156,1.0,1.0,1.0,1.0,0.0,4.0,2.3968,7.0,7.0,2.75
A,1,4242422720305818,-0.1881,1.0,1.0,1.0,1.0,1.0,4.0,2.7272,8.0,5.0,3.375
A,1,4242421949114761,-0.1307,1.0,1.0,1.0,1.0,1.0,4.0,2.3522,6.0,5.0,3.8125
A,1,5105102745100047,-0.3177,1.0,1.0,1.0,1.0,3.0,5.0,2.43,6.0,5.0,2.625
A,1,4242424424259044,0.1155,1.0,1.0,1.0,1.0,1.0,4.0,1.7744,5.0,8.0,3.5
A,1,4111115624951871,-0.0788,1.0,1.0,1.0,1.0,0.0,4.0,2.5218,8.0,7.0,3.5625
A,1,4111118826823773,0.1994,1.0,1.0,1.0,1.0,0.0,4.0,2.6022,7.0,5.0,3.9375
A,1,4111117959436767,0.136,1.0,1.0,1.0,1.0,0.0,4.0,2.6022,7.0,5.0,4.5
A,1,4111117327064622,-0.0453,1.0,1.0,1.0,1.0,0.0,4.0,2.6022,7.0,5.0,3.0
A,1,4242427216716550,0.345,1.0,1.0,1.0,1.0,1.0,4.0,2.7028,7.0,4.0,3.625
A,1,4111119879721765,0.3357,1.0,1.0,1.0,1.0,0.0,4.0,2.6085,8.0,6.0,4.375
A,1,4111115103994590,-0.0033,1.0,1.0,1.0,1.0,0.0,4.0,2.3585,6.0,6.0,3.375
A,1,4111118168820791,-0.2531,1.0,1.0,1.0,1.0,0.0,4.0,2.4746,8.0,7.0,3.6875
A,1,4532016952667819,0.1896,1.0,1.0,1.0,1.0,2.0,4.0,3.2028,10.0,3.0,4.625
A,1,5555554998318848,-0.3619,1.0,1.0,1.0,1.0,4.0,5.0,2.2806,6.0,6.0,5.75
A,1,6011008436290669,-0.1528,1.0,1.0,1.0,1.0,5.0,6.0,2.75,8.0,4.0,3.8125
A,1,6011004623960685,0.3286,1.0,1.0,1.0,1.0,5.0,6.0,2.875,9.0,4.0,3.5625
A,1,4111112224272253,-0.0745,1.0,1.0,1.0,1.0,0.0,4.0,2.18,6.0,6.0,2.5
A,1,4242424306226715,0.013,1.0,1.0,1.0,1.0,1.0,4.0,2.6494,8.0,5.0,3.375
A,1,6011009664653115,-0.3093,1.0,1.0,1.0,1.0,5.0,6.0,2.5778,7.0,4.0,3.375
A,1,4532013981498332,0.1103,1.0,1.0,1.0,1.0,2.0,4.0,2.875,8.0,4.0,4.0625
A,1,4532013862016724,0.3992,1.0,1.0,1.0,1.0,2.0,4.0,3.0778,9.0,3.0,3.375
A,1,4111115307945729,0.2699,1.0,1.0,1.0,1.0,0.0,4.0,2.7744,8.0,5.0,3.75
A,1,4532011369707407,0.06,1.0,1.0,1.0,1.0,2.0,4.0,3.0306,9.0,3.0,3.6875
A,1,6011006869778366,0.6196,1.0,1.0,1.0,1.0,5.0,6.0,2.6022,7.0,5.0,4.625
A,1,4111112856454955,0.0049,1.0,1.0,1.0,1.0,0.0,4.0,2.4772,7.0,5.0,3.875
A,1,4111115474837568,0.3974,1.0,1.0,1.0,1.0,0.0,4.0,2.6022,7.0,5.0,4.125
A,1,4111114360888975,0.4736,1.0,1.0,1.0,1.0,0.0,4.0,2.8522,9.0,5.0,4.1875
A,1,4242426940322214,0.315,1.0,1.0,1.0,1.0,1.0,4.0,2.305,7.0,6.0,3.1875
A,1,4111116252965258,-0.189,1.0,1.0,1.0,1.0,0.0,4.0,2.555,7.0,5.0,3.6875
A,1,4242423565211285,-0.0652,1.0,1.0,1.0,1.0,1.0,4.0,2.555,7.0,5.0,3.5
A,1,4242423819095468,0.2761,1.0,1.0,1.0,1.0,1.0,4.0,2.9528,9.0,4.0,4.4375
A,1,4111118143472528,0.1103,1.0,1.0,1.0,1.0,0.0,4.0,2.4835,7.0,6.0,3.3125
A,1,4242421883544890,-0.1132,1.0,1.0,1.0,1.0,1.0,4.0,2.68,8.0,5.0,4.25
A,1,5105107442299083,-0.055,1.0,1.0,1.0,1.0,3.0,5.0,3.0778,9.0,3.0,3.75
A,1,4111117258095678,0.5067,1.0,1.0,1.0,1.0,0.0,4.0,2.8994,9.0,5.0,4.125
A,1,5105104230851712,0.041,1.0,1.0,1.0,1.0,3.0,5.0,2.7806,8.0,4.0,2.8125
A,1,4111116757681996,0.369,1.0,1.0,1.0,1.0,0.0,4.0,2.4835,7.0,6.0,4.5625
A,1,4532018971540670,0.0954,1.0,1.0,1.0,1.0,2.0,4.0,3.2028,10.0,3.0,3.875
A,1,4242422190661427,0.0597,1.0,1.0,1.0,1.0,1.0,4.0,2.5244,7.0,5.0,3.5
A,1,4242427568750264,0.1703,1.0,1.0,1.0,1.0,1.0,4.0,2.625,7.0,4.0,4.25
A,1,4242428256607337,0.1408,1.0,1.0,1.0,1.0,1.0,4.0,2.8278,8.0,4.0,4.0625
A,1,4111118226915666,0.1686,1.0,1.0,1.0,1.0,0.0,4.0,2.4056,7.0,6.0,3.75
A,1,5105106965615337,-0.0174,1.0,1.0,1.0,1.0,3.0,5.0,2.6556,7.0,4.0,3.9375
A,1,4111118821587480,0.1686,1.0,1.0,1.0,1.0,0.0,4.0,2.4056,7.0,6.0,3.75
A,1,4111114884696912,0.1402,1.0,1.0,1.0,1.0,0.0,4.0,2.3585,6.0,6.0,4.125
A,1,5105109396630826,-0.142,1.0,1.0,1.0,1.0,3.0,5.0,2.9056,8.0,3.0,4.0
A,1,4532010489961266,0.2292,1.0,1.0,1.0,1.0,2.0,4.0,3.0778,9.0,3.0,4.125
A,1,4111110161112342,1.0688,1.0,1.0,1.0,1.0,0.0,4.0,1.9669,6.0,9.0,1.875
A,1,4242424426580272,0.428,1.0,1.0,1.0,1.0,1.0,4.0,2.305,7.0,6.0,3.625
A,1,4532012925283685,0.3565,1.0,1.0,1.0,1.0,2.0,4.0,2.9528,9.0,4.0,4.0625
A,1,4111118572720462,-0.0294,1.0,1.0,1.0,1.0,0.0,4.0,2.7272,8.0,5.0,3.25
A,1,4111111859908363,-0.1066,1.0,1.0,1.0,1.0,0.0,4.0,2.6556,8.0,6.0,3.8125
A,1,4111112672764041,-0.1466,1.0,1.0,1.0,1.0,0.0,4.0,2.3585,6.0,6.0,3.0
A,1,4111112469283114,-0.117,1.0,1.0,1.0,1.0,0.0,4.0,2.3496,7.0,7.0,3.0625
A,1,4111119670256987,0.4078,1.0,1.0,1.0,1.0,0.0,4.0,2.8994,9.0,5.0,4.25
A,1,4532012537939146,0.2546,1.0,1.0,1.0,1.0,2.0,4.0,3.0778,9.0,3.0,4.0
A,1,4111111226510660,-0.118,1.0,1.0,1.0,1.0,0.0,4.0,2.2246,6.0,7.0,2.375
A,1,4111110950161898,-0.1155,1.0,1.0,1.0,1.0,0.0,4.0,2.3968,7.0,7.0,3.5
A,1,6011001595754955,-0.3346,1.0,1.0,1.0,1.0,5.0,6.0,2.555,7.0,5.0,3.9375
A,1,4242420787576693,0.7102,1.0,1.0,1.0,1.0,1.0,4.0,2.9835,9.0,3.0,4.75
A,1,4242423437684123,-0.0749,1.0,1.0,1.0,1.0,1.0,4.0,2.4772,7.0,5.0,3.6875
A,1,4111118026455699,0.1255,1.0,1.0,1.0,1.0,0.0,4.0,2.7744,8.0,5.0,3.9375
A,1,4242422775802875,-0.4433,1.0,1.0,1.0,1.0,1.0,4.0,2.43,6.0,5.0,4.3125
A,1,4111119955972233,0.1994,1.0,1.0,1.0,1.0,0.0,4.0,2.6022,7.0,5.0,3.9375
A,1,4111111744397194,0.583,1.0,1.0,1.0,1.0,0.0,4.0,2.0218,5.0,7.0,3.625
A,1,4111110680778839,0.2267,1.0,1.0,1.0,1.0,0.0,4.0,2.7272,8.0,5.0,4.0625
A,1,4242427479977170,-0.0335,1.0,1.0,1.0,1.0,1.0,4.0,2.3522,6.0,5.0,4.75
A,1,6011001414816175,0.1618,1.0,1.0,1.0,1.0,5.0,6.0,2.4835,7.0,6.0,2.875
A,1,5105107825123868,-0.2094,1.0,1.0,1.0,1.0,3.0,5.0,2.8585,8.0,3.0,3.875
A,1,4111115387602356,-0.2059,1.0,1.0,1.0,1.0,0.0,4.0,2.8994,9.0,5.0,3.375
A,1,4242422022859348,-0.1518,1.0,1.0,1.0,1.0,1.0,4.0,2.4056,7.0,6.0,3.8125
A,1,4242426016973502,0.3039,1.0,1.0,1.0,1.0,1.0,4.0,2.9528,9.0,4.0,3.5625
A,1,5105108066718945,-0.1439,1.0,1.0,1.0,1.0,3.0,5.0,2.8585,8.0,3.0,4.125
A,1,4111117437084627,-0.0823,1.0,1.0,1.0,1.0,0.0,4.0,2.68,8.0,5.0,3.5625
A,1,4242423169083619,0.0853,1.0,1.0,1.0,1.0,1.0,4.0,2.9056,8.0,3.0,4.0
A,1,4532012463308142,-0.1247,1.0,1.0,1.0,1.0,2.0,4.0,2.8585,8.0,3.0,3.0
A,1,4111110774761857,-0.0784,1.0,1.0,1.0,1.0,0.0,4.0,2.4056,7.0,6.0,3.8125
A,1,5105101011566089,-0.1108,1.0,1.0,1.0,1.0,3.0,5.0,2.3522,6.0,5.0,3.0625
A,1,4111111634770369,-0.0063,1.0,1.0,1.0,1.0,0.0,4.0,2.5306,7.0,6.0,3.4375
A,1,4111117599542404,0.1583,1.0,1.0,1.0,1.0,0.0,4.0,2.5244,7.0,5.0,3.625
A,1,4242425029793147,0.1786,1.0,1.0,1.0,1.0,1.0,4.0,2.75,8.0,4.0,4.0625
A,1,5105102482956221,-0.4172,1.0,1.0,1.0,1.0,3.0,5.0,2.7806,8.0,4.0,3.3125
A,1,4242428856809556,-0.2513,1.0,1.0,1.0,1.0,1.0,4.0,2.6863,7.0,3.0,4.875
A,1,4532016066941720,0.0508,1.0,1.0,1.0,1.0,2.0,4.0,3.0306,9.0,3.0,3.5
A,1,4242420141178913,-0.2224,1.0,1.0,1.0,1.0,1.0,4.0,2.7028,8.0,4.0,3.3125
A,1,4111116254487723,-0.0151,1.0,1.0,1.0,1.0,0.0,4.0,2.7272,8.0,5.0,3.5625
A,1,4111119018832549,0.0295,1.0,1.0,1.0,1.0,0.0,4.0,2.6556,8.0,6.0,3.625
A,1,4242422586889020,0.0638,1.0,1.0,1.0,1.0,1.0,4.0,2.555,7.0,5.0,4.125
A,1,4532015382699087,-1.6354,1.0,1.0,1.0,1.0,2.0,4.0,3.25,10.0,2.0,4.5
A,1,4242425724677306,0.1563,1.0,1.0,1.0,1.0,1.0,4.0,2.5778,7.0,4.0,4.0625
A,1,4111110612909122,-0.0544,1.0,1.0,1.0,1.0,0.0,4.0,2.2246,6.0,7.0,2.5625
A,1,4111117777758533,-0.0177,1.0,1.0,1.0,1.0,0.0,4.0,2.2988,6.0,5.0,4.25
A,1,4111115506072945,-0.0294,1.0,1.0,1.0,1.0,0.0,4.0,2.7272,8.0,5.0,3.25
A,1,4111116869728388,0.4047,1.0,1.0,1.0,1.0,0.0,4.0,2.6494,8.0,5.0,4.625
A,1,4532014877370163,-0.1455,1.0,1.0,1.0,1.0,2.0,4.0,3.0306,9.0,3.0,3.8125
A,1,4242429683262225,0.0331,1.0,1.0,1.0,1.0,1.0,4.0,2.3496,7.0,7.0,3.9375
A,1,4111113340809713,0.1622,1.0,1.0,1.0,1.0,0.0,4.0,2.4835,7.0,6.0,2.9375
A,1,6011009648291230,-0.3066,1.0,1.0,1.0,1.0,5.0,6.0,2.8278,8.0,4.0,3.25
A,1,4111111689489311,-0.0224,1.0,1.0,1.0,1.0,0.0,4.0,2.125,6.0,8.0,3.6875
A,1,4111114970666670,0.0917,1.0,1.0,1.0,1.0,0.0,4.0,2.3994,6.0,5.0,3.75
A,1,5105108879752982,0.3144,1.0,1.0,1.0,1.0,3.0,5.0,2.7806,7.0,3.0,4.8125
A,1,4532017314335939,0.0262,1.0,1.0,1.0,1.0,2.0,4.0,2.7744,8.0,5.0,3.875
A,1,6011008529354562,0.3461,1.0,1.0,1.0,1.0,5.0,6.0,3.0306,9.0,3.0,3.5625
A,1,5105104257581218,0.1364,1.0,1.0,1.0,1.0,3.0,5.0,2.625,7.0,4.0,3.4375
A,1,4111117743717639,0.2176,1.0,1.0,1.0,1.0,0.0,4.0,2.2806,6.0,6.0,3.9375
A,1,4111118317508198,-0.2531,1.0,1.0,1.0,1.0,0.0,4.0,2.4746,8.0,7.0,3.6875
A,1,4242420957101595,0.149,1.0,1.0,1.0,1.0,1.0,4.0,2.7335,7.0,3.0,3.75
A,1,4111113489987320,0.1255,1.0,1.0,1.0,1.0,0.0,4.0,2.7744,8.0,5.0,3.875
A,1,4242421624058580,0.2243,1.0,1.0,1.0,1.0,1.0,4.0,2.625,7.0,4.0,3.5625
A,1,4111116758539979,0.5839,1.0,1.0,1.0,1.0,0.0,4.0,2.7272,8.0,5.0,4.8125
A,1,5555554958062915,-0.1909,1.0,1.0,1.0,1.0,4.0,5.0,2.375,8.0,8.0,4.9375
A,1,4111113442201025,-0.0339,1.0,1.0,1.0,1.0,0.0,4.0,2.3113,6.0,6.0,2.0
A,1,4111115441705997,0.2331,1.0,1.0,1.0,1.0,0.0,4.0,2.3585,6.0,6.0,3.75
A,1,4532019340569432,0.0128,1.0,1.0,1.0,1.0,2.0,4.0,2.9056,8.0,3.0,3.75
A,1,4111117691451611,0.2893,1.0,1.0,1.0,1.0,0.0,4.0,1.9669,6.0,9.0,3.125
A,1,4242423336860576,0.0916,1.0,1.0,1.0,1.0,1.0,4.0,2.8113,8.0,3.0,4.0625
A,1,5105101140483073,0.0741,1.0,1.0,1.0,1.0,3.0,5.0,2.625,7.0,4.0,2.6875
A,1,4532016697358484,0.3412,1.0,1.0,1.0,1.0,2.0,4.0,3.2028,10.0,3.0,4.6875
A,1,4111115191838642,-0.1397,1.0,1.0,1.0,1.0,0.0,4.0,2.5218,8.0,7.0,3.5
A,1,4111118627807165,-0.1776,1.0,1.0,1.0,1.0,0.0,4.0,2.6556,8.0,6.0,3.6875
A,1,4532012382423212,0.2656,1.0,1.0,1.0,1.0,2.0,4.0,2.4835,7.0,6.0,2.75
A,1,4242429151413250,-0.5682,1.0,1.0,1.0,1.0,1.0,4.0,2.5778,7.0,4.0,3.0625
A,1,4242427648648611,-0.4433,1.0,1.0,1.0,1.0,1.0,4.0,2.43,6.0,5.0,4.3125
A,1,4242427571658058,-0.1987,1.0,1.0,1.0,1.0,1.0,4.0,2.8585,8.0,3.0,4.375
A,1,4111114797958367,0.1414,1.0,1.0,1.0,1.0,0.0,4.0,2.7272,8.0,5.0,4.625
A,1,5105107781419722,0.005,1.0,1.0,1.0,1.0,3.0,5.0,2.8278,8.0,4.0,3.75
A,1,5555556643721086,0.4772,1.0,1.0,1.0,1.0,4.0,5.0,2.7335,9.0,6.0,4.5625
A,1,4111118258665965,-0.0468,1.0,1.0,1.0,1.0,0.0,4.0,2.555,7.0,5.0,4.3125
A,1,4242426837672374,0.1359,1.0,1.0,1.0,1.0,1.0,4.0,2.4528,6.0,4.0,4.4375
A,1,5555551428614457,0.096,1.0,1.0,1.0,1.0,4.0,5.0,2.3496,7.0,7.0,4.5
A,1,4111119767339514,0.1975,1.0,1.0,1.0,1.0,0.0,4.0,2.5306,7.0,6.0,3.9375
A,1,4242420678571043,0.124,1.0,1.0,1.0,1.0,1.0,4.0,2.9528,9.0,4.0,3.6875
A,1,4242426650176354,-0.1496,1.0,1.0,1.0,1.0,1.0,4.0,2.7806,8.0,4.0,3.8125
A,1,4111117061211801,0.1872,1.0,1.0,1.0,1.0,0.0,4.0,2.0919,7.0,9.0,2.25
A,1,4111118060379706,-0.2266,1.0,1.0,1.0,1.0,0.0,4.0,2.7272,8.0,5.0,3.4375
A,1,4532013659304259,-0.1693,1.0,1.0,1.0,1.0,2.0,4.0,2.9056,8.0,3.0,3.8125
A,1,4242420920203668,-0.1745,1.0,1.0,1.0,1.0,1.0,4.0,2.555,7.0,5.0,3.375
A,1,4111117488778085,-0.0939,1.0,1.0,1.0,1.0,0.0,4.0,2.3522,6.0,5.0,4.4375
A,1,4111117902664333,-0.0294,1.0,1.0,1.0,1.0,0.0,4.0,2.7272,8.0,5.0,3.25
A,1,4111113092698660,0.1319,1.0,1.0,1.0,1.0,0.0,4.0,2.7272,8.0,5.0,3.625
A,1,5555557197569491,0.6011,1.0,1.0,1.0,1.0,4.0,5.0,2.2246,6.0,7.0,5.5
A,1,4111111144064279,0.1162,1.0,1.0,1.0,1.0,0.0,4.0,2.2718,7.0,7.0,2.9375
A,1,4532013393101813,-0.044,1.0,1.0,1.0,1.0,2.0,4.0,2.6494,8.0,5.0,2.9375
A,1,4111115710754866,0.2096,1.0,1.0,1.0,1.0,0.0,4.0,2.5306,7.0,6.0,3.625
A,1,4242424363126022,0.1093,1.0,1.0,1.0,1.0,1.0,4.0,2.2806,6.0,6.0,2.9375
A,1,4111111864908952,-0.1066,1.0,1.0,1.0,1.0,0.0,4.0,2.6556,8.0,6.0,3.8125
A,1,4111118664149919,0.1307,1.0,1.0,1.0,1.0,0.0,4.0,2.0524,5.0,7.0,4.125
A,1,4242423629594551,0.0299,1.0,1.0,1.0,1.0,1.0,4.0,2.5778,7.0,4.0,4.1875
A,1,4111119568270124,-0.3338,1.0,1.0,1.0,1.0,0.0,4.0,2.7806,9.0,6.0,3.3125
A,1,4111115926308127,-0.1527,1.0,1.0,1.0,1.0,0.0,4.0,2.9056,10.0,6.0,3.25
A,1,4111112787099853,0.452,1.0,1.0,1.0,1.0,0.0,4.0,2.8994,9.0,5.0,4.1875
A,1,5555559575051662,1.0133,1.0,1.0,1.0,1.0,4.0,5.0,2.0919,7.0,9.0,4.75
A,1,4532014152353082,-0.0939,1.0,1.0,1.0,1.0,2.0,4.0,2.7335,7.0,3.0,3.0
A,1,4242421985953411,0.1699,1.0,1.0,1.0,1.0,1.0,4.0,2.6556,7.0,4.0,4.0
A,1,4242423099960332,0.1304,1.0,1.0,1.0,1.0,1.0,4.0,2.4835,6.0,4.0,3.875
A,1,4532014221969694,-0.0653,1.0,1.0,1.0,1.0,2.0,4.0,2.8585,8.0,3.0,4.1875
A,1,4532017881186434,0.2486,1.0,1.0,1.0,1.0,2.0,4.0,2.9835,9.0,3.0,4.0625
A,1,5105108042308845,-0.111,1.0,1.0,1.0,1.0,3.0,5.0,2.6556,7.0,4.0,3.375
A,1,4111115272563689,0.1557,1.0,1.0,1.0,1.0,0.0,4.0,2.8994,9.0,5.0,3.875
A,1,4111118733904997,0.2787,1.0,1.0,1.0,1.0,0.0,4.0,2.6022,7.0,5.0,4.25
A,1,4242428613146797,-0.1449,1.0,1.0,1.0,1.0,1.0,4.0,2.8278,8.0,4.0,4.375
A,1,4111112739730365,-0.1843,1.0,1.0,1.0,1.0,0.0,4.0,2.8522,9.0,5.0,3.375
A,1,4242428741817194,-0.3029,1.0,1.0,1.0,1.0,1.0,4.0,2.43,6.0,5.0,4.25
A,1,6011001594755862,0.3532,1.0,1.0,1.0,1.0,5.0,6.0,2.9835,9.0,3.0,3.75
A,1,6011006607386266,0.1562,1.0,1.0,1.0,1.0,5.0,6.0,2.4056,7.0,6.0,3.625
A,1,4111111855539873,0.3146,1.0,1.0,1.0,1.0,0.0,4.0,2.4835,7.0,6.0,3.9375
A,1,4532019112467872,-0.0741,1.0,1.0,1.0,1.0,2.0,4.0,3.1556,10.0,3.0,3.875
A,1,4111112013516175,-0.2858,1.0,1.0,1.0,1.0,0.0,4.0,2.375,8.0,8.0,2.5
A,1,4532010605395670,0.243,1.0,1.0,1.0,1.0,2.0,4.0,2.9528,9.0,4.0,3.5
A,1,5105109267020404,0.1791,1.0,1.0,1.0,1.0,3.0,5.0,2.7744,8.0,5.0,2.875
A,1,4111113691593262,-0.0063,1.0,1.0,1.0,1.0,0.0,4.0,2.5306,7.0,6.0,3.4375
A,1,4111118197226580,-0.0298,1.0,1.0,1.0,1.0,0.0,4.0,2.7806,9.0,6.0,3.5625
A,1,4111110422621230,-0.5927,1.0,1.0,1.0,1.0,0.0,4.0,2.2806,6.0,6.0,1.9375
A,1,5555553511789733,0.6523,1.0,1.0,1.0,1.0,4.0,5.0,2.2246,6.0,7.0,4.8125
A,1,4111113412237850,0.0917,1.0,1.0,1.0,1.0,0.0,4.0,2.6556,8.0,6.0,2.75
A,1,5105102855902638,0.005,1.0,1.0,1.0,1.0,3.0,5.0,2.8278,8.0,4.0,3.75
A,1,5555553238066100,0.299,1.0,1.0,1.0,1.0,4.0,5.0,2.4835,7.0,6.0,3.6875
A,1,4111113789028593,0.2966,1.0,1.0,1.0,1.0,0.0,4.0,2.8994,9.0,5.0,3.9375
A,1,4111113048985880,0.0443,1.0,1.0,1.0,1.0,0.0,4.0,2.5244,7.0,5.0,3.875
A,1,4111112438928526,0.1319,1.0,1.0,1.0,1.0,0.0,4.0,2.7272,8.0,5.0,3.625
A,1,4111117256219353,-0.1672,1.0,1.0,1.0,1.0,0.0,4.0,2.6556,8.0,6.0,3.25
A,1,4242426826971993,0.0606,1.0,1.0,1.0,1.0,1.0,4.0,2.7806,8.0,4.0,4.875
A,1,4532016087827767,0.2902,1.0,1.0,1.0,1.0,2.0,4.0,3.0,9.0,4.0,4.5625
A,1,4532012623928425,0.2872,1.0,1.0,1.0,1.0,2.0,4.0,2.8994,9.0,5.0,3.625
A,1,5105106917160200,0.0851,1.0,1.0,1.0,1.0,3.0,5.0,2.5244,7.0,5.0,2.75
A,1,5105109551015268,0.2206,1.0,1.0,1.0,1.0,3.0,5.0,2.4772,7.0,5.0,3.375
A,1,4532018105031232,-0.6117,1.0,1.0,1.0,1.0,2.0,4.0,2.6863,7.0,3.0,2.5
A,1,4111113294105233,0.2989,1.0,1.0,1.0,1.0,0.0,4.0,2.4835,7.0,6.0,2.5625
A,1,4111117043019058,-0.1026,1.0,1.0,1.0,1.0,0.0,4.0,2.6085,8.0,6.0,2.875
A,1,4111114692179002,-0.1725,1.0,1.0,1.0,1.0,0.0,4.0,2.5306,7.0,6.0,3.0625
A,1,5105101434437231,0.2841,1.0,1.0,1.0,1.0,3.0,5.0,2.6556,7.0,4.0,2.75
A,1,4111117658493762,0.5067,1.0,1.0,1.0,1.0,0.0,4.0,2.8994,9.0,5.0,4.125
A,1,4111118811233285,0.1719,1.0,1.0,1.0,1.0,0.0,4.0,2.2246,6.0,7.0,3.125
A,1,4111119619504778,0.249,1.0,1.0,1.0,1.0,0.0,4.0,2.6556,8.0,6.0,4.0625
A,1,5105109104003167,0.0202,1.0,1.0,1.0,1.0,3.0,5.0,2.6494,8.0,5.0,2.6875
A,1,4111118314920081,0.0388,1.0,1.0,1.0,1.0,0.0,4.0,2.3968,7.0,7.0,2.8125
A,1,4111117991336892,0.511,1.0,1.0,1.0,1.0,0.0,4.0,2.6085,8.0,6.0,4.125
A,1,5555555826093446,0.591,1.0,1.0,1.0,1.0,4.0,5.0,2.5218,8.0,7.0,4.8125
A,1,4532010515405825,0.1344,1.0,1.0,1.0,1.0,2.0,4.0,2.6022,7.0,5.0,3.125
A,1,5105109047775301,0.1364,1.0,1.0,1.0,1.0,3.0,5.0,2.6085,7.0,4.0,3.4375
A,1,4242424893012627,0.2335,1.0,1.0,1.0,1.0,1.0,4.0,2.7744,9.0,5.0,3.75
A,1,5555555048932488,-0.3676,1.0,1.0,1.0,1.0,4.0,5.0,2.3496,7.0,7.0,5.0625
A,1,5105108399200215,0.0637,1.0,1.0,1.0,1.0,3.0,5.0,2.6556,7.0,4.0,3.1875
A,1,4532018991095796,1.2427,1.0,1.0,1.0,1.0,2.0,4.0,3.125,10.0,4.0,4.875
A,1,4111113655436474,-0.113,1.0,1.0,1.0,1.0,0.0,4.0,2.3994,6.0,5.0,3.5
A,1,4111110687385877,0.016,1.0,1.0,1.0,1.0,0.0,4.0,2.68,8.0,5.0,4.25
A,1,4111113512595207,-0.303,1.0,1.0,1.0,1.0,0.0,4.0,2.6085,8.0,6.0,3.0
A,1,5555559696326282,-0.1749,1.0,1.0,1.0,1.0,4.0,5.0,2.3113,6.0,6.0,5.1875
A,1,5105102438413863,-0.471,1.0,1.0,1.0,1.0,3.0,5.0,2.9056,8.0,3.0,3.375
A,1,4111116604146094,0.0466,1.0,1.0,1.0,1.0,0.0,4.0,2.1085,5.0,6.0,3.0625
A,1,4111117957565393,0.2787,1.0,1.0,1.0,1.0,0.0,4.0,2.6022,7.0,5.0,4.25
A,1,4111119233174677,0.3267,1.0,1.0,1.0,1.0,0.0,4.0,2.4835,7.0,6.0,3.625
A,1,4242424314771942,0.2835,1.0,1.0,1.0,1.0,1.0,4.0,2.2806,6.0,6.0,3.75
A,1,4111115117972525,-0.0068,1.0,1.0,1.0,1.0,0.0,4.0,2.2246,6.0,7.0,3.3125
A,1,6011003327331466,0.0285,1.0,1.0,1.0,1.0,5.0,6.0,2.6085,7.0,4.0,2.875
A,1,4242429524489334,-0.1291,1.0,1.0,1.0,1.0,1.0,4.0,2.2806,6.0,6.0,4.3125
A,1,5555555051673839,0.5726,1.0,1.0,1.0,1.0,4.0,5.0,2.375,8.0,8.0,4.8125
A,1,4111113703998616,-0.1066,1.0,1.0,1.0,1.0,0.0,4.0,2.6556,8.0,6.0,3.8125
A,1,4532013344965100,-0.0458,1.0,1.0,1.0,1.0,2.0,4.0,2.8585,8.0,3.0,3.125
A,1,4532013782488474,-0.1708,1.0,1.0,1.0,1.0,2.0,4.0,2.8278,8.0,4.0,4.375
A,1,4242421136918875,0.2818,1.0,1.0,1.0,1.0,1.0,4.0,2.9835,9.0,3.0,4.1875
A,1,4242428903614207,0.2977,1.0,1.0,1.0,1.0,1.0,4.0,2.875,9.0,4.0,3.625
A,1,5555550734902697,0.4464,1.0,1.0,1.0,1.0,4.0,5.0,2.6556,8.0,6.0,4.8125
A,1,4242424471207698,0.3125,1.0,1.0,1.0,1.0,1.0,4.0,2.6494,8.0,5.0,4.125
A,1,4111117146139456,0.0281,1.0,1.0,1.0,1.0,0.0,4.0,2.3496,7.0,7.0,3.4375
A,1,4111112237901310,-0.0607,1.0,1.0,1.0,1.0,0.0,4.0,2.3968,7.0,7.0,2.3125
A,1,4111113900687855,0.2106,1.0,1.0,1.0,1.0,0.0,4.0,2.8994,9.0,5.0,3.75
A,1,5555557073726025,-0.1128,1.0,1.0,1.0,1.0,4.0,5.0,2.2246,6.0,7.0,4.3125
A,1,4532011340647318,0.1359,1.0,1.0,1.0,1.0,2.0,4.0,2.9835,9.0,3.0,3.25
A,1,4532016102813339,0.2486,1.0,1.0,1.0,1.0,2.0,4.0,2.9528,9.0,4.0,3.1875
A,1,4111116344429123,0.1906,1.0,1.0,1.0,1.0,0.0,4.0,2.2806,6.0,6.0,2.9375
A,1,4242420253772636,0.0917,1.0,1.0,1.0,1.0,1.0,4.0,2.6022,7.0,5.0,3.6875
A,1,4532014609755533,0.1041,1.0,1.0,1.0,1.0,2.0,4.0,2.9528,9.0,4.0,3.875
A,1,6011001973643028,0.4408,1.0,1.0,1.0,1.0,5.0,6.0,2.9528,9.0,4.0,3.1875
A,1,4242428809104311,-0.0564,1.0,1.0,1.0,1.0,1.0,4.0,2.6556,7.0,4.0,3.3125
A,0,4111113884609511,-0.3867,1.0,1.0,1.0,1.0,0.0,4.0,2.5218,8.0,7.0,3.375
A,0,4111113134750107,-0.0548,1.0,1.0,1.0,1.0,0.0,4.0,2.2718,6.0,7.0,2.5
A,0,4242422706659923,-0.0019,1.0,1.0,1.0,1.0,1.0,4.0,2.7272,8.0,5.0,4.1875
A,0,4242422452611656,0.7269,1.0,1.0,1.0,1.0,1.0,4.0,2.2272,5.0,5.0,3.5
A,0,4242420997176110,-0.0459,1.0,1.0,1.0,1.0,1.0,4.0,2.7335,7.0,3.0,3.6875
A,0,5105100359749919,0.1654,1.0,1.0,1.0,1.0,3.0,5.0,2.6085,7.0,4.0,4.25
A,0,4532015511638873,0.0899,1.0,1.0,1.0,1.0,2.0,4.0,2.9835,9.0,3.0,3.875
A,0,4111117896560703,0.2106,1.0,1.0,1.0,1.0,0.0,4.0,2.8994,9.0,5.0,3.75
A,0,5105100270052864,-0.0827,1.0,1.0,1.0,1.0,3.0,5.0,2.7272,8.0,5.0,2.875
A,0,4242427950864756,0.2049,1.0,1.0,1.0,1.0,1.0,4.0,2.8278,8.0,4.0,4.6875
A,0,4111117664047388,0.1994,1.0,1.0,1.0,1.0,0.0,4.0,2.6022,7.0,5.0,3.875
A,0,4242428755203166,0.0023,1.0,1.0,1.0,1.0,1.0,4.0,2.9528,9.0,4.0,3.8125
A,0,4111116246874640,-0.0275,1.0,1.0,1.0,1.0,0.0,4.0,2.4772,7.0,5.0,3.5
A,0,6011006726744346,-0.0165,1.0,1.0,1.0,1.0,5.0,6.0,2.6556,7.0,4.0,3.5625
A,0,4242425879068384,0.5495,1.0,1.0,1.0,1.0,1.0,4.0,2.9056,9.0,4.0,4.75
A,0,4242427440420136,-0.3932,1.0,1.0,1.0,1.0,1.0,4.0,2.4056,7.0,6.0,3.0625
A,0,4242420095775789,0.0661,1.0,1.0,1.0,1.0,1.0,4.0,2.7335,7.0,3.0,4.6875
A,0,4111113476726582,0.017,1.0,1.0,1.0,1.0,0.0,4.0,2.7744,8.0,5.0,3.6875
A,0,4242427654092795,-0.0174,1.0,1.0,1.0,1.0,1.0,4.0,2.625,7.0,4.0,4.5
A,0,5105109132133077,-0.2901,1.0,1.0,1.0,1.0,3.0,5.0,2.6556,7.0,4.0,3.0
A,0,5555555035800516,-1.3981,1.0,1.0,1.0,1.0,4.0,5.0,1.9197,6.0,9.0,3.9375
A,0,4242425502091548,-0.1074,1.0,1.0,1.0,1.0,1.0,4.0,2.5778,7.0,4.0,3.5625
A,0,4111119193395163,0.11,1.0,1.0,1.0,1.0,0.0,4.0,2.1774,6.0,7.0,3.625
A,0,4242428884178602,-0.1402,1.0,1.0,1.0,1.0,1.0,4.0,2.5,7.0,4.0,4.375
A,0,4242427070902288,-0.317,1.0,1.0,1.0,1.0,1.0,4.0,2.43,6.0,5.0,3.8125
A,0,4111116494654140,0.126,1.0,1.0,1.0,1.0,0.0,4.0,2.18,6.0,6.0,3.25
A,0,6011008622710058,-0.1176,1.0,1.0,1.0,1.0,5.0,6.0,2.6022,7.0,5.0,2.9375
A,0,4111115097591170,0.0171,1.0,1.0,1.0,1.0,0.0,4.0,2.2718,6.0,7.0,3.3125
A,0,4242424667746376,-0.1261,1.0,1.0,1.0,1.0,1.0,4.0,2.18,5.0,5.0,4.625
A,0,4111118477794570,0.1445,1.0,1.0,1.0,1.0,0.0,4.0,2.4772,7.0,5.0,4.1875
A,0,4242422660154697,0.1266,1.0,1.0,1.0,1.0,1.0,4.0,2.7028,8.0,4.0,4.0
A,0,4111116470374150,0.1862,1.0,1.0,1.0,1.0,0.0,4.0,2.4835,7.0,6.0,2.875
A,0,4532012617297795,0.0239,1.0,1.0,1.0,1.0,2.0,4.0,3.0306,9.0,3.0,4.375
A,0,4532014767870355,0.1831,1.0,1.0,1.0,1.0,2.0,4.0,3.0306,9.0,3.0,4.1875
A,0,4111119212243204,-0.1948,1.0,1.0,1.0,1.0,0.0,4.0,2.2335,6.0,6.0,2.375
A,0,4242427952929177,-0.2437,1.0,1.0,1.0,1.0,1.0,4.0,2.3829,6.0,5.0,4.75
A,0,5105104814783364,-0.1447,1.0,1.0,1.0,1.0,3.0,5.0,2.9056,8.0,3.0,3.75
A,0,4111113292272787,0.1467,1.0,1.0,1.0,1.0,0.0,4.0,2.4772,7.0,5.0,3.625
A,0,4532015553497873,0.2761,1.0,1.0,1.0,1.0,2.0,4.0,2.9528,9.0,4.0,4.4375
A,0,4111116279176715,0.2295,1.0,1.0,1.0,1.0,0.0,4.0,2.3496,7.0,7.0,3.75
A,0,4111111943606148,0.2325,1.0,1.0,1.0,1.0,0.0,4.0,2.3496,7.0,7.0,3.1875
A,0,4242421459642383,0.1773,1.0,1.0,1.0,1.0,1.0,4.0,2.6494,8.0,5.0,3.9375
A,0,5105109766803953,-0.2977,1.0,1.0,1.0,1.0,3.0,5.0,2.9056,8.0,3.0,4.25
A,0,4242423792299293,-0.8597,1.0,1.0,1.0,1.0,1.0,4.0,2.1085,5.0,6.0,4.5625
A,0,4111114808963489,0.0936,1.0,1.0,1.0,1.0,0.0,4.0,2.555,7.0,5.0,4.25
A,0,4532010771944871,0.1624,1.0,1.0,1.0,1.0,2.0,4.0,2.9835,9.0,3.0,3.9375
A,0,5105100845582031,-0.604,1.0,1.0,1.0,1.0,3.0,5.0,2.5778,7.0,4.0,3.0
A,0,4242428915994043,-0.2982,1.0,1.0,1.0,1.0,1.0,4.0,2.68,8.0,5.0,4.375
A,0,4242423374768905,0.1169,1.0,1.0,1.0,1.0,1.0,4.0,2.9528,9.0,4.0,4.375
A,0,4111117341133593,0.1504,1.0,1.0,1.0,1.0,0.0,4.0,2.1468,6.0,7.0,3.0
A,0,4242426077942008,-0.2132,1.0,1.0,1.0,1.0,1.0,4.0,2.5778,7.0,4.0,3.8125
A,0,4532017673228568,0.0102,1.0,1.0,1.0,1.0,2.0,4.0,3.0778,9.0,3.0,4.3125
A,0,4532015096663841,0.2075,1.0,1.0,1.0,1.0,2.0,4.0,3.0778,9.0,3.0,3.9375
A,0,4111110235399446,-0.2084,1.0,1.0,1.0,1.0,0.0,4.0,2.7272,8.0,5.0,3.375
A,0,4242423622287005,-0.1865,1.0,1.0,1.0,1.0,1.0,4.0,2.6085,8.0,6.0,3.3125
A,0,4242426065177203,-0.233,1.0,1.0,1.0,1.0,1.0,4.0,2.8278,8.0,4.0,3.4375
A,0,4242423836348767,-0.1871,1.0,1.0,1.0,1.0,1.0,4.0,2.5306,6.0,4.0,4.5625
A,0,5105107087269813,-0.5463,1.0,1.0,1.0,1.0,3.0,5.0,3.0306,9.0,3.0,3.9375
A,0,5105100829995928,-0.0992,1.0,1.0,1.0,1.0,3.0,5.0,2.5306,6.0,4.0,4.5625
A,0,4242429948201851,0.3608,1.0,1.0,1.0,1.0,1.0,4.0,2.625,7.0,4.0,4.0625
A,0,4242422378502377,-0.1539,1.0,1.0,1.0,1.0,1.0,4.0,2.555,7.0,5.0,3.875
A,0,4242424261312856,0.0597,1.0,1.0,1.0,1.0,1.0,4.0,2.5244,7.0,5.0,3.5
A,0,4242425027641314,0.088,1.0,1.0,1.0,1.0,1.0,4.0,2.6494,8.0,5.0,3.1875
A,0,4111113051350808,0.0629,1.0,1.0,1.0,1.0,0.0,4.0,2.3585,6.0,6.0,2.625
A,0,4111114362712991,-0.0582,1.0,1.0,1.0,1.0,0.0,4.0,2.3968,7.0,7.0,3.3125
A,0,5105106832845521,-0.0762,1.0,1.0,1.0,1.0,3.0,5.0,2.8278,8.0,4.0,3.5
A,0,5105108350242784,-0.4286,1.0,1.0,1.0,1.0,3.0,5.0,2.9056,8.0,3.0,3.4375
A,0,4111118994596904,-0.0088,1.0,1.0,1.0,1.0,0.0,4.0,2.4772,7.0,5.0,4.5
A,0,4111114879863212,-0.1776,1.0,1.0,1.0,1.0,0.0,4.0,2.6556,8.0,6.0,3.6875
A,0,5555558328256131,-0.0076,1.0,1.0,1.0,1.0,4.0,5.0,2.2718,6.0,7.0,4.3125
A,0,5105101851520477,-0.1703,1.0,1.0,1.0,1.0,3.0,5.0,2.5778,7.0,4.0,3.25
A,0,5555550997289949,-0.8583,1.0,1.0,1.0,1.0,4.0,5.0,2.305,7.0,6.0,6.0
A,0,4111110463278460,-0.2214,1.0,1.0,1.0,1.0,0.0,4.0,2.7272,8.0,5.0,3.0625
A,0,4532018682486320,-0.0946,1.0,1.0,1.0,1.0,2.0,4.0,2.9056,8.0,3.0,3.875
A,0,4242427523863400,0.0537,1.0,1.0,1.0,1.0,1.0,4.0,2.75,8.0,4.0,3.5
A,0,5105106983299783,0.0367,1.0,1.0,1.0,1.0,3.0,5.0,3.0778,9.0,3.0,4.75
A,0,4111117694603762,-0.0905,1.0,1.0,1.0,1.0,0.0,4.0,2.7272,8.0,5.0,3.6875
A,0,4111110652721452,0.2992,1.0,1.0,1.0,1.0,0.0,4.0,2.4835,7.0,6.0,2.6875
A,0,4242422757709395,-0.2583,1.0,1.0,1.0,1.0,1.0,4.0,2.6556,7.0,4.0,4.5
A,0,4111116746796525,0.3974,1.0,1.0,1.0,1.0,0.0,4.0,2.6022,7.0,5.0,4.125
A,0,4111111638397425,-0.0298,1.0,1.0,1.0,1.0,0.0,4.0,2.7806,9.0,6.0,3.5625
A,0,4111111282807471,-0.1274,1.0,1.0,1.0,1.0,0.0,4.0,2.2718,6.0,7.0,3.0625
A,0,4242429506757252,0.0638,1.0,1.0,1.0,1.0,1.0,4.0,2.555,7.0,5.0,4.125
A,0,5555557595092302,0.1792,1.0,1.0,1.0,1.0,4.0,5.0,2.125,6.0,8.0,4.5
A,0,4111112082266769,-0.0823,1.0,1.0,1.0,1.0,0.0,4.0,2.68,8.0,5.0,3.5625
A,0,4532011163565142,-0.1949,1.0,1.0,1.0,1.0,2.0,4.0,2.7028,7.0,4.0,3.0625
A,0,4242423425860032,0.0231,1.0,1.0,1.0,1.0,1.0,4.0,2.5244,7.0,5.0,3.1875
A,0,4242420513718494,0.1894,1.0,1.0,1.0,1.0,1.0,4.0,2.8522,9.0,5.0,3.75
A,0,4111110180881711,-0.5448,1.0,1.0,1.0,1.0,0.0,4.0,1.7947,5.0,9.0,2.75
A,0,4242429078679967,-0.6426,1.0,1.0,1.0,1.0,1.0,4.0,2.6863,7.0,3.0,5.375
A,0,4532017158803919,0.2292,1.0,1.0,1.0,1.0,2.0,4.0,3.0778,9.0,3.0,4.125
A,0,4242420549356707,0.1408,1.0,1.0,1.0,1.0,1.0,4.0,2.8278,8.0,4.0,4.0
A,0,4111118984882850,-0.2733,1.0,1.0,1.0,1.0,0.0,4.0,2.4238,7.0,5.0,4.3125
A,0,4111119546228137,-0.0907,1.0,1.0,1.0,1.0,0.0,4.0,2.7806,9.0,6.0,3.5
A,0,4242429070543062,-0.2399,1.0,1.0,1.0,1.0,1.0,4.0,2.7028,8.0,4.0,3.375
A,0,4532014216362129,-0.0582,1.0,1.0,1.0,1.0,2.0,4.0,2.8278,8.0,4.0,3.1875
A,0,4532015640994346,0.1103,1.0,1.0,1.0,1.0,2.0,4.0,2.875,8.0,4.0,4.0625
A,0,5105101466039590,-0.0686,1.0,1.0,1.0,1.0,3.0,5.0,2.6556,7.0,4.0,3.4375
A,0,4111118608762819,0.5232,1.0,1.0,1.0,1.0,0.0,4.0,2.6085,8.0,6.0,4.0
A,0,4111110706815102,-0.2465,1.0,1.0,1.0,1.0,0.0,4.0,2.4746,8.0,7.0,2.4375
A,0,4111114997805004,-0.1825,1.0,1.0,1.0,1.0,0.0,4.0,2.555,7.0,5.0,3.4375
A,0,4242428615341461,-0.1228,1.0,1.0,1.0,1.0,1.0,4.0,2.555,7.0,5.0,3.5625
A,0,4111116234889667,0.0832,1.0,1.0,1.0,1.0,0.0,4.0,2.7272,8.0,5.0,4.25
A,0,4242429284983955,-0.2304,1.0,1.0,1.0,1.0,1.0,4.0,2.4528,6.0,4.0,5.0
A,0,4111119521851986,0.0187,1.0,1.0,1.0,1.0,0.0,4.0,2.3968,7.0,7.0,3.9375
A,0,4111118222354746,-0.1073,1.0,1.0,1.0,1.0,0.0,4.0,2.68,8.0,5.0,3.25
A,0,4532018347144066,0.3727,1.0,1.0,1.0,1.0,2.0,4.0,3.0,9.0,4.0,3.625
A,0,4242422260007261,0.3709,1.0,1.0,1.0,1.0,1.0,4.0,2.3113,6.0,6.0,2.75
A,0,4111115682710326,-0.0173,1.0,1.0,1.0,1.0,0.0,4.0,2.7806,9.0,6.0,3.0625
A,0,6011003983188267,-0.1876,1.0,1.0,1.0,1.0,5.0,6.0,2.8585,8.0,3.0,3.9375
A,0,4242429314400186,-0.1881,1.0,1.0,1.0,1.0,1.0,4.0,2.7272,8.0,5.0,3.375
A,0,4242429667958046,0.0606,1.0,1.0,1.0,1.0,1.0,4.0,2.7806,8.0,4.0,4.875
A,0,4242428073257829,-0.2188,1.0,1.0,1.0,1.0,1.0,4.0,2.7272,8.0,5.0,4.3125
A,0,4111118177412911,0.2893,1.0,1.0,1.0,1.0,0.0,4.0,1.9669,6.0,9.0,3.125
A,0,4111110706055055,-0.0549,1.0,1.0,1.0,1.0,0.0,4.0,2.2744,6.0,5.0,2.625
A,0,6011000740428382,0.1196,1.0,1.0,1.0,1.0,5.0,6.0,2.7744,8.0,5.0,2.875
A,0,4532012844650337,0.1117,1.0,1.0,1.0,1.0,2.0,4.0,3.0306,9.0,3.0,3.5625
A,0,4242423114746773,-0.317,1.0,1.0,1.0,1.0,1.0,4.0,2.43,6.0,5.0,3.8125
A,0,4242429128534568,-0.1648,1.0,1.0,1.0,1.0,1.0,4.0,2.75,8.0,4.0,4.3125
A,0,4111114859675065,0.1943,1.0,1.0,1.0,1.0,0.0,4.0,2.7272,8.0,5.0,4.0
A,0,4242425580603743,-0.0735,1.0,1.0,1.0,1.0,1.0,4.0,2.8278,8.0,4.0,3.6875
A,0,5105109777712805,0.341,1.0,1.0,1.0,1.0,3.0,5.0,2.6085,7.0,4.0,4.0625
A,0,4242427352233113,-0.2547,1.0,1.0,1.0,1.0,1.0,4.0,2.3522,6.0,5.0,3.0
A,0,5105100550788963,-0.1703,1.0,1.0,1.0,1.0,3.0,5.0,2.75,8.0,4.0,3.9375
A,0,4111112832400908,-0.0243,1.0,1.0,1.0,1.0,0.0,4.0,2.6022,7.0,5.0,2.8125
A,0,5105109304365135,0.2051,1.0,1.0,1.0,1.0,3.0,5.0,2.6085,7.0,4.0,3.1875
A,0,4242420313726457,0.0537,1.0,1.0,1.0,1.0,1.0,4.0,2.75,8.0,4.0,3.5
A,0,4111114513318912,0.0813,1.0,1.0,1.0,1.0,0.0,4.0,2.25,7.0,8.0,2.875
A,0,4242423262399169,-0.3029,1.0,1.0,1.0,1.0,1.0,4.0,2.43,6.0,5.0,4.25
A,0,4111115682473453,-0.076,1.0,1.0,1.0,1.0,0.0,4.0,2.7272,8.0,5.0,3.5
A,0,4111110638917588,0.5663,1.0,1.0,1.0,1.0,0.0,4.0,2.7335,9.0,6.0,4.0
A,0,4111119587720257,-0.0567,1.0,1.0,1.0,1.0,0.0,4.0,2.7272,8.0,5.0,3.8125
A,0,4111113535513583,-0.1207,1.0,1.0,1.0,1.0,0.0,4.0,2.0306,5.0,6.0,3.125
A,0,4242422625527458,-0.0341,1.0,1.0,1.0,1.0,1.0,4.0,2.2335,6.0,6.0,4.0
A,0,4242421368237887,-0.1057,1.0,1.0,1.0,1.0,1.0,4.0,2.6556,7.0,4.0,4.4375
A,0,4111111734006136,-0.0548,1.0,1.0,1.0,1.0,0.0,4.0,2.2718,6.0,7.0,2.5
A,0,6011003626414203,-0.8142,1.0,1.0,1.0,1.0,5.0,6.0,2.5306,6.0,4.0,2.4375
A,0,4242422634267500,-0.0683,1.0,1.0,1.0,1.0,1.0,4.0,2.5244,7.0,5.0,3.3125
A,0,4242428320843371,-0.1074,1.0,1.0,1.0,1.0,1.0,4.0,2.5778,7.0,4.0,3.5625
A,0,4111117944777051,0.1637,1.0,1.0,1.0,1.0,0.0,4.0,2.2335,6.0,6.0,3.75
A,0,4111111624432459,-0.1969,1.0,1.0,1.0,1.0,0.0,4.0,2.4056,7.0,6.0,3.0625
A,0,4242421391730452,-0.1597,1.0,1.0,1.0,1.0,1.0,4.0,2.75,8.0,4.0,3.3125
A,0,6011002864117783,-0.49,1.0,1.0,1.0,1.0,5.0,6.0,2.8278,8.0,4.0,3.4375
A,0,4111117482290194,0.1108,1.0,1.0,1.0,1.0,0.0,4.0,2.4835,7.0,6.0,3.4375
A,0,4532011722849268,0.4031,1.0,1.0,1.0,1.0,2.0,4.0,3.125,10.0,4.0,4.0
A,0,4242429569098685,-0.2853,1.0,1.0,1.0,1.0,1.0,4.0,2.7335,7.0,3.0,5.1875
A,0,4242426472715736,0.1116,1.0,1.0,1.0,1.0,1.0,4.0,2.5778,7.0,4.0,4.125
A,0,5105106171466988,-0.2012,1.0,1.0,1.0,1.0,3.0,5.0,2.8278,8.0,4.0,4.25
A,0,5555552834008110,0.3491,1.0,1.0,1.0,1.0,4.0,5.0,2.4835,7.0,6.0,3.5625
A,0,4242425957489684,0.1128,1.0,1.0,1.0,1.0,1.0,4.0,2.6022,7.0,5.0,5.1875
A,0,4111118739641544,0.2562,1.0,1.0,1.0,1.0,0.0,4.0,2.5306,8.0,6.0,3.75
A,0,4111110931558188,-0.0874,1.0,1.0,1.0,1.0,0.0,4.0,2.3496,7.0,7.0,3.5625
A,0,4111115156384608,-0.0063,1.0,1.0,1.0,1.0,0.0,4.0,2.5306,7.0,6.0,3.4375
A,0,4111115644263877,-0.0567,1.0,1.0,1.0,1.0,0.0,4.0,2.7272,8.0,5.0,3.8125
A,0,4111113310011191,2.9654,1.0,1.0,1.0,1.0,0.0,4.0,1.6738,5.0,10.0,1.8125
A,0,4242426097893850,-0.0762,1.0,1.0,1.0,1.0,1.0,4.0,3.0306,9.0,3.0,4.5625
A,0,4111110313739844,0.0124,1.0,1.0,1.0,1.0,0.0,4.0,2.4363,7.0,6.0,3.1875
A,0,4111116288224399,0.1994,1.0,1.0,1.0,1.0,0.0,4.0,2.6022,7.0,5.0,3.875
A,0,4111119522540638,-0.2246,1.0,1.0,1.0,1.0,0.0,4.0,2.8994,9.0,5.0,3.3125
A,0,4111118733309528,0.0764,1.0,1.0,1.0,1.0,0.0,4.0,2.8522,9.0,5.0,3.5625
A,0,4111114027873030,0.0644,1.0,1.0,1.0,1.0,0.0,4.0,2.6022,7.0,5.0,2.6875
A,0,4532015435248775,0.1149,1.0,1.0,1.0,1.0,2.0,4.0,2.8278,8.0,4.0,4.0625
A,0,5105107089269233,-0.4724,1.0,1.0,1.0,1.0,3.0,5.0,3.0778,9.0,3.0,3.8125
A,0,4111119808463935,0.3017,1.0,1.0,1.0,1.0,0.0,4.0,2.7744,8.0,5.0,4.0
A,0,4111113835279489,0.2348,1.0,1.0,1.0,1.0,0.0,4.0,2.7744,8.0,5.0,4.1875
A,0,4532013779510579,-0.0852,1.0,1.0,1.0,1.0,2.0,4.0,2.9056,8.0,3.0,4.25
A,0,5555554620450746,-0.0917,1.0,1.0,1.0,1.0,4.0,5.0,2.2246,6.0,7.0,4.25
A,0,4111110340450993,-0.1329,1.0,1.0,1.0,1.0,0.0,4.0,2.43,6.0,5.0,2.875
A,0,4111119994063655,0.4421,1.0,1.0,1.0,1.0,0.0,4.0,2.6022,7.0,5.0,4.0625
A,0,5105106235240841,-0.062,1.0,1.0,1.0,1.0,3.0,5.0,2.8585,8.0,3.0,2.9375
A,0,5105108094280579,-0.0454,1.0,1.0,1.0,1.0,3.0,5.0,2.8278,8.0,4.0,4.0
A,0,4242428433637173,-0.1385,1.0,1.0,1.0,1.0,1.0,4.0,2.5778,7.0,4.0,3.9375
A,0,5105104392705656,-0.0875,1.0,1.0,1.0,1.0,3.0,5.0,2.9528,9.0,4.0,3.6875
A,0,5105108511714648,0.1374,1.0,1.0,1.0,1.0,3.0,5.0,2.6022,7.0,5.0,3.5625
A,0,4532010196865149,0.2546,1.0,1.0,1.0,1.0,2.0,4.0,3.0778,9.0,3.0,4.0
A,0,6011006130150700,-1.5379,1.0,1.0,1.0,1.0,5.0,6.0,2.1468,6.0,7.0,1.9375
A,0,4111115153138684,0.0171,1.0,1.0,1.0,1.0,0.0,4.0,2.2718,6.0,7.0,3.3125
A,0,5555550027515388,0.2746,1.0,1.0,1.0,1.0,4.0,5.0,2.25,7.0,8.0,4.3125
A,0,4111116355879703,0.1557,1.0,1.0,1.0,1.0,0.0,4.0,2.8994,9.0,5.0,3.875
A,0,4111113853357175,0.145,1.0,1.0,1.0,1.0,0.0,4.0,2.3113,6.0,6.0,3.5
A,0,4242424555439092,-0.0573,1.0,1.0,1.0,1.0,1.0,4.0,2.3522,6.0,5.0,4.0
A,0,4242425089599483,-0.385,1.0,1.0,1.0,1.0,1.0,4.0,2.6556,7.0,4.0,4.875
A,0,4242428988364108,-0.1799,1.0,1.0,1.0,1.0,1.0,4.0,2.7028,8.0,4.0,4.5625
A,0,4242423990425609,0.1563,1.0,1.0,1.0,1.0,1.0,4.0,2.5778,7.0,4.0,4.0625
A,0,4111119821568967,-0.021,1.0,1.0,1.0,1.0,0.0,4.0,2.6556,8.0,6.0,4.375
A,0,4242425624114509,-0.0678,1.0,1.0,1.0,1.0,1.0,4.0,2.5244,7.0,5.0,3.4375
A,0,4111111198324439,-0.0068,1.0,1.0,1.0,1.0,0.0,4.0,2.2246,6.0,7.0,3.3125
A,0,4111112034971813,-0.3063,1.0,1.0,1.0,1.0,0.0,4.0,2.5218,8.0,7.0,2.9375
A,0,4242427024301801,-0.1775,1.0,1.0,1.0,1.0,1.0,4.0,2.5778,7.0,4.0,2.75
A,0,6011004994310106,-0.6136,1.0,1.0,1.0,1.0,5.0,6.0,2.3994,6.0,5.0,2.8125
A,0,4111115823185636,0.0354,1.0,1.0,1.0,1.0,0.0,4.0,2.5306,7.0,6.0,3.5
A,0,5105109748732866,-1.7156,1.0,1.0,1.0,1.0,3.0,5.0,3.25,10.0,2.0,4.5
A,0,4532014794522888,0.1117,1.0,1.0,1.0,1.0,2.0,4.0,2.9835,9.0,3.0,4.5
A,0,5555552375288774,-0.0225,1.0,1.0,1.0,1.0,4.0,5.0,2.2246,6.0,7.0,5.1875
A,0,4242420144032919,0.0255,1.0,1.0,1.0,1.0,1.0,4.0,2.3994,6.0,5.0,3.1875
A,0,4532012065635488,-0.0286,1.0,1.0,1.0,1.0,2.0,4.0,2.9528,8.0,3.0,3.875
A,0,4242429517537693,-0.2385,1.0,1.0,1.0,1.0,1.0,4.0,2.9056,8.0,3.0,4.5625
A,0,5105105850391558,0.3142,1.0,1.0,1.0,1.0,3.0,5.0,2.3113,6.0,6.0,3.8125
A,0,4242423717528859,-0.1657,1.0,1.0,1.0,1.0,1.0,4.0,2.8278,8.0,4.0,4.5625
A,0,4111116028168872,0.0948,1.0,1.0,1.0,1.0,0.0,4.0,2.4835,7.0,6.0,3.5625
A,0,4111117776043069,0.3133,1.0,1.0,1.0,1.0,0.0,4.0,2.6022,7.0,5.0,3.625
A,0,4111117860396332,0.0155,1.0,1.0,1.0,1.0,0.0,4.0,2.8522,9.0,5.0,3.5
A,0,4532019680365300,-0.068,1.0,1.0,1.0,1.0,2.0,4.0,2.9528,9.0,4.0,3.4375
A,0,4242428806366368,0.0514,1.0,1.0,1.0,1.0,1.0,4.0,2.4835,6.0,4.0,4.5
A,0,4111113527865595,0.4853,1.0,1.0,1.0,1.0,0.0,4.0,2.7744,9.0,5.0,4.0
A,0,4242420277365722,-0.2871,1.0,1.0,1.0,1.0,1.0,4.0,2.4363,7.0,6.0,3.6875
A,0,4111115590076190,0.2421,1.0,1.0,1.0,1.0,0.0,4.0,2.4835,7.0,6.0,3.1875
A,0,4111117772610895,0.0021,1.0,1.0,1.0,1.0,0.0,4.0,2.7335,9.0,6.0,3.8125
A,0,4111114452950121,-0.0539,1.0,1.0,1.0,1.0,0.0,4.0,2.2246,6.0,7.0,2.625
A,0,4242423595525472,-0.1095,1.0,1.0,1.0,1.0,1.0,4.0,2.2744,6.0,5.0,4.0625
A,0,5105103644505591,-0.2514,1.0,1.0,1.0,1.0,3.0,5.0,2.555,7.0,5.0,3.375
A,0,4532018861033570,0.0508,1.0,1.0,1.0,1.0,2.0,4.0,3.0306,9.0,3.0,3.5
A,0,4111118318722087,0.1108,1.0,1.0,1.0,1.0,0.0,4.0,2.4835,7.0,6.0,3.4375
A,0,4111118886434438,-0.0513,1.0,1.0,1.0,1.0,0.0,4.0,2.1494,5.0,5.0,4.0625
A,0,4111113810648385,0.1108,1.0,1.0,1.0,1.0,0.0,4.0,2.4835,7.0,6.0,3.4375
A,0,4111111956871530,-0.8383,1.0,1.0,1.0,1.0,0.0,4.0,2.6468,9.0,7.0,3.375
A,0,6011008398919875,-0.343,1.0,1.0,1.0,1.0,5.0,6.0,2.8113,8.0,3.0,4.6875
A,0,4242428755870345,-0.2308,1.0,1.0,1.0,1.0,1.0,4.0,2.6556,7.0,4.0,4.375
A,0,4532015132451953,-0.0564,1.0,1.0,1.0,1.0,2.0,4.0,2.6556,7.0,4.0,3.3125
A,0,4111119148045319,0.0276,1.0,1.0,1.0,1.0,0.0,4.0,2.3496,7.0,7.0,3.3125
A,0,5105106216333573,0.0637,1.0,1.0,1.0,1.0,3.0,5.0,2.6556,7.0,4.0,3.1875
A,0,4242421530789880,0.2818,1.0,1.0,1.0,1.0,1.0,4.0,2.9835,9.0,3.0,4.1875
A,0,4111112391469336,-0.0215,1.0,1.0,1.0,1.0,0.0,4.0,2.3585,6.0,6.0,3.4375
A,0,4111111948107084,0.198,1.0,1.0,1.0,1.0,0.0,4.0,2.2246,6.0,7.0,3.1875
A,0,4111112684983332,0.0814,1.0,1.0,1.0,1.0,0.0,4.0,2.6022,7.0,5.0,3.5625
A,0,4532014522514900,-0.1746,1.0,1.0,1.0,1.0,2.0,4.0,2.6863,7.0,3.0,2.9375
A,0,4111118508760970,-0.0905,1.0,1.0,1.0,1.0,0.0,4.0,2.7272,8.0,5.0,3.6875
A,0,4111117712317486,0.0281,1.0,1.0,1.0,1.0,0.0,4.0,2.3496,7.0,7.0,3.4375
A,0,5105105342571015,0.0114,1.0,1.0,1.0,1.0,3.0,5.0,2.4772,7.0,5.0,2.8125
A,0,5105102142927109,-0.3312,1.0,1.0,1.0,1.0,3.0,5.0,2.6556,7.0,4.0,3.0625
A,0,4242421799240989,0.2891,1.0,1.0,1.0,1.0,1.0,4.0,2.5,7.0,4.0,4.75
A,0,4111116289469316,0.3146,1.0,1.0,1.0,1.0,0.0,4.0,2.4835,7.0,6.0,3.9375
A,0,4111116627027230,0.0814,1.0,1.0,1.0,1.0,0.0,4.0,2.6022,7.0,5.0,2.75
A,0,4111113770353992,-0.0151,1.0,1.0,1.0,1.0,0.0,4.0,2.7272,8.0,5.0,3.5625
A,0,4111113363762153,-0.1558,1.0,1.0,1.0,1.0,0.0,4.0,2.4056,7.0,6.0,3.0
A,0,4111115047481381,0.2063,1.0,1.0,1.0,1.0,0.0,4.0,2.3496,7.0,7.0,3.125
A,0,5105108629435235,-0.0581,1.0,1.0,1.0,1.0,3.0,5.0,3.0,9.0,4.0,3.6875
A,0,4111117473433225,-0.3311,1.0,1.0,1.0,1.0,0.0,4.0,2.43,6.0,5.0,3.0625
A,0,4111117522002096,-0.743,1.0,1.0,1.0,1.0,0.0,4.0,2.68,8.0,5.0,2.625
A,0,4532014485298814,-0.0557,1.0,1.0,1.0,1.0,2.0,4.0,2.8278,8.0,4.0,4.25
A,0,4242420546606591,0.163,1.0,1.0,1.0,1.0,1.0,4.0,2.6556,7.0,4.0,3.75
A,0,4111118345181067,-0.2005,1.0,1.0,1.0,1.0,0.0,4.0,2.5218,8.0,7.0,3.25
A,0,4242422954531675,0.1266,1.0,1.0,1.0,1.0,1.0,4.0,2.7028,8.0,4.0,4.0625
A,0,4111116458055631,0.2421,1.0,1.0,1.0,1.0,0.0,4.0,2.4835,7.0,6.0,3.25
A,0,4242421431450996,0.1053,1.0,1.0,1.0,1.0,1.0,4.0,2.7272,8.0,5.0,3.75
A,0,4111116674048964,0.0049,1.0,1.0,1.0,1.0,0.0,4.0,2.4772,7.0,5.0,3.9375
A,0,4242429351457933,0.0434,1.0,1.0,1.0,1.0,1.0,4.0,2.6556,7.0,4.0,4.1875
A,0,4242426423379111,-0.1772,1.0,1.0,1.0,1.0,1.0,4.0,2.5778,7.0,4.0,3.4375
A,0,5555554577936861,0.4875,1.0,1.0,1.0,1.0,4.0,5.0,2.5218,8.0,7.0,5.375
A,0,4242423068671845,0.3579,1.0,1.0,1.0,1.0,1.0,4.0,2.9528,9.0,4.0,4.125
A,0,4242421660025584,0.1561,1.0,1.0,1.0,1.0,1.0,4.0,2.625,7.0,4.0,3.4375
A,0,4242428031683553,0.0145,1.0,1.0,1.0,1.0,1.0,4.0,2.8585,8.0,3.0,3.75
A,0,4242429129203320,-0.384,1.0,1.0,1.0,1.0,1.0,4.0,2.3585,6.0,6.0,3.0625
A,0,4242428739316043,0.0065,1.0,1.0,1.0,1.0,1.0,4.0,2.9056,9.0,4.0,3.875
A,0,4111114795034104,0.0446,1.0,1.0,1.0,1.0,0.0,4.0,2.4056,7.0,6.0,2.875
A,0,4242429127084243,0.2434,1.0,1.0,1.0,1.0,1.0,4.0,2.5488,8.0,5.0,3.625
A,0,4111118128212857,-0.0068,1.0,1.0,1.0,1.0,0.0,4.0,2.1774,6.0,7.0,3.3125
A,0,4111114604696788,0.1576,1.0,1.0,1.0,1.0,0.0,4.0,2.555,7.0,5.0,4.1875
A,0,4111116909243364,0.0991,1.0,1.0,1.0,1.0,0.0,4.0,2.6022,7.0,5.0,3.4375
A,0,4111116945212720,-0.1266,1.0,1.0,1.0,1.0,0.0,4.0,2.6085,8.0,6.0,2.9375
A,0,4532019144361390,-0.2953,1.0,1.0,1.0,1.0,2.0,4.0,2.8585,8.0,3.0,3.4375
A,0,5555552630577243,0.0589,1.0,1.0,1.0,1.0,4.0,5.0,2.3968,7.0,7.0,4.3125
A,0,4242422100838883,0.0928,1.0,1.0,1.0,1.0,1.0,4.0,2.4528,6.0,4.0,3.6875
A,0,4532017213669214,0.0508,1.0,1.0,1.0,1.0,2.0,4.0,3.0306,9.0,3.0,3.5
A,0,4111118121405961,-0.41,1.0,1.0,1.0,1.0,0.0,4.0,2.375,8.0,8.0,2.875
A,0,4242420867026635,-0.1496,1.0,1.0,1.0,1.0,1.0,4.0,2.7806,8.0,4.0,3.8125
A,0,4242424315506834,0.0606,1.0,1.0,1.0,1.0,1.0,4.0,2.7272,8.0,5.0,3.5625
A,0,4111119571872494,0.5303,1.0,1.0,1.0,1.0,0.0,4.0,2.4835,7.0,6.0,4.0625
A,0,5105103076125421,0.2021,1.0,1.0,1.0,1.0,3.0,5.0,2.7806,8.0,4.0,2.6875
A,0,5105104162359122,-0.1973,1.0,1.0,1.0,1.0,3.0,5.0,2.7806,8.0,4.0,2.9375
A,0,4111119507579809,0.2787,1.0,1.0,1.0,1.0,0.0,4.0,2.6022,7.0,5.0,4.25
A,0,4111115929828980,-0.0468,1.0,1.0,1.0,1.0,0.0,4.0,2.555,7.0,5.0,4.3125
A,0,5555558963626341,0.1677,1.0,1.0,1.0,1.0,4.0,5.0,2.6085,8.0,6.0,4.875
A,0,5555559601907754,-0.2269,1.0,1.0,1.0,1.0,4.0,5.0,2.3968,7.0,7.0,4.875
A,0,4532010634135394,-0.2663,1.0,1.0,1.0,1.0,2.0,4.0,2.8278,8.0,4.0,3.3125
A,0,4111116157559446,0.1572,1.0,1.0,1.0,1.0,0.0,4.0,2.3113,6.0,6.0,3.8125
A,0,4111113225136877,-0.3649,1.0,1.0,1.0,1.0,0.0,4.0,2.6556,8.0,6.0,3.3125
A,0,4242429565104107,0.0402,1.0,1.0,1.0,1.0,1.0,4.0,2.8278,8.0,4.0,3.5
A,0,4242426441093314,0.1002,1.0,1.0,1.0,1.0,1.0,4.0,2.4835,7.0,6.0,3.3125
A,0,6011008582472210,-0.3288,1.0,1.0,1.0,1.0,5.0,6.0,2.7806,8.0,4.0,2.9375
A,0,4111118248272773,-0.2494,1.0,1.0,1.0,1.0,0.0,4.0,2.43,6.0,5.0,3.6875
A,0,4242423886454051,-0.0554,1.0,1.0,1.0,1.0,1.0,4.0,2.7272,8.0,5.0,3.875
A,0,5555557704721056,0.0823,1.0,1.0,1.0,1.0,4.0,5.0,2.3496,7.0,7.0,4.3125
A,0,4111118111604573,-0.41,1.0,1.0,1.0,1.0,0.0,4.0,2.375,8.0,8.0,2.8125
A,0,4242424110303155,-0.7058,1.0,1.0,1.0,1.0,1.0,4.0,2.5306,6.0,4.0,2.5625
A,0,4532013079381226,-0.5273,1.0,1.0,1.0,1.0,2.0,4.0,3.1556,10.0,3.0,3.5
A,0,4111114612615499,-0.0642,1.0,1.0,1.0,1.0,0.0,4.0,2.2246,6.0,7.0,3.5
A,0,4242425051364924,0.2932,1.0,1.0,1.0,1.0,1.0,4.0,2.6494,8.0,5.0,3.5625
A,0,4111118848995021,0.3146,1.0,1.0,1.0,1.0,0.0,4.0,2.4835,7.0,6.0,3.9375
A,0,5555554719893228,-1.0079,1.0,1.0,1.0,1.0,4.0,5.0,2.6556,8.0,6.0,5.1875
A,0,4111113600249949,-0.1825,1.0,1.0,1.0,1.0,0.0,4.0,2.555,7.0,5.0,3.4375
A,0,4111117923573935,0.1994,1.0,1.0,1.0,1.0,0.0,4.0,2.6022,7.0,5.0,3.875
A,0,4111119271307759,0.0827,1.0,1.0,1.0,1.0,0.0,4.0,2.6085,8.0,6.0,3.6875
A,0,5555550892462393,0.3488,1.0,1.0,1.0,1.0,4.0,5.0,2.6556,8.0,6.0,4.75
A,0,5555554289749081,-1.0079,1.0,1.0,1.0,1.0,4.0,5.0,2.6556,8.0,6.0,5.125
A,0,4111112260140224,-0.8875,1.0,1.0,1.0,1.0,0.0,4.0,2.1085,5.0,6.0,2.0
A,0,4111119988071474,0.1402,1.0,1.0,1.0,1.0,0.0,4.0,2.3585,6.0,6.0,4.125
A,0,4111116356002545,-0.0243,1.0,1.0,1.0,1.0,0.0,4.0,2.6022,7.0,5.0,2.8125
A,0,4242422482004468,-0.117,1.0,1.0,1.0,1.0,1.0,4.0,2.055,5.0,6.0,3.5
A,0,4111110143983240,0.2992,1.0,1.0,1.0,1.0,0.0,4.0,2.4835,7.0,6.0,2.6875
A,0,4242424605967647,-0.1922,1.0,1.0,1.0,1.0,1.0,4.0,2.555,7.0,5.0,4.5
A,0,4242425772276944,-0.5909,1.0,1.0,1.0,1.0,1.0,4.0,2.2516,6.0,5.0,4.4375
A,0,4532016768294808,0.2948,1.0,1.0,1.0,1.0,2.0,4.0,3.2028,10.0,3.0,4.5625
A,0,4532012227058850,-0.344,1.0,1.0,1.0,1.0,2.0,4.0,2.7806,8.0,4.0,3.375
A,0,4111119107343325,-0.1026,1.0,1.0,1.0,1.0,0.0,4.0,2.6085,8.0,6.0,2.875
A,0,4242421992107837,0.1408,1.0,1.0,1.0,1.0,1.0,4.0,2.8278,8.0,4.0,4.0625
A,0,5105103549028186,0.1738,1.0,1.0,1.0,1.0,3.0,5.0,2.9835,9.0,3.0,3.625
A,0,4111115307143192,-0.1765,1.0,1.0,1.0,1.0,0.0,4.0,2.5218,8.0,7.0,2.75
A,0,5105102071883810,-0.2179,1.0,1.0,1.0,1.0,3.0,5.0,2.5778,7.0,4.0,3.125
A,0,5105107521033726,-0.131,1.0,1.0,1.0,1.0,3.0,5.0,2.7335,7.0,3.0,3.0
A,0,4111114168348479,0.0456,1.0,1.0,1.0,1.0,0.0,4.0,2.4056,7.0,6.0,3.9375
A,0,4242422155247501,0.1212,1.0,1.0,1.0,1.0,1.0,4.0,2.3522,6.0,5.0,3.125
A,0,4242424244793941,0.2597,1.0,1.0,1.0,1.0,1.0,4.0,2.1468,6.0,7.0,4.0625
A,0,4111114395763458,0.018,1.0,1.0,1.0,1.0,0.0,4.0,2.7272,8.0,5.0,3.9375
A,0,4111111850911366,-0.6515,1.0,1.0,1.0,1.0,0.0,4.0,2.375,8.0,8.0,3.0625
A,0,4532011638908828,0.2886,1.0,1.0,1.0,1.0,2.0,4.0,3.0,9.0,4.0,4.25
A,0,4111113676418493,0.4097,1.0,1.0,1.0,1.0,0.0,4.0,2.4835,7.0,6.0,3.75
A,0,5105100042606153,-0.3935,1.0,1.0,1.0,1.0,3.0,5.0,2.555,7.0,5.0,2.4375
A,0,4111113072926875,0.0103,1.0,1.0,1.0,1.0,0.0,4.0,3.0244,10.0,5.0,3.625
A,0,4532014084548874,-0.0278,1.0,1.0,1.0,1.0,2.0,4.0,2.7272,8.0,5.0,4.1875
A,0,4111117124794520,0.216,1.0,1.0,1.0,1.0,0.0,4.0,2.4835,7.0,6.0,3.125
A,0,6011002582722732,-0.4003,1.0,1.0,1.0,1.0,5.0,6.0,2.7272,8.0,5.0,3.0
A,0,4111116205965967,0.1943,1.0,1.0,1.0,1.0,0.0,4.0,2.7272,8.0,5.0,4.0
A,0,4111117737167056,0.0856,1.0,1.0,1.0,1.0,0.0,4.0,2.4056,7.0,6.0,3.625
A,0,5105107922838608,-0.4672,1.0,1.0,1.0,1.0,3.0,5.0,3.0306,9.0,3.0,4.0625
A,0,4242423764953604,0.1245,1.0,1.0,1.0,1.0,1.0,4.0,2.7272,8.0,5.0,4.0625
A,0,4532017894657850,0.1896,1.0,1.0,1.0,1.0,2.0,4.0,3.2028,10.0,3.0,4.625
A,0,5105106375083514,-0.4348,1.0,1.0,1.0,1.0,3.0,5.0,2.7806,8.0,4.0,3.375
A,0,4532011998951103,-0.1397,1.0,1.0,1.0,1.0,2.0,4.0,2.8278,8.0,4.0,3.8125
A,0,4111117253815955,-0.0339,1.0,1.0,1.0,1.0,0.0,4.0,2.5306,8.0,6.0,3.6875
A,0,4111119853267116,-0.5418,1.0,1.0,1.0,1.0,0.0,4.0,2.6468,9.0,7.0,3.5625
A,0,5105106310236672,-0.131,1.0,1.0,1.0,1.0,3.0,5.0,2.7335,7.0,3.0,3.0
A,0,4111118428115156,0.294,1.0,1.0,1.0,1.0,0.0,4.0,2.125,6.0,8.0,3.125
A,0,4111119062500950,-0.1832,1.0,1.0,1.0,1.0,0.0,4.0,2.5244,7.0,5.0,2.8125
A,0,4242425710675835,0.2486,1.0,1.0,1.0,1.0,1.0,4.0,2.9835,9.0,3.0,4.0625
A,0,4242423336852607,-0.1496,1.0,1.0,1.0,1.0,1.0,4.0,2.7806,8.0,4.0,3.8125
A,0,4111117285179552,0.4097,1.0,1.0,1.0,1.0,0.0,4.0,2.4835,7.0,6.0,3.75
A,0,4111114663287834,0.3438,1.0,1.0,1.0,1.0,0.0,4.0,2.6022,7.0,5.0,3.75
A,0,4532019717542830,-0.0204,1.0,1.0,1.0,1.0,2.0,4.0,3.125,9.0,2.0,3.8125
A,0,4242421206516864,-0.1074,1.0,1.0,1.0,1.0,1.0,4.0,2.5778,7.0,4.0,3.5625
A,0,4111112042938614,-0.303,1.0,1.0,1.0,1.0,0.0,4.0,2.6085,8.0,6.0,3.0
A,0,4242427231017828,0.1571,1.0,1.0,1.0,1.0,1.0,4.0,2.6022,7.0,5.0,3.5625
A,0,4111110377941336,0.2421,1.0,1.0,1.0,1.0,0.0,4.0,2.4835,7.0,6.0,3.25
A,0,4111118703989978,0.446,1.0,1.0,1.0,1.0,0.0,4.0,2.555,7.0,5.0,4.8125
A,0,4242428557691568,-0.0211,1.0,1.0,1.0,1.0,1.0,4.0,2.8585,8.0,3.0,4.875
A,0,6011000131173944,-0.2055,1.0,1.0,1.0,1.0,5.0,6.0,2.5244,7.0,5.0,2.5625
A,0,4242422594455715,-0.1095,1.0,1.0,1.0,1.0,1.0,4.0,2.2744,6.0,5.0,4.0625
A,0,4532019316465094,-0.0286,1.0,1.0,1.0,1.0,2.0,4.0,2.9528,8.0,3.0,3.875
A,0,5555551941873333,0.0338,1.0,1.0,1.0,1.0,4.0,5.0,2.4056,7.0,6.0,4.5
A,0,4242429835248585,-0.0127,1.0,1.0,1.0,1.0,1.0,4.0,2.4056,6.0,4.0,4.6875
A,0,4242429527556907,-0.2856,1.0,1.0,1.0,1.0,1.0,4.0,2.6556,7.0,4.0,4.5625
A,0,4111110413646634,-0.3833,1.0,1.0,1.0,1.0,0.0,4.0,2.1085,5.0,6.0,2.875
A,0,4111114728932705,-0.0062,1.0,1.0,1.0,1.0,0.0,4.0,2.8994,9.0,5.0,3.5
A,0,4111114000139912,-0.118,1.0,1.0,1.0,1.0,0.0,4.0,2.2246,6.0,7.0,2.375
A,0,4111119466880529,0.2895,1.0,1.0,1.0,1.0,0.0,4.0,2.7744,8.0,5.0,4.125
A,0,4242424112928587,0.1115,1.0,1.0,1.0,1.0,1.0,4.0,2.5244,7.0,5.0,4.0625
A,0,5555556569143463,0.6523,1.0,1.0,1.0,1.0,4.0,5.0,2.2246,6.0,7.0,4.8125
A,0,4242429996366200,0.0676,1.0,1.0,1.0,1.0,1.0,4.0,2.4835,6.0,4.0,4.25
A,0,5555556960629581,-0.4674,1.0,1.0,1.0,1.0,4.0,5.0,2.3496,7.0,7.0,5.125
A,0,4111112129575867,-0.1066,1.0,1.0,1.0,1.0,0.0,4.0,2.6556,8.0,6.0,3.8125
A,0,4532014236566998,-0.0322,1.0,1.0,1.0,1.0,2.0,4.0,3.0778,9.0,3.0,4.5625
A,0,4242422773450354,0.1384,1.0,1.0,1.0,1.0,1.0,4.0,2.3994,6.0,5.0,3.625
A,0,5105102134464897,-0.2282,1.0,1.0,1.0,1.0,3.0,5.0,3.1556,10.0,3.0,3.75
A,0,4111113244364674,0.3042,1.0,1.0,1.0,1.0,0.0,4.0,2.2988,6.0,5.0,3.25
A,0,4242427661929617,-0.1598,1.0,1.0,1.0,1.0,1.0,4.0,2.5306,6.0,4.0,4.5
A,0,4532013377332863,0.1874,1.0,1.0,1.0,1.0,2.0,4.0,2.7806,9.0,6.0,3.75
A,0,5555558351799569,-0.8516,1.0,1.0,1.0,1.0,4.0,5.0,2.2028,7.0,8.0,5.75
A,0,5105106904411038,-0.276,1.0,1.0,1.0,1.0,3.0,5.0,2.75,8.0,4.0,3.0
A,0,4111112093724442,-0.0213,1.0,1.0,1.0,1.0,0.0,4.0,2.4772,7.0,5.0,2.875
A,0,4111117183504166,-0.2005,1.0,1.0,1.0,1.0,0.0,4.0,2.5218,8.0,7.0,3.125
A,0,4111114693067016,0.2421,1.0,1.0,1.0,1.0,0.0,4.0,2.4835,7.0,6.0,3.1875
A,0,4532012467447060,-0.2589,1.0,1.0,1.0,1.0,2.0,4.0,2.8278,8.0,4.0,3.4375
A,0,4111112846233899,0.3494,1.0,1.0,1.0,1.0,0.0,4.0,2.6494,7.0,5.0,3.9375
A,0,4532017788716218,0.1226,1.0,1.0,1.0,1.0,2.0,4.0,2.9835,9.0,3.0,4.375
A,0,4111116046312395,-0.365,1.0,1.0,1.0,1.0,0.0,4.0,2.6556,8.0,6.0,3.0
A,0,4111114053332562,-0.1456,1.0,1.0,1.0,1.0,0.0,4.0,2.6022,7.0,5.0,2.625
A,0,4111110982894797,0.136,1.0,1.0,1.0,1.0,0.0,4.0,2.6022,7.0,5.0,4.5
A,0,4111119866108018,-0.0642,1.0,1.0,1.0,1.0,0.0,4.0,2.2246,6.0,7.0,3.5
A,0,5105104086417261,-0.1662,1.0,1.0,1.0,1.0,3.0,5.0,2.8278,8.0,4.0,3.1875
A,0,4532019492546089,0.1656,1.0,1.0,1.0,1.0,2.0,4.0,3.0306,9.0,3.0,4.4375
A,0,4111112523276062,-0.1013,1.0,1.0,1.0,1.0,0.0,4.0,2.6494,8.0,5.0,2.75
A,0,4111112928224360,0.0065,1.0,1.0,1.0,1.0,0.0,4.0,2.6494,8.0,5.0,2.9375
A,0,4242424434335321,-0.2269,1.0,1.0,1.0,1.0,1.0,4.0,2.0306,5.0,6.0,3.125
A,0,5105101874697476,-0.2638,1.0,1.0,1.0,1.0,3.0,5.0,2.9056,8.0,3.0,4.4375
A,0,4111113335164041,-0.0954,1.0,1.0,1.0,1.0,0.0,4.0,2.1774,6.0,7.0,2.4375
A,0,4111115903881765,-0.0268,1.0,1.0,1.0,1.0,0.0,4.0,2.7806,9.0,6.0,3.8125
A,0,4242428336193985,-0.2368,1.0,1.0,1.0,1.0,1.0,4.0,2.8585,8.0,3.0,4.5625
A,0,5105101138074298,-0.2418,1.0,1.0,1.0,1.0,3.0,5.0,2.9528,9.0,4.0,3.4375
A,0,4111114490884969,-0.24,1.0,1.0,1.0,1.0,0.0,4.0,2.3522,6.0,5.0,4.375
A,0,4111114264816981,0.11,1.0,1.0,1.0,1.0,0.0,4.0,2.2246,6.0,7.0,3.625
A,0,5105103135080427,0.041,1.0,1.0,1.0,1.0,3.0,5.0,2.7806,8.0,4.0,2.8125
A,0,4532017188496338,0.1252,1.0,1.0,1.0,1.0,2.0,4.0,3.1556,10.0,3.0,4.5
A,0,4111119658312422,-0.0728,1.0,1.0,1.0,1.0,0.0,4.0,2.6085,8.0,6.0,3.1875
A,0,4532015202490568,0.2288,1.0,1.0,1.0,1.0,2.0,4.0,2.9835,9.0,3.0,3.5
A,0,5555554146565324,-0.2422,1.0,1.0,1.0,1.0,4.0,5.0,2.0778,6.0,8.0,4.375
A,0,4111114026075454,-0.0471,1.0,1.0,1.0,1.0,0.0,4.0,2.5244,7.0,5.0,2.875
A,0,4111115644941316,0.4587,1.0,1.0,1.0,1.0,0.0,4.0,2.1468,6.0,7.0,3.25
A,0,4532018081367246,-0.0403,1.0,1.0,1.0,1.0,2.0,4.0,3.125,9.0,2.0,3.75
A,0,4242429744589707,-0.3176,1.0,1.0,1.0,1.0,1.0,4.0,2.555,7.0,5.0,4.875
A,0,5105106777873124,-0.123,1.0,1.0,1.0,1.0,3.0,5.0,2.9528,9.0,4.0,4.0
A,0,4532011809428044,-0.2589,1.0,1.0,1.0,1.0,2.0,4.0,2.8278,8.0,4.0,3.4375
A,0,4111117468692959,0.1414,1.0,1.0,1.0,1.0,0.0,4.0,2.7272,8.0,5.0,4.625
A,0,4111114222325471,-0.1312,1.0,1.0,1.0,1.0,0.0,4.0,2.2335,6.0,6.0,2.5625
A,0,4111116918744923,0.2284,1.0,1.0,1.0,1.0,0.0,4.0,2.6085,8.0,6.0,3.875
A,0,4111115804181976,0.0682,1.0,1.0,1.0,1.0,0.0,4.0,2.5218,8.0,7.0,3.625
A,0,4532018328137097,0.2075,1.0,1.0,1.0,1.0,2.0,4.0,3.0778,9.0,3.0,3.9375
A,0,4111112585955751,0.1414,1.0,1.0,1.0,1.0,0.0,4.0,2.305,7.0,6.0,3.8125
A,0,5105103133337514,0.039,1.0,1.0,1.0,1.0,3.0,5.0,2.3522,6.0,5.0,2.8125
A,0,4111119981779511,-0.4029,1.0,1.0,1.0,1.0,0.0,4.0,2.0778,6.0,8.0,4.125
A,0,4111111713063892,-0.863,1.0,1.0,1.0,1.0,0.0,4.0,2.6468,9.0,7.0,3.0625
A,0,4242420021200662,-1.0174,1.0,1.0,1.0,1.0,1.0,4.0,2.1085,5.0,6.0,2.3125
A,0,4111112040583040,-0.5283,1.0,1.0,1.0,1.0,0.0,4.0,2.4772,7.0,5.0,2.1875
A,0,4532014785985789,-0.6324,1.0,1.0,1.0,1.0,2.0,4.0,3.0306,9.0,3.0,5.3125
A,0,4242428362644158,0.1115,1.0,1.0,1.0,1.0,1.0,4.0,2.5244,7.0,5.0,4.0625
A,0,4111114754104765,0.2706,1.0,1.0,1.0,1.0,0.0,4.0,2.2806,6.0,6.0,3.25
A,0,5105100123393473,-0.1973,1.0,1.0,1.0,1.0,3.0,5.0,2.7806,8.0,4.0,2.9375
A,0,4111117816699094,0.344,1.0,1.0,1.0,1.0,0.0,4.0,2.4835,7.0,6.0,4.25
A,0,4532013965762489,-1.7406,1.0,1.0,1.0,1.0,2.0,4.0,3.25,10.0,2.0,4.625
A,0,5105102622790860,-0.3919,1.0,1.0,1.0,1.0,3.0,5.0,2.8278,8.0,4.0,3.375
A,0,4111119721008957,-0.1175,1.0,1.0,1.0,1.0,0.0,4.0,2.6556,8.0,6.0,3.5625
A,0,4111116237656675,0.0443,1.0,1.0,1.0,1.0,0.0,4.0,2.5244,7.0,5.0,3.875
A,0,4532016075166152,-0.3203,1.0,1.0,1.0,1.0,2.0,4.0,2.8585,8.0,3.0,3.375
A,0,4111116960087429,0.2699,1.0,1.0,1.0,1.0,0.0,4.0,2.7744,8.0,5.0,3.75
A,0,4111112694271322,0.0206,1.0,1.0,1.0,1.0,0.0,4.0,2.4056,7.0,6.0,2.9375
A,0,4242427423302004,-0.6497,1.0,1.0,1.0,1.0,1.0,4.0,2.1266,5.0,5.0,2.6875
A,0,5105101247668790,-0.5492,1.0,1.0,1.0,1.0,3.0,5.0,3.0306,9.0,3.0,3.875
A,0,4111118252386667,0.018,1.0,1.0,1.0,1.0,0.0,4.0,2.7272,8.0,5.0,3.875
A,0,4532019507462058,-0.1759,1.0,1.0,1.0,1.0,2.0,4.0,3.1556,10.0,3.0,3.8125
A,0,4111111366423799,0.0025,1.0,1.0,1.0,1.0,0.0,4.0,2.5306,7.0,6.0,3.6875
A,0,4111115503243390,0.0644,1.0,1.0,1.0,1.0,0.0,4.0,2.6022,7.0,5.0,2.6875
A,0,4532012819543723,0.06,1.0,1.0,1.0,1.0,2.0,4.0,3.0306,9.0,3.0,3.6875
A,0,4242420098797517,-0.0569,1.0,1.0,1.0,1.0,1.0,4.0,2.8585,8.0,3.0,4.4375
A,0,4242429278992673,-0.4156,1.0,1.0,1.0,1.0,1.0,4.0,2.555,7.0,5.0,5.0
A,0,4111118288859919,0.2773,1.0,1.0,1.0,1.0,0.0,4.0,2.2335,6.0,6.0,4.75
A,0,5105105068898675,-0.1723,1.0,1.0,1.0,1.0,3.0,5.0,2.6556,7.0,4.0,4.625
A,0,4111113869704584,0.3182,1.0,1.0,1.0,1.0,0.0,4.0,2.8522,9.0,5.0,3.9375
A,0,4242421819284041,0.106,1.0,1.0,1.0,1.0,1.0,4.0,2.3522,6.0,5.0,3.5
A,0,5105106026534162,-0.2117,1.0,1.0,1.0,1.0,3.0,5.0,2.6863,7.0,3.0,2.9375
A,0,4111113741830540,0.2919,1.0,1.0,1.0,1.0,0.0,4.0,2.4835,7.0,6.0,2.75
A,0,5105103232062302,-0.6978,1.0,1.0,1.0,1.0,3.0,5.0,2.4528,6.0,4.0,2.1875
A,0,4242425070560197,0.196,1.0,1.0,1.0,1.0,1.0,4.0,2.8585,8.0,3.0,3.625
A,0,5105100436710306,-0.2419,1.0,1.0,1.0,1.0,3.0,5.0,2.6022,7.0,5.0,2.625
A,0,4111119276728314,0.0295,1.0,1.0,1.0,1.0,0.0,4.0,2.6556,8.0,6.0,3.625
A,0,4242427827679114,-0.1493,1.0,1.0,1.0,1.0,1.0,4.0,2.5778,7.0,4.0,4.375
A,0,4111116597292277,0.257,1.0,1.0,1.0,1.0,0.0,4.0,2.555,7.0,5.0,4.0625
A,0,4111116119666685,-0.5641,1.0,1.0,1.0,1.0,0.0,4.0,2.0462,6.0,7.0,3.9375
A,0,4532012022618361,0.0286,1.0,1.0,1.0,1.0,2.0,4.0,2.8278,8.0,4.0,2.875
A,0,4111112893855602,0.0547,1.0,1.0,1.0,1.0,0.0,4.0,2.8994,9.0,5.0,3.5625
A,0,4111119705046924,-0.2266,1.0,1.0,1.0,1.0,0.0,4.0,2.7272,8.0,5.0,3.4375
A,0,4242423930977800,0.1559,1.0,1.0,1.0,1.0,1.0,4.0,2.7335,7.0,3.0,4.0
A,0,4111115427630458,-0.2029,1.0,1.0,1.0,1.0,0.0,4.0,2.8522,9.0,5.0,3.3125
A,0,5105107856533068,0.0348,1.0,1.0,1.0,1.0,3.0,5.0,2.7028,7.0,4.0,3.9375
A,0,4111111261586112,-0.0803,1.0,1.0,1.0,1.0,0.0,4.0,1.9669,6.0,9.0,2.625
A,0,4111118397536309,0.1774,1.0,1.0,1.0,1.0,0.0,4.0,2.8522,9.0,5.0,3.875
A,0,4111114773009326,0.078,1.0,1.0,1.0,1.0,0.0,4.0,2.7744,8.0,5.0,3.125
A,0,4242422458561780,0.1786,1.0,1.0,1.0,1.0,1.0,4.0,2.75,8.0,4.0,4.0
A,0,4532011536222835,-0.1692,1.0,1.0,1.0,1.0,2.0,4.0,2.7806,8.0,4.0,3.25
A,0,4111116450371986,0.088,1.0,1.0,1.0,1.0,0.0,4.0,2.7806,9.0,6.0,3.625
A,0,4111116715951358,-0.2531,1.0,1.0,1.0,1.0,0.0,4.0,2.4746,8.0,7.0,3.6875
A,0,5105102529959808,-0.1092,1.0,1.0,1.0,1.0,3.0,5.0,2.5306,6.0,4.0,4.3125
A,0,6011001791480629,-0.3735,1.0,1.0,1.0,1.0,5.0,6.0,2.75,8.0,4.0,3.4375
A,0,4532010558303895,-0.1754,1.0,1.0,1.0,1.0,2.0,4.0,2.7806,8.0,4.0,3.8125
A,0,4242422007021948,0.0489,1.0,1.0,1.0,1.0,1.0,4.0,2.4772,7.0,5.0,3.1875
A,0,5555559071527140,0.1466,1.0,1.0,1.0,1.0,4.0,5.0,2.3968,7.0,7.0,4.125
A,0,4242427283207285,0.1919,1.0,1.0,1.0,1.0,1.0,4.0,2.4835,7.0,6.0,3.875
A,0,4111113893871383,-0.0087,1.0,1.0,1.0,1.0,0.0,4.0,2.2335,6.0,6.0,3.875
A,0,4242427048474931,0.4071,1.0,1.0,1.0,1.0,1.0,4.0,2.6085,8.0,6.0,4.0625
A,0,4532012529029260,-0.0755,1.0,1.0,1.0,1.0,2.0,4.0,2.7272,8.0,5.0,3.25
A,0,4111114805324875,-0.2266,1.0,1.0,1.0,1.0,0.0,4.0,2.7272,8.0,5.0,3.4375
A,0,4532014305364085,-0.3226,1.0,1.0,1.0,1.0,2.0,4.0,2.8113,8.0,3.0,3.3125
A,0,4532014826439416,0.0988,1.0,1.0,1.0,1.0,2.0,4.0,3.0,9.0,4.0,3.875
A,0,4242422631267537,0.2866,1.0,1.0,1.0,1.0,1.0,4.0,2.6022,7.0,5.0,3.75
A,0,4111118272906817,-0.1776,1.0,1.0,1.0,1.0,0.0,4.0,2.6556,8.0,6.0,3.6875
A,0,4111115730156266,-0.0728,1.0,1.0,1.0,1.0,0.0,4.0,2.6085,8.0,6.0,3.125
A,0,4111114771906135,-0.2005,1.0,1.0,1.0,1.0,0.0,4.0,2.5218,8.0,7.0,3.25
A,0,4242423968606438,-0.1057,1.0,1.0,1.0,1.0,1.0,4.0,2.6556,7.0,4.0,4.4375
A,0,4242426648557764,0.0692,1.0,1.0,1.0,1.0,1.0,4.0,2.43,6.0,5.0,4.75
A,0,4111119593003730,-0.3291,1.0,1.0,1.0,1.0,0.0,4.0,2.555,7.0,5.0,3.0
A,0,4242429537119225,0.126,1.0,1.0,1.0,1.0,1.0,4.0,2.6022,7.0,5.0,3.875
A,0,4532016598604937,-1.6354,1.0,1.0,1.0,1.0,2.0,4.0,3.25,10.0,2.0,4.5
A,0,4242423575767383,-0.2622,1.0,1.0,1.0,1.0,1.0,4.0,2.6863,7.0,3.0,4.5
A,0,4242426901717840,-0.1138,1.0,1.0,1.0,1.0,1.0,4.0,2.8278,8.0,4.0,3.8125
A,0,4111119378384081,0.4097,1.0,1.0,1.0,1.0,0.0,4.0,2.4835,7.0,6.0,3.75
A,0,4532019315911197,-0.156,1.0,1.0,1.0,1.0,2.0,4.0,2.7272,8.0,5.0,3.8125
A,0,4242420981965874,0.2848,1.0,1.0,1.0,1.0,1.0,4.0,2.9528,9.0,4.0,4.6875
A,0,4242420000016410,-1.4766,1.0,1.0,1.0,1.0,1.0,4.0,2.1085,5.0,6.0,1.875
A,0,4532010402020331,-0.8234,1.0,1.0,1.0,1.0,2.0,4.0,2.43,6.0,5.0,1.875
A,0,6011000570931703,0.332,1.0,1.0,1.0,1.0,5.0,6.0,2.4835,7.0,6.0,2.6875
A,0,4532013375968189,0.1896,1.0,1.0,1.0,1.0,2.0,4.0,3.2028,10.0,3.0,4.625
A,0,4111110834478930,0.0991,1.0,1.0,1.0,1.0,0.0,4.0,2.6022,7.0,5.0,3.4375
A,0,4242427445671527,-0.1401,1.0,1.0,1.0,1.0,1.0,4.0,2.3522,6.0,5.0,4.125
A,0,4242423281738140,0.1561,1.0,1.0,1.0,1.0,1.0,4.0,2.625,7.0,4.0,3.4375
A,0,4532018487862923,0.1252,1.0,1.0,1.0,1.0,2.0,4.0,3.1556,10.0,3.0,4.5
A,0,5105104774448529,-0.0901,1.0,1.0,1.0,1.0,3.0,5.0,2.8278,8.0,4.0,4.125
A,0,4532017156669023,0.2522,1.0,1.0,1.0,1.0,2.0,4.0,3.0778,9.0,3.0,3.75
A,0,4242422949050377,0.3608,1.0,1.0,1.0,1.0,1.0,4.0,2.625,7.0,4.0,4.0
A,0,4111119116831773,0.1622,1.0,1.0,1.0,1.0,0.0,4.0,2.25,7.0,8.0,3.4375
A,0,4111112120808093,0.1837,1.0,1.0,1.0,1.0,0.0,4.0,2.4835,7.0,6.0,2.625
A,0,5555552293619688,-0.1822,1.0,1.0,1.0,1.0,4.0,5.0,2.5306,7.0,6.0,5.25
A,0,4111114293194368,0.3267,1.0,1.0,1.0,1.0,0.0,4.0,2.4835,7.0,6.0,3.625
A,0,5555557359312623,0.2118,1.0,1.0,1.0,1.0,4.0,5.0,2.3496,7.0,7.0,4.4375
A,0,4242428681006790,-0.0929,1.0,1.0,1.0,1.0,1.0,4.0,2.8585,8.0,3.0,3.9375
A,0,4111111813021394,0.1455,1.0,1.0,1.0,1.0,0.0,4.0,2.25,7.0,8.0,2.5625
A,0,4111113781953988,0.4029,1.0,1.0,1.0,1.0,0.0,4.0,2.4835,7.0,6.0,4.375
A,0,4532010379299942,-0.2285,1.0,1.0,1.0,1.0,2.0,4.0,2.8278,8.0,4.0,4.3125
A,0,4111116025147580,-0.1886,1.0,1.0,1.0,1.0,0.0,4.0,2.6556,8.0,6.0,2.9375
A,0,4242429946058527,-0.1279,1.0,1.0,1.0,1.0,1.0,4.0,2.75,8.0,4.0,4.5625
A,0,4111113905907555,-0.0736,1.0,1.0,1.0,1.0,0.0,4.0,2.5244,7.0,5.0,3.5625
A,0,4111113262908311,-0.1765,1.0,1.0,1.0,1.0,0.0,4.0,2.5218,8.0,7.0,2.75
A,0,4111112157216582,-0.0758,1.0,1.0,1.0,1.0,0.0,4.0,2.3496,7.0,7.0,3.0
A,0,4242424697289272,-0.0332,1.0,1.0,1.0,1.0,1.0,4.0,2.2806,6.0,6.0,4.625
A,0,5555559126110991,-0.2099,1.0,1.0,1.0,1.0,4.0,5.0,2.2335,6.0,6.0,4.3125
A,0,4242422454767795,-0.3266,1.0,1.0,1.0,1.0,1.0,4.0,2.3522,6.0,5.0,4.625
A,0,4111117664855988,0.5167,1.0,1.0,1.0,1.0,0.0,4.0,2.6022,7.0,5.0,4.6875
A,0,4111115958139010,0.1205,1.0,1.0,1.0,1.0,0.0,4.0,2.3968,7.0,7.0,3.125
A,0,4532014242865319,0.06,1.0,1.0,1.0,1.0,2.0,4.0,3.0306,9.0,3.0,3.6875
A,0,4111116465212480,0.1622,1.0,1.0,1.0,1.0,0.0,4.0,2.4835,7.0,6.0,2.9375
A,0,4242425534681357,0.105,1.0,1.0,1.0,1.0,1.0,4.0,2.7806,8.0,4.0,4.0625
A,0,5555552728251172,-0.3718,1.0,1.0,1.0,1.0,4.0,5.0,2.0218,5.0,7.0,4.1875
A,0,5555557657403561,0.7024,1.0,1.0,1.0,1.0,4.0,5.0,2.25,7.0,8.0,4.625
A,0,4111114311115270,0.6078,1.0,1.0,1.0,1.0,0.0,4.0,2.0919,7.0,9.0,2.125
A,0,4111113219147856,-0.8565,1.0,1.0,1.0,1.0,0.0,4.0,2.6468,9.0,7.0,3.4375
A,0,4242424704763335,0.0067,1.0,1.0,1.0,1.0,1.0,4.0,2.555,7.0,5.0,3.75
A,0,4111115575256932,0.3646,1.0,1.0,1.0,1.0,0.0,4.0,2.6494,8.0,5.0,3.625
A,0,4111116054811395,-0.2005,1.0,1.0,1.0,1.0,0.0,4.0,2.5218,8.0,7.0,3.1875
A,0,4111117899368765,0.6652,1.0,1.0,1.0,1.0,0.0,4.0,2.7744,8.0,5.0,4.8125
A,0,4111115792099586,0.2567,1.0,1.0,1.0,1.0,0.0,4.0,2.8522,9.0,5.0,4.3125
A,0,4242423551387370,0.0145,1.0,1.0,1.0,1.0,1.0,4.0,2.8585,8.0,3.0,3.75
A,0,4242428650323895,0.0143,1.0,1.0,1.0,1.0,1.0,4.0,2.8278,8.0,4.0,4.1875
A,0,6011008297950021,-0.1513,1.0,1.0,1.0,1.0,5.0,6.0,2.7272,8.0,5.0,3.1875
A,0,4111114730872014,0.1862,1.0,1.0,1.0,1.0,0.0,4.0,2.4835,7.0,6.0,2.8125
A,0,4111110490732091,0.2919,1.0,1.0,1.0,1.0,0.0,4.0,2.4835,7.0,6.0,2.75
A,0,4242420590691267,-0.0391,1.0,1.0,1.0,1.0,1.0,4.0,2.8278,8.0,4.0,3.9375
A,0,5555555245865937,-1.0928,1.0,1.0,1.0,1.0,4.0,5.0,2.2169,8.0,9.0,5.25
A,0,4242423337194058,-0.0953,1.0,1.0,1.0,1.0,1.0,4.0,2.9056,9.0,4.0,3.8125
A,0,4111119761974894,-0.0167,1.0,1.0,1.0,1.0,0.0,4.0,2.3113,6.0,6.0,4.5625
A,0,4111113244168331,0.0927,1.0,1.0,1.0,1.0,0.0,4.0,2.1774,6.0,7.0,2.75
A,0,4242426166010543,0.0532,1.0,1.0,1.0,1.0,1.0,4.0,2.6556,7.0,4.0,3.125
A,0,4111117002381440,-0.112,1.0,1.0,1.0,1.0,0.0,4.0,2.4363,7.0,6.0,2.375
A,0,4242422553393881,0.1699,1.0,1.0,1.0,1.0,1.0,4.0,2.6556,7.0,4.0,4.0625
A,0,4242429902585596,0.4394,1.0,1.0,1.0,1.0,1.0,4.0,2.6085,7.0,4.0,4.75
A,0,4532010621148855,-0.3088,1.0,1.0,1.0,1.0,2.0,4.0,2.9056,8.0,3.0,3.4375
A,0,4111115693433942,-0.1985,1.0,1.0,1.0,1.0,0.0,4.0,2.555,7.0,5.0,3.5625
A,0,5105105903601508,-0.1714,1.0,1.0,1.0,1.0,3.0,5.0,2.4772,7.0,5.0,3.0625
A,0,5105103447926192,-0.0686,1.0,1.0,1.0,1.0,3.0,5.0,3.0778,9.0,3.0,3.6875
A,0,4242428811462285,-0.056,1.0,1.0,1.0,1.0,1.0,4.0,2.3522,6.0,5.0,3.9375
A,0,4111119857568659,0.5987,1.0,1.0,1.0,1.0,0.0,4.0,2.6022,7.0,5.0,4.8125
A,0,4532011881534693,0.0289,1.0,1.0,1.0,1.0,2.0,4.0,3.0306,9.0,3.0,3.9375
A,0,4111112333708742,-0.0453,1.0,1.0,1.0,1.0,0.0,4.0,2.6022,7.0,5.0,3.0
A,0,4111116744455207,-0.0581,1.0,1.0,1.0,1.0,0.0,4.0,2.5244,7.0,5.0,3.3125
A,0,4111115679143804,-0.0618,1.0,1.0,1.0,1.0,0.0,4.0,2.7335,9.0,6.0,3.5
A,0,4242423017655477,-0.0749,1.0,1.0,1.0,1.0,1.0,4.0,2.7806,8.0,4.0,3.9375
A,0,4532015361249151,-0.0582,1.0,1.0,1.0,1.0,2.0,4.0,2.8278,8.0,4.0,3.25
A,0,4111119939304941,0.1967,1.0,1.0,1.0,1.0,0.0,4.0,2.1085,5.0,6.0,3.75
A,0,4532012627544186,0.0736,1.0,1.0,1.0,1.0,2.0,4.0,3.0306,9.0,3.0,3.75
A,0,4242424490141605,0.1915,1.0,1.0,1.0,1.0,1.0,4.0,2.4835,7.0,6.0,3.25
A,0,4111115885493035,0.0909,1.0,1.0,1.0,1.0,0.0,4.0,2.6022,7.0,5.0,3.6875
A,0,4111117825428329,-0.0905,1.0,1.0,1.0,1.0,0.0,4.0,2.7272,8.0,5.0,3.6875
A,0,4111117833101942,-0.3063,1.0,1.0,1.0,1.0,0.0,4.0,2.5218,8.0,7.0,2.9375
A,0,4242426291679097,-0.1747,1.0,1.0,1.0,1.0,1.0,4.0,2.6556,7.0,4.0,4.625
A,0,4111113359001079,0.1862,1.0,1.0,1.0,1.0,0.0,4.0,2.4835,7.0,6.0,2.875
A,0,4111112734145569,-0.2063,1.0,1.0,1.0,1.0,0.0,4.0,2.6085,8.0,6.0,3.4375
A,0,4532019588922301,-0.0286,1.0,1.0,1.0,1.0,2.0,4.0,2.9528,8.0,3.0,3.875
A,0,4111112146032629,0.2919,1.0,1.0,1.0,1.0,0.0,4.0,2.4835,7.0,6.0,2.75
A,0,4111116371335011,0.0449,1.0,1.0,1.0,1.0,0.0,4.0,2.2028,7.0,8.0,2.4375
A,0,4111119355477940,0.1994,1.0,1.0,1.0,1.0,0.0,4.0,2.6022,7.0,5.0,3.875
A,0,4111116499238576,0.4078,1.0,1.0,1.0,1.0,0.0,4.0,2.8994,9.0,5.0,4.25
A,0,4111110075461272,0.1821,1.0,1.0,1.0,1.0,0.0,4.0,2.5306,7.0,6.0,2.6875
A,0,4242423719463444,0.0331,1.0,1.0,1.0,1.0,1.0,4.0,2.3496,7.0,7.0,3.9375
A,0,4242428390495540,0.2936,1.0,1.0,1.0,1.0,1.0,4.0,2.6022,7.0,5.0,4.0625
A,0,4111114608502347,0.2056,1.0,1.0,1.0,1.0,0.0,4.0,2.8522,9.0,5.0,3.0
A,0,4111116361186333,-0.0726,1.0,1.0,1.0,1.0,0.0,4.0,1.9746,5.0,7.0,3.0625
A,0,5105101202664198,-0.1662,1.0,1.0,1.0,1.0,3.0,5.0,2.8278,8.0,4.0,3.1875
A,0,4111116865344628,-0.1552,1.0,1.0,1.0,1.0,0.0,4.0,2.555,7.0,5.0,3.8125
A,0,5105108468638253,-0.142,1.0,1.0,1.0,1.0,3.0,5.0,2.9056,8.0,3.0,4.0625
A,0,4111112181011249,-0.7292,1.0,1.0,1.0,1.0,0.0,4.0,1.9669,6.0,9.0,2.375
A,0,4111118809073255,-0.0062,1.0,1.0,1.0,1.0,0.0,4.0,2.8994,9.0,5.0,3.5
A,0,5105100071594593,-0.2368,1.0,1.0,1.0,1.0,3.0,5.0,2.5778,7.0,4.0,3.4375
A,0,4242423730987710,-0.0929,1.0,1.0,1.0,1.0,1.0,4.0,2.8585,8.0,3.0,3.9375
A,0,4242425769218461,0.0521,1.0,1.0,1.0,1.0,1.0,4.0,2.75,8.0,4.0,4.1875
A,0,4242424487555312,-0.0685,1.0,1.0,1.0,1.0,1.0,4.0,2.4772,7.0,5.0,3.875
A,0,4111117862222742,0.3042,1.0,1.0,1.0,1.0,0.0,4.0,2.2988,6.0,5.0,3.1875
A,0,5555558921082520,0.0062,1.0,1.0,1.0,1.0,4.0,5.0,2.2246,6.0,7.0,4.1875
A,0,4111114498942116,0.1389,1.0,1.0,1.0,1.0,0.0,4.0,2.1468,6.0,7.0,3.5625
A,0,5105103379963601,-0.0915,1.0,1.0,1.0,1.0,3.0,5.0,2.7335,7.0,3.0,3.6875
A,0,4242424019886458,-0.1731,1.0,1.0,1.0,1.0,1.0,4.0,2.68,8.0,5.0,4.4375
A,0,5105109178769966,-0.3341,1.0,1.0,1.0,1.0,3.0,5.0,2.7335,7.0,3.0,5.0
A,0,4111111115467154,-0.5448,1.0,1.0,1.0,1.0,0.0,4.0,1.7947,5.0,9.0,2.75
A,0,4242427946321010,-0.0025,1.0,1.0,1.0,1.0,1.0,4.0,2.75,8.0,4.0,3.1875
A,0,5555559648646084,0.0957,1.0,1.0,1.0,1.0,4.0,5.0,2.3113,6.0,6.0,5.3125
A,0,4111113416055951,-0.0758,1.0,1.0,1.0,1.0,0.0,4.0,2.3496,7.0,7.0,3.0
A,0,4532010062776644,0.0215,1.0,1.0,1.0,1.0,2.0,4.0,2.8585,8.0,3.0,3.5625
A,0,4242425720113421,-0.0251,1.0,1.0,1.0,1.0,1.0,4.0,2.4772,7.0,5.0,2.75
A,0,4111119226960843,0.2394,1.0,1.0,1.0,1.0,0.0,4.0,2.7744,8.0,5.0,3.625
A,0,5105104578060009,-0.1474,1.0,1.0,1.0,1.0,3.0,5.0,2.6085,8.0,6.0,3.1875
A,0,5555551526788609,-0.3912,1.0,1.0,1.0,1.0,4.0,5.0,2.5218,8.0,7.0,5.125
A,0,4111119811360516,-0.6515,1.0,1.0,1.0,1.0,0.0,4.0,2.375,8.0,8.0,3.0625
A,0,4111115251423913,0.054,1.0,1.0,1.0,1.0,0.0,4.0,2.2718,6.0,7.0,2.75
A,0,4111113747430790,-0.1439,1.0,1.0,1.0,1.0,0.0,4.0,2.43,6.0,5.0,3.3125
A,0,4111116941010565,-0.0633,1.0,1.0,1.0,1.0,0.0,4.0,2.2718,6.0,7.0,2.875
A,0,4111110437620326,-0.0799,1.0,1.0,1.0,1.0,0.0,4.0,2.6494,7.0,5.0,2.625
A,0,4242427265405808,0.1932,1.0,1.0,1.0,1.0,1.0,4.0,2.625,7.0,4.0,3.9375
A,0,5555557619417642,0.6415,1.0,1.0,1.0,1.0,4.0,5.0,2.5306,7.0,6.0,4.8125
A,0,4242422635696699,-0.7865,1.0,1.0,1.0,1.0,1.0,4.0,2.4056,6.0,4.0,4.9375
A,0,4111119490676810,0.0025,1.0,1.0,1.0,1.0,0.0,4.0,2.5306,7.0,6.0,3.6875
A,0,5105103187001396,-0.1192,1.0,1.0,1.0,1.0,3.0,5.0,2.75,8.0,4.0,3.125
A,0,4111112377092797,0.0443,1.0,1.0,1.0,1.0,0.0,4.0,2.5244,7.0,5.0,3.875
A,0,4242426848234750,0.3572,1.0,1.0,1.0,1.0,1.0,4.0,2.6494,8.0,5.0,4.0625
A,0,4111119813431281,0.0891,1.0,1.0,1.0,1.0,0.0,4.0,2.125,6.0,8.0,3.0625
A,0,4532017729584477,0.2623,1.0,1.0,1.0,1.0,2.0,4.0,2.9528,9.0,4.0,4.6875
A,0,5105107568094490,-0.0454,1.0,1.0,1.0,1.0,3.0,5.0,2.8278,8.0,4.0,4.0
A,0,4111112169978633,0.0403,1.0,1.0,1.0,1.0,0.0,4.0,2.6556,8.0,6.0,3.9375
A,0,6011008010842281,-0.7713,1.0,1.0,1.0,1.0,5.0,6.0,2.3522,6.0,5.0,2.625
A,0,4532015455606795,0.1698,1.0,1.0,1.0,1.0,2.0,4.0,2.8994,9.0,5.0,4.1875
A,0,5555553288921550,0.5068,1.0,1.0,1.0,1.0,4.0,5.0,2.25,7.0,8.0,4.5625
A,0,4111110219354946,-0.0728,1.0,1.0,1.0,1.0,0.0,4.0,2.6085,8.0,6.0,3.25
A,0,4242421541955801,0.2243,1.0,1.0,1.0,1.0,1.0,4.0,2.6085,7.0,4.0,3.5625
A,0,4532018733002605,-0.167,1.0,1.0,1.0,1.0,2.0,4.0,2.9528,9.0,4.0,3.0625
A,0,5105102674189516,-0.4076,1.0,1.0,1.0,1.0,3.0,5.0,2.9528,9.0,4.0,3.8125
A,0,4111111857217221,-0.3629,1.0,1.0,1.0,1.0,0.0,4.0,2.0778,6.0,8.0,2.8125
A,0,6011007579305896,0.5335,1.0,1.0,1.0,1.0,5.0,6.0,2.875,8.0,4.0,4.1875
A,0,4111115481206344,-0.1983,1.0,1.0,1.0,1.0,0.0,4.0,2.5306,8.0,6.0,2.875
A,0,4242421412367672,-0.095,1.0,1.0,1.0,1.0,1.0,4.0,2.3994,6.0,5.0,3.5625
A,0,5555552838540795,-0.8999,1.0,1.0,1.0,1.0,4.0,5.0,2.375,8.0,8.0,5.0625
A,0,4242428482928507,-0.0317,1.0,1.0,1.0,1.0,1.0,4.0,2.4772,7.0,5.0,4.4375
A,0,5555558551988962,-0.2502,1.0,1.0,1.0,1.0,4.0,5.0,2.0778,6.0,8.0,5.6875
A,0,5105102466982276,-0.4672,1.0,1.0,1.0,1.0,3.0,5.0,3.0306,9.0,3.0,4.0
A,0,5555558898546556,2.3574,1.0,1.0,1.0,1.0,4.0,5.0,1.7947,5.0,9.0,5.875
A,0,6011004723550691,0.4408,1.0,1.0,1.0,1.0,5.0,6.0,2.9528,9.0,4.0,3.125
A,0,5105105633116751,0.1629,1.0,1.0,1.0,1.0,3.0,5.0,2.3994,6.0,5.0,3.125
A,0,4532011992434247,0.0956,1.0,1.0,1.0,1.0,2.0,4.0,2.8278,8.0,4.0,3.75
A,0,4111111012166206,-1.1763,1.0,1.0,1.0,1.0,0.0,4.0,1.9528,5.0,8.0,2.125
A,0,5555552428879447,0.0503,1.0,1.0,1.0,1.0,4.0,5.0,2.3585,6.0,6.0,5.3125
A,0,4532018492524401,-0.2839,1.0,1.0,1.0,1.0,2.0,4.0,2.8278,8.0,4.0,3.375
A,0,4242428324747933,-0.2386,1.0,1.0,1.0,1.0,1.0,4.0,2.3522,6.0,5.0,4.25
A,0,4111110457454473,0.3042,1.0,1.0,1.0,1.0,0.0,4.0,2.2988,6.0,5.0,3.25
A,0,4242427926180121,-0.2842,1.0,1.0,1.0,1.0,1.0,4.0,2.68,8.0,5.0,3.4375
A,0,4111115831478965,0.249,1.0,1.0,1.0,1.0,0.0,4.0,2.6556,8.0,6.0,4.0625
A,0,4242426912917579,-0.1747,1.0,1.0,1.0,1.0,1.0,4.0,2.6556,7.0,4.0,4.625
A,0,4242421093412441,-0.1183,1.0,1.0,1.0,1.0,1.0,4.0,2.2335,6.0,6.0,2.9375
A,0,4532014740152103,-0.586,1.0,1.0,1.0,1.0,2.0,4.0,2.7335,7.0,3.0,2.625
A,0,4111112038516846,-0.1672,1.0,1.0,1.0,1.0,0.0,4.0,2.6556,8.0,6.0,3.25
A,0,4111114471269636,-0.3126,1.0,1.0,1.0,1.0,0.0,4.0,2.4363,7.0,6.0,3.5625
A,0,4242428465581018,0.1699,1.0,1.0,1.0,1.0,1.0,4.0,2.6556,7.0,4.0,4.0
A,0,4111110011931933,-0.8003,1.0,1.0,1.0,1.0,0.0,4.0,1.9528,5.0,8.0,2.4375
A,0,5105100127500073,0.2599,1.0,1.0,1.0,1.0,3.0,5.0,2.3113,6.0,6.0,2.3125
A,0,5555558938019028,0.1764,1.0,1.0,1.0,1.0,4.0,5.0,2.4835,7.0,6.0,4.875
A,0,5555558243733925,0.3797,1.0,1.0,1.0,1.0,4.0,5.0,2.3496,7.0,7.0,4.75
A,0,4242428112109270,-0.5665,1.0,1.0,1.0,1.0,1.0,4.0,2.555,7.0,5.0,3.0625
A,0,4242429663631316,0.1304,1.0,1.0,1.0,1.0,1.0,4.0,2.4835,6.0,4.0,3.875
A,0,4111113714877643,0.1121,1.0,1.0,1.0,1.0,0.0,4.0,2.3113,6.0,6.0,3.6875
A,0,4242424035929589,-0.1768,1.0,1.0,1.0,1.0,1.0,4.0,2.5778,7.0,4.0,4.5
A,0,6011005891314190,-0.3619,1.0,1.0,1.0,1.0,5.0,6.0,2.6494,8.0,5.0,3.0625
A,0,4242423784351755,0.1252,1.0,1.0,1.0,1.0,1.0,4.0,2.6556,7.0,4.0,4.125
A,0,4242424229671476,-0.0947,1.0,1.0,1.0,1.0,1.0,4.0,2.2988,6.0,5.0,4.125
A,0,6011008935512233,-0.2067,1.0,1.0,1.0,1.0,5.0,6.0,2.8585,8.0,3.0,3.0625
A,0,4242425150388576,0.3258,1.0,1.0,1.0,1.0,1.0,4.0,2.9835,9.0,3.0,4.125
A,0,5555551968163360,0.4129,1.0,1.0,1.0,1.0,4.0,5.0,2.4835,7.0,6.0,4.5625
A,0,4111119039647975,0.0832,1.0,1.0,1.0,1.0,0.0,4.0,2.7272,8.0,5.0,4.25
A,0,5555551893451427,0.2564,1.0,1.0,1.0,1.0,4.0,5.0,2.5218,8.0,7.0,4.625
A,0,5105109499270470,0.0348,1.0,1.0,1.0,1.0,3.0,5.0,2.7028,7.0,4.0,3.9375
A,0,4242429491639218,-0.1493,1.0,1.0,1.0,1.0,1.0,4.0,2.5778,7.0,4.0,4.375
A,0,4111110718854826,0.2898,1.0,1.0,1.0,1.0,0.0,4.0,2.6085,8.0,6.0,3.625
A,0,4111117433332004,-0.2073,1.0,1.0,1.0,1.0,0.0,4.0,2.3522,6.0,5.0,2.375
A,0,4111115503514998,0.3267,1.0,1.0,1.0,1.0,0.0,4.0,2.4835,7.0,6.0,3.625
A,0,5105103851394663,-0.102,1.0,1.0,1.0,1.0,3.0,5.0,2.8585,8.0,3.0,3.75
A,0,4111115535275626,-0.0576,1.0,1.0,1.0,1.0,0.0,4.0,2.5244,7.0,5.0,3.4375
A,0,4111112331002346,-0.2128,1.0,1.0,1.0,1.0,0.0,4.0,2.3585,6.0,6.0,2.0625
A,0,5105102258399937,-0.4705,1.0,1.0,1.0,1.0,3.0,5.0,2.9056,8.0,3.0,4.3125
A,0,4242423353902293,0.0483,1.0,1.0,1.0,1.0,1.0,4.0,2.3522,6.0,5.0,3.5625
A,0,4242422997264961,-0.5221,1.0,1.0,1.0,1.0,1.0,4.0,2.3522,6.0,5.0,4.5625
A,0,4242426521108479,-0.0936,1.0,1.0,1.0,1.0,1.0,4.0,2.875,9.0,4.0,3.8125
A,0,4111116433841469,0.0237,1.0,1.0,1.0,1.0,0.0,4.0,2.2806,6.0,6.0,3.5625
A,0,5105108657316448,-0.142,1.0,1.0,1.0,1.0,3.0,5.0,2.9056,8.0,3.0,4.0
A,0,4242426057021591,-0.258,1.0,1.0,1.0,1.0,1.0,4.0,2.8278,8.0,4.0,3.375
A,0,4242428892943153,0.0101,1.0,1.0,1.0,1.0,1.0,4.0,2.625,7.0,4.0,4.375
A,0,4532011646939344,0.1149,1.0,1.0,1.0,1.0,2.0,4.0,2.8278,8.0,4.0,4.0
A,0,6011002313065617,-0.6767,1.0,1.0,1.0,1.0,5.0,6.0,2.5778,7.0,4.0,2.625
A,0,4111116973206453,-0.2059,1.0,1.0,1.0,1.0,0.0,4.0,2.8994,9.0,5.0,3.375
A,0,4532016433218182,-0.3027,1.0,1.0,1.0,1.0,2.0,4.0,2.8585,8.0,3.0,3.3125
A,0,4242427077516727,-0.0311,1.0,1.0,1.0,1.0,1.0,4.0,2.4772,7.0,5.0,4.1875
A,0,5555558450884825,-1.1268,1.0,1.0,1.0,1.0,4.0,5.0,1.875,5.0,8.0,5.125
A,0,4242426889513286,-0.0904,1.0,1.0,1.0,1.0,1.0,4.0,2.7806,8.0,4.0,4.625
A,0,5105108547849467,-0.3954,1.0,1.0,1.0,1.0,3.0,5.0,2.9056,8.0,3.0,4.625
A,0,5555550833254404,0.1063,1.0,1.0,1.0,1.0,4.0,5.0,2.2246,6.0,7.0,3.9375
A,0,4111118214570556,-0.0728,1.0,1.0,1.0,1.0,0.0,4.0,2.6085,8.0,6.0,3.25
A,0,5555558523559537,-0.553,1.0,1.0,1.0,1.0,4.0,5.0,1.7988,6.0,10.0,5.125
A,0,4111119933080570,-0.2271,1.0,1.0,1.0,1.0,0.0,4.0,2.7272,8.0,5.0,3.3125
A,0,4111119601018100,-1.3031,1.0,1.0,1.0,1.0,0.0,4.0,2.0,6.0,8.0,2.1875
A,0,4111116088051364,0.0989,1.0,1.0,1.0,1.0,0.0,4.0,2.5306,7.0,6.0,3.125
A,0,4111116687304966,0.4269,1.0,1.0,1.0,1.0,0.0,4.0,2.6494,8.0,5.0,4.0
A,0,4111114298610756,-0.0298,1.0,1.0,1.0,1.0,0.0,4.0,2.7806,9.0,6.0,3.5625
A,0,4111111483810134,-0.6974,1.0,1.0,1.0,1.0,0.0,4.0,1.9528,5.0,8.0,2.625
A,0,4242420020311890,-0.587,1.0,1.0,1.0,1.0,1.0,4.0,2.5778,7.0,4.0,2.625
A,0,6011002808033179,-0.4415,1.0,1.0,1.0,1.0,5.0,6.0,2.7272,8.0,5.0,3.0625
A,0,4242427600309467,0.163,1.0,1.0,1.0,1.0,1.0,4.0,2.6556,7.0,4.0,3.75
A,0,4242425674487847,-0.1365,1.0,1.0,1.0,1.0,1.0,4.0,2.3113,6.0,6.0,4.875
A,0,4242422538769353,-0.2383,1.0,1.0,1.0,1.0,1.0,4.0,2.7806,8.0,4.0,4.3125
A,0,4532011053915118,-0.3656,1.0,1.0,1.0,1.0,2.0,4.0,2.7272,8.0,5.0,3.0625
A,0,4242424101644880,-0.0135,1.0,1.0,1.0,1.0,1.0,4.0,2.3585,6.0,6.0,3.375
A,0,5105105184972115,-0.068,1.0,1.0,1.0,1.0,3.0,5.0,2.6494,8.0,5.0,3.4375
A,0,6011000010512576,-0.5931,1.0,1.0,1.0,1.0,5.0,6.0,2.2806,6.0,6.0,2.1875
A,0,4242421672465687,-0.1493,1.0,1.0,1.0,1.0,1.0,4.0,2.5778,7.0,4.0,4.375
A,0,4111110484990036,-0.0512,1.0,1.0,1.0,1.0,0.0,4.0,2.555,7.0,5.0,3.25
A,0,4242426135741384,0.1053,1.0,1.0,1.0,1.0,1.0,4.0,2.7272,8.0,5.0,3.75
A,0,4111117932641210,-0.1765,1.0,1.0,1.0,1.0,0.0,4.0,2.5218,8.0,7.0,2.75
A,0,4111112426577129,0.129,1.0,1.0,1.0,1.0,0.0,4.0,2.4835,7.0,6.0,3.375
A,0,4111112034590373,0.041,1.0,1.0,1.0,1.0,0.0,4.0,2.7272,8.0,5.0,2.8125
A,0,4111110998758960,-0.0319,1.0,1.0,1.0,1.0,0.0,4.0,2.7272,8.0,5.0,4.375
A,0,4242422633346404,-0.0154,1.0,1.0,1.0,1.0,1.0,4.0,2.1085,5.0,6.0,3.3125
A,0,5555552593307398,-0.5636,1.0,1.0,1.0,1.0,4.0,5.0,2.3496,7.0,7.0,4.9375
A,0,4111116195089133,-0.3867,1.0,1.0,1.0,1.0,0.0,4.0,2.5218,8.0,7.0,3.375
A,0,6011002559948682,0.2273,1.0,1.0,1.0,1.0,5.0,6.0,2.9528,8.0,3.0,4.125
A,0,4242422586714624,-0.2478,1.0,1.0,1.0,1.0,1.0,4.0,2.4238,7.0,5.0,3.9375
A,0,4532011231071727,-0.0281,1.0,1.0,1.0,1.0,2.0,4.0,2.6556,7.0,4.0,2.875
A,0,4242427985998330,-0.2646,1.0,1.0,1.0,1.0,1.0,4.0,2.8585,8.0,3.0,4.9375
A,0,5555559959954150,-1.6973,1.0,1.0,1.0,1.0,4.0,5.0,1.7169,5.0,9.0,5.375
A,0,4532017291005422,0.0046,1.0,1.0,1.0,1.0,2.0,4.0,2.8278,8.0,4.0,2.9375
A,0,5555551568944904,-0.4339,1.0,1.0,1.0,1.0,4.0,5.0,2.3496,7.0,7.0,5.0
A,0,6011008296105338,-0.5148,1.0,1.0,1.0,1.0,5.0,6.0,2.8278,8.0,4.0,3.3125
A,0,4111114161002396,0.163,1.0,1.0,1.0,1.0,0.0,4.0,2.3968,7.0,7.0,2.5625
A,0,4242427626854371,0.0521,1.0,1.0,1.0,1.0,1.0,4.0,2.75,8.0,4.0,4.1875
A,0,5555551065803256,0.3042,1.0,1.0,1.0,1.0,4.0,5.0,2.25,7.0,8.0,4.125
A,0,4111114370069236,0.081,1.0,1.0,1.0,1.0,0.0,4.0,2.7744,8.0,5.0,3.0625
A,0,4111117531501435,0.1,1.0,1.0,1.0,1.0,0.0,4.0,2.2246,6.0,7.0,2.6875
A,0,4111115060975418,-0.3462,1.0,1.0,1.0,1.0,0.0,4.0,2.6556,8.0,6.0,3.375
A,0,4242425805593646,-0.2383,1.0,1.0,1.0,1.0,1.0,4.0,2.7806,8.0,4.0,4.3125
A,0,5105109301540219,-0.3792,1.0,1.0,1.0,1.0,3.0,5.0,2.5778,7.0,4.0,2.875
A,0,4532011491110751,-0.0645,1.0,1.0,1.0,1.0,2.0,4.0,2.6556,8.0,6.0,2.8125
A,0,5555551012651790,0.1709,1.0,1.0,1.0,1.0,4.0,5.0,2.3496,7.0,7.0,3.875
A,0,4242422033315975,-0.0199,1.0,1.0,1.0,1.0,1.0,4.0,2.7806,8.0,4.0,3.5
A,0,6011007013454870,-0.2091,1.0,1.0,1.0,1.0,5.0,6.0,2.7272,8.0,5.0,2.9375
A,0,4242425228773924,-0.1123,1.0,1.0,1.0,1.0,1.0,4.0,2.4056,7.0,6.0,4.1875
A,0,4111118912709613,-0.8565,1.0,1.0,1.0,1.0,0.0,4.0,2.6468,9.0,7.0,3.4375
A,0,5555559575858249,-0.2895,1.0,1.0,1.0,1.0,4.0,5.0,1.9669,6.0,9.0,5.75
A,0,4111116629393069,-0.0805,1.0,1.0,1.0,1.0,0.0,4.0,2.555,7.0,5.0,3.875
A,0,4111117366911899,0.151,1.0,1.0,1.0,1.0,0.0,4.0,2.3496,7.0,7.0,4.25
A,0,4242421473472858,-0.0279,1.0,1.0,1.0,1.0,1.0,4.0,2.5244,7.0,5.0,4.1875
A,0,4242422614838825,0.1083,1.0,1.0,1.0,1.0,1.0,4.0,2.4772,7.0,5.0,4.0625
A,0,4111113210850508,0.2989,1.0,1.0,1.0,1.0,0.0,4.0,2.4835,7.0,6.0,2.5625
A,0,4111112675270566,0.0991,1.0,1.0,1.0,1.0,0.0,4.0,2.6022,7.0,5.0,3.4375
A,0,4242425829863231,0.1245,1.0,1.0,1.0,1.0,1.0,4.0,2.7272,8.0,5.0,4.0625
A,0,4242428984742059,-0.0338,1.0,1.0,1.0,1.0,1.0,4.0,2.5244,7.0,5.0,4.625
A,0,4111111505395445,0.0675,1.0,1.0,1.0,1.0,0.0,4.0,2.2335,6.0,6.0,3.125
A,0,6011004031422765,-0.7495,1.0,1.0,1.0,1.0,5.0,6.0,2.8278,8.0,4.0,2.625
A,0,4111116269606184,-0.1463,1.0,1.0,1.0,1.0,0.0,4.0,2.4056,7.0,6.0,3.5625
A,0,4242427766854967,-0.1558,1.0,1.0,1.0,1.0,1.0,4.0,2.6085,7.0,4.0,5.1875
A,0,5555559748157867,-0.7321,1.0,1.0,1.0,1.0,4.0,5.0,2.3496,7.0,7.0,5.75
A,0,4242427296348530,0.2606,1.0,1.0,1.0,1.0,1.0,4.0,2.875,9.0,4.0,4.0625
A,0,4242423193044314,0.3047,1.0,1.0,1.0,1.0,1.0,4.0,2.3113,6.0,6.0,3.125
A,0,4111112451527841,-0.1103,1.0,1.0,1.0,1.0,0.0,4.0,2.2246,6.0,7.0,3.0
A,0,5105103598887995,-0.7979,1.0,1.0,1.0,1.0,3.0,5.0,2.6556,7.0,4.0,5.1875
A,0,4111113836661420,-0.0142,1.0,1.0,1.0,1.0,0.0,4.0,2.4835,7.0,6.0,3.0
A,0,6011004615473010,-0.1981,1.0,1.0,1.0,1.0,5.0,6.0,2.5244,7.0,5.0,2.4375
A,0,4111119614226609,-0.0033,1.0,1.0,1.0,1.0,0.0,4.0,2.3585,6.0,6.0,3.375
A,0,4242425202811310,-0.3409,1.0,1.0,1.0,1.0,1.0,4.0,2.555,7.0,5.0,2.5625
A,0,4111110429125771,0.0148,1.0,1.0,1.0,1.0,0.0,4.0,2.3968,7.0,7.0,2.9375
A,0,4111111827985956,0.042,1.0,1.0,1.0,1.0,0.0,4.0,2.6556,8.0,6.0,4.3125
A,0,4242429767409254,-0.0495,1.0,1.0,1.0,1.0,1.0,4.0,2.5244,7.0,5.0,4.4375
A,0,4111113561274928,-0.0907,1.0,1.0,1.0,1.0,0.0,4.0,2.7806,9.0,6.0,3.5
A,0,4532016216216452,0.0532,1.0,1.0,1.0,1.0,2.0,4.0,2.6556,7.0,4.0,3.125
A,0,4242427907136001,-0.0687,1.0,1.0,1.0,1.0,1.0,4.0,2.8585,8.0,3.0,3.25
A,0,4111111026813074,-0.1696,1.0,1.0,1.0,1.0,0.0,4.0,2.5218,8.0,7.0,2.5625
A,0,4242426797107395,0.1117,1.0,1.0,1.0,1.0,1.0,4.0,2.9835,9.0,3.0,4.5
A,0,4111119439534732,0.0334,1.0,1.0,1.0,1.0,0.0,4.0,2.555,7.0,5.0,3.625
A,0,4111119605577044,0.1391,1.0,1.0,1.0,1.0,0.0,4.0,2.6022,7.0,5.0,3.5
A,0,4242427241504989,0.2307,1.0,1.0,1.0,1.0,1.0,4.0,2.6494,8.0,5.0,4.1875
A,0,4111111083962558,-0.0907,1.0,1.0,1.0,1.0,0.0,4.0,2.7806,9.0,6.0,3.5
A,0,4111114285984156,0.1906,1.0,1.0,1.0,1.0,0.0,4.0,2.4835,7.0,6.0,3.8125
A,0,4242424669315865,-0.0215,1.0,1.0,1.0,1.0,1.0,4.0,2.7806,8.0,4.0,4.4375
A,0,4111110325189608,-0.0203,1.0,1.0,1.0,1.0,0.0,4.0,2.7806,9.0,6.0,3.1875
A,0,4242422539938643,-0.1493,1.0,1.0,1.0,1.0,1.0,4.0,2.5778,7.0,4.0,4.375
A,0,4111116096036761,-0.0312,1.0,1.0,1.0,1.0,0.0,4.0,2.4056,7.0,6.0,3.3125
A,0,4532010277190219,-0.3027,1.0,1.0,1.0,1.0,2.0,4.0,2.8585,8.0,3.0,3.3125
A,0,4532019049908113,-0.1531,1.0,1.0,1.0,1.0,2.0,4.0,2.8585,8.0,3.0,3.6875
A,0,4111113587535401,0.216,1.0,1.0,1.0,1.0,0.0,4.0,2.4835,7.0,6.0,3.125
A,0,4111117489164061,0.0281,1.0,1.0,1.0,1.0,0.0,4.0,2.3496,7.0,7.0,3.4375
A,0,4242424622914036,-0.1591,1.0,1.0,1.0,1.0,1.0,4.0,2.4238,7.0,5.0,3.4375
A,0,4242429163936470,0.0961,1.0,1.0,1.0,1.0,1.0,4.0,2.8278,8.0,4.0,4.125
A,0,4111111037219600,-0.3865,1.0,1.0,1.0,1.0,0.0,4.0,2.4746,8.0,7.0,2.375
A,0,4111111244308121,-1.1687,1.0,1.0,1.0,1.0,0.0,4.0,2.0778,6.0,8.0,2.1875
A,0,4111110655454481,0.0936,1.0,1.0,1.0,1.0,0.0,4.0,2.2335,6.0,6.0,3.1875
A,0,5105101366170867,0.0137,1.0,1.0,1.0,1.0,3.0,5.0,2.6556,7.0,4.0,3.5625
A,0,5105106003693106,-0.017,1.0,1.0,1.0,1.0,3.0,5.0,2.43,6.0,5.0,2.875
A,0,4242422996856692,-0.6813,1.0,1.0,1.0,1.0,1.0,4.0,2.3829,6.0,5.0,5.0
A,0,4111117140199001,-0.5633,1.0,1.0,1.0,1.0,0.0,4.0,1.9528,5.0,8.0,2.5625
A,0,4111110916346302,0.1821,1.0,1.0,1.0,1.0,0.0,4.0,2.5306,7.0,6.0,2.6875
A,0,4532012062333640,0.3212,1.0,1.0,1.0,1.0,2.0,4.0,2.6556,7.0,4.0,2.75
A,0,4242422987463722,-0.129,1.0,1.0,1.0,1.0,1.0,4.0,2.4056,7.0,6.0,4.25
A,0,4111116343457844,-0.2645,1.0,1.0,1.0,1.0,0.0,4.0,2.4238,7.0,5.0,3.5625
A,0,5105109261966834,-0.39,1.0,1.0,1.0,1.0,3.0,5.0,3.0306,9.0,3.0,4.125
A,0,4111116598010942,-0.3649,1.0,1.0,1.0,1.0,0.0,4.0,2.6556,8.0,6.0,3.3125
A,0,4242422552180198,0.0917,1.0,1.0,1.0,1.0,1.0,4.0,2.6022,7.0,5.0,3.6875
A,0,4242424845527136,0.1773,1.0,1.0,1.0,1.0,1.0,4.0,2.6494,8.0,5.0,3.9375
A,0,4111111932935136,0.2325,1.0,1.0,1.0,1.0,0.0,4.0,2.3496,7.0,7.0,3.1875
A,0,4111119657318370,0.088,1.0,1.0,1.0,1.0,0.0,4.0,2.7806,9.0,6.0,3.625
A,0,4111119462565199,0.223,1.0,1.0,1.0,1.0,0.0,4.0,2.3585,6.0,6.0,4.0625
A,0,4532018705388511,-0.1935,1.0,1.0,1.0,1.0,2.0,4.0,2.8585,8.0,3.0,3.8125
A,0,5105102031684050,-0.5922,1.0,1.0,1.0,1.0,3.0,5.0,2.68,8.0,5.0,2.5625
A,0,4111111774552486,0.3267,1.0,1.0,1.0,1.0,0.0,4.0,2.4835,7.0,6.0,3.625
A,0,4111112199125155,0.0553,1.0,1.0,1.0,1.0,0.0,4.0,1.9528,5.0,8.0,3.0625
A,0,4242422338439207,-0.0749,1.0,1.0,1.0,1.0,1.0,4.0,2.4772,7.0,5.0,3.6875
A,0,4242422307800140,-0.0732,1.0,1.0,1.0,1.0,1.0,4.0,2.5,7.0,4.0,2.6875
A,0,5105109482874353,-0.4232,1.0,1.0,1.0,1.0,3.0,5.0,3.0778,9.0,3.0,4.0625
A,0,4242428837759839,-0.3662,1.0,1.0,1.0,1.0,1.0,4.0,2.7335,7.0,3.0,5.3125
A,0,5105108079438473,-0.2966,1.0,1.0,1.0,1.0,3.0,5.0,2.9528,8.0,3.0,4.0625
A,0,4242427951329676,-0.1657,1.0,1.0,1.0,1.0,1.0,4.0,2.8278,8.0,4.0,4.5625
A,0,4242427759233120,0.0606,1.0,1.0,1.0,1.0,1.0,4.0,2.7272,8.0,5.0,3.5625
A,0,4532012482014820,-0.0281,1.0,1.0,1.0,1.0,2.0,4.0,2.6556,7.0,4.0,2.875
A,0,5555551990553000,-0.3032,1.0,1.0,1.0,1.0,4.0,5.0,1.875,5.0,8.0,3.875
A,0,6011001515510024,-1.7494,1.0,1.0,1.0,1.0,5.0,6.0,2.2516,6.0,5.0,2.0
A,0,6011006675800529,-0.0472,1.0,1.0,1.0,1.0,5.0,6.0,2.7272,8.0,5.0,3.5
A,0,5555559289051198,-0.0225,1.0,1.0,1.0,1.0,4.0,5.0,2.2246,6.0,7.0,5.125
A,0,5555552819880814,-0.4302,1.0,1.0,1.0,1.0,4.0,5.0,2.4056,7.0,6.0,4.9375
A,0,4242421012514749,0.0489,1.0,1.0,1.0,1.0,1.0,4.0,2.4772,7.0,5.0,3.25
A,0,4111119791845130,-0.1397,1.0,1.0,1.0,1.0,0.0,4.0,2.5218,8.0,7.0,3.5
A,0,5555553186265290,0.0881,1.0,1.0,1.0,1.0,4.0,5.0,2.5218,8.0,7.0,4.5
A,0,4111117888306974,-0.0896,1.0,1.0,1.0,1.0,0.0,4.0,2.7272,8.0,5.0,4.3125
A,0,5555555453218449,0.829,1.0,1.0,1.0,1.0,4.0,5.0,2.2028,7.0,8.0,4.6875
A,0,4532014359605847,0.041,1.0,1.0,1.0,1.0,2.0,4.0,3.1556,10.0,3.0,4.125
A,0,4111119917510774,-0.0971,1.0,1.0,1.0,1.0,0.0,4.0,2.2246,6.0,7.0,3.6875
A,0,4111117071271837,0.2988,1.0,1.0,1.0,1.0,0.0,4.0,2.2718,7.0,7.0,3.25
A,0,4532011558680027,0.1117,1.0,1.0,1.0,1.0,2.0,4.0,3.0306,9.0,3.0,3.5625
A,0,4111117177922788,0.0572,1.0,1.0,1.0,1.0,0.0,4.0,2.2806,6.0,6.0,4.1875
A,0,4242425235293544,-0.0207,1.0,1.0,1.0,1.0,1.0,4.0,2.1266,5.0,5.0,3.75
A,0,4111114068486916,0.1572,1.0,1.0,1.0,1.0,0.0,4.0,2.3113,6.0,6.0,3.8125
A,0,4242425759310070,-0.2694,1.0,1.0,1.0,1.0,1.0,4.0,2.8585,8.0,3.0,3.4375
A,0,4111115745542617,0.2029,1.0,1.0,1.0,1.0,0.0,4.0,2.3113,6.0,6.0,3.4375
A,0,6011001591182177,-0.143,1.0,1.0,1.0,1.0,5.0,6.0,2.6085,8.0,6.0,3.125
A,0,4111118919018273,-0.0788,1.0,1.0,1.0,1.0,0.0,4.0,2.5218,8.0,7.0,3.5625
A,0,4111110321139433,0.1427,1.0,1.0,1.0,1.0,0.0,4.0,2.1468,6.0,7.0,2.375
A,0,4242428114808390,0.163,1.0,1.0,1.0,1.0,1.0,4.0,2.6556,7.0,4.0,3.75
A,0,4111115233102148,-0.0181,1.0,1.0,1.0,1.0,0.0,4.0,2.3968,7.0,7.0,2.375
A,0,4532014734806599,0.0492,1.0,1.0,1.0,1.0,2.0,4.0,3.2028,10.0,3.0,4.375
A,0,4532016075560172,-0.3338,1.0,1.0,1.0,1.0,2.0,4.0,2.9056,8.0,3.0,3.375
A,0,4111113282214690,-0.1026,1.0,1.0,1.0,1.0,0.0,4.0,2.6085,8.0,6.0,2.875
A,0,4111115861101081,-0.2181,1.0,1.0,1.0,1.0,0.0,4.0,1.9669,6.0,9.0,2.5
A,0,4532015493157207,0.2512,1.0,1.0,1.0,1.0,2.0,4.0,2.9528,8.0,3.0,3.625
A,0,4111115430544530,-0.1229,1.0,1.0,1.0,1.0,0.0,4.0,2.2272,5.0,5.0,2.625
A,0,5105102347947274,-0.3269,1.0,1.0,1.0,1.0,3.0,5.0,2.9056,8.0,3.0,3.8125
A,0,4242420903245124,-0.4918,1.0,1.0,1.0,1.0,1.0,4.0,2.4238,7.0,5.0,3.0
A,0,5105102072110312,-0.8105,1.0,1.0,1.0,1.0,3.0,5.0,2.3522,6.0,5.0,1.9375
A,0,4111113142179117,0.002,1.0,1.0,1.0,1.0,0.0,4.0,1.9669,6.0,9.0,2.8125
A,0,5555556621232817,0.3745,1.0,1.0,1.0,1.0,4.0,5.0,2.4835,7.0,6.0,4.25
A,0,4111118191011046,-0.2181,1.0,1.0,1.0,1.0,0.0,4.0,1.9669,6.0,9.0,2.5
A,0,4111118600932519,-0.1361,1.0,1.0,1.0,1.0,0.0,4.0,2.7806,9.0,6.0,3.25
A,0,4111117629562000,-0.0231,1.0,1.0,1.0,1.0,0.0,4.0,2.7272,8.0,5.0,2.875
A,0,4111110411872828,0.1719,1.0,1.0,1.0,1.0,0.0,4.0,2.2246,6.0,7.0,3.125
A,0,5555552350118384,0.2042,1.0,1.0,1.0,1.0,4.0,5.0,2.3968,7.0,7.0,4.0625
A,0,4111116893161648,0.0586,1.0,1.0,1.0,1.0,0.0,4.0,2.2246,6.0,7.0,3.8125
A,0,4111118566244859,0.3974,1.0,1.0,1.0,1.0,0.0,4.0,2.6022,7.0,5.0,4.125
A,0,4111111740679959,0.4727,1.0,1.0,1.0,1.0,0.0,4.0,2.4835,7.0,6.0,4.125
A,0,4242429199787780,-0.5616,1.0,1.0,1.0,1.0,1.0,4.0,2.6863,7.0,3.0,5.1875
A,0,4242427027888622,-0.0444,1.0,1.0,1.0,1.0,1.0,4.0,2.3113,6.0,6.0,4.25
A,0,4111113603616664,0.0367,1.0,1.0,1.0,1.0,0.0,4.0,2.055,5.0,6.0,3.125
A,0,4242425627336786,-0.1057,1.0,1.0,1.0,1.0,1.0,4.0,2.6556,7.0,4.0,4.4375
A,0,4532019878092906,0.0633,1.0,1.0,1.0,1.0,2.0,4.0,3.1556,10.0,3.0,4.5625
A,0,4111114997747784,-0.1858,1.0,1.0,1.0,1.0,0.0,4.0,2.1494,5.0,5.0,4.6875
A,0,4111111596502362,-0.365,1.0,1.0,1.0,1.0,0.0,4.0,2.6556,8.0,6.0,3.0
A,0,4111119757781865,0.3963,1.0,1.0,1.0,1.0,0.0,4.0,2.4835,7.0,6.0,4.5
A,0,4532014867207961,-1.5096,1.0,1.0,1.0,1.0,2.0,4.0,3.25,10.0,2.0,4.0625
A,0,4111112269438546,0.1319,1.0,1.0,1.0,1.0,0.0,4.0,2.7272,8.0,5.0,3.625
A,0,4242423322164181,-0.2958,1.0,1.0,1.0,1.0,1.0,4.0,2.3522,6.0,5.0,3.0625
A,0,4242420091755108,-0.2944,1.0,1.0,1.0,1.0,1.0,4.0,2.8585,8.0,3.0,3.375
A,0,4111119076502323,0.564,1.0,1.0,1.0,1.0,0.0,4.0,2.8994,9.0,5.0,2.875
A,0,5105109602365621,0.0688,1.0,1.0,1.0,1.0,3.0,5.0,2.6863,7.0,3.0,3.25
A,0,4111113122259244,-0.0152,1.0,1.0,1.0,1.0,0.0,4.0,2.2335,6.0,6.0,2.6875
A,0,4111110175006332,-0.5007,1.0,1.0,1.0,1.0,0.0,4.0,2.6085,8.0,6.0,2.25
A,0,4532012228502278,-0.3446,1.0,1.0,1.0,1.0,2.0,4.0,2.6556,8.0,6.0,3.3125
A,0,4111117977274745,-0.3833,1.0,1.0,1.0,1.0,0.0,4.0,2.2516,6.0,5.0,4.25
A,0,4532011326545197,0.0446,1.0,1.0,1.0,1.0,2.0,4.0,3.0306,9.0,3.0,3.625
A,0,4242420829827252,0.0331,1.0,1.0,1.0,1.0,1.0,4.0,2.3496,7.0,7.0,3.9375
A,0,4111117025813684,-0.3338,1.0,1.0,1.0,1.0,0.0,4.0,2.7806,9.0,6.0,3.3125
A,0,4242428442802917,-0.2478,1.0,1.0,1.0,1.0,1.0,4.0,2.4238,7.0,5.0,3.9375
A,0,4111115827635479,0.5053,1.0,1.0,1.0,1.0,0.0,4.0,2.8994,9.0,5.0,4.0625
A,0,4532017550134525,0.332,1.0,1.0,1.0,1.0,2.0,4.0,2.6494,7.0,5.0,3.25
A,0,4532013941473615,0.3702,1.0,1.0,1.0,1.0,2.0,4.0,2.9835,9.0,3.0,3.625
A,0,4242422121536912,-0.0644,1.0,1.0,1.0,1.0,1.0,4.0,2.4363,7.0,6.0,3.125
A,0,4532018618279724,-0.0085,1.0,1.0,1.0,1.0,2.0,4.0,3.2028,10.0,3.0,4.3125
A,0,4111113438894924,-0.0807,1.0,1.0,1.0,1.0,0.0,4.0,2.3994,6.0,5.0,3.9375
A,0,4111111338775433,0.1387,1.0,1.0,1.0,1.0,0.0,4.0,2.2806,6.0,6.0,3.3125
A,0,4532015043083804,0.0532,1.0,1.0,1.0,1.0,2.0,4.0,2.6556,7.0,4.0,3.125
A,0,5555558503532181,-0.0045,1.0,1.0,1.0,1.0,4.0,5.0,2.125,6.0,8.0,4.125
A,0,5555551312379605,0.1805,1.0,1.0,1.0,1.0,4.0,5.0,2.5218,8.0,7.0,4.1875
A,0,4111117124123753,0.054,1.0,1.0,1.0,1.0,0.0,4.0,2.2718,6.0,7.0,2.75
A,0,4532018382249994,-0.2627,1.0,1.0,1.0,1.0,2.0,4.0,2.8585,8.0,3.0,4.5625
A,0,4242429667761010,-0.0863,1.0,1.0,1.0,1.0,1.0,4.0,2.7335,7.0,3.0,3.8125
A,0,4242427928700207,-0.142,1.0,1.0,1.0,1.0,1.0,4.0,2.3829,6.0,5.0,3.75
A,0,4111115386229037,-0.0316,1.0,1.0,1.0,1.0,0.0,4.0,3.0244,10.0,5.0,3.375
A,0,4242423729458285,-0.0495,1.0,1.0,1.0,1.0,1.0,4.0,2.5244,7.0,5.0,4.4375
A,0,4242427680290165,0.1041,1.0,1.0,1.0,1.0,1.0,4.0,2.9528,9.0,4.0,3.875
A,0,4242424248654867,-0.2015,1.0,1.0,1.0,1.0,1.0,4.0,2.2806,6.0,6.0,4.5
A,0,4242425878224988,-1.0896,1.0,1.0,1.0,1.0,1.0,4.0,2.2744,6.0,5.0,4.9375
A,0,4242423095279943,-0.2069,1.0,1.0,1.0,1.0,1.0,4.0,2.5778,7.0,4.0,4.3125
A,0,5555557099633304,0.6084,1.0,1.0,1.0,1.0,4.0,5.0,2.4835,7.0,6.0,4.625
A,0,4242420539601286,0.3844,1.0,1.0,1.0,1.0,1.0,4.0,2.9528,9.0,4.0,3.625
A,0,4111111989737625,0.5712,1.0,1.0,1.0,1.0,0.0,4.0,2.7806,9.0,6.0,4.125
A,0,6011005379285094,0.0175,1.0,1.0,1.0,1.0,5.0,6.0,3.125,10.0,4.0,3.75
A,0,4242425962295449,-0.9873,1.0,1.0,1.0,1.0,1.0,4.0,2.1266,5.0,5.0,4.5625
A,0,4111111999500906,-0.1532,1.0,1.0,1.0,1.0,0.0,4.0,2.2335,6.0,6.0,3.5625
A,0,4532014041025651,0.1106,1.0,1.0,1.0,1.0,2.0,4.0,2.6863,7.0,3.0,2.6875
A,0,4111114507850284,0.2326,1.0,1.0,1.0,1.0,0.0,4.0,2.6022,7.0,5.0,3.25
A,0,4532017127960253,0.2903,1.0,1.0,1.0,1.0,2.0,4.0,3.0778,9.0,3.0,3.5625
A,0,4242429912889566,-0.5094,1.0,1.0,1.0,1.0,1.0,4.0,2.6556,7.0,4.0,5.0625
A,0,4111111980060670,0.0446,1.0,1.0,1.0,1.0,0.0,4.0,2.4056,7.0,6.0,2.875
A,0,4111112905528064,0.078,1.0,1.0,1.0,1.0,0.0,4.0,2.7744,8.0,5.0,3.125
A,0,4532015505956943,0.1615,1.0,1.0,1.0,1.0,2.0,4.0,2.7744,8.0,5.0,4.125
A,0,4532017777481279,-0.0528,1.0,1.0,1.0,1.0,2.0,4.0,2.8994,9.0,5.0,4.625
A,0,4111118526689813,0.5556,1.0,1.0,1.0,1.0,0.0,4.0,2.6085,8.0,6.0,4.0625
A,0,4242427472471593,-0.0311,1.0,1.0,1.0,1.0,1.0,4.0,2.4772,7.0,5.0,4.1875
A,0,6011006663491281,-0.3417,1.0,1.0,1.0,1.0,5.0,6.0,2.7028,8.0,4.0,3.375
A,0,4242420992257360,-0.1301,1.0,1.0,1.0,1.0,1.0,4.0,2.7272,8.0,5.0,3.8125
A,0,4111111227324830,0.2989,1.0,1.0,1.0,1.0,0.0,4.0,2.4835,7.0,6.0,2.5625
A,0,4111111356185432,0.0148,1.0,1.0,1.0,1.0,0.0,4.0,2.3968,7.0,7.0,2.9375
A,0,4242429604804535,-0.0554,1.0,1.0,1.0,1.0,1.0,4.0,2.7272,8.0,5.0,3.875
A,0,4111113853674967,0.2348,1.0,1.0,1.0,1.0,0.0,4.0,2.7744,8.0,5.0,4.1875
A,0,5555554458300955,-0.165,1.0,1.0,1.0,1.0,4.0,5.0,1.9669,6.0,9.0,4.5625
A,0,4532013301543072,0.3322,1.0,1.0,1.0,1.0,2.0,4.0,2.7028,7.0,4.0,2.6875
A,0,4111110402370246,-0.3064,1.0,1.0,1.0,1.0,0.0,4.0,2.555,7.0,5.0,2.3125
A,0,4111114366395082,-0.2241,1.0,1.0,1.0,1.0,0.0,4.0,2.8994,9.0,5.0,3.4375
A,0,5555553956644344,-0.0399,1.0,1.0,1.0,1.0,4.0,5.0,2.0218,5.0,7.0,4.875
A,0,5555553154356212,-0.0037,1.0,1.0,1.0,1.0,4.0,5.0,2.125,6.0,8.0,3.875
A,0,4532018676330203,-0.0755,1.0,1.0,1.0,1.0,2.0,4.0,2.9528,9.0,4.0,3.3125
A,0,5105105088436639,-0.142,1.0,1.0,1.0,1.0,3.0,5.0,2.9056,8.0,3.0,4.0
A,0,4111116446184204,-0.1304,1.0,1.0,1.0,1.0,0.0,4.0,2.18,6.0,6.0,3.0
A,0,5105101950842756,-0.1487,1.0,1.0,1.0,1.0,3.0,5.0,2.9056,9.0,4.0,3.6875
A,0,4242427596756655,-0.2651,1.0,1.0,1.0,1.0,1.0,4.0,2.4835,6.0,4.0,4.9375
A,0,4242424419856192,-0.0279,1.0,1.0,1.0,1.0,1.0,4.0,2.5244,7.0,5.0,4.1875
A,0,6011004592494260,-0.0715,1.0,1.0,1.0,1.0,5.0,6.0,2.7028,7.0,4.0,3.3125
A,0,4111110194959974,0.0316,1.0,1.0,1.0,1.0,0.0,4.0,2.2335,6.0,6.0,4.125
A,0,4532013143052019,0.3621,1.0,1.0,1.0,1.0,2.0,4.0,2.7335,7.0,3.0,2.6875
A,0,4242420235029899,0.1085,1.0,1.0,1.0,1.0,1.0,4.0,2.555,7.0,5.0,4.0625
A,0,4242423171239183,0.282,1.0,1.0,1.0,1.0,1.0,4.0,2.6085,7.0,4.0,3.5
A,0,4111118428959165,0.3556,1.0,1.0,1.0,1.0,0.0,4.0,2.5306,7.0,6.0,4.125
A,0,4111113021635288,-0.1886,1.0,1.0,1.0,1.0,0.0,4.0,2.6556,8.0,6.0,2.9375
A,0,4111113587675801,-0.1776,1.0,1.0,1.0,1.0,0.0,4.0,2.6556,8.0,6.0,3.6875
A,0,5105108310545557,0.1328,1.0,1.0,1.0,1.0,3.0,5.0,2.4363,7.0,6.0,3.4375
A,0,4111119749074841,0.1683,1.0,1.0,1.0,1.0,0.0,4.0,2.2806,6.0,6.0,3.875
A,0,4242429308220210,-0.1721,1.0,1.0,1.0,1.0,1.0,4.0,2.4363,7.0,6.0,2.8125
A,0,5105109720785833,-0.142,1.0,1.0,1.0,1.0,3.0,5.0,2.9056,8.0,3.0,4.0
A,0,4242420472006006,-0.5109,1.0,1.0,1.0,1.0,1.0,4.0,2.1494,5.0,5.0,2.6875
A,0,4242423410974970,0.126,1.0,1.0,1.0,1.0,1.0,4.0,2.6022,7.0,5.0,3.875
A,0,4242427256828125,0.3818,1.0,1.0,1.0,1.0,1.0,4.0,2.4835,7.0,6.0,4.0
A,0,6011008044130364,-0.9453,1.0,1.0,1.0,1.0,5.0,6.0,2.43,6.0,5.0,2.5625
A,0,5555555672940229,0.3797,1.0,1.0,1.0,1.0,4.0,5.0,2.3496,7.0,7.0,4.75
A,0,4532014705814580,0.0215,1.0,1.0,1.0,1.0,2.0,4.0,2.8585,8.0,3.0,3.5625
A,0,4532016659257393,0.0239,1.0,1.0,1.0,1.0,2.0,4.0,3.0306,9.0,3.0,4.375
A,0,4532012681778647,0.2096,1.0,1.0,1.0,1.0,2.0,4.0,3.0778,9.0,3.0,4.4375
A,0,4242422152110744,-0.5295,1.0,1.0,1.0,1.0,1.0,4.0,2.2516,6.0,5.0,2.8125
A,0,4532018275806454,0.108,1.0,1.0,1.0,1.0,2.0,4.0,3.0306,9.0,3.0,4.0
A,0,6011008248519479,0.3824,1.0,1.0,1.0,1.0,5.0,6.0,3.0306,9.0,3.0,4.0625
A,0,4111113352170699,-0.3152,1.0,1.0,1.0,1.0,0.0,4.0,2.7806,9.0,6.0,3.375
A,0,4111114323963642,-0.0121,1.0,1.0,1.0,1.0,0.0,4.0,2.43,6.0,5.0,3.1875
A,0,4111116951303223,-0.0139,1.0,1.0,1.0,1.0,0.0,4.0,2.6085,8.0,6.0,2.6875
A,0,4242425139489958,-0.6284,1.0,1.0,1.0,1.0,1.0,4.0,2.6556,7.0,4.0,4.9375
A,0,4111110512654489,-0.2068,1.0,1.0,1.0,1.0,0.0,4.0,2.6085,8.0,6.0,3.3125
A,0,4111117169792199,0.275,1.0,1.0,1.0,1.0,0.0,4.0,2.1468,6.0,7.0,4.3125
A,0,4242424907396131,-0.1138,1.0,1.0,1.0,1.0,1.0,4.0,2.8278,8.0,4.0,3.8125
A,0,4111111500512895,0.0916,1.0,1.0,1.0,1.0,0.0,4.0,2.3496,7.0,7.0,2.8125
A,0,4111118548066172,-0.1785,1.0,1.0,1.0,1.0,0.0,4.0,2.6556,8.0,6.0,3.5
A,0,4242420217014919,0.2096,1.0,1.0,1.0,1.0,1.0,4.0,2.4528,6.0,4.0,3.25
A,0,4242422722075724,-0.204,1.0,1.0,1.0,1.0,1.0,4.0,1.9746,5.0,7.0,3.5
A,0,4111111226700873,-0.014,1.0,1.0,1.0,1.0,0.0,4.0,2.6556,8.0,6.0,2.8125
A,0,5105101939042650,-0.26,1.0,1.0,1.0,1.0,3.0,5.0,2.7806,8.0,4.0,3.1875
A,0,4532010573121017,-0.4518,1.0,1.0,1.0,1.0,2.0,4.0,2.7028,7.0,4.0,2.625
A,0,6011004106147172,-0.9901,1.0,1.0,1.0,1.0,5.0,6.0,2.3994,6.0,5.0,2.5625
A,0,4111112468861019,-0.0395,1.0,1.0,1.0,1.0,0.0,4.0,2.3968,7.0,7.0,3.375
A,0,4111114999613943,-0.1665,1.0,1.0,1.0,1.0,0.0,4.0,2.1085,5.0,6.0,4.125
A,0,5555559422247232,-0.0585,1.0,1.0,1.0,1.0,4.0,5.0,2.18,6.0,6.0,4.1875
A,0,5105103607610552,-0.4032,1.0,1.0,1.0,1.0,3.0,5.0,2.5778,7.0,4.0,2.9375
A,0,5105100876354136,-0.3859,1.0,1.0,1.0,1.0,3.0,5.0,2.8585,8.0,3.0,3.4375
A,0,4532010827232354,-0.0582,1.0,1.0,1.0,1.0,2.0,4.0,2.8278,8.0,4.0,3.1875
A,0,4111112260058038,0.1297,1.0,1.0,1.0,1.0,0.0,4.0,2.7272,8.0,5.0,2.6875
A,0,4242420139371595,-0.1693,1.0,1.0,1.0,1.0,1.0,4.0,2.9056,8.0,3.0,3.8125
A,0,5555559546897185,-1.1591,1.0,1.0,1.0,1.0,4.0,5.0,2.25,7.0,8.0,5.75
A,0,4242420716417472,0.0483,1.0,1.0,1.0,1.0,1.0,4.0,2.3522,6.0,5.0,3.5625
A,0,4111118624517882,0.4097,1.0,1.0,1.0,1.0,0.0,4.0,2.4835,7.0,6.0,3.75
A,0,4242426785078418,-0.1741,1.0,1.0,1.0,1.0,1.0,4.0,2.7806,8.0,4.0,4.5
A,0,5555559971122257,0.5528,1.0,1.0,1.0,1.0,4.0,5.0,2.0996,5.0,7.0,4.6875
A,0,4242423898365816,0.0427,1.0,1.0,1.0,1.0,1.0,4.0,2.8585,8.0,3.0,4.6875
A,0,5105108933025144,-0.2026,1.0,1.0,1.0,1.0,3.0,5.0,2.8585,8.0,3.0,3.1875
A,0,5555558590261629,-0.2269,1.0,1.0,1.0,1.0,4.0,5.0,2.3968,7.0,7.0,4.875
A,0,4532016942829651,0.2271,1.0,1.0,1.0,1.0,2.0,4.0,3.0778,9.0,3.0,4.1875
A,0,4111110287773407,-0.0395,1.0,1.0,1.0,1.0,0.0,4.0,2.5244,7.0,5.0,3.375
A,0,5105102539988391,-0.2633,1.0,1.0,1.0,1.0,3.0,5.0,2.7335,7.0,3.0,4.3125
A,0,4532018998182910,-0.2246,1.0,1.0,1.0,1.0,2.0,4.0,2.8585,8.0,3.0,4.375
A,0,5105109611159395,0.0997,1.0,1.0,1.0,1.0,3.0,5.0,2.3522,6.0,5.0,3.8125
A,0,6011008655027552,0.0814,1.0,1.0,1.0,1.0,5.0,6.0,2.625,7.0,4.0,3.3125
A,0,4532017400150234,-0.3367,1.0,1.0,1.0,1.0,2.0,4.0,2.7028,7.0,4.0,2.5625
A,0,4111110234814163,0.2158,1.0,1.0,1.0,1.0,0.0,4.0,2.3496,7.0,7.0,2.5625
A,0,4242427369326413,-0.1385,1.0,1.0,1.0,1.0,1.0,4.0,2.5778,7.0,4.0,3.875
A,0,5555552485172389,-0.1387,1.0,1.0,1.0,1.0,4.0,5.0,2.5218,8.0,7.0,4.9375
A,0,4111119500309303,-0.1437,1.0,1.0,1.0,1.0,0.0,4.0,2.3522,6.0,5.0,2.5625
A,0,4532019761926756,-0.0322,1.0,1.0,1.0,1.0,2.0,4.0,3.0778,9.0,3.0,4.5625
A,0,4111118267069399,0.4295,1.0,1.0,1.0,1.0,0.0,4.0,2.8522,9.0,5.0,4.25
A,0,4242422144405939,-0.1207,1.0,1.0,1.0,1.0,1.0,4.0,2.4056,7.0,6.0,3.6875
A,0,4532016276160467,0.0378,1.0,1.0,1.0,1.0,2.0,4.0,2.875,8.0,4.0,3.75
A,0,4242425309575750,0.1699,1.0,1.0,1.0,1.0,1.0,4.0,2.6556,7.0,4.0,4.0
A,0,4242429687373655,0.6386,1.0,1.0,1.0,1.0,1.0,4.0,2.9056,8.0,3.0,4.8125
A,0,4111114625438749,-0.0066,1.0,1.0,1.0,1.0,0.0,4.0,2.7744,9.0,5.0,3.8125
A,0,4111112213710339,0.2158,1.0,1.0,1.0,1.0,0.0,4.0,2.3496,7.0,7.0,2.5
A,0,6011000319346288,-0.3066,1.0,1.0,1.0,1.0,5.0,6.0,2.8278,8.0,4.0,3.25
A,0,4242424178719987,-0.4763,1.0,1.0,1.0,1.0,1.0,4.0,2.5306,6.0,4.0,4.9375
A,0,4242427223667879,0.2068,1.0,1.0,1.0,1.0,1.0,4.0,2.555,7.0,5.0,4.6875
A,0,4242423859009965,-0.2095,1.0,1.0,1.0,1.0,1.0,4.0,2.8585,8.0,3.0,4.5
A,0,4532010306937291,-0.0721,1.0,1.0,1.0,1.0,2.0,4.0,3.0306,9.0,3.0,3.4375
A,0,4242427953108508,0.108,1.0,1.0,1.0,1.0,1.0,4.0,3.0306,9.0,3.0,4.0
A,0,4111118355457142,-0.1195,1.0,1.0,1.0,1.0,0.0,4.0,2.4363,7.0,6.0,3.3125
A,0,4111113944167955,0.2653,1.0,1.0,1.0,1.0,0.0,4.0,2.4835,7.0,6.0,3.875
A,0,4111110596749734,0.018,1.0,1.0,1.0,1.0,0.0,4.0,2.7272,8.0,5.0,3.9375
A,0,6011008854460604,-0.1982,1.0,1.0,1.0,1.0,5.0,6.0,2.43,6.0,5.0,3.3125
A,0,4111119223590957,0.1624,1.0,1.0,1.0,1.0,0.0,4.0,2.7272,8.0,5.0,3.75
A,0,4111119717060301,0.2161,1.0,1.0,1.0,1.0,0.0,4.0,2.3496,7.0,7.0,2.6875
A,0,4111114396136076,0.129,1.0,1.0,1.0,1.0,0.0,4.0,2.4835,7.0,6.0,3.375
A,0,5555559219682260,0.8166,1.0,1.0,1.0,1.0,4.0,5.0,2.4835,7.0,6.0,4.6875
A,0,4111112941030810,-0.0079,1.0,1.0,1.0,1.0,0.0,4.0,2.3496,7.0,7.0,2.3125
A,0,4111110159384531,-0.1616,1.0,1.0,1.0,1.0,0.0,4.0,2.3968,7.0,7.0,3.0
A,0,6011000465848988,0.6479,1.0,1.0,1.0,1.0,5.0,6.0,2.625,7.0,4.0,4.25
A,0,4242424821621960,0.002,1.0,1.0,1.0,1.0,1.0,4.0,2.5244,7.0,5.0,3.5625
A,0,4111115327343210,0.2248,1.0,1.0,1.0,1.0,0.0,4.0,2.4835,7.0,6.0,2.4375
A,0,5105104775807772,0.0043,1.0,1.0,1.0,1.0,3.0,5.0,2.555,7.0,5.0,4.125
A,0,4242422929284137,0.01,1.0,1.0,1.0,1.0,1.0,4.0,2.4056,7.0,6.0,4.0625
A,0,4111118305031831,-0.0544,1.0,1.0,1.0,1.0,0.0,4.0,2.2246,6.0,7.0,2.5625
A,0,4111113147381122,0.0676,1.0,1.0,1.0,1.0,0.0,4.0,2.125,6.0,8.0,2.5625
A,0,4242428180012430,-0.0825,1.0,1.0,1.0,1.0,1.0,4.0,2.4528,6.0,4.0,2.8125
A,0,4111119868910635,0.2166,1.0,1.0,1.0,1.0,0.0,4.0,2.6556,8.0,6.0,4.0
A,0,4111118240891281,0.198,1.0,1.0,1.0,1.0,0.0,4.0,2.2246,6.0,7.0,3.25
A,0,4111114941370931,0.1719,1.0,1.0,1.0,1.0,0.0,4.0,2.2246,6.0,7.0,3.125
A,0,4111112025382798,-0.2024,1.0,1.0,1.0,1.0,0.0,4.0,2.8522,9.0,5.0,3.4375
A,0,4242420308405976,0.1507,1.0,1.0,1.0,1.0,1.0,4.0,2.9056,9.0,4.0,3.75
A,0,5555559197660668,-0.3057,1.0,1.0,1.0,1.0,4.0,5.0,2.4056,7.0,6.0,5.5
A,0,4111110592984210,-0.1725,1.0,1.0,1.0,1.0,0.0,4.0,2.5306,7.0,6.0,3.0625
A,0,4111116381564881,-0.0971,1.0,1.0,1.0,1.0,0.0,4.0,2.2246,6.0,7.0,3.6875
A,0,5555551763406931,-0.0704,1.0,1.0,1.0,1.0,4.0,5.0,2.6556,8.0,6.0,4.375
A,0,4242427244880527,-0.0119,1.0,1.0,1.0,1.0,1.0,4.0,2.2988,6.0,5.0,4.0625
A,0,4111117780312633,-0.3442,1.0,1.0,1.0,1.0,0.0,4.0,2.6085,8.0,6.0,3.0625
A,0,5555555675477716,-0.8797,1.0,1.0,1.0,1.0,4.0,5.0,1.875,5.0,8.0,5.3125
A,0,4111118012614606,0.1,1.0,1.0,1.0,1.0,0.0,4.0,2.2246,6.0,7.0,2.6875
A,0,6011005210274075,-0.0945,1.0,1.0,1.0,1.0,5.0,6.0,2.6022,7.0,5.0,2.5625
A,0,4111116732710902,-0.1646,1.0,1.0,1.0,1.0,0.0,4.0,2.6556,8.0,6.0,2.875
A,0,4532010932704990,0.2239,1.0,1.0,1.0,1.0,2.0,4.0,2.8278,8.0,4.0,3.625
A,0,4242422903324453,-0.1616,1.0,1.0,1.0,1.0,1.0,4.0,2.2516,6.0,5.0,3.3125
A,0,4242429008392848,-0.0678,1.0,1.0,1.0,1.0,1.0,4.0,2.4528,6.0,4.0,4.3125
A,0,4242424196777934,0.2068,1.0,1.0,1.0,1.0,1.0,4.0,2.555,7.0,5.0,4.6875
A,0,4532017425059055,0.0347,1.0,1.0,1.0,1.0,2.0,4.0,2.7272,8.0,5.0,3.5625
A,0,4111111205060448,0.0281,1.0,1.0,1.0,1.0,0.0,4.0,2.4363,7.0,6.0,2.4375
A,0,4111117415650480,-0.0554,1.0,1.0,1.0,1.0,0.0,4.0,2.4835,7.0,6.0,3.0625
A,0,4111113631186136,-0.2631,1.0,1.0,1.0,1.0,0.0,4.0,1.9056,5.0,8.0,2.9375
A,0,5105109008143739,-0.0762,1.0,1.0,1.0,1.0,3.0,5.0,2.8278,8.0,4.0,3.5
A,0,4111115039082395,-0.1196,1.0,1.0,1.0,1.0,0.0,4.0,2.7744,8.0,5.0,3.3125
A,0,4242425684188955,0.4719,1.0,1.0,1.0,1.0,1.0,4.0,2.6085,7.0,4.0,4.8125
A,0,5555551831810072,0.2645,1.0,1.0,1.0,1.0,4.0,5.0,2.4835,7.0,6.0,3.8125
A,0,4532018511583537,-0.1754,1.0,1.0,1.0,1.0,2.0,4.0,2.7806,8.0,4.0,3.8125
A,0,4111115993662372,0.0508,1.0,1.0,1.0,1.0,0.0,4.0,2.7744,8.0,5.0,3.8125
A,0,4242422898989609,0.1257,1.0,1.0,1.0,1.0,1.0,4.0,2.4056,6.0,4.0,5.375
A,0,4532019254330169,0.1414,1.0,1.0,1.0,1.0,2.0,4.0,2.9528,8.0,3.0,3.5625
A,0,4111113390360245,0.1467,1.0,1.0,1.0,1.0,0.0,4.0,2.7272,8.0,5.0,2.75
A,0,4111114831881138,-0.9284,1.0,1.0,1.0,1.0,0.0,4.0,1.75,4.0,8.0,3.375
A,0,5555557312350751,0.0783,1.0,1.0,1.0,1.0,4.0,5.0,2.125,6.0,8.0,4.0
A,0,4111111084566408,0.1098,1.0,1.0,1.0,1.0,0.0,4.0,2.3585,6.0,6.0,3.1875
A,0,4532019001580884,0.2239,1.0,1.0,1.0,1.0,2.0,4.0,2.8278,8.0,4.0,3.625
A,0,4111110510401644,-1.0954,1.0,1.0,1.0,1.0,0.0,4.0,1.9746,5.0,7.0,2.125
A,0,4111112234749647,-0.0736,1.0,1.0,1.0,1.0,0.0,4.0,2.5244,7.0,5.0,3.5625
A,0,4242420252023577,0.0592,1.0,1.0,1.0,1.0,1.0,4.0,2.3585,6.0,6.0,3.1875
A,0,4111118104939705,-0.3644,1.0,1.0,1.0,1.0,0.0,4.0,2.6556,8.0,6.0,3.4375
A,0,4111114321100858,0.163,1.0,1.0,1.0,1.0,0.0,4.0,2.3968,7.0,7.0,2.5625
A,0,4111118899236499,0.412,1.0,1.0,1.0,1.0,0.0,4.0,2.5244,7.0,5.0,4.75
A,0,6011005779225526,0.2146,1.0,1.0,1.0,1.0,5.0,6.0,2.7335,7.0,3.0,3.625
A,0,6011008156975598,0.3061,1.0,1.0,1.0,1.0,5.0,6.0,2.7335,7.0,3.0,4.4375
A,0,4242429563388165,-0.2112,1.0,1.0,1.0,1.0,1.0,4.0,2.9056,8.0,3.0,4.5
A,0,4111114856657108,0.0025,1.0,1.0,1.0,1.0,0.0,4.0,2.5306,7.0,6.0,3.6875
A,0,4242422228134413,-0.2175,1.0,1.0,1.0,1.0,1.0,4.0,2.055,5.0,6.0,3.0
A,0,4242421690455975,-0.2383,1.0,1.0,1.0,1.0,1.0,4.0,2.7806,8.0,4.0,4.3125
A,0,4111110768853587,0.182,1.0,1.0,1.0,1.0,0.0,4.0,2.7272,8.0,5.0,4.125
A,0,5555558946479511,-0.4161,1.0,1.0,1.0,1.0,4.0,5.0,2.3968,7.0,7.0,5.25
A,0,4532017381228736,-0.0437,1.0,1.0,1.0,1.0,2.0,4.0,3.0306,9.0,3.0,3.875
A,0,4111110758795137,0.1537,1.0,1.0,1.0,1.0,0.0,4.0,2.6085,8.0,6.0,3.8125
A,0,5555553817887306,0.3048,1.0,1.0,1.0,1.0,4.0,5.0,2.4835,7.0,6.0,5.0625
A,0,4532012086319245,0.1428,1.0,1.0,1.0,1.0,2.0,4.0,3.0778,9.0,3.0,3.4375
A,0,4111118268938568,0.1533,1.0,1.0,1.0,1.0,0.0,4.0,2.6494,8.0,5.0,4.5
A,0,4242421866663006,0.0067,1.0,1.0,1.0,1.0,1.0,4.0,2.555,7.0,5.0,3.75
A,0,6011008159271185,-0.2907,1.0,1.0,1.0,1.0,5.0,6.0,2.7272,8.0,5.0,3.4375
A,0,4532017455946643,0.232,1.0,1.0,1.0,1.0,2.0,4.0,2.9528,9.0,4.0,4.25
A,0,5555553112819079,0.3415,1.0,1.0,1.0,1.0,4.0,5.0,2.6085,8.0,6.0,4.4375
A,0,5105103463798517,-0.4672,1.0,1.0,1.0,1.0,3.0,5.0,3.0306,9.0,3.0,4.0625
A,0,4111115563850936,-0.0905,1.0,1.0,1.0,1.0,0.0,4.0,2.7272,8.0,5.0,3.6875
A,0,4111115905254383,-0.2271,1.0,1.0,1.0,1.0,0.0,4.0,2.7272,8.0,5.0,3.3125
A,0,4111119451202812,0.2161,1.0,1.0,1.0,1.0,0.0,4.0,2.3496,7.0,7.0,2.6875
A,0,4532012164064903,-0.0593,1.0,1.0,1.0,1.0,2.0,4.0,2.9056,8.0,3.0,3.125
A,0,4111115938121294,-0.0582,1.0,1.0,1.0,1.0,0.0,4.0,2.3968,7.0,7.0,3.3125
A,0,6011001962930295,-0.1412,1.0,1.0,1.0,1.0,5.0,6.0,2.6556,7.0,4.0,3.375
A,0,4111117718287352,0.1196,1.0,1.0,1.0,1.0,0.0,4.0,2.4835,7.0,6.0,3.6875
A,0,6011002921734851,1.0297,1.0,1.0,1.0,1.0,5.0,6.0,3.0778,10.0,4.0,3.125
A,0,5555553947613739,0.2633,1.0,1.0,1.0,1.0,4.0,5.0,2.4835,7.0,6.0,5.125
A,0,4111112275518968,-0.0319,1.0,1.0,1.0,1.0,0.0,4.0,2.6556,8.0,6.0,3.875
A,0,4111116020623940,-0.0305,1.0,1.0,1.0,1.0,0.0,4.0,2.6022,7.0,5.0,2.5625
A,0,6011009300711350,-0.2681,1.0,1.0,1.0,1.0,5.0,6.0,2.4056,7.0,6.0,2.3125
A,0,4242425148639817,0.1169,1.0,1.0,1.0,1.0,1.0,4.0,2.9528,9.0,4.0,4.375
A,0,4242422838175657,-0.1449,1.0,1.0,1.0,1.0,1.0,4.0,2.8278,8.0,4.0,4.375
A,0,4111112630827724,-0.0294,1.0,1.0,1.0,1.0,0.0,4.0,2.7272,8.0,5.0,3.125
A,0,4242425683050107,-0.0723,1.0,1.0,1.0,1.0,1.0,4.0,2.9835,9.0,3.0,3.3125
A,0,4111118004362636,0.0878,1.0,1.0,1.0,1.0,0.0,4.0,2.6022,7.0,5.0,2.9375
A,0,5105104099672407,-0.0528,1.0,1.0,1.0,1.0,3.0,5.0,2.875,8.0,4.0,3.75
A,0,6011009258478333,-0.2726,1.0,1.0,1.0,1.0,5.0,6.0,3.1556,10.0,3.0,3.75
A,0,4111117471956045,0.0948,1.0,1.0,1.0,1.0,0.0,4.0,2.4835,7.0,6.0,3.5625
A,0,4111118098411570,0.1467,1.0,1.0,1.0,1.0,0.0,4.0,2.3968,7.0,7.0,3.25
A,0,4242423676851276,-0.2383,1.0,1.0,1.0,1.0,1.0,4.0,2.7806,8.0,4.0,4.3125
A,0,4111112619406805,-0.1672,1.0,1.0,1.0,1.0,0.0,4.0,2.6556,8.0,6.0,3.125
A,0,4242421299722718,-0.0083,1.0,1.0,1.0,1.0,1.0,4.0,2.3585,6.0,6.0,4.125
A,0,5105106652260082,-0.1401,1.0,1.0,1.0,1.0,3.0,5.0,2.4835,6.0,4.0,3.0625
A,0,4242425584245491,-0.0341,1.0,1.0,1.0,1.0,1.0,4.0,2.2335,6.0,6.0,4.0625
A,0,5105104192419300,-0.087,1.0,1.0,1.0,1.0,3.0,5.0,2.625,7.0,4.0,2.8125
A,0,4532016858695674,0.6536,1.0,1.0,1.0,1.0,2.0,4.0,3.1556,10.0,3.0,4.9375
A,0,4111110279838085,-0.0165,1.0,1.0,1.0,1.0,0.0,4.0,2.8522,9.0,5.0,3.6875
A,0,4111117381831809,-0.0874,1.0,1.0,1.0,1.0,0.0,4.0,2.3496,7.0,7.0,3.5625
A,0,4111116474463512,0.1006,1.0,1.0,1.0,1.0,0.0,4.0,2.4056,7.0,6.0,3.1875
A,0,4242420583344395,-0.1539,1.0,1.0,1.0,1.0,1.0,4.0,2.555,7.0,5.0,3.875
A,0,5555554020641084,-0.0857,1.0,1.0,1.0,1.0,4.0,5.0,2.4363,7.0,6.0,3.6875
A,0,4111113207157909,-0.1672,1.0,1.0,1.0,1.0,0.0,4.0,2.6556,8.0,6.0,3.25
A,0,4532017174110885,0.0707,1.0,1.0,1.0,1.0,2.0,4.0,2.875,8.0,4.0,3.5625
A,0,5555554595195086,-1.0161,1.0,1.0,1.0,1.0,4.0,5.0,2.0919,7.0,9.0,5.125
A,0,4111116757235157,-0.3126,1.0,1.0,1.0,1.0,0.0,4.0,2.4363,7.0,6.0,3.5625
A,0,5555552014032625,0.2389,1.0,1.0,1.0,1.0,4.0,5.0,2.3496,7.0,7.0,3.4375
A,0,4242429335163177,-0.0929,1.0,1.0,1.0,1.0,1.0,4.0,2.8585,8.0,3.0,3.9375
A,0,4532015347427285,-0.1188,1.0,1.0,1.0,1.0,2.0,4.0,2.8585,8.0,3.0,3.875
A,0,4242423390255341,-0.1847,1.0,1.0,1.0,1.0,1.0,4.0,2.5778,7.0,4.0,3.3125
A,0,4111113307877018,-0.022,1.0,1.0,1.0,1.0,0.0,4.0,2.3585,6.0,6.0,3.3125
A,0,4242424216856320,-0.0051,1.0,1.0,1.0,1.0,1.0,4.0,2.6494,8.0,5.0,3.4375
A,0,4111116814181279,0.1044,1.0,1.0,1.0,1.0,0.0,4.0,2.25,7.0,8.0,3.5
A,0,4111116126271586,0.0276,1.0,1.0,1.0,1.0,0.0,4.0,2.3496,7.0,7.0,3.3125
A,0,4111113745898956,0.0548,1.0,1.0,1.0,1.0,0.0,4.0,2.7744,8.0,5.0,4.5625
A,0,6011007395301780,-0.1513,1.0,1.0,1.0,1.0,5.0,6.0,2.7272,8.0,5.0,3.1875
A,0,4532019240181270,-0.1639,1.0,1.0,1.0,1.0,2.0,4.0,2.9835,9.0,3.0,3.0625
A,0,4242421456221090,-0.4005,1.0,1.0,1.0,1.0,1.0,4.0,2.5244,7.0,5.0,3.0
A,0,4111114865240888,0.0049,1.0,1.0,1.0,1.0,0.0,4.0,2.4772,7.0,5.0,3.875
A,0,4111113251765912,-0.2005,1.0,1.0,1.0,1.0,0.0,4.0,2.5218,8.0,7.0,3.125
A,0,4111110316003149,-0.4506,1.0,1.0,1.0,1.0,0.0,4.0,2.2246,6.0,7.0,2.25
A,0,4242421004731418,-0.3245,1.0,1.0,1.0,1.0,1.0,4.0,2.555,7.0,5.0,2.9375
A,0,4111118412709535,-0.3338,1.0,1.0,1.0,1.0,0.0,4.0,2.7806,9.0,6.0,3.3125
A,0,5555555053390689,-0.148,1.0,1.0,1.0,1.0,4.0,5.0,2.125,6.0,8.0,4.875
A,0,4111111470462642,0.1691,1.0,1.0,1.0,1.0,0.0,4.0,2.2806,6.0,6.0,2.8125
A,0,4532013542699683,0.0679,1.0,1.0,1.0,1.0,2.0,4.0,3.0778,9.0,3.0,4.375
A,0,5555551223567413,0.2042,1.0,1.0,1.0,1.0,4.0,5.0,2.3968,7.0,7.0,4.0
A,0,4242424907580882,-0.2069,1.0,1.0,1.0,1.0,1.0,4.0,2.5778,7.0,4.0,4.3125
A,0,4111114239932848,-0.0642,1.0,1.0,1.0,1.0,0.0,4.0,2.4772,6.0,5.0,3.8125
A,0,4242426315005543,0.0532,1.0,1.0,1.0,1.0,1.0,4.0,2.6556,7.0,4.0,3.125
A,0,4111110969987879,0.2397,1.0,1.0,1.0,1.0,0.0,4.0,2.5244,7.0,5.0,5.0625
A,0,4111111440220310,-0.7236,1.0,1.0,1.0,1.0,0.0,4.0,2.0524,5.0,7.0,1.625
A,0,4242427996409970,-0.1324,1.0,1.0,1.0,1.0,1.0,4.0,2.4528,6.0,4.0,4.875
A,0,4242425521394394,-0.154,1.0,1.0,1.0,1.0,1.0,4.0,2.3994,6.0,5.0,3.9375
A,0,4111114515478524,-0.0195,1.0,1.0,1.0,1.0,0.0,4.0,2.2335,6.0,6.0,3.375
A,0,4111114471201993,-0.117,1.0,1.0,1.0,1.0,0.0,4.0,2.3496,7.0,7.0,3.0625
A,0,5105103456397681,-0.4672,1.0,1.0,1.0,1.0,3.0,5.0,3.0306,9.0,3.0,4.0
A,0,5555556007840936,0.1984,1.0,1.0,1.0,1.0,4.0,5.0,2.6085,8.0,6.0,4.5625
A,0,6011006241107730,-0.1981,1.0,1.0,1.0,1.0,5.0,6.0,2.5244,7.0,5.0,2.4375
A,0,4111111810216609,0.2059,1.0,1.0,1.0,1.0,0.0,4.0,2.25,7.0,8.0,2.6875
A,0,4111116981838875,0.184,1.0,1.0,1.0,1.0,0.0,4.0,2.5306,8.0,6.0,4.5
A,0,5105100644509748,-0.2084,1.0,1.0,1.0,1.0,3.0,5.0,2.7806,8.0,4.0,3.6875
A,0,5555557796683693,0.1889,1.0,1.0,1.0,1.0,4.0,5.0,2.3585,6.0,6.0,5.875
A,0,4111111473419797,0.0149,1.0,1.0,1.0,1.0,0.0,4.0,2.0524,5.0,7.0,3.8125
A,0,4111116084283177,-0.3644,1.0,1.0,1.0,1.0,0.0,4.0,2.6556,8.0,6.0,3.4375
A,0,4242427051789472,-0.044,1.0,1.0,1.0,1.0,1.0,4.0,2.7028,8.0,4.0,4.25
A,0,5105104513498249,-0.2841,1.0,1.0,1.0,1.0,3.0,5.0,2.8585,8.0,3.0,3.8125
A,0,4111112800229925,-0.2042,1.0,1.0,1.0,1.0,0.0,4.0,2.5244,7.0,5.0,3.0
A,0,4111114003179451,0.2161,1.0,1.0,1.0,1.0,0.0,4.0,2.3496,7.0,7.0,2.6875
A,0,4111110776939113,-0.0577,1.0,1.0,1.0,1.0,0.0,4.0,2.3968,7.0,7.0,3.4375
A,0,4111115770938979,-0.2238,1.0,1.0,1.0,1.0,0.0,4.0,2.68,8.0,5.0,4.5625
A,0,5105106448057651,0.2472,1.0,1.0,1.0,1.0,3.0,5.0,2.6556,7.0,4.0,3.625
A,0,5105109469009841,-0.0174,1.0,1.0,1.0,1.0,3.0,5.0,2.6556,7.0,4.0,3.875
A,0,4242429994829340,-0.3134,1.0,1.0,1.0,1.0,1.0,4.0,2.2744,6.0,5.0,4.6875
A,0,5105104070472694,-0.3495,1.0,1.0,1.0,1.0,3.0,5.0,2.8278,8.0,4.0,3.4375
A,0,4242429778245523,-0.1746,1.0,1.0,1.0,1.0,1.0,4.0,2.5244,7.0,5.0,4.375
A,0,4242428172354378,0.3161,1.0,1.0,1.0,1.0,1.0,4.0,2.625,7.0,4.0,4.125
A,0,4111111328708220,0.1837,1.0,1.0,1.0,1.0,0.0,4.0,2.4835,7.0,6.0,2.625
A,0,5105108927946594,-0.3253,1.0,1.0,1.0,1.0,3.0,5.0,3.0306,9.0,3.0,4.6875
A,0,4111115910841307,-0.3063,1.0,1.0,1.0,1.0,0.0,4.0,2.5218,8.0,7.0,2.9375
A,0,4532011879896146,0.1896,1.0,1.0,1.0,1.0,2.0,4.0,3.2028,10.0,3.0,4.625
A,0,5105101200557279,0.4064,1.0,1.0,1.0,1.0,3.0,5.0,2.4528,6.0,4.0,3.125
A,0,4111118489625333,0.1624,1.0,1.0,1.0,1.0,0.0,4.0,2.7272,8.0,5.0,3.75
A,0,4111110812737091,-0.3063,1.0,1.0,1.0,1.0,0.0,4.0,2.5218,8.0,7.0,2.9375
A,0,4242420799362090,0.1932,1.0,1.0,1.0,1.0,1.0,4.0,2.6085,7.0,4.0,3.9375
A,0,4111119752143590,-0.3462,1.0,1.0,1.0,1.0,0.0,4.0,2.6556,8.0,6.0,3.375
A,0,4242422004953614,0.088,1.0,1.0,1.0,1.0,1.0,4.0,2.6494,8.0,5.0,3.25
A,0,4532014469612378,0.103,1.0,1.0,1.0,1.0,2.0,4.0,3.2028,10.0,3.0,4.0625
A,0,4242423599473372,-0.0102,1.0,1.0,1.0,1.0,1.0,4.0,2.4528,6.0,4.0,4.375
A,0,4111116548561978,0.2269,1.0,1.0,1.0,1.0,0.0,4.0,2.5306,7.0,6.0,4.25
A,0,4111110631715484,-0.5596,1.0,1.0,1.0,1.0,0.0,4.0,2.4746,8.0,7.0,3.0
A,0,4111110008784071,-0.1593,1.0,1.0,1.0,1.0,0.0,4.0,2.1556,5.0,6.0,2.75
A,0,4242428333515461,0.0334,1.0,1.0,1.0,1.0,1.0,4.0,2.6556,7.0,4.0,3.5625
A,0,5105105162221832,-0.2545,1.0,1.0,1.0,1.0,3.0,5.0,2.5778,7.0,4.0,2.75
A,0,4532017541024678,0.2385,1.0,1.0,1.0,1.0,2.0,4.0,3.0778,9.0,3.0,3.6875
A,0,4111113681350467,-0.1672,1.0,1.0,1.0,1.0,0.0,4.0,2.6556,8.0,6.0,3.25
A,0,4111116268487032,-0.1191,1.0,1.0,1.0,1.0,0.0,4.0,2.7744,8.0,5.0,3.4375
A,0,4111117070631619,-0.2028,1.0,1.0,1.0,1.0,0.0,4.0,2.3968,7.0,7.0,3.0625
A,0,5105109513535122,-0.213,1.0,1.0,1.0,1.0,3.0,5.0,2.3994,6.0,5.0,3.0
A,0,4242429257009994,-0.6197,1.0,1.0,1.0,1.0,1.0,4.0,2.375,6.0,4.0,4.5
A,0,4111116027291592,-0.0728,1.0,1.0,1.0,1.0,0.0,4.0,2.6085,8.0,6.0,3.25
A,0,4242429468908018,-0.1057,1.0,1.0,1.0,1.0,1.0,4.0,2.6556,7.0,4.0,4.4375
A,0,4111115421270673,-0.1646,1.0,1.0,1.0,1.0,0.0,4.0,2.6556,8.0,6.0,2.875
A,0,4111116961865104,0.0281,1.0,1.0,1.0,1.0,0.0,4.0,2.3496,7.0,7.0,3.4375
A,0,4242421022712739,0.1915,1.0,1.0,1.0,1.0,1.0,4.0,2.4835,7.0,6.0,3.25
A,0,5105109128452721,-0.4172,1.0,1.0,1.0,1.0,3.0,5.0,2.7806,8.0,4.0,3.3125
A,0,4111116072244553,-0.0472,1.0,1.0,1.0,1.0,0.0,4.0,2.7272,8.0,5.0,2.9375
A,0,4242423649773284,-0.0495,1.0,1.0,1.0,1.0,1.0,4.0,2.5244,7.0,5.0,4.4375
A,0,4532011957106665,-0.0119,1.0,1.0,1.0,1.0,2.0,4.0,2.9835,9.0,3.0,3.8125
A,0,4111113722154449,0.0745,1.0,1.0,1.0,1.0,0.0,4.0,2.4056,7.0,6.0,3.125
A,0,4111110669287778,-0.0896,1.0,1.0,1.0,1.0,0.0,4.0,2.7272,8.0,5.0,4.3125
A,0,4111112211283586,0.1006,1.0,1.0,1.0,1.0,0.0,4.0,2.3496,7.0,7.0,2.9375
A,0,4242422151527203,0.0577,1.0,1.0,1.0,1.0,1.0,4.0,2.4835,7.0,6.0,2.875
A,0,5105108341661290,0.0957,1.0,1.0,1.0,1.0,3.0,5.0,2.9528,9.0,4.0,3.25
A,0,5105104943834633,-0.1899,1.0,1.0,1.0,1.0,3.0,5.0,2.8278,8.0,4.0,3.6875
A,0,4111113422444629,-0.3859,1.0,1.0,1.0,1.0,0.0,4.0,2.2516,6.0,5.0,3.0625
A,0,5105105167117266,0.1091,1.0,1.0,1.0,1.0,3.0,5.0,2.43,6.0,5.0,3.375
A,0,4242420135016657,-0.1081,1.0,1.0,1.0,1.0,1.0,4.0,2.9056,8.0,3.0,3.25
A,0,4242425832105745,0.2113,1.0,1.0,1.0,1.0,1.0,4.0,2.7028,8.0,4.0,3.625
A,0,4111117554190710,-0.0863,1.0,1.0,1.0,1.0,0.0,4.0,2.2718,6.0,7.0,3.0
A,0,5555553928949904,0.2301,1.0,1.0,1.0,1.0,4.0,5.0,2.4056,7.0,6.0,5.4375
A,0,4111112362418635,-0.1725,1.0,1.0,1.0,1.0,0.0,4.0,2.5306,7.0,6.0,3.0625
A,0,4242428737725195,-0.1741,1.0,1.0,1.0,1.0,1.0,4.0,2.7806,8.0,4.0,4.5
A,0,5555555553398448,-1.6235,1.0,1.0,1.0,1.0,4.0,5.0,1.8419,5.0,9.0,5.25
A,0,4242420819300195,-0.2944,1.0,1.0,1.0,1.0,1.0,4.0,2.8585,8.0,3.0,3.375
A,0,4242424214111249,-0.9958,1.0,1.0,1.0,1.0,1.0,4.0,1.805,4.0,6.0,2.9375
A,0,4111113387062564,-0.2246,1.0,1.0,1.0,1.0,0.0,4.0,2.8994,9.0,5.0,3.3125
A,0,4111110082961462,0.045,1.0,1.0,1.0,1.0,0.0,4.0,2.5306,7.0,6.0,2.9375
A,0,4532019956561111,-0.1156,1.0,1.0,1.0,1.0,2.0,4.0,2.7272,8.0,5.0,3.6875
A,0,4242427793767612,-0.2041,1.0,1.0,1.0,1.0,1.0,4.0,2.5778,7.0,4.0,4.5625
A,0,4242425989498356,-0.74,1.0,1.0,1.0,1.0,1.0,4.0,2.6556,7.0,4.0,5.25
A,0,4111110049405314,-0.1722,1.0,1.0,1.0,1.0,0.0,4.0,2.2335,6.0,6.0,2.4375
A,0,4242428634766888,-0.3886,1.0,1.0,1.0,1.0,1.0,4.0,2.4056,6.0,4.0,5.125
A,0,4532014779055235,-0.0696,1.0,1.0,1.0,1.0,2.0,4.0,2.875,8.0,4.0,3.875
A,0,4111113339283946,-0.0642,1.0,1.0,1.0,1.0,0.0,4.0,2.5244,7.0,5.0,3.6875
A,0,4111113172912312,-0.4628,1.0,1.0,1.0,1.0,0.0,4.0,2.0778,6.0,8.0,2.5
A,0,5105101410341340,-0.5405,1.0,1.0,1.0,1.0,3.0,5.0,2.2272,5.0,5.0,2.0625
A,0,5555550456707225,-0.1524,1.0,1.0,1.0,1.0,4.0,5.0,2.125,6.0,8.0,4.25
A,0,4532019483888938,-0.8427,1.0,1.0,1.0,1.0,2.0,4.0,2.7272,8.0,5.0,5.1875
A,0,5105102388348788,-0.0414,1.0,1.0,1.0,1.0,3.0,5.0,2.7744,8.0,5.0,4.4375
A,0,5105107200882898,0.341,1.0,1.0,1.0,1.0,3.0,5.0,2.625,7.0,4.0,4.0
A,0,4242421620484699,-0.0279,1.0,1.0,1.0,1.0,1.0,4.0,2.5244,7.0,5.0,4.1875
A,0,4242425747611985,0.0143,1.0,1.0,1.0,1.0,1.0,4.0,2.8278,8.0,4.0,4.4375
A,0,4111112567062592,-0.2271,1.0,1.0,1.0,1.0,0.0,4.0,2.7272,8.0,5.0,3.3125
A,0,4242427119162258,0.0381,1.0,1.0,1.0,1.0,1.0,4.0,2.68,8.0,5.0,3.75
A,0,4532010182588945,0.0853,1.0,1.0,1.0,1.0,2.0,4.0,2.9056,8.0,3.0,4.0625
A,0,4111117638950063,-0.0062,1.0,1.0,1.0,1.0,0.0,4.0,2.8994,9.0,5.0,3.5
A,0,4111118527700791,-0.2063,1.0,1.0,1.0,1.0,0.0,4.0,2.6085,8.0,6.0,3.4375
A,0,4111114610712595,-0.5238,1.0,1.0,1.0,1.0,0.0,4.0,2.5218,8.0,7.0,3.0625
A,0,4111110906827592,0.0547,1.0,1.0,1.0,1.0,0.0,4.0,2.8994,9.0,5.0,3.5625
A,0,4242429989441101,-0.2928,1.0,1.0,1.0,1.0,1.0,4.0,2.3829,6.0,5.0,4.0
A,0,4111111584003399,0.125,1.0,1.0,1.0,1.0,0.0,4.0,2.5306,7.0,6.0,3.1875
A,0,4111118327729297,0.257,1.0,1.0,1.0,1.0,0.0,4.0,2.555,7.0,5.0,4.0625
A,0,4111114524527402,-0.0005,1.0,1.0,1.0,1.0,0.0,4.0,2.3522,6.0,5.0,2.75
A,0,4111118938631551,0.0587,1.0,1.0,1.0,1.0,0.0,4.0,2.3968,7.0,7.0,3.625
A,0,4242428392775527,-0.2195,1.0,1.0,1.0,1.0,1.0,4.0,2.555,7.0,5.0,4.5625
A,0,4111117259106169,-0.4048,1.0,1.0,1.0,1.0,0.0,4.0,2.5218,8.0,7.0,3.4375
A,0,6011006215325854,-0.2067,1.0,1.0,1.0,1.0,5.0,6.0,2.8585,8.0,3.0,3.0625
A,0,5105109688301227,-0.2626,1.0,1.0,1.0,1.0,3.0,5.0,3.0306,9.0,3.0,3.625
A,0,4111119927273413,-0.083,1.0,1.0,1.0,1.0,0.0,4.0,2.4056,6.0,6.0,3.5
A,0,4111116806112001,-1.0758,1.0,1.0,1.0,1.0,0.0,4.0,2.0778,6.0,8.0,2.125
A,0,5105102459516735,-0.0688,1.0,1.0,1.0,1.0,3.0,5.0,2.8522,9.0,5.0,3.6875
A,0,4532019686926345,-0.0322,1.0,1.0,1.0,1.0,2.0,4.0,3.0778,9.0,3.0,4.5625
A,0,4242429373873794,-0.0374,1.0,1.0,1.0,1.0,1.0,4.0,2.4835,6.0,4.0,4.875
A,0,4242428850849103,0.105,1.0,1.0,1.0,1.0,1.0,4.0,2.7806,8.0,4.0,4.0
A,0,5555552506026663,-0.3219,1.0,1.0,1.0,1.0,4.0,5.0,2.0218,5.0,7.0,4.125
A,0,4242424438684955,0.4161,1.0,1.0,1.0,1.0,1.0,4.0,2.4835,7.0,6.0,4.625
A,0,4532013567906294,0.7255,1.0,1.0,1.0,1.0,2.0,4.0,3.125,9.0,2.0,4.125
A,0,4532016485167691,-0.0052,1.0,1.0,1.0,1.0,2.0,4.0,3.1556,10.0,3.0,4.25
A,0,5555559426359058,-0.8999,1.0,1.0,1.0,1.0,4.0,5.0,2.375,8.0,8.0,5.0625
A,0,6011001777813835,0.217,1.0,1.0,1.0,1.0,5.0,6.0,2.6556,7.0,4.0,3.625
A,0,6011000543118768,-0.2411,1.0,1.0,1.0,1.0,5.0,6.0,2.75,8.0,4.0,3.1875
A,0,5555556990988262,-0.1985,1.0,1.0,1.0,1.0,4.0,5.0,2.3585,6.0,6.0,5.5625
A,0,4111114637297562,0.2699,1.0,1.0,1.0,1.0,0.0,4.0,2.7744,8.0,5.0,3.75
A,0,5105107282840582,0.2349,1.0,1.0,1.0,1.0,3.0,5.0,2.6863,7.0,3.0,3.625
A,0,5105105048086334,-0.0413,1.0,1.0,1.0,1.0,3.0,5.0,2.7028,7.0,4.0,3.3125
A,0,4111119349747226,0.1994,1.0,1.0,1.0,1.0,0.0,4.0,2.6022,7.0,5.0,3.875
A,0,4242423619238011,-0.1433,1.0,1.0,1.0,1.0,1.0,4.0,2.7806,8.0,4.0,3.25
A,0,5105107677218683,-0.2536,1.0,1.0,1.0,1.0,3.0,5.0,2.9056,8.0,3.0,4.1875
A,0,6011004605525316,-0.0547,1.0,1.0,1.0,1.0,5.0,6.0,2.6085,7.0,4.0,2.8125
A,0,4111118516042023,-0.083,1.0,1.0,1.0,1.0,0.0,4.0,2.6556,8.0,6.0,2.5
A,0,4242421439270339,-0.1728,1.0,1.0,1.0,1.0,1.0,4.0,2.5778,7.0,4.0,3.6875
A,0,4111112145934320,0.1837,1.0,1.0,1.0,1.0,0.0,4.0,2.4835,7.0,6.0,2.625
A,0,4111113960832615,-0.1361,1.0,1.0,1.0,1.0,0.0,4.0,2.7806,9.0,6.0,3.25
A,0,4111119432140552,0.2919,1.0,1.0,1.0,1.0,0.0,4.0,2.4835,7.0,6.0,2.75
A,0,4242422554524690,-0.1065,1.0,1.0,1.0,1.0,1.0,4.0,2.2516,6.0,5.0,3.75
A,0,4111113805172938,-0.3333,1.0,1.0,1.0,1.0,0.0,4.0,2.7806,9.0,6.0,3.4375
A,0,4111116059927097,0.018,1.0,1.0,1.0,1.0,0.0,4.0,2.7272,8.0,5.0,3.9375
A,0,4242427230819182,-0.0897,1.0,1.0,1.0,1.0,1.0,4.0,2.7272,8.0,5.0,3.6875
A,0,4111115787795685,0.4219,1.0,1.0,1.0,1.0,0.0,4.0,2.555,7.0,5.0,4.75
A,0,4111118858343401,0.2024,1.0,1.0,1.0,1.0,0.0,4.0,2.3113,6.0,6.0,3.3125
A,0,4242427569873941,0.8422,1.0,1.0,1.0,1.0,1.0,4.0,2.9528,9.0,4.0,4.8125
A,0,4532019261577893,-1.6354,1.0,1.0,1.0,1.0,2.0,4.0,3.25,10.0,2.0,4.5
A,0,4111115205229523,-0.0517,1.0,1.0,1.0,1.0,0.0,4.0,2.4772,7.0,5.0,2.75
A,0,4242426200355441,-0.4005,1.0,1.0,1.0,1.0,1.0,4.0,2.5244,7.0,5.0,3.0
A,0,4111116742160676,0.1574,1.0,1.0,1.0,1.0,0.0,4.0,2.2806,6.0,6.0,3.375
A,0,4111112626206735,-0.454,1.0,1.0,1.0,1.0,0.0,4.0,2.68,8.0,5.0,3.0
A,0,4242429320339600,0.0842,1.0,1.0,1.0,1.0,1.0,4.0,2.4835,6.0,4.0,3.3125
A,0,4242427137431289,0.1932,1.0,1.0,1.0,1.0,1.0,4.0,2.625,7.0,4.0,3.9375
A,0,5105107488725611,-0.2303,1.0,1.0,1.0,1.0,3.0,5.0,2.8278,8.0,4.0,3.8125
A,0,4532010811140225,-0.1801,1.0,1.0,1.0,1.0,2.0,4.0,2.6556,7.0,4.0,2.4375
A,0,4111118256682574,0.3494,1.0,1.0,1.0,1.0,0.0,4.0,2.6494,7.0,5.0,3.875
A,0,4111117941271850,-0.4053,1.0,1.0,1.0,1.0,0.0,4.0,2.5218,8.0,7.0,3.3125
A,0,4532015992052891,0.0611,1.0,1.0,1.0,1.0,2.0,4.0,2.8585,8.0,3.0,4.0625
A,0,4111113509755376,-0.0905,1.0,1.0,1.0,1.0,0.0,4.0,2.7272,8.0,5.0,3.6875
A,0,4111113673093612,-0.3442,1.0,1.0,1.0,1.0,0.0,4.0,2.6085,8.0,6.0,3.0625
A,0,4111117389849910,0.408,1.0,1.0,1.0,1.0,0.0,4.0,2.4835,7.0,6.0,4.1875
A,0,4111117901309450,0.1622,1.0,1.0,1.0,1.0,0.0,4.0,2.4835,7.0,6.0,2.9375
A,0,4111111321216072,-0.4486,1.0,1.0,1.0,1.0,0.0,4.0,2.2028,7.0,8.0,2.125
A,0,5105105335883146,0.2472,1.0,1.0,1.0,1.0,3.0,5.0,2.6556,7.0,4.0,3.625
A,0,4111115582000935,-0.297,1.0,1.0,1.0,1.0,0.0,4.0,2.68,8.0,5.0,2.875
A,0,4111115415676307,-0.0068,1.0,1.0,1.0,1.0,0.0,4.0,2.5306,7.0,6.0,3.3125
A,0,4242420680287075,-0.0724,1.0,1.0,1.0,1.0,1.0,4.0,2.6556,7.0,4.0,3.8125
A,0,4111111882826483,0.0485,1.0,1.0,1.0,1.0,0.0,4.0,2.2806,6.0,6.0,3.6875
A,0,5105109968055725,-0.1199,1.0,1.0,1.0,1.0,3.0,5.0,2.7272,8.0,5.0,4.25
A,0,4111119021481474,-0.0506,1.0,1.0,1.0,1.0,0.0,4.0,2.2718,7.0,7.0,3.0625
A,0,4242421353698895,0.041,1.0,1.0,1.0,1.0,1.0,4.0,2.9056,8.0,3.0,4.6875
A,0,4111115783262482,-0.076,1.0,1.0,1.0,1.0,0.0,4.0,2.7272,8.0,5.0,3.5
A,0,4111118353879107,0.1125,1.0,1.0,1.0,1.0,0.0,4.0,2.6556,8.0,6.0,3.75
A,0,4242424472098781,-0.0918,1.0,1.0,1.0,1.0,1.0,4.0,2.5244,7.0,5.0,4.25
A,0,5555550895245142,0.3596,1.0,1.0,1.0,1.0,4.0,5.0,2.25,7.0,8.0,4.375
A,0,4242428927001894,0.3161,1.0,1.0,1.0,1.0,1.0,4.0,2.625,7.0,4.0,4.125
A,0,4111113855126776,-0.1776,1.0,1.0,1.0,1.0,0.0,4.0,2.6556,8.0,6.0,3.6875
A,0,4532014474076858,0.2886,1.0,1.0,1.0,1.0,2.0,4.0,3.0,9.0,4.0,4.25
A,0,4242420489083063,-0.032,1.0,1.0,1.0,1.0,1.0,4.0,2.6556,7.0,4.0,3.6875
A,0,4111115957053634,-0.076,1.0,1.0,1.0,1.0,0.0,4.0,2.7272,8.0,5.0,3.5
A,0,4242420718037146,-0.233,1.0,1.0,1.0,1.0,1.0,4.0,2.8278,8.0,4.0,3.4375
A,0,5555557022736794,0.7375,1.0,1.0,1.0,1.0,4.0,5.0,2.6085,8.0,6.0,4.8125
A,0,4242420808656516,-0.0116,1.0,1.0,1.0,1.0,1.0,4.0,2.7335,7.0,3.0,3.9375
A,0,6011008896100101,-1.7242,1.0,1.0,1.0,1.0,5.0,6.0,2.055,5.0,6.0,2.625
A,0,5555550220001061,-1.1537,1.0,1.0,1.0,1.0,4.0,5.0,2.055,5.0,6.0,2.625
A,0,5105101045080685,-0.1108,1.0,1.0,1.0,1.0,3.0,5.0,2.3522,6.0,5.0,3.0625
A,0,5105100207812919,0.2051,1.0,1.0,1.0,1.0,3.0,5.0,2.625,7.0,4.0,3.1875
A,0,4242429832503529,0.2936,1.0,1.0,1.0,1.0,1.0,4.0,2.6022,7.0,5.0,4.0
A,0,4111119116032505,-0.1696,1.0,1.0,1.0,1.0,0.0,4.0,2.5218,8.0,7.0,2.5625
A,0,5105107589646575,-0.1104,1.0,1.0,1.0,1.0,3.0,5.0,2.7744,8.0,5.0,4.625
A,0,4532015881098104,-0.1531,1.0,1.0,1.0,1.0,2.0,4.0,2.8585,8.0,3.0,3.6875
A,0,5105104774578283,-0.2536,1.0,1.0,1.0,1.0,3.0,5.0,2.9056,8.0,3.0,4.1875
A,0,4111118743470906,-0.0151,1.0,1.0,1.0,1.0,0.0,4.0,2.7272,8.0,5.0,3.5625
A,0,5105103369131359,0.3875,1.0,1.0,1.0,1.0,3.0,5.0,2.4528,6.0,4.0,3.4375
A,0,4532016289829041,0.2546,1.0,1.0,1.0,1.0,2.0,4.0,3.0778,9.0,3.0,4.0
A,0,4111117253651715,0.2325,1.0,1.0,1.0,1.0,0.0,4.0,2.3496,7.0,7.0,3.1875
A,0,4532012737487565,-0.0338,1.0,1.0,1.0,1.0,2.0,4.0,3.0306,9.0,3.0,4.3125
A,0,4532010583449119,-0.1289,1.0,1.0,1.0,1.0,2.0,4.0,2.9056,8.0,3.0,3.6875
A,0,4532012152814517,-0.1692,1.0,1.0,1.0,1.0,2.0,4.0,2.7806,8.0,4.0,3.1875
A,0,5105109721806810,-0.2939,1.0,1.0,1.0,1.0,3.0,5.0,2.75,8.0,4.0,3.375
A,0,4111118762648127,0.1742,1.0,1.0,1.0,1.0,0.0,4.0,2.4056,6.0,6.0,3.75
A,0,4111118495980367,0.4078,1.0,1.0,1.0,1.0,0.0,4.0,2.8994,9.0,5.0,4.25
A,0,5555558231830824,0.3534,1.0,1.0,1.0,1.0,4.0,5.0,2.4835,7.0,6.0,4.3125
A,0,4242427478841096,-0.1546,1.0,1.0,1.0,1.0,1.0,4.0,2.7272,8.0,5.0,4.5
A,0,4111110334559817,-0.3462,1.0,1.0,1.0,1.0,0.0,4.0,2.6556,8.0,6.0,3.375
A,0,4242420233194356,-0.2399,1.0,1.0,1.0,1.0,1.0,4.0,2.7028,8.0,4.0,3.375
A,0,4532011780657439,-1.5096,1.0,1.0,1.0,1.0,2.0,4.0,3.25,10.0,2.0,4.0625
A,0,6011000371351382,-0.4539,1.0,1.0,1.0,1.0,5.0,6.0,2.7028,8.0,4.0,2.5625
A,0,4111116704225236,-0.0231,1.0,1.0,1.0,1.0,0.0,4.0,2.7272,8.0,5.0,2.875
A,0,4532018017048324,-0.1081,1.0,1.0,1.0,1.0,2.0,4.0,2.9056,8.0,3.0,3.25
A,0,4111112103493020,-0.2128,1.0,1.0,1.0,1.0,0.0,4.0,2.3585,6.0,6.0,2.0625
A,0,5105105631907920,-0.4348,1.0,1.0,1.0,1.0,3.0,5.0,2.7806,8.0,4.0,3.375
A,0,4242421450160443,0.0577,1.0,1.0,1.0,1.0,1.0,4.0,2.4835,7.0,6.0,2.875
A,0,4532014179604541,0.243,1.0,1.0,1.0,1.0,2.0,4.0,2.9528,9.0,4.0,3.5
A,0,4111119670578752,0.5269,1.0,1.0,1.0,1.0,0.0,4.0,2.8522,9.0,5.0,4.0625
A,0,4111119824775312,-0.1175,1.0,1.0,1.0,1.0,0.0,4.0,2.6556,8.0,6.0,3.5625
A,0,4111111376678895,0.042,1.0,1.0,1.0,1.0,0.0,4.0,2.6556,8.0,6.0,4.3125
A,0,4242426043113197,-0.3006,1.0,1.0,1.0,1.0,1.0,4.0,2.7806,8.0,4.0,3.3125
A,0,5105103097828144,-0.2626,1.0,1.0,1.0,1.0,3.0,5.0,3.0306,9.0,3.0,3.625
A,0,4532019620321280,-0.048,1.0,1.0,1.0,1.0,2.0,4.0,2.9528,9.0,4.0,3.0
A,0,4242427920854622,0.1107,1.0,1.0,1.0,1.0,1.0,4.0,2.5306,8.0,6.0,3.9375
A,0,4242429007653539,0.0853,1.0,1.0,1.0,1.0,1.0,4.0,2.9056,8.0,3.0,4.0625
A,0,5105106151601513,-0.6255,1.0,1.0,1.0,1.0,3.0,5.0,2.1085,5.0,6.0,2.5625
A,0,4111116524871664,-0.0808,1.0,1.0,1.0,1.0,0.0,4.0,2.4363,7.0,6.0,3.625
A,0,4532012824298404,0.2373,1.0,1.0,1.0,1.0,2.0,4.0,2.75,8.0,4.0,3.625
A,0,4242422059614897,-0.0367,1.0,1.0,1.0,1.0,1.0,4.0,2.875,9.0,4.0,4.3125
A,0,4242427896771461,-0.1747,1.0,1.0,1.0,1.0,1.0,4.0,2.6556,7.0,4.0,4.625
A,0,5105106463407617,0.0315,1.0,1.0,1.0,1.0,3.0,5.0,2.7335,7.0,3.0,3.5
A,0,4111114653426822,-0.0512,1.0,1.0,1.0,1.0,0.0,4.0,2.555,7.0,5.0,3.1875
A,0,4242424037772664,-0.0573,1.0,1.0,1.0,1.0,1.0,4.0,2.3522,6.0,5.0,4.0
A,0,4111113130803587,0.1622,1.0,1.0,1.0,1.0,0.0,4.0,2.4835,7.0,6.0,2.9375
A,0,4532014113479950,0.1944,1.0,1.0,1.0,1.0,2.0,4.0,2.9056,8.0,3.0,3.625
A,0,4111111484878627,0.3226,1.0,1.0,1.0,1.0,0.0,4.0,2.3113,6.0,6.0,4.0
A,0,5105102268593735,-0.3981,1.0,1.0,1.0,1.0,3.0,5.0,3.0,9.0,4.0,3.875
A,0,5555550531305615,-1.1207,1.0,1.0,1.0,1.0,4.0,5.0,1.8419,5.0,9.0,3.6875
A,0,4111114101967765,-0.0577,1.0,1.0,1.0,1.0,0.0,4.0,2.3968,7.0,7.0,3.4375
A,0,6011005943329493,-0.0612,1.0,1.0,1.0,1.0,5.0,6.0,2.8585,8.0,3.0,3.6875
A,0,4242426747197066,0.1352,1.0,1.0,1.0,1.0,1.0,4.0,2.6085,7.0,4.0,4.4375
A,0,4532015156836535,-0.0813,1.0,1.0,1.0,1.0,2.0,4.0,2.7272,8.0,5.0,3.875
A,0,4111111080823795,-0.1361,1.0,1.0,1.0,1.0,0.0,4.0,2.7806,9.0,6.0,3.25
A,0,4242427336136598,0.0649,1.0,1.0,1.0,1.0,1.0,4.0,2.9835,9.0,3.0,4.3125
A,0,5555556789468740,0.2641,1.0,1.0,1.0,1.0,4.0,5.0,2.5306,7.0,6.0,5.5625
A,0,4111118121463192,0.0813,1.0,1.0,1.0,1.0,0.0,4.0,2.25,7.0,8.0,2.875
A,0,4111116967526395,0.1273,1.0,1.0,1.0,1.0,0.0,4.0,2.7272,8.0,5.0,4.1875
A,0,4111115857639680,0.5067,1.0,1.0,1.0,1.0,0.0,4.0,2.8994,9.0,5.0,4.125
A,0,4532012222206108,-0.187,1.0,1.0,1.0,1.0,2.0,4.0,2.6085,8.0,6.0,2.5
A,0,4111118022221939,0.0206,1.0,1.0,1.0,1.0,0.0,4.0,2.4056,7.0,6.0,2.9375
A,0,4111112433398360,0.0866,1.0,1.0,1.0,1.0,0.0,4.0,2.6494,8.0,5.0,3.125
A,0,4532012436998417,0.1643,1.0,1.0,1.0,1.0,2.0,4.0,3.2028,10.0,3.0,4.25
A,0,4111113380164870,-0.1725,1.0,1.0,1.0,1.0,0.0,4.0,2.5306,7.0,6.0,3.0625
A,0,5105105672659950,0.2292,1.0,1.0,1.0,1.0,3.0,5.0,2.6022,7.0,5.0,4.125
A,0,6011001032617716,-0.7713,1.0,1.0,1.0,1.0,5.0,6.0,2.3522,6.0,5.0,2.625
A,0,4532018889020864,0.232,1.0,1.0,1.0,1.0,2.0,4.0,2.9528,9.0,4.0,4.25
A,0,4242424012355121,-0.369,1.0,1.0,1.0,1.0,1.0,4.0,2.3522,6.0,5.0,2.625
A,0,4242427721091994,0.1366,1.0,1.0,1.0,1.0,1.0,4.0,2.4528,6.0,4.0,4.1875
A,0,6011001447389091,-0.4159,1.0,1.0,1.0,1.0,5.0,6.0,2.75,8.0,4.0,3.375
A,0,4532019319889019,-0.1643,1.0,1.0,1.0,1.0,2.0,4.0,2.8278,8.0,4.0,4.5
A,0,5105100586731292,-0.2236,1.0,1.0,1.0,1.0,3.0,5.0,2.9835,9.0,3.0,3.4375
A,0,4111119019516406,0.1959,1.0,1.0,1.0,1.0,0.0,4.0,2.2718,6.0,7.0,3.125
A,0,4242424126008285,-0.0496,1.0,1.0,1.0,1.0,1.0,4.0,2.5244,7.0,5.0,3.375
A,0,4242424379998851,-0.1426,1.0,1.0,1.0,1.0,1.0,4.0,2.7806,8.0,4.0,5.0625
A,0,4242421580482600,-0.0933,1.0,1.0,1.0,1.0,1.0,4.0,2.5778,7.0,4.0,3.25
A,0,4242429901234071,0.1311,1.0,1.0,1.0,1.0,1.0,4.0,2.625,7.0,4.0,3.375
A,0,4532011267281695,-0.0741,1.0,1.0,1.0,1.0,2.0,4.0,3.1556,10.0,3.0,3.875
A,0,4532019886712909,0.1896,1.0,1.0,1.0,1.0,2.0,4.0,3.2028,10.0,3.0,4.625
A,0,4532019375482576,0.4231,1.0,1.0,1.0,1.0,2.0,4.0,3.2028,10.0,3.0,4.4375
A,0,5105102755142095,-0.1787,1.0,1.0,1.0,1.0,3.0,5.0,2.555,7.0,5.0,3.25
A,0,4111119291573521,-0.0582,1.0,1.0,1.0,1.0,0.0,4.0,2.3968,7.0,7.0,3.3125
A,0,4111110340995088,0.0991,1.0,1.0,1.0,1.0,0.0,4.0,2.6022,7.0,5.0,3.4375
A,0,4242427978878424,-0.5004,1.0,1.0,1.0,1.0,1.0,4.0,2.18,5.0,5.0,5.125
A,0,4111114809044107,-0.1397,1.0,1.0,1.0,1.0,0.0,4.0,2.2335,6.0,6.0,2.875
A,0,4111114658865594,-0.2677,1.0,1.0,1.0,1.0,0.0,4.0,2.43,6.0,5.0,4.3125
A,0,4532012300897158,0.2232,1.0,1.0,1.0,1.0,2.0,4.0,3.0778,9.0,3.0,3.625
A,0,4242420467100004,-0.753,1.0,1.0,1.0,1.0,1.0,4.0,2.2516,6.0,5.0,2.5
A,0,4111116779232570,0.0764,1.0,1.0,1.0,1.0,0.0,4.0,2.8522,9.0,5.0,3.5625
A,0,4111115445287356,0.0647,1.0,1.0,1.0,1.0,0.0,4.0,2.68,8.0,5.0,3.625
A,0,4111112877812587,0.3226,1.0,1.0,1.0,1.0,0.0,4.0,2.3113,6.0,6.0,4.0
A,0,5105109673373009,0.0005,1.0,1.0,1.0,1.0,3.0,5.0,2.7028,7.0,4.0,3.6875
A,0,4532012900598511,-0.2953,1.0,1.0,1.0,1.0,2.0,4.0,2.8585,8.0,3.0,3.4375
A,0,4242428612065402,0.0231,1.0,1.0,1.0,1.0,1.0,4.0,2.5244,7.0,5.0,3.25
A,0,4242421704549938,0.1732,1.0,1.0,1.0,1.0,1.0,4.0,2.8522,9.0,5.0,4.25
A,0,4242427438596483,0.1598,1.0,1.0,1.0,1.0,1.0,4.0,2.7272,8.0,5.0,4.6875
A,0,5105105834839557,-0.2655,1.0,1.0,1.0,1.0,3.0,5.0,2.7744,8.0,5.0,4.3125
A,0,4532013862535426,-0.1531,1.0,1.0,1.0,1.0,2.0,4.0,2.8585,8.0,3.0,3.6875
A,0,4111116061900694,0.4669,1.0,1.0,1.0,1.0,0.0,4.0,2.1863,5.0,6.0,3.125
A,0,4111111573247205,0.0691,1.0,1.0,1.0,1.0,0.0,4.0,2.5306,7.0,6.0,2.8125
A,0,4111114245902603,0.1467,1.0,1.0,1.0,1.0,0.0,4.0,2.7272,8.0,5.0,2.75
A,0,4111111589187189,-0.4029,1.0,1.0,1.0,1.0,0.0,4.0,2.0778,6.0,8.0,4.125
A,0,5105107622606214,-0.4125,1.0,1.0,1.0,1.0,3.0,5.0,2.6863,7.0,3.0,3.0
A,0,5105106141046332,-0.472,1.0,1.0,1.0,1.0,3.0,5.0,2.7028,7.0,4.0,2.625
A,0,4111113481025301,-0.267,1.0,1.0,1.0,1.0,0.0,4.0,2.3968,7.0,7.0,2.25
A,0,5555559750279153,-0.0437,1.0,1.0,1.0,1.0,4.0,5.0,2.25,7.0,8.0,4.875
A,0,4111112895117852,-0.1732,1.0,1.0,1.0,1.0,0.0,4.0,2.3968,7.0,7.0,3.5625
A,0,4111115008945689,0.3494,1.0,1.0,1.0,1.0,0.0,4.0,2.6494,7.0,5.0,3.9375
A,0,4111117629895624,0.2348,1.0,1.0,1.0,1.0,0.0,4.0,2.7744,8.0,5.0,4.1875
A,0,4242422397314036,0.0017,1.0,1.0,1.0,1.0,1.0,4.0,2.7028,8.0,4.0,3.5
A,0,4242424429477864,-0.1096,1.0,1.0,1.0,1.0,1.0,4.0,2.1468,6.0,7.0,4.5625
A,0,4111115251123331,-1.2691,1.0,1.0,1.0,1.0,0.0,4.0,1.9528,5.0,8.0,2.1875
A,0,4242425496799767,1.0598,1.0,1.0,1.0,1.0,1.0,4.0,2.4835,6.0,4.0,5.4375
A,0,4111119219467632,0.2096,1.0,1.0,1.0,1.0,0.0,4.0,2.5306,7.0,6.0,3.625
A,0,4111115700919735,-0.0063,1.0,1.0,1.0,1.0,0.0,4.0,2.5306,7.0,6.0,3.4375
A,0,4242428713626490,0.2606,1.0,1.0,1.0,1.0,1.0,4.0,2.875,9.0,4.0,4.0
A,0,5555552745245702,-0.1083,1.0,1.0,1.0,1.0,4.0,5.0,1.9528,5.0,8.0,4.25
A,0,4111114272136596,-0.3462,1.0,1.0,1.0,1.0,0.0,4.0,2.6556,8.0,6.0,3.375
A,0,4111115270865722,-0.2271,1.0,1.0,1.0,1.0,0.0,4.0,2.7272,8.0,5.0,3.3125
A,0,4242424945935759,-0.6804,1.0,1.0,1.0,1.0,1.0,4.0,2.3829,6.0,5.0,4.875
A,0,4111111498748543,-0.0037,1.0,1.0,1.0,1.0,0.0,4.0,2.4056,7.0,6.0,3.875
A,0,4532013979167303,0.1714,1.0,1.0,1.0,1.0,2.0,4.0,3.0,9.0,4.0,3.9375
A,0,4111110327823832,-0.196,1.0,1.0,1.0,1.0,0.0,4.0,2.555,7.0,5.0,2.9375
A,0,4111116381450115,0.2059,1.0,1.0,1.0,1.0,0.0,4.0,2.25,7.0,8.0,2.6875
A,0,4532017751666622,-0.065,1.0,1.0,1.0,1.0,2.0,4.0,2.8278,8.0,4.0,3.9375
A,0,4111116586088736,0.1149,1.0,1.0,1.0,1.0,0.0,4.0,2.68,8.0,5.0,4.125
A,0,4242426122866293,-0.1942,1.0,1.0,1.0,1.0,1.0,4.0,2.4363,7.0,6.0,3.9375
A,0,4111116711879215,-0.3447,1.0,1.0,1.0,1.0,0.0,4.0,2.375,8.0,8.0,3.5
A,0,4532017500429793,-0.1033,1.0,1.0,1.0,1.0,2.0,4.0,2.9528,8.0,3.0,3.8125
A,0,4532015764528391,0.103,1.0,1.0,1.0,1.0,2.0,4.0,3.2028,10.0,3.0,4.0625
A,0,5105105899920789,-0.4806,1.0,1.0,1.0,1.0,3.0,5.0,2.6556,7.0,4.0,4.875
A,0,6011006409443620,-0.3451,1.0,1.0,1.0,1.0,5.0,6.0,2.555,7.0,5.0,2.875
A,0,5105107408643753,-0.2865,1.0,1.0,1.0,1.0,3.0,5.0,2.9056,8.0,3.0,3.6875
A,0,4111119499145841,-0.244,1.0,1.0,1.0,1.0,0.0,4.0,1.9746,5.0,7.0,3.9375
A,0,4111112527091152,0.2161,1.0,1.0,1.0,1.0,0.0,4.0,2.3496,7.0,7.0,2.6875
A,0,6011006191432468,-0.382,1.0,1.0,1.0,1.0,5.0,6.0,2.7806,8.0,4.0,3.25
A,0,4111118796636353,0.1595,1.0,1.0,1.0,1.0,0.0,4.0,2.68,8.0,5.0,4.0625
A,0,4111116996106458,0.3146,1.0,1.0,1.0,1.0,0.0,4.0,2.4835,7.0,6.0,3.9375
A,0,4111119215851326,-0.2005,1.0,1.0,1.0,1.0,0.0,4.0,2.5218,8.0,7.0,3.1875
A,0,4111119061433443,-0.1397,1.0,1.0,1.0,1.0,0.0,4.0,2.2335,6.0,6.0,2.875
A,0,4242424826704159,0.2885,1.0,1.0,1.0,1.0,1.0,4.0,2.7744,9.0,5.0,4.0
A,0,6011009665427378,-0.2614,1.0,1.0,1.0,1.0,5.0,6.0,3.1556,10.0,3.0,4.0625
A,0,5555550581947183,0.5585,1.0,1.0,1.0,1.0,4.0,5.0,2.5218,8.0,7.0,4.75
A,0,4111110706440091,-0.1312,1.0,1.0,1.0,1.0,0.0,4.0,2.2335,6.0,6.0,2.5
A,0,5555557337068776,-0.3456,1.0,1.0,1.0,1.0,4.0,5.0,2.2806,6.0,6.0,5.25
A,0,4111111639313678,-0.0297,1.0,1.0,1.0,1.0,0.0,4.0,2.3496,7.0,7.0,3.5
A,0,5555552394095721,0.0881,1.0,1.0,1.0,1.0,4.0,5.0,2.5218,8.0,7.0,4.5
A,0,4242422529905628,0.3242,1.0,1.0,1.0,1.0,1.0,4.0,2.4835,7.0,6.0,4.125
A,0,5105103282794572,-0.6509,1.0,1.0,1.0,1.0,3.0,5.0,3.0306,9.0,3.0,3.8125
A,0,4242422036832240,-0.1348,1.0,1.0,1.0,1.0,1.0,4.0,2.2806,6.0,6.0,3.0
A,0,5555556726162984,-0.4309,1.0,1.0,1.0,1.0,4.0,5.0,2.6085,8.0,6.0,5.0625
A,0,4242422915586370,0.3569,1.0,1.0,1.0,1.0,1.0,4.0,3.0778,10.0,4.0,4.0
A,0,4532010794303683,0.3254,1.0,1.0,1.0,1.0,2.0,4.0,3.0778,10.0,4.0,3.625
A,0,4111115860341431,0.2088,1.0,1.0,1.0,1.0,0.0,4.0,2.3496,7.0,7.0,2.75
A,0,4242428205679197,0.1234,1.0,1.0,1.0,1.0,1.0,4.0,2.9528,9.0,4.0,4.5
A,0,6011003148843731,-0.0141,1.0,1.0,1.0,1.0,5.0,6.0,2.6556,7.0,4.0,3.125
A,0,6011003041026467,-0.4306,1.0,1.0,1.0,1.0,5.0,6.0,2.555,7.0,5.0,2.5625
A,0,4111117091765230,-0.0173,1.0,1.0,1.0,1.0,0.0,4.0,2.7806,9.0,6.0,3.0625
A,0,4111115806602615,-0.0142,1.0,1.0,1.0,1.0,0.0,4.0,2.4835,7.0,6.0,3.0
A,0,4242426354434224,-0.3064,1.0,1.0,1.0,1.0,1.0,4.0,1.9212,5.0,7.0,3.4375
A,0,4111117507981116,-0.5144,1.0,1.0,1.0,1.0,0.0,4.0,2.375,8.0,8.0,3.375
A,0,4111111898121838,-0.4933,1.0,1.0,1.0,1.0,0.0,4.0,2.0,6.0,8.0,3.625
A,0,4532013508786706,0.152,1.0,1.0,1.0,1.0,2.0,4.0,3.0778,9.0,3.0,4.0625
A,0,4242429158557612,-0.0214,1.0,1.0,1.0,1.0,1.0,4.0,2.7806,8.0,4.0,4.1875
A,0,4111115159171275,-0.2163,1.0,1.0,1.0,1.0,0.0,4.0,2.0778,6.0,8.0,3.25
A,0,5555552117872570,-0.0032,1.0,1.0,1.0,1.0,4.0,5.0,2.2246,6.0,7.0,4.375
A,0,4111115394075976,0.3017,1.0,1.0,1.0,1.0,0.0,4.0,2.7744,8.0,5.0,4.0
A,0,4111117537593923,0.1994,1.0,1.0,1.0,1.0,0.0,4.0,2.6022,7.0,5.0,3.875
A,0,4111119451051516,-0.3629,1.0,1.0,1.0,1.0,0.0,4.0,2.0778,6.0,8.0,2.875
A,0,4111110155811511,-1.6364,1.0,1.0,1.0,1.0,0.0,4.0,1.6266,5.0,10.0,2.3125
A,0,4111112696567693,0.296,1.0,1.0,1.0,1.0,0.0,4.0,2.6494,8.0,5.0,4.25
A,0,5105103672074791,0.1738,1.0,1.0,1.0,1.0,3.0,5.0,2.9835,9.0,3.0,3.625
A,0,4111112198043037,-0.1646,1.0,1.0,1.0,1.0,0.0,4.0,2.6556,8.0,6.0,2.875
A,0,4242424048145967,0.3709,1.0,1.0,1.0,1.0,1.0,4.0,2.7335,9.0,6.0,4.125
A,0,4242425189990509,-0.2856,1.0,1.0,1.0,1.0,1.0,4.0,2.6556,7.0,4.0,4.5625
A,0,4532015807693848,0.2948,1.0,1.0,1.0,1.0,2.0,4.0,3.2028,10.0,3.0,4.5625
A,0,4111111818260062,0.0613,1.0,1.0,1.0,1.0,0.0,4.0,2.2718,6.0,7.0,2.6875
A,0,4111116495874465,0.1477,1.0,1.0,1.0,1.0,0.0,4.0,2.5244,7.0,5.0,4.1875
A,0,4111119097746511,0.0587,1.0,1.0,1.0,1.0,0.0,4.0,2.3968,7.0,7.0,3.625
A,0,4111118752171569,0.1512,1.0,1.0,1.0,1.0,0.0,4.0,2.5218,8.0,7.0,3.75
A,0,4111117571090562,-0.1672,1.0,1.0,1.0,1.0,0.0,4.0,2.6556,8.0,6.0,3.1875
A,0,4111114869365210,-0.3338,1.0,1.0,1.0,1.0,0.0,4.0,2.7806,9.0,6.0,3.3125
A,0,4532017663471806,0.2075,1.0,1.0,1.0,1.0,2.0,4.0,3.0778,9.0,3.0,3.9375
A,0,4111112187424198,-0.0063,1.0,1.0,1.0,1.0,0.0,4.0,2.2246,6.0,7.0,3.4375
A,0,4111118737106904,-0.3462,1.0,1.0,1.0,1.0,0.0,4.0,2.6556,8.0,6.0,3.375
A,0,4532010469926446,0.1149,1.0,1.0,1.0,1.0,2.0,4.0,2.8278,8.0,4.0,4.0625
A,0,4111111643941308,-0.0758,1.0,1.0,1.0,1.0,0.0,4.0,2.3496,7.0,7.0,3.0
A,0,4111110148423515,0.1006,1.0,1.0,1.0,1.0,0.0,4.0,2.3496,7.0,7.0,2.625
A,0,5105106023156779,0.0796,1.0,1.0,1.0,1.0,3.0,5.0,2.8585,8.0,3.0,3.625
A,0,4111117355323379,-0.016,1.0,1.0,1.0,1.0,0.0,4.0,2.5244,7.0,5.0,3.5
A,0,4242428581428151,0.3106,1.0,1.0,1.0,1.0,1.0,4.0,2.2806,5.0,4.0,3.8125
A,0,5105106165843796,-0.1827,1.0,1.0,1.0,1.0,3.0,5.0,2.9835,9.0,3.0,4.1875
A,0,5105103764056797,-0.1439,1.0,1.0,1.0,1.0,3.0,5.0,2.8585,8.0,3.0,4.125
A,0,4242428321997796,-0.1828,1.0,1.0,1.0,1.0,1.0,4.0,2.7806,8.0,4.0,4.9375
A,0,5555552285839005,0.1792,1.0,1.0,1.0,1.0,4.0,5.0,2.125,6.0,8.0,4.5
A,0,5105100928789511,-0.0174,1.0,1.0,1.0,1.0,3.0,5.0,2.6556,7.0,4.0,3.875
A,0,4532011432859946,0.2292,1.0,1.0,1.0,1.0,2.0,4.0,3.0778,9.0,3.0,4.125
A,0,4532015665497639,0.0272,1.0,1.0,1.0,1.0,2.0,4.0,3.0306,9.0,3.0,4.6875
A,0,4111115296566486,0.2024,1.0,1.0,1.0,1.0,0.0,4.0,2.5244,7.0,5.0,4.125
A,0,6011005095164227,-0.4558,1.0,1.0,1.0,1.0,5.0,6.0,2.8278,8.0,4.0,3.0625
A,0,4111118408709374,0.0909,1.0,1.0,1.0,1.0,0.0,4.0,2.6022,7.0,5.0,3.6875
A,0,5105104303815610,-0.2518,1.0,1.0,1.0,1.0,3.0,5.0,2.5778,7.0,4.0,2.6875
A,0,4111117582144879,0.4979,1.0,1.0,1.0,1.0,0.0,4.0,2.4835,7.0,6.0,4.0
A,0,4111114396414911,0.1508,1.0,1.0,1.0,1.0,0.0,4.0,1.875,5.0,8.0,3.1875
A,0,4242427342049900,0.106,1.0,1.0,1.0,1.0,1.0,4.0,2.3522,6.0,5.0,3.5
A,0,4111112845022681,0.1622,1.0,1.0,1.0,1.0,0.0,4.0,2.4835,7.0,6.0,2.9375
A,0,4532012988994251,-0.2112,1.0,1.0,1.0,1.0,2.0,4.0,2.9056,8.0,3.0,4.5
A,0,4111116336828357,0.1624,1.0,1.0,1.0,1.0,0.0,4.0,2.7272,8.0,5.0,3.75
A,0,4532011708889502,0.0289,1.0,1.0,1.0,1.0,2.0,4.0,3.0306,9.0,3.0,3.9375
A,0,4111117543163901,-0.4827,1.0,1.0,1.0,1.0,0.0,4.0,2.5218,8.0,7.0,3.0
A,0,4242422019994462,-0.2964,1.0,1.0,1.0,1.0,1.0,4.0,2.2516,6.0,5.0,4.0
A,0,4532018315675562,0.1714,1.0,1.0,1.0,1.0,2.0,4.0,3.0,9.0,4.0,3.9375
A,0,4111113853164936,0.0948,1.0,1.0,1.0,1.0,0.0,4.0,2.4835,7.0,6.0,3.5625
A,0,4111117550776405,-0.1434,1.0,1.0,1.0,1.0,0.0,4.0,2.43,6.0,5.0,3.4375
A,0,4111117255205551,-0.0446,1.0,1.0,1.0,1.0,0.0,4.0,2.18,6.0,6.0,2.875
A,0,4242422236181802,0.1915,1.0,1.0,1.0,1.0,1.0,4.0,2.4835,7.0,6.0,3.1875
A,0,4242429558992856,0.167,1.0,1.0,1.0,1.0,1.0,4.0,2.4835,6.0,4.0,5.25
A,0,4111117575554399,-0.0967,1.0,1.0,1.0,1.0,0.0,4.0,2.3994,6.0,5.0,4.25
A,0,4532010505933760,-0.2027,1.0,1.0,1.0,1.0,2.0,4.0,2.9056,9.0,4.0,3.3125
A,0,4242420009778739,0.0129,1.0,1.0,1.0,1.0,1.0,4.0,2.6863,7.0,3.0,4.25
A,0,5105104992604507,0.1333,1.0,1.0,1.0,1.0,3.0,5.0,2.8278,8.0,4.0,3.625
A,0,4111113301217385,-0.3616,1.0,1.0,1.0,1.0,0.0,4.0,2.4746,8.0,7.0,2.625
A,0,4242420010308864,-0.5271,1.0,1.0,1.0,1.0,1.0,4.0,2.5778,7.0,4.0,3.0
A,0,5105100581256071,-0.0232,1.0,1.0,1.0,1.0,3.0,5.0,2.5,7.0,4.0,2.9375
A,0,6011006902345926,-0.5324,1.0,1.0,1.0,1.0,5.0,6.0,2.8278,8.0,4.0,3.375
A,0,4111119564840698,0.2787,1.0,1.0,1.0,1.0,0.0,4.0,2.6022,7.0,5.0,4.25
A,0,4242425704845592,-0.0311,1.0,1.0,1.0,1.0,1.0,4.0,2.4772,7.0,5.0,4.1875
A,0,4111117505940551,0.2444,1.0,1.0,1.0,1.0,0.0,4.0,2.2806,6.0,6.0,3.125
A,0,4111113006779309,0.0986,1.0,1.0,1.0,1.0,0.0,4.0,2.6022,7.0,5.0,3.3125
A,0,4111114702877322,-0.0512,1.0,1.0,1.0,1.0,0.0,4.0,2.555,7.0,5.0,3.1875
A,0,5105109627074281,-0.2626,1.0,1.0,1.0,1.0,3.0,5.0,3.0306,9.0,3.0,3.625
A,0,5555558435646828,-0.0622,1.0,1.0,1.0,1.0,4.0,5.0,2.2246,6.0,7.0,5.25
A,0,4111111896506873,0.1481,1.0,1.0,1.0,1.0,0.0,4.0,2.7806,9.0,6.0,3.875
A,0,5105107185223118,0.0972,1.0,1.0,1.0,1.0,3.0,5.0,2.6022,7.0,5.0,3.125
A,0,4111118903170353,-0.303,1.0,1.0,1.0,1.0,0.0,4.0,2.6085,8.0,6.0,3.0
A,0,4532016043092555,-0.2839,1.0,1.0,1.0,1.0,2.0,4.0,2.8278,8.0,4.0,3.375
A,0,4111113580854601,-0.1725,1.0,1.0,1.0,1.0,0.0,4.0,2.5306,7.0,6.0,3.0625
A,0,4111119787881347,0.236,1.0,1.0,1.0,1.0,0.0,4.0,2.3113,6.0,6.0,4.4375
A,0,4532015597777173,-0.2078,1.0,1.0,1.0,1.0,2.0,4.0,2.7272,8.0,5.0,4.5625
A,0,4242421926786565,-0.2014,1.0,1.0,1.0,1.0,1.0,4.0,2.7806,8.0,4.0,4.5625
A,0,4532012891564134,0.0446,1.0,1.0,1.0,1.0,2.0,4.0,3.0306,9.0,3.0,3.625
A,0,4532017724596054,0.108,1.0,1.0,1.0,1.0,2.0,4.0,3.0306,9.0,3.0,4.0
A,0,5555553394709857,0.1873,1.0,1.0,1.0,1.0,4.0,5.0,2.3968,7.0,7.0,5.3125
A,0,4242420797367463,-0.2308,1.0,1.0,1.0,1.0,1.0,4.0,2.6556,7.0,4.0,4.375
A,0,5555550532476290,0.1165,1.0,1.0,1.0,1.0,4.0,5.0,2.5218,8.0,7.0,4.25
A,0,4242428473631904,0.1178,1.0,1.0,1.0,1.0,1.0,4.0,2.8522,9.0,5.0,3.9375
A,0,4111114196085945,0.4097,1.0,1.0,1.0,1.0,0.0,4.0,2.4835,7.0,6.0,3.75
A,0,4111115868037205,-0.2246,1.0,1.0,1.0,1.0,0.0,4.0,2.8994,9.0,5.0,3.3125
A,0,4111118154108292,-0.2028,1.0,1.0,1.0,1.0,0.0,4.0,2.3968,7.0,7.0,3.0625
A,0,5555557367659726,0.3046,1.0,1.0,1.0,1.0,4.0,5.0,2.1774,6.0,7.0,5.5
A,0,4111112670122663,0.0621,1.0,1.0,1.0,1.0,0.0,4.0,2.4363,7.0,6.0,2.75
A,0,4111118571132974,-0.1397,1.0,1.0,1.0,1.0,0.0,4.0,2.5218,8.0,7.0,3.5
A,0,5105100109545419,0.5745,1.0,1.0,1.0,1.0,3.0,5.0,2.25,5.0,4.0,3.125
A,0,5555550142224882,0.2201,1.0,1.0,1.0,1.0,4.0,5.0,2.2806,6.0,6.0,3.9375
A,0,6011001489266090,-0.3003,1.0,1.0,1.0,1.0,5.0,6.0,2.555,7.0,5.0,3.3125
A,0,4111117750487456,-0.0805,1.0,1.0,1.0,1.0,0.0,4.0,2.555,7.0,5.0,3.875
A,0,4532017981062543,-1.6563,1.0,1.0,1.0,1.0,2.0,4.0,3.25,10.0,2.0,3.75
A,0,4242422184280101,-0.0404,1.0,1.0,1.0,1.0,1.0,4.0,2.2272,5.0,5.0,2.8125
A,0,6011005456397861,0.0461,1.0,1.0,1.0,1.0,5.0,6.0,2.9835,9.0,3.0,3.875
A,0,5105103809528735,-0.1556,1.0,1.0,1.0,1.0,3.0,5.0,2.8278,8.0,4.0,3.875
A,0,4111117767934086,0.182,1.0,1.0,1.0,1.0,0.0,4.0,2.7272,8.0,5.0,4.125
A,0,4111114674037269,-0.0151,1.0,1.0,1.0,1.0,0.0,4.0,2.7272,8.0,5.0,3.5625
A,0,4242425140506717,0.0042,1.0,1.0,1.0,1.0,1.0,4.0,2.7028,7.0,4.0,3.375
A,0,4242422070869256,-0.0554,1.0,1.0,1.0,1.0,1.0,4.0,2.7272,8.0,5.0,3.9375
A,0,4111119139001917,-0.3002,1.0,1.0,1.0,1.0,0.0,4.0,2.0778,6.0,8.0,3.0625
A,0,4242427102421364,-0.4918,1.0,1.0,1.0,1.0,1.0,4.0,2.4238,7.0,5.0,3.0
A,0,4111116811935529,0.0682,1.0,1.0,1.0,1.0,0.0,4.0,2.5218,8.0,7.0,3.625
A,0,5555558639302541,-0.2666,1.0,1.0,1.0,1.0,4.0,5.0,2.6468,9.0,7.0,4.4375
A,0,4111116572244079,-0.2266,1.0,1.0,1.0,1.0,0.0,4.0,2.7272,8.0,5.0,3.4375
A,0,4242423889011999,0.0561,1.0,1.0,1.0,1.0,1.0,4.0,2.6556,7.0,4.0,4.6875
A,0,4242429493447115,0.3818,1.0,1.0,1.0,1.0,1.0,4.0,2.4835,7.0,6.0,4.0625
A,0,4111114567165029,-0.3462,1.0,1.0,1.0,1.0,0.0,4.0,2.6556,8.0,6.0,3.375
A,0,4242420710855651,-0.0135,1.0,1.0,1.0,1.0,1.0,4.0,2.8585,8.0,3.0,3.5
A,0,5555557602942309,-0.0846,1.0,1.0,1.0,1.0,4.0,5.0,2.6556,8.0,6.0,4.5
A,0,4111118707395016,-0.3333,1.0,1.0,1.0,1.0,0.0,4.0,2.7806,9.0,6.0,3.4375
A,0,6011001852136367,-0.3332,1.0,1.0,1.0,1.0,5.0,6.0,2.7806,8.0,4.0,3.125
A,0,6011008898201816,-0.4781,1.0,1.0,1.0,1.0,5.0,6.0,2.375,6.0,4.0,3.6875
A,0,5555550112425162,0.1257,1.0,1.0,1.0,1.0,4.0,5.0,2.1774,6.0,7.0,3.375
A,0,4111119117781829,0.0974,1.0,1.0,1.0,1.0,0.0,4.0,2.125,6.0,8.0,3.875
A,0,4242429306939126,0.1252,1.0,1.0,1.0,1.0,1.0,4.0,2.6556,7.0,4.0,4.125
A,0,4111116252772779,0.0049,1.0,1.0,1.0,1.0,0.0,4.0,2.4772,7.0,5.0,3.9375
A,0,6011004042322509,0.1094,1.0,1.0,1.0,1.0,5.0,6.0,2.7272,8.0,5.0,2.4375
A,0,4111111345826732,-0.1672,1.0,1.0,1.0,1.0,0.0,4.0,2.6556,8.0,6.0,3.125
A,0,4111119288069988,0.4297,1.0,1.0,1.0,1.0,0.0,4.0,2.4772,7.0,5.0,4.75
A,0,4111117865439871,0.1396,1.0,1.0,1.0,1.0,0.0,4.0,2.6556,8.0,6.0,4.1875
A,0,5105109122658893,-0.142,1.0,1.0,1.0,1.0,3.0,5.0,2.9056,8.0,3.0,4.0625
A,0,4111115769316021,-0.863,1.0,1.0,1.0,1.0,0.0,4.0,2.6468,9.0,7.0,3.0625
A,0,6011000891811089,-0.4656,1.0,1.0,1.0,1.0,5.0,6.0,2.1266,5.0,5.0,3.3125
A,0,5105106417783840,-0.1447,1.0,1.0,1.0,1.0,3.0,5.0,2.9056,8.0,3.0,3.75
A,0,4532012663632846,-0.1754,1.0,1.0,1.0,1.0,2.0,4.0,2.7806,8.0,4.0,3.8125
A,0,4242424365728130,0.1783,1.0,1.0,1.0,1.0,1.0,4.0,2.875,9.0,4.0,3.5625
A,0,4111119866968072,-0.0319,1.0,1.0,1.0,1.0,0.0,4.0,2.7272,8.0,5.0,4.375
A,0,5105109704885245,-0.0454,1.0,1.0,1.0,1.0,3.0,5.0,2.8278,8.0,4.0,4.0
A,0,4111117728382482,0.0035,1.0,1.0,1.0,1.0,0.0,4.0,2.43,6.0,5.0,3.75
A,0,4532018455214065,-0.2589,1.0,1.0,1.0,1.0,2.0,4.0,2.8278,8.0,4.0,3.4375
A,0,4111119255386951,0.2284,1.0,1.0,1.0,1.0,0.0,4.0,2.6085,8.0,6.0,3.875
A,0,4111110682845412,-0.0554,1.0,1.0,1.0,1.0,0.0,4.0,2.4835,7.0,6.0,3.0625
A,0,4242426347119494,0.3242,1.0,1.0,1.0,1.0,1.0,4.0,2.4835,7.0,6.0,4.125
A,0,4111110776258548,0.0508,1.0,1.0,1.0,1.0,0.0,4.0,2.7744,8.0,5.0,3.8125
A,0,5105105360919484,-0.2841,1.0,1.0,1.0,1.0,3.0,5.0,2.8585,8.0,3.0,3.8125
A,0,4242423350694885,-0.2026,1.0,1.0,1.0,1.0,1.0,4.0,2.8278,8.0,4.0,4.3125
A,0,5105108425835968,-0.3478,1.0,1.0,1.0,1.0,3.0,5.0,2.9528,9.0,4.0,4.375
A,0,4242425755315198,-0.0214,1.0,1.0,1.0,1.0,1.0,4.0,2.7806,8.0,4.0,4.1875
A,0,4111110540389215,-0.1646,1.0,1.0,1.0,1.0,0.0,4.0,2.6556,8.0,6.0,2.875
A,0,5555550360735445,-0.0544,1.0,1.0,1.0,1.0,4.0,5.0,2.125,6.0,8.0,4.1875
A,0,4532019222246323,-0.0929,1.0,1.0,1.0,1.0,2.0,4.0,2.6085,8.0,6.0,3.125
A,0,5555554605477771,-0.3747,1.0,1.0,1.0,1.0,4.0,5.0,2.1468,6.0,7.0,4.875
A,0,5105108662712284,0.0368,1.0,1.0,1.0,1.0,3.0,5.0,2.9056,8.0,3.0,3.625
A,0,4111112684622393,0.1172,1.0,1.0,1.0,1.0,0.0,4.0,2.6022,7.0,5.0,3.375
A,0,4111115963086818,0.3006,1.0,1.0,1.0,1.0,0.0,4.0,2.6085,8.0,6.0,3.9375
A,0,4242423596142509,-0.0013,1.0,1.0,1.0,1.0,1.0,4.0,2.75,8.0,4.0,3.875
A,0,5105103279142157,-0.3744,1.0,1.0,1.0,1.0,3.0,5.0,2.8278,8.0,4.0,3.3125
A,0,4532017119174384,0.2658,1.0,1.0,1.0,1.0,2.0,4.0,2.9528,9.0,4.0,3.75
A,0,4111110112308122,0.6664,1.0,1.0,1.0,1.0,0.0,4.0,2.0778,6.0,8.0,1.8125
A,0,4242429628264880,-0.2694,1.0,1.0,1.0,1.0,1.0,4.0,2.3522,6.0,5.0,4.4375
A,0,4242422454729951,-0.0947,1.0,1.0,1.0,1.0,1.0,4.0,2.2988,6.0,5.0,4.125
A,0,5105100807771267,-0.1669,1.0,1.0,1.0,1.0,3.0,5.0,2.5778,7.0,4.0,3.5625
A,0,4242428091048846,0.0638,1.0,1.0,1.0,1.0,1.0,4.0,2.555,7.0,5.0,4.125
A,0,5105107529401123,-0.0761,1.0,1.0,1.0,1.0,3.0,5.0,2.7806,8.0,4.0,2.875
A,0,4532013608994804,0.1852,1.0,1.0,1.0,1.0,2.0,4.0,3.0306,9.0,3.0,4.125
A,0,4242426904624068,-0.056,1.0,1.0,1.0,1.0,1.0,4.0,2.3522,6.0,5.0,3.9375
A,0,4532014876933920,0.0984,1.0,1.0,1.0,1.0,2.0,4.0,3.2028,10.0,3.0,4.125
A,0,4111118631431978,-0.1484,1.0,1.0,1.0,1.0,0.0,4.0,2.3968,7.0,7.0,3.6875
A,0,6011009539543186,-0.0374,1.0,1.0,1.0,1.0,5.0,6.0,2.9056,8.0,3.0,3.8125
A,0,4532019090048868,0.2761,1.0,1.0,1.0,1.0,2.0,4.0,2.9528,9.0,4.0,4.1875
A,0,4242426920590350,0.0334,1.0,1.0,1.0,1.0,1.0,4.0,2.6556,7.0,4.0,3.5625
A,0,4532013567536950,0.3565,1.0,1.0,1.0,1.0,2.0,4.0,2.9528,9.0,4.0,4.0
A,0,4111118510489402,0.216,1.0,1.0,1.0,1.0,0.0,4.0,2.4835,7.0,6.0,3.125
A,0,4532012445811643,-0.2663,1.0,1.0,1.0,1.0,2.0,4.0,2.8278,8.0,4.0,3.3125
A,0,4242421290810231,-0.3837,1.0,1.0,1.0,1.0,1.0,4.0,2.555,7.0,5.0,2.8125
A,0,5105107076670732,0.2046,1.0,1.0,1.0,1.0,3.0,5.0,2.625,7.0,4.0,3.5625
A,0,4111111956422854,0.1108,1.0,1.0,1.0,1.0,0.0,4.0,2.4835,7.0,6.0,3.4375
A,0,4242428770700204,0.2831,1.0,1.0,1.0,1.0,1.0,4.0,2.2028,5.0,4.0,3.3125
A,0,5555554924084993,-0.2775,1.0,1.0,1.0,1.0,4.0,5.0,2.4363,7.0,6.0,5.125
A,0,4111118398208833,-0.0698,1.0,1.0,1.0,1.0,0.0,4.0,2.4772,7.0,5.0,3.8125
A,0,5105107802208609,-0.1973,1.0,1.0,1.0,1.0,3.0,5.0,2.7744,8.0,5.0,3.375
A,0,4242426222932508,-0.1173,1.0,1.0,1.0,1.0,1.0,4.0,2.4746,8.0,7.0,3.5625
A,0,4242422296413178,0.1026,1.0,1.0,1.0,1.0,1.0,4.0,2.6494,8.0,5.0,3.8125
A,0,4532012186189399,0.1656,1.0,1.0,1.0,1.0,2.0,4.0,3.0306,9.0,3.0,4.4375
A,0,4242424925478168,0.0241,1.0,1.0,1.0,1.0,1.0,4.0,2.6494,8.0,5.0,4.5
A,0,4242426767092452,0.0539,1.0,1.0,1.0,1.0,1.0,4.0,2.5244,7.0,5.0,4.125
A,0,4111118296945551,0.3146,1.0,1.0,1.0,1.0,0.0,4.0,2.4835,7.0,6.0,3.9375
A,0,4111119833701051,-0.2822,1.0,1.0,1.0,1.0,0.0,4.0,2.5218,8.0,7.0,2.875
A,0,4532015529432129,0.0856,1.0,1.0,1.0,1.0,2.0,4.0,2.7028,7.0,4.0,3.5625
A,0,5105101385518278,-0.0374,1.0,1.0,1.0,1.0,3.0,5.0,2.5778,7.0,4.0,3.75
A,0,4242424534109808,0.1053,1.0,1.0,1.0,1.0,1.0,4.0,2.7272,8.0,5.0,3.75
A,0,5105106185348354,0.0005,1.0,1.0,1.0,1.0,3.0,5.0,2.7028,7.0,4.0,3.6875
A,0,4111113595113688,0.0587,1.0,1.0,1.0,1.0,0.0,4.0,2.3968,7.0,7.0,3.625
A,0,4532013796045278,-0.3898,1.0,1.0,1.0,1.0,2.0,4.0,3.25,10.0,2.0,4.125
A,0,4111119434931883,0.4159,1.0,1.0,1.0,1.0,0.0,4.0,2.1863,5.0,6.0,3.8125
A,0,4111111284684118,0.2172,1.0,1.0,1.0,1.0,0.0,4.0,1.9056,5.0,8.0,3.25
A,0,4242426341429295,-0.2478,1.0,1.0,1.0,1.0,1.0,4.0,2.4238,7.0,5.0,3.9375
A,0,5555558861829138,-0.4594,1.0,1.0,1.0,1.0,4.0,5.0,2.4056,7.0,6.0,5.25
A,0,4111118473327664,0.0909,1.0,1.0,1.0,1.0,0.0,4.0,2.6022,7.0,5.0,3.6875
A,0,4532017458404483,0.0262,1.0,1.0,1.0,1.0,2.0,4.0,2.7744,8.0,5.0,3.875
A,0,4242427561575635,-0.0007,1.0,1.0,1.0,1.0,1.0,4.0,2.6556,7.0,4.0,4.25
A,0,4532019617908677,0.3412,1.0,1.0,1.0,1.0,2.0,4.0,3.2028,10.0,3.0,4.6875
A,0,4242425982470865,-0.1006,1.0,1.0,1.0,1.0,1.0,4.0,2.75,8.0,4.0,4.5
A,0,4111116841932207,-0.0203,1.0,1.0,1.0,1.0,0.0,4.0,2.7806,9.0,6.0,3.1875
A,0,4111113616103957,-0.2005,1.0,1.0,1.0,1.0,0.0,4.0,2.5218,8.0,7.0,3.125
A,0,5105108229010156,-0.3792,1.0,1.0,1.0,1.0,3.0,5.0,2.5778,7.0,4.0,2.875
A,0,5105105966296659,0.703,1.0,1.0,1.0,1.0,3.0,5.0,2.4528,6.0,4.0,4.6875
A,0,5555552965785494,-1.0591,1.0,1.0,1.0,1.0,4.0,5.0,2.25,7.0,8.0,5.5625
A,0,4532015489272101,-0.0971,1.0,1.0,1.0,1.0,2.0,4.0,3.0306,9.0,3.0,3.375
A,0,4111116569597349,0.136,1.0,1.0,1.0,1.0,0.0,4.0,2.6022,7.0,5.0,4.5
A,0,4111112031243117,-0.4445,1.0,1.0,1.0,1.0,0.0,4.0,2.125,6.0,8.0,2.0625
A,0,5105105927733451,0.1333,1.0,1.0,1.0,1.0,3.0,5.0,2.8278,8.0,4.0,3.625
A,0,4532019652101899,0.108,1.0,1.0,1.0,1.0,2.0,4.0,3.0306,9.0,3.0,4.0625
A,0,4242427282362958,0.1871,1.0,1.0,1.0,1.0,1.0,4.0,2.6085,8.0,6.0,4.375
A,0,4532014353318033,-0.3277,1.0,1.0,1.0,1.0,2.0,4.0,2.5306,7.0,6.0,3.0
A,0,4111113415394781,0.0463,1.0,1.0,1.0,1.0,0.0,4.0,2.3496,7.0,7.0,3.375
A,0,5105107429713775,-0.0639,1.0,1.0,1.0,1.0,3.0,5.0,2.7806,8.0,4.0,4.0
A,0,4242428705736133,-0.0119,1.0,1.0,1.0,1.0,1.0,4.0,2.9835,9.0,3.0,3.8125
A,0,5105108998384386,-0.2322,1.0,1.0,1.0,1.0,3.0,5.0,2.875,8.0,4.0,4.875
A,0,6011002438522922,0.6042,1.0,1.0,1.0,1.0,5.0,6.0,2.8522,9.0,5.0,2.9375
A,0,5105105972089965,-0.321,1.0,1.0,1.0,1.0,3.0,5.0,2.7806,8.0,4.0,4.5
A,0,4111111051566928,-0.2005,1.0,1.0,1.0,1.0,0.0,4.0,2.5218,8.0,7.0,3.25
A,0,4111114763519482,0.1169,1.0,1.0,1.0,1.0,0.0,4.0,2.7335,9.0,6.0,3.625
A,0,4111111629965925,0.1101,1.0,1.0,1.0,1.0,0.0,4.0,2.3585,6.0,6.0,3.9375
A,0,4111115020036723,-0.159,1.0,1.0,1.0,1.0,0.0,4.0,2.7272,8.0,5.0,2.3125
A,0,4532013986616367,0.1701,1.0,1.0,1.0,1.0,2.0,4.0,3.0778,10.0,4.0,4.375
A,0,4532012802931570,0.2371,1.0,1.0,1.0,1.0,2.0,4.0,3.0306,9.0,3.0,3.25
A,0,4111110275774417,-0.0382,1.0,1.0,1.0,1.0,0.0,4.0,2.2335,6.0,6.0,3.3125
A,0,5555556635841306,0.096,1.0,1.0,1.0,1.0,4.0,5.0,2.3496,7.0,7.0,4.5
A,0,4242423455217368,-0.0013,1.0,1.0,1.0,1.0,1.0,4.0,2.75,8.0,4.0,3.875
A,0,4111117454775164,-0.0954,1.0,1.0,1.0,1.0,0.0,4.0,2.1085,5.0,6.0,3.6875
A,0,4242427430640867,0.126,1.0,1.0,1.0,1.0,1.0,4.0,2.6022,7.0,5.0,3.9375
A,0,4111110760590948,-0.0151,1.0,1.0,1.0,1.0,0.0,4.0,2.7272,8.0,5.0,3.5625
A,0,4111112892437246,-0.1432,1.0,1.0,1.0,1.0,0.0,4.0,2.68,8.0,5.0,3.5
A,0,4111115032584017,0.0917,1.0,1.0,1.0,1.0,0.0,4.0,2.6556,8.0,6.0,2.75
A,0,4532012786617625,0.108,1.0,1.0,1.0,1.0,2.0,4.0,3.0306,9.0,3.0,4.0625
A,0,6011005535742350,-0.2367,1.0,1.0,1.0,1.0,5.0,6.0,2.75,8.0,4.0,2.9375
A,0,4111116015795091,0.1467,1.0,1.0,1.0,1.0,0.0,4.0,2.3968,7.0,7.0,3.25
A,0,6011000865806495,0.0418,1.0,1.0,1.0,1.0,5.0,6.0,2.6022,7.0,5.0,3.6875
A,0,4532014569626013,0.1414,1.0,1.0,1.0,1.0,2.0,4.0,2.9528,8.0,3.0,3.5625
A,0,4111119581231277,-0.3867,1.0,1.0,1.0,1.0,0.0,4.0,2.5218,8.0,7.0,3.375
A,0,4532016112726398,0.0432,1.0,1.0,1.0,1.0,2.0,4.0,3.1556,10.0,3.0,3.75
A,0,4111119715059859,-0.0253,1.0,1.0,1.0,1.0,0.0,4.0,2.4363,7.0,6.0,4.1875
A,0,5555550458632132,0.288,1.0,1.0,1.0,1.0,4.0,5.0,2.5218,8.0,7.0,4.0
A,0,4111112329462452,-0.1784,1.0,1.0,1.0,1.0,0.0,4.0,2.4772,7.0,5.0,3.0
A,0,4111111701563523,-0.2847,1.0,1.0,1.0,1.0,0.0,4.0,2.5218,8.0,7.0,2.625
A,0,4532017468290054,0.0432,1.0,1.0,1.0,1.0,2.0,4.0,3.1556,10.0,3.0,3.75
A,0,4111113112465496,0.2063,1.0,1.0,1.0,1.0,0.0,4.0,2.3496,7.0,7.0,3.125
A,0,5105101095604863,-0.4348,1.0,1.0,1.0,1.0,3.0,5.0,2.7806,8.0,4.0,3.375
A,0,5555559767571253,-1.0074,1.0,1.0,1.0,1.0,4.0,5.0,2.2028,7.0,8.0,5.125
A,0,4242423669738860,-0.1885,1.0,1.0,1.0,1.0,1.0,4.0,2.8585,8.0,3.0,4.625
A,0,4242423940335171,-0.3181,1.0,1.0,1.0,1.0,1.0,4.0,2.7806,8.0,4.0,3.375
A,0,4111111286967883,0.4462,1.0,1.0,1.0,1.0,0.0,4.0,2.6085,8.0,6.0,4.1875
A,0,4111110162318328,0.1633,1.0,1.0,1.0,1.0,0.0,4.0,2.3968,7.0,7.0,2.6875
A,0,4111117233121532,-0.118,1.0,1.0,1.0,1.0,0.0,4.0,2.1774,6.0,7.0,2.375
A,0,5555557355999944,1.3003,1.0,1.0,1.0,1.0,4.0,5.0,1.875,5.0,8.0,5.875
A,0,6011008134285391,0.3249,1.0,1.0,1.0,1.0,5.0,6.0,2.9528,9.0,4.0,3.25
A,0,6011002852867902,-0.1183,1.0,1.0,1.0,1.0,5.0,6.0,2.8278,8.0,4.0,3.5625
A,0,4242424421742315,0.1227,1.0,1.0,1.0,1.0,1.0,4.0,2.18,6.0,6.0,3.1875
A,0,4111118121022147,-0.9623,1.0,1.0,1.0,1.0,0.0,4.0,2.0778,6.0,8.0,2.3125
A,0,4111118928979739,-0.2766,1.0,1.0,1.0,1.0,0.0,4.0,2.5244,7.0,5.0,5.0
A,0,4242424756011187,0.1897,1.0,1.0,1.0,1.0,1.0,4.0,2.7806,8.0,4.0,3.625
A,0,4242429432386069,0.1703,1.0,1.0,1.0,1.0,1.0,4.0,2.625,7.0,4.0,4.25
A,0,5555553100979695,-0.5636,1.0,1.0,1.0,1.0,4.0,5.0,2.3496,7.0,7.0,4.9375
A,0,4532012870165390,-0.3093,1.0,1.0,1.0,1.0,2.0,4.0,3.2028,10.0,3.0,3.5
A,0,4242421483912315,-0.1772,1.0,1.0,1.0,1.0,1.0,4.0,2.5778,7.0,4.0,3.4375
A,0,4111110562793724,-0.2059,1.0,1.0,1.0,1.0,0.0,4.0,2.8994,9.0,5.0,3.375
A,0,5105105680941838,-0.0946,1.0,1.0,1.0,1.0,3.0,5.0,2.8113,8.0,3.0,4.0
A,0,4111116916110242,0.0676,1.0,1.0,1.0,1.0,0.0,4.0,2.125,6.0,8.0,2.5625
A,0,5105109482423110,0.0178,1.0,1.0,1.0,1.0,3.0,5.0,2.8278,8.0,4.0,2.875
A,0,4532018156311087,-0.1968,1.0,1.0,1.0,1.0,2.0,4.0,3.0,9.0,4.0,3.4375
A,0,4532010731498190,0.1117,1.0,1.0,1.0,1.0,2.0,4.0,3.0306,9.0,3.0,3.5625
A,0,4111118157842087,0.1196,1.0,1.0,1.0,1.0,0.0,4.0,2.4835,7.0,6.0,3.6875
A,0,4242421615530506,0.0888,1.0,1.0,1.0,1.0,1.0,4.0,2.7335,7.0,3.0,3.125
A,0,4532016856154427,0.0289,1.0,1.0,1.0,1.0,2.0,4.0,3.0306,9.0,3.0,3.9375
A,0,5105106152110498,-0.6938,1.0,1.0,1.0,1.0,3.0,5.0,2.68,8.0,5.0,3.0625
A,0,4111116478753801,0.0295,1.0,1.0,1.0,1.0,0.0,4.0,2.6556,8.0,6.0,3.625
A,0,4111118434322671,-0.0554,1.0,1.0,1.0,1.0,0.0,4.0,2.4835,7.0,6.0,3.0625
A,0,4111119457020226,-0.0231,1.0,1.0,1.0,1.0,0.0,4.0,2.7272,8.0,5.0,2.875
A,0,4111115432334336,-0.5012,1.0,1.0,1.0,1.0,0.0,4.0,2.2516,6.0,5.0,2.8125
A,0,4242420410275374,0.0231,1.0,1.0,1.0,1.0,1.0,4.0,2.5244,7.0,5.0,3.1875
A,0,5555551333553873,-0.1924,1.0,1.0,1.0,1.0,4.0,5.0,1.7744,5.0,8.0,4.4375
A,0,4111111361708095,-0.863,1.0,1.0,1.0,1.0,0.0,4.0,2.6468,9.0,7.0,3.0625
A,0,5105100544769954,0.1502,1.0,1.0,1.0,1.0,3.0,5.0,2.6556,7.0,4.0,4.0625
A,0,4111110908475614,-0.2068,1.0,1.0,1.0,1.0,0.0,4.0,2.6085,8.0,6.0,3.3125
A,0,4242426927675287,0.2972,1.0,1.0,1.0,1.0,1.0,4.0,2.555,7.0,5.0,4.8125
A,0,4532019777861252,-0.178,1.0,1.0,1.0,1.0,2.0,4.0,3.1556,10.0,3.0,4.3125
A,0,4111111850775290,-0.3649,1.0,1.0,1.0,1.0,0.0,4.0,2.6556,8.0,6.0,3.3125
A,0,4532017581235960,-0.1539,1.0,1.0,1.0,1.0,2.0,4.0,3.2028,10.0,3.0,3.8125
A,0,4532018330314189,-0.2589,1.0,1.0,1.0,1.0,2.0,4.0,2.8278,8.0,4.0,3.4375
A,0,4111112127411800,-0.5373,1.0,1.0,1.0,1.0,0.0,4.0,2.125,6.0,8.0,2.1875
A,0,5105109933741078,-0.3219,1.0,1.0,1.0,1.0,3.0,5.0,2.9056,8.0,3.0,3.9375
A,0,4111110909798923,0.4594,1.0,1.0,1.0,1.0,0.0,4.0,2.6494,8.0,5.0,4.0625
A,0,4242425885358449,-0.2112,1.0,1.0,1.0,1.0,1.0,4.0,2.3829,6.0,5.0,4.8125
A,0,4111113233642296,-0.3311,1.0,1.0,1.0,1.0,0.0,4.0,2.43,6.0,5.0,3.0625
A,0,5105100755840247,0.094,1.0,1.0,1.0,1.0,3.0,5.0,2.625,7.0,4.0,3.375
A,0,4111117098680499,0.1059,1.0,1.0,1.0,1.0,0.0,4.0,2.6022,7.0,5.0,4.3125
A,0,5555556651575317,-0.5886,1.0,1.0,1.0,1.0,4.0,5.0,1.8419,5.0,9.0,4.75
A,0,4242427727522091,-0.0549,1.0,1.0,1.0,1.0,1.0,4.0,2.4363,7.0,6.0,3.75
A,0,6011007716231468,-0.5392,1.0,1.0,1.0,1.0,5.0,6.0,2.7806,8.0,4.0,3.3125
A,0,4111112847463891,0.1537,1.0,1.0,1.0,1.0,0.0,4.0,2.6085,8.0,6.0,3.8125
A,0,5555550676325808,0.4402,1.0,1.0,1.0,1.0,4.0,5.0,2.3968,7.0,7.0,4.6875
A,0,4111112772693231,0.2421,1.0,1.0,1.0,1.0,0.0,4.0,2.4835,7.0,6.0,3.1875
A,0,4111114353718734,0.221,1.0,1.0,1.0,1.0,0.0,4.0,2.3113,6.0,6.0,3.375
A,0,5105107515642037,-0.26,1.0,1.0,1.0,1.0,3.0,5.0,2.7806,8.0,4.0,3.25
A,0,4242426901696317,0.0423,1.0,1.0,1.0,1.0,1.0,4.0,2.8585,8.0,3.0,4.125
A,0,4111112060020394,0.3063,1.0,1.0,1.0,1.0,0.0,4.0,2.5244,7.0,5.0,2.1875
A,0,5105103056868487,-0.2108,1.0,1.0,1.0,1.0,3.0,5.0,2.8585,8.0,3.0,4.1875
A,0,4532012532637679,0.108,1.0,1.0,1.0,1.0,2.0,4.0,3.0306,9.0,3.0,4.0625
A,0,5105106350523682,0.116,1.0,1.0,1.0,1.0,3.0,5.0,2.7028,7.0,4.0,3.25
A,0,4242426390872197,0.1169,1.0,1.0,1.0,1.0,1.0,4.0,2.9528,9.0,4.0,4.375
A,0,4111113018971332,-0.3591,1.0,1.0,1.0,1.0,0.0,4.0,2.4746,8.0,7.0,2.875
A,0,4111114986059886,0.136,1.0,1.0,1.0,1.0,0.0,4.0,2.6022,7.0,5.0,4.5
A,0,4111110835016499,-0.3462,1.0,1.0,1.0,1.0,0.0,4.0,2.6556,8.0,6.0,3.375
A,0,4242425220131444,0.0936,1.0,1.0,1.0,1.0,1.0,4.0,2.18,6.0,6.0,2.75
A,0,4111110536517415,0.0916,1.0,1.0,1.0,1.0,0.0,4.0,2.3496,7.0,7.0,2.875
A,0,4111114260851693,-0.3338,1.0,1.0,1.0,1.0,0.0,4.0,2.7806,9.0,6.0,3.3125
A,0,4111119797662810,0.2166,1.0,1.0,1.0,1.0,0.0,4.0,2.6556,8.0,6.0,4.0
A,0,4111118126607918,-0.0788,1.0,1.0,1.0,1.0,0.0,4.0,2.5218,8.0,7.0,3.5625
A,0,4111110454640884,0.3042,1.0,1.0,1.0,1.0,0.0,4.0,2.2988,6.0,5.0,3.25
A,0,4242420705628949,0.008,1.0,1.0,1.0,1.0,1.0,4.0,2.75,8.0,4.0,4.25
A,0,4242423543465219,0.1316,1.0,1.0,1.0,1.0,1.0,4.0,2.5244,7.0,5.0,3.75
A,0,5105107991669744,-0.3158,1.0,1.0,1.0,1.0,3.0,5.0,2.7806,7.0,3.0,4.625
A,0,4111116249898745,0.1273,1.0,1.0,1.0,1.0,0.0,4.0,2.7272,8.0,5.0,4.4375
A,0,4242420440999365,-0.018,1.0,1.0,1.0,1.0,1.0,4.0,2.555,7.0,5.0,4.1875
A,0,4242421147476251,0.106,1.0,1.0,1.0,1.0,1.0,4.0,2.3522,6.0,5.0,3.5
A,0,5555558316226930,-0.0704,1.0,1.0,1.0,1.0,4.0,5.0,2.6556,8.0,6.0,4.375
A,0,4242423709968469,-0.1828,1.0,1.0,1.0,1.0,1.0,4.0,2.7806,8.0,4.0,4.9375
A,0,4532010358872511,-0.3088,1.0,1.0,1.0,1.0,2.0,4.0,2.9056,8.0,3.0,3.4375
A,0,4111119207022837,-0.2214,1.0,1.0,1.0,1.0,0.0,4.0,2.7272,8.0,5.0,3.0625
A,0,4111117620579755,-0.0492,1.0,1.0,1.0,1.0,0.0,4.0,2.68,8.0,5.0,3.875
A,0,4111115871857839,0.4029,1.0,1.0,1.0,1.0,0.0,4.0,2.4835,7.0,6.0,4.375
A,0,4111113649914818,0.0227,1.0,1.0,1.0,1.0,0.0,4.0,2.2246,6.0,7.0,3.875
A,0,4532013874766571,0.0102,1.0,1.0,1.0,1.0,2.0,4.0,3.0778,9.0,3.0,4.3125
A,0,4242425888618690,0.4908,1.0,1.0,1.0,1.0,1.0,4.0,2.7806,8.0,4.0,4.8125
A,0,4242425360051188,-0.3088,1.0,1.0,1.0,1.0,1.0,4.0,2.9056,8.0,3.0,3.4375
A,0,5555556106484933,-0.001,1.0,1.0,1.0,1.0,4.0,5.0,2.6556,8.0,6.0,4.625
A,0,4242421821907670,-0.0735,1.0,1.0,1.0,1.0,1.0,4.0,2.8278,8.0,4.0,3.6875
A,0,5555556397780817,-0.0041,1.0,1.0,1.0,1.0,4.0,5.0,2.6085,8.0,6.0,5.375
A,0,4111110159236301,-0.2436,1.0,1.0,1.0,1.0,0.0,4.0,2.5218,8.0,7.0,2.4375
A,0,4111116667261475,0.0485,1.0,1.0,1.0,1.0,0.0,4.0,2.2806,6.0,6.0,3.6875
A,0,4532012502089059,-0.319,1.0,1.0,1.0,1.0,2.0,4.0,2.7806,8.0,4.0,3.4375
A,0,4242428300789958,0.0427,1.0,1.0,1.0,1.0,1.0,4.0,2.8585,8.0,3.0,4.6875
A,0,4242423659848349,0.4498,1.0,1.0,1.0,1.0,1.0,4.0,2.6022,7.0,5.0,4.8125
A,0,6011005006288339,-0.1807,1.0,1.0,1.0,1.0,5.0,6.0,2.7744,8.0,5.0,3.25
A,0,4111119788197370,0.344,1.0,1.0,1.0,1.0,0.0,4.0,2.4835,7.0,6.0,4.25
A,0,4242420635449036,0.3906,1.0,1.0,1.0,1.0,1.0,4.0,2.6022,7.0,5.0,3.625
A,0,4111116623497700,-0.1196,1.0,1.0,1.0,1.0,0.0,4.0,2.7744,8.0,5.0,3.3125
A,0,5105106928501079,-0.2084,1.0,1.0,1.0,1.0,3.0,5.0,2.7806,8.0,4.0,3.6875
A,0,4242428399643561,-0.1384,1.0,1.0,1.0,1.0,1.0,4.0,2.8278,8.0,4.0,4.5
A,0,4111116113548418,-0.2424,1.0,1.0,1.0,1.0,0.0,4.0,2.0778,6.0,8.0,3.125
A,0,4111110079654666,0.1583,1.0,1.0,1.0,1.0,0.0,4.0,2.5244,7.0,5.0,3.625
A,0,4111114345941113,-0.8431,1.0,1.0,1.0,1.0,0.0,4.0,1.875,5.0,8.0,2.75
A,0,4532014664353364,-0.1728,1.0,1.0,1.0,1.0,2.0,4.0,2.5778,7.0,4.0,3.6875
A,0,4532014568545230,0.0753,1.0,1.0,1.0,1.0,2.0,4.0,2.8278,8.0,4.0,3.5625
A,0,4532015287592981,0.1656,1.0,1.0,1.0,1.0,2.0,4.0,3.0306,9.0,3.0,4.4375
A,0,4111117741209811,0.0172,1.0,1.0,1.0,1.0,0.0,4.0,2.25,7.0,8.0,3.0625
A,0,4111111673252741,0.0148,1.0,1.0,1.0,1.0,0.0,4.0,2.3968,7.0,7.0,2.9375
A,0,4111116384193209,-0.3462,1.0,1.0,1.0,1.0,0.0,4.0,2.6556,8.0,6.0,3.375
A,0,4111119758453290,-0.0191,1.0,1.0,1.0,1.0,0.0,4.0,2.8994,9.0,5.0,3.8125
A,0,5105104059424195,0.2684,1.0,1.0,1.0,1.0,3.0,5.0,2.4835,6.0,4.0,3.4375
A,0,5105106232266450,-0.4125,1.0,1.0,1.0,1.0,3.0,5.0,2.6863,7.0,3.0,3.0
A,0,4111117026583864,0.1725,1.0,1.0,1.0,1.0,0.0,4.0,2.8994,9.0,5.0,3.625
A,0,5105103045673279,-0.2626,1.0,1.0,1.0,1.0,3.0,5.0,3.0306,9.0,3.0,3.625
A,0,4111116686942824,0.0165,1.0,1.0,1.0,1.0,0.0,4.0,2.43,6.0,5.0,4.0
A,0,4242423748531625,-0.0013,1.0,1.0,1.0,1.0,1.0,4.0,2.75,8.0,4.0,3.875
A,0,6011002526429253,-0.4147,1.0,1.0,1.0,1.0,5.0,6.0,2.8278,8.0,4.0,3.0
A,0,4242421402045049,-0.1183,1.0,1.0,1.0,1.0,1.0,4.0,2.2335,6.0,6.0,2.9375
A,0,4111110650798528,-0.0381,1.0,1.0,1.0,1.0,0.0,4.0,2.8994,9.0,5.0,3.6875
A,0,5555551074557216,0.1563,1.0,1.0,1.0,1.0,4.0,5.0,2.25,7.0,8.0,4.25
A,0,4242424272743966,-0.1932,1.0,1.0,1.0,1.0,1.0,4.0,2.2988,6.0,5.0,4.25
A,0,4111113338813362,-0.1715,1.0,1.0,1.0,1.0,0.0,4.0,2.18,6.0,6.0,3.0625
A,0,6011002366684348,0.2692,1.0,1.0,1.0,1.0,5.0,6.0,2.7028,7.0,4.0,3.625
A,0,4111118383896840,0.2024,1.0,1.0,1.0,1.0,0.0,4.0,2.5244,7.0,5.0,4.125
A,0,4111112118390096,-0.4827,1.0,1.0,1.0,1.0,0.0,4.0,2.5218,8.0,7.0,3.0
A,0,4532012329210128,0.0175,1.0,1.0,1.0,1.0,2.0,4.0,2.7272,8.0,5.0,2.8125
A,0,4242423002005837,-0.3022,1.0,1.0,1.0,1.0,1.0,4.0,2.5778,7.0,4.0,2.875
A,0,4242429125975681,0.0143,1.0,1.0,1.0,1.0,1.0,4.0,2.8278,8.0,4.0,4.4375
A,0,4242424611842693,-0.0291,1.0,1.0,1.0,1.0,1.0,4.0,2.5244,7.0,5.0,3.875
A,0,5555556409707790,-0.3052,1.0,1.0,1.0,1.0,4.0,5.0,2.3113,6.0,6.0,4.9375
A,0,4242426412605732,0.013,1.0,1.0,1.0,1.0,1.0,4.0,2.6494,8.0,5.0,3.375
A,0,4242427871548645,-0.0669,1.0,1.0,1.0,1.0,1.0,4.0,2.6022,7.0,5.0,4.5625
A,0,4111116998383394,-0.064,1.0,1.0,1.0,1.0,0.0,4.0,2.43,6.0,5.0,4.4375
A,0,4111110696218127,-0.2005,1.0,1.0,1.0,1.0,0.0,4.0,2.5218,8.0,7.0,3.1875
A,0,5105106278364391,-0.6236,1.0,1.0,1.0,1.0,3.0,5.0,3.2028,10.0,3.0,3.8125
A,0,4242426113592841,0.2113,1.0,1.0,1.0,1.0,1.0,4.0,2.7028,8.0,4.0,3.625
A,0,4111111255221262,-0.7657,1.0,1.0,1.0,1.0,0.0,4.0,1.9212,5.0,7.0,2.3125
A,0,4242422731562076,0.0606,1.0,1.0,1.0,1.0,1.0,4.0,2.7272,8.0,5.0,3.5625
A,0,4532012812959934,-0.0411,1.0,1.0,1.0,1.0,2.0,4.0,2.9056,8.0,3.0,4.1875
A,0,4242424506646464,-0.2405,1.0,1.0,1.0,1.0,1.0,4.0,1.9746,5.0,7.0,3.9375
A,0,5555556874649428,0.4368,1.0,1.0,1.0,1.0,4.0,5.0,2.4835,7.0,6.0,5.5
A,0,4111118970466841,0.2653,1.0,1.0,1.0,1.0,0.0,4.0,2.4835,7.0,6.0,3.875
A,0,4242421115674945,-0.2286,1.0,1.0,1.0,1.0,1.0,4.0,2.555,7.0,5.0,3.8125
A,0,5105106989611643,-0.0454,1.0,1.0,1.0,1.0,3.0,5.0,2.8278,8.0,4.0,4.0625
A,0,5105109269759587,-0.1984,1.0,1.0,1.0,1.0,3.0,5.0,2.8278,8.0,4.0,4.9375
A,0,4111116855537652,0.176,1.0,1.0,1.0,1.0,0.0,4.0,2.6494,8.0,5.0,3.8125
A,0,4242429866415665,-0.0085,1.0,1.0,1.0,1.0,1.0,4.0,2.5778,7.0,4.0,4.625
A,0,4242422685200707,-0.1927,1.0,1.0,1.0,1.0,1.0,4.0,2.555,7.0,5.0,3.4375
A,0,4242425164165374,0.2866,1.0,1.0,1.0,1.0,1.0,4.0,2.6022,7.0,5.0,3.75
A,0,4111118986976783,-0.1504,1.0,1.0,1.0,1.0,0.0,4.0,2.6022,7.0,5.0,5.0
A,0,4111119290755921,0.3267,1.0,1.0,1.0,1.0,0.0,4.0,2.4835,7.0,6.0,3.625
A,0,4111112361541940,-0.2534,1.0,1.0,1.0,1.0,0.0,4.0,2.4746,8.0,7.0,2.75
A,0,4111112447567018,-0.2068,1.0,1.0,1.0,1.0,0.0,4.0,2.6085,8.0,6.0,3.3125
A,0,4532016887371925,-1.5092,1.0,1.0,1.0,1.0,2.0,4.0,3.25,10.0,2.0,4.4375
A,0,4242429203195335,0.2669,1.0,1.0,1.0,1.0,1.0,4.0,2.6556,7.0,4.0,3.625
A,0,6011002931927925,-0.1919,1.0,1.0,1.0,1.0,5.0,6.0,2.8113,8.0,3.0,3.5625
A,0,5105103167063523,-0.4125,1.0,1.0,1.0,1.0,3.0,5.0,2.6863,7.0,3.0,3.0
A,0,4111113476409700,-0.3702,1.0,1.0,1.0,1.0,0.0,4.0,2.555,7.0,5.0,3.0625
A,0,6011008585509760,0.1084,1.0,1.0,1.0,1.0,5.0,6.0,2.6022,7.0,5.0,3.8125
A,0,4532011947169021,-0.1968,1.0,1.0,1.0,1.0,2.0,4.0,3.0,9.0,4.0,3.4375
A,0,4532012590571448,0.0736,1.0,1.0,1.0,1.0,2.0,4.0,3.0306,9.0,3.0,3.75
A,0,4111116235525955,-0.2068,1.0,1.0,1.0,1.0,0.0,4.0,2.4238,7.0,5.0,3.5
A,0,5105106664584883,-0.2056,1.0,1.0,1.0,1.0,3.0,5.0,2.7335,7.0,3.0,4.375
A,0,4242421383568779,0.0498,1.0,1.0,1.0,1.0,1.0,4.0,3.0306,9.0,3.0,4.6875
A,0,4111111256322390,-0.1294,1.0,1.0,1.0,1.0,0.0,4.0,2.6085,8.0,6.0,2.625
A,0,4242423043093875,0.0858,1.0,1.0,1.0,1.0,1.0,4.0,2.7806,8.0,4.0,3.75
A,0,4532019465479219,0.1656,1.0,1.0,1.0,1.0,2.0,4.0,3.0306,9.0,3.0,4.4375
A,0,5555555646786765,-0.6572,1.0,1.0,1.0,1.0,4.0,5.0,1.875,5.0,8.0,5.625
A,0,4242420478673114,-0.0897,1.0,1.0,1.0,1.0,1.0,4.0,2.7272,8.0,5.0,3.6875
A,0,4111119697627301,-0.1776,1.0,1.0,1.0,1.0,0.0,4.0,2.6556,8.0,6.0,3.6875
A,0,4111116826018667,-0.1215,1.0,1.0,1.0,1.0,0.0,4.0,2.4056,7.0,6.0,3.6875
A,0,4242420902089408,0.5462,1.0,1.0,1.0,1.0,1.0,4.0,2.25,5.0,4.0,3.625
A,0,4242424742477898,-0.552,1.0,1.0,1.0,1.0,1.0,4.0,2.1085,5.0,6.0,4.875
A,0,4111118108577444,0.0237,1.0,1.0,1.0,1.0,0.0,4.0,2.2806,6.0,6.0,3.5625
A,0,4111115041790910,-0.0245,1.0,1.0,1.0,1.0,0.0,4.0,2.2246,6.0,7.0,2.8125
A,0,4242425683502289,0.0799,1.0,1.0,1.0,1.0,1.0,4.0,2.7272,8.0,5.0,4.125
A,0,4242424347502983,0.1773,1.0,1.0,1.0,1.0,1.0,4.0,2.6494,8.0,5.0,3.9375
A,0,4242422718257492,0.01,1.0,1.0,1.0,1.0,1.0,4.0,2.4056,7.0,6.0,4.0625
A,0,6011002096051727,-0.1176,1.0,1.0,1.0,1.0,5.0,6.0,2.6022,7.0,5.0,2.9375
A,0,4111118630677910,-0.1785,1.0,1.0,1.0,1.0,0.0,4.0,2.6556,8.0,6.0,3.5
A,0,4111119698598584,-0.457,1.0,1.0,1.0,1.0,0.0,4.0,2.43,6.0,5.0,5.0
A,0,4532019921632864,0.152,1.0,1.0,1.0,1.0,2.0,4.0,3.0778,9.0,3.0,4.0625
A,0,4532013188372256,0.0736,1.0,1.0,1.0,1.0,2.0,4.0,3.0306,9.0,3.0,3.75
A,0,4532012715618298,0.0456,1.0,1.0,1.0,1.0,2.0,4.0,3.1556,10.0,3.0,4.0
A,0,4242425690954366,-0.1057,1.0,1.0,1.0,1.0,1.0,4.0,2.6556,7.0,4.0,4.4375
A,0,4111114994217039,-0.3126,1.0,1.0,1.0,1.0,0.0,4.0,2.4363,7.0,6.0,3.5625
A,0,5555554686141205,0.0967,1.0,1.0,1.0,1.0,4.0,5.0,2.3968,7.0,7.0,4.1875
A,0,4111116617471034,-0.1103,1.0,1.0,1.0,1.0,0.0,4.0,2.2246,6.0,7.0,3.0
A,0,4111118700234840,-0.3081,1.0,1.0,1.0,1.0,0.0,4.0,2.555,7.0,5.0,2.8125
A,0,5105104985091753,-0.2438,1.0,1.0,1.0,1.0,3.0,5.0,2.7806,8.0,4.0,3.9375
A,0,5105106628119297,-0.2299,1.0,1.0,1.0,1.0,3.0,5.0,2.875,8.0,4.0,3.9375
A,0,4242421696958493,0.0606,1.0,1.0,1.0,1.0,1.0,4.0,2.7806,8.0,4.0,4.875
A,0,4532015813238919,0.0853,1.0,1.0,1.0,1.0,2.0,4.0,2.9056,8.0,3.0,4.0
A,0,4111113769483230,-0.1843,1.0,1.0,1.0,1.0,0.0,4.0,2.8522,9.0,5.0,3.375
A,0,4111115521680169,-0.2005,1.0,1.0,1.0,1.0,0.0,4.0,2.5218,8.0,7.0,3.25
A,0,4242424801536246,0.2932,1.0,1.0,1.0,1.0,1.0,4.0,2.6494,8.0,5.0,3.5625
A,0,4111111769789796,-0.0147,1.0,1.0,1.0,1.0,0.0,4.0,2.3113,6.0,6.0,4.875
A,0,4111115968764591,0.2058,1.0,1.0,1.0,1.0,0.0,4.0,2.5306,7.0,6.0,4.3125
A,0,5555559395070173,0.2911,1.0,1.0,1.0,1.0,4.0,5.0,2.2718,6.0,7.0,4.625
A,0,4111117437721426,0.3342,1.0,1.0,1.0,1.0,0.0,4.0,2.3113,6.0,6.0,3.25
A,0,4242423176438756,-0.0298,1.0,1.0,1.0,1.0,1.0,4.0,2.8278,8.0,4.0,4.25
A,0,4242425777109058,-0.0395,1.0,1.0,1.0,1.0,1.0,4.0,2.8585,8.0,3.0,4.1875
A,0,4111117503329930,-0.0294,1.0,1.0,1.0,1.0,0.0,4.0,2.7272,8.0,5.0,3.125
A,0,5555557689596630,-0.4377,1.0,1.0,1.0,1.0,4.0,5.0,2.3496,7.0,7.0,5.5625
A,0,4111117109602003,-0.3084,1.0,1.0,1.0,1.0,0.0,4.0,2.5306,8.0,6.0,2.3125
A,0,5105108131624565,-0.2764,1.0,1.0,1.0,1.0,3.0,5.0,2.75,8.0,4.0,3.3125
A,0,4111112607571693,-0.3333,1.0,1.0,1.0,1.0,0.0,4.0,2.7806,9.0,6.0,3.4375
A,0,4111115656728114,-0.0395,1.0,1.0,1.0,1.0,0.0,4.0,2.3968,7.0,7.0,3.375
A,0,4111116500266434,-0.3081,1.0,1.0,1.0,1.0,0.0,4.0,2.555,7.0,5.0,2.8125
A,0,4111112697217454,0.1525,1.0,1.0,1.0,1.0,0.0,4.0,2.4835,7.0,6.0,3.5
A,0,4111117838583946,-0.0319,1.0,1.0,1.0,1.0,0.0,4.0,2.7272,8.0,5.0,4.375
A,0,4111114945091418,0.2725,1.0,1.0,1.0,1.0,0.0,4.0,2.1468,6.0,7.0,3.375
A,0,4532010302066517,-0.0047,1.0,1.0,1.0,1.0,2.0,4.0,2.875,8.0,4.0,2.8125
A,0,5105106934764497,-0.4185,1.0,1.0,1.0,1.0,3.0,5.0,2.9528,8.0,3.0,4.4375
A,0,6011004369430604,-0.4982,1.0,1.0,1.0,1.0,5.0,6.0,2.43,6.0,5.0,2.9375
A,0,4111119364799599,-0.6288,1.0,1.0,1.0,1.0,0.0,4.0,2.4238,7.0,5.0,4.9375
A,0,6011003127485322,0.0038,1.0,1.0,1.0,1.0,5.0,6.0,2.9835,9.0,3.0,2.8125
A,0,4111113499807377,0.3974,1.0,1.0,1.0,1.0,0.0,4.0,2.6022,7.0,5.0,4.125
A,0,4111112116571358,-0.6104,1.0,1.0,1.0,1.0,0.0,4.0,2.375,8.0,8.0,3.0
A,0,4111116334291384,0.0124,1.0,1.0,1.0,1.0,0.0,4.0,2.4363,7.0,6.0,3.25
A,0,5105105358708006,0.0863,1.0,1.0,1.0,1.0,3.0,5.0,2.5244,7.0,5.0,3.375
A,0,4242428619471462,0.0539,1.0,1.0,1.0,1.0,1.0,4.0,2.5244,7.0,5.0,4.125
A,0,4242427835885687,-0.4927,1.0,1.0,1.0,1.0,1.0,4.0,2.6556,7.0,4.0,5.1875
A,0,4111112263203375,-0.743,1.0,1.0,1.0,1.0,0.0,4.0,2.68,8.0,5.0,2.625
A,0,4242425531349065,-0.1092,1.0,1.0,1.0,1.0,1.0,4.0,2.7806,8.0,4.0,3.6875
A,0,5555557808627951,-0.3912,1.0,1.0,1.0,1.0,4.0,5.0,2.5218,8.0,7.0,5.1875
A,0,5105102784671254,0.0368,1.0,1.0,1.0,1.0,3.0,5.0,2.9056,8.0,3.0,3.625
A,0,4242424598286872,0.305,1.0,1.0,1.0,1.0,1.0,4.0,2.4772,7.0,5.0,4.8125
A,0,4111117629863275,0.4728,1.0,1.0,1.0,1.0,0.0,4.0,2.8994,9.0,5.0,4.0
A,0,5555555471963166,-0.3702,1.0,1.0,1.0,1.0,4.0,5.0,2.3496,7.0,7.0,4.875
A,0,4111117227140449,-0.0269,1.0,1.0,1.0,1.0,0.0,4.0,2.2806,6.0,6.0,3.0625
A,0,4242422115481877,0.0992,1.0,1.0,1.0,1.0,1.0,4.0,2.4528,6.0,4.0,3.875
A,0,5105101058297127,-0.111,1.0,1.0,1.0,1.0,3.0,5.0,2.6556,7.0,4.0,3.375
A,0,5555557910369484,-0.1204,1.0,1.0,1.0,1.0,4.0,5.0,2.7806,9.0,6.0,5.0625
A,0,5105105257170464,-0.0935,1.0,1.0,1.0,1.0,3.0,5.0,2.6556,7.0,4.0,3.3125
A,0,4242428937925959,-0.2959,1.0,1.0,1.0,1.0,1.0,4.0,2.5778,7.0,4.0,5.25
A,0,4111116211433406,-0.0954,1.0,1.0,1.0,1.0,0.0,4.0,2.2246,6.0,7.0,2.4375
A,0,4532013528135173,-0.3265,1.0,1.0,1.0,1.0,2.0,4.0,2.7806,8.0,4.0,3.3125
A,0,4242425208837426,0.1773,1.0,1.0,1.0,1.0,1.0,4.0,2.6494,8.0,5.0,3.9375
A,0,4111116457709600,0.0986,1.0,1.0,1.0,1.0,0.0,4.0,2.6022,7.0,5.0,3.3125
A,0,4111114782862319,-0.1776,1.0,1.0,1.0,1.0,0.0,4.0,2.6556,8.0,6.0,3.6875
A,0,4111114201347470,0.2377,1.0,1.0,1.0,1.0,0.0,4.0,2.2806,6.0,6.0,2.5625
A,0,4111112480998815,0.3146,1.0,1.0,1.0,1.0,0.0,4.0,2.4835,7.0,6.0,3.9375
A,0,4242425709500309,0.0911,1.0,1.0,1.0,1.0,1.0,4.0,2.6556,7.0,4.0,3.5
A,0,4532016210689803,0.2232,1.0,1.0,1.0,1.0,2.0,4.0,3.0778,9.0,3.0,3.625
A,0,5555552902972361,0.3415,1.0,1.0,1.0,1.0,4.0,5.0,2.6085,8.0,6.0,4.4375
A,0,4242429451995865,-0.4068,1.0,1.0,1.0,1.0,1.0,4.0,2.6085,7.0,4.0,4.9375
A,0,4111112559029914,-0.0215,1.0,1.0,1.0,1.0,0.0,4.0,2.3585,6.0,6.0,3.4375
A,0,4242428917481866,0.1526,1.0,1.0,1.0,1.0,1.0,4.0,2.6556,7.0,4.0,4.75
A,0,4111118403960352,0.0205,1.0,1.0,1.0,1.0,0.0,4.0,2.8994,9.0,5.0,3.0625
A,0,6011009953401283,0.3249,1.0,1.0,1.0,1.0,5.0,6.0,2.9528,9.0,4.0,3.25
A,0,5555552111746895,0.2454,1.0,1.0,1.0,1.0,4.0,5.0,2.4746,8.0,7.0,4.625
A,0,4111117155889066,0.2166,1.0,1.0,1.0,1.0,0.0,4.0,2.6556,8.0,6.0,4.0
A,0,4242425254316150,-0.141,1.0,1.0,1.0,1.0,1.0,4.0,2.5778,7.0,4.0,3.125
A,0,4111111008703020,-0.269,1.0,1.0,1.0,1.0,0.0,4.0,2.305,7.0,6.0,1.875
A,0,5105104080559134,-0.1703,1.0,1.0,1.0,1.0,3.0,5.0,2.5778,7.0,4.0,3.1875
A,0,4111114981408518,-0.1219,1.0,1.0,1.0,1.0,0.0,4.0,2.1774,6.0,7.0,3.5625
A,0,5555558702687463,-0.9664,1.0,1.0,1.0,1.0,4.0,5.0,2.6556,8.0,6.0,5.0625
A,0,4242420599170008,0.0411,1.0,1.0,1.0,1.0,1.0,4.0,2.7806,8.0,4.0,3.5625
A,0,4111114520369569,0.2394,1.0,1.0,1.0,1.0,0.0,4.0,2.7744,8.0,5.0,3.625
A,0,4111114892673366,0.018,1.0,1.0,1.0,1.0,0.0,4.0,2.7272,8.0,5.0,3.9375
A,0,4111110520448684,0.0261,1.0,1.0,1.0,1.0,0.0,4.0,2.5244,7.0,5.0,3.125
A,0,5555558434065335,-0.0075,1.0,1.0,1.0,1.0,4.0,5.0,2.0778,6.0,8.0,4.4375
A,0,6011001037152677,-0.443,1.0,1.0,1.0,1.0,5.0,6.0,2.5778,7.0,4.0,2.9375
A,0,4111118693401372,-0.1361,1.0,1.0,1.0,1.0,0.0,4.0,2.7806,9.0,6.0,3.25
A,0,4111119133509162,-0.4827,1.0,1.0,1.0,1.0,0.0,4.0,2.5218,8.0,7.0,3.0
A,0,4242423290733975,0.1252,1.0,1.0,1.0,1.0,1.0,4.0,2.6556,7.0,4.0,4.125
A,0,4111111981496642,-0.0971,1.0,1.0,1.0,1.0,0.0,4.0,2.2246,6.0,7.0,3.6875
A,0,4242424307051120,-0.4719,1.0,1.0,1.0,1.0,1.0,4.0,2.5778,7.0,4.0,2.5625
A,0,4242429903205723,0.3906,1.0,1.0,1.0,1.0,1.0,4.0,2.6022,7.0,5.0,3.625
A,0,4242423433236019,0.0505,1.0,1.0,1.0,1.0,1.0,4.0,2.5,7.0,4.0,3.25
A,0,4242426582198153,0.0961,1.0,1.0,1.0,1.0,1.0,4.0,2.8278,8.0,4.0,4.125
A,0,5105102907812967,-0.3219,1.0,1.0,1.0,1.0,3.0,5.0,2.9056,8.0,3.0,3.9375
A,0,4111115388498812,0.1586,1.0,1.0,1.0,1.0,0.0,4.0,2.4056,7.0,6.0,4.0625
A,0,4111111753922205,-0.1026,1.0,1.0,1.0,1.0,0.0,4.0,2.6085,8.0,6.0,2.8125
A,0,4111116447200587,-0.0294,1.0,1.0,1.0,1.0,0.0,4.0,2.7272,8.0,5.0,3.25
A,0,4242423339663613,-0.4053,1.0,1.0,1.0,1.0,1.0,4.0,2.3829,6.0,5.0,3.8125
A,0,4532010441699830,0.06,1.0,1.0,1.0,1.0,2.0,4.0,3.0306,9.0,3.0,3.6875
A,0,4111116659424693,-0.0805,1.0,1.0,1.0,1.0,0.0,4.0,2.555,7.0,5.0,3.9375
A,0,4532018425197465,0.041,1.0,1.0,1.0,1.0,2.0,4.0,3.1556,10.0,3.0,4.125
A,0,5555557955707358,-1.8069,1.0,1.0,1.0,1.0,4.0,5.0,1.9197,6.0,9.0,5.375
A,0,5555555005635637,-1.406,1.0,1.0,1.0,1.0,4.0,5.0,1.8419,5.0,9.0,4.375
A,0,6011009305637378,-0.2929,1.0,1.0,1.0,1.0,5.0,6.0,2.8278,8.0,4.0,3.6875
A,0,4242425371875484,-0.012,1.0,1.0,1.0,1.0,1.0,4.0,2.6022,7.0,5.0,4.375
A,0,4532017560606025,-0.1692,1.0,1.0,1.0,1.0,2.0,4.0,2.7806,8.0,4.0,3.25
A,0,5555559430988264,-1.0079,1.0,1.0,1.0,1.0,4.0,5.0,2.6556,8.0,6.0,5.1875
A,0,4111112035611905,-0.1696,1.0,1.0,1.0,1.0,0.0,4.0,2.5218,8.0,7.0,2.5625
A,0,6011006203934576,-0.0374,1.0,1.0,1.0,1.0,5.0,6.0,2.9528,9.0,4.0,3.3125
A,0,4111118040057166,0.1862,1.0,1.0,1.0,1.0,0.0,4.0,2.4835,7.0,6.0,2.875
A,0,4242426624400807,0.078,1.0,1.0,1.0,1.0,1.0,4.0,2.3522,6.0,5.0,3.4375
A,0,6011008835342871,0.36,1.0,1.0,1.0,1.0,5.0,6.0,2.9835,9.0,3.0,3.5625
A,0,4111113393087225,0.1616,1.0,1.0,1.0,1.0,0.0,4.0,2.8522,9.0,5.0,3.1875
A,0,4111119915072637,0.088,1.0,1.0,1.0,1.0,0.0,4.0,2.7806,9.0,6.0,3.625
A,0,4242424082759954,-0.0495,1.0,1.0,1.0,1.0,1.0,4.0,2.5244,7.0,5.0,4.4375
A,0,4111119585128255,0.0485,1.0,1.0,1.0,1.0,0.0,4.0,2.2806,6.0,6.0,3.6875
A,0,4242429498102020,0.0775,1.0,1.0,1.0,1.0,1.0,4.0,2.3522,6.0,5.0,3.3125
A,0,4242423009908280,0.1582,1.0,1.0,1.0,1.0,1.0,4.0,2.4528,6.0,4.0,3.5625
A,0,5555551499339877,0.6418,1.0,1.0,1.0,1.0,4.0,5.0,2.4835,7.0,6.0,5.625
A,0,4242421742696725,-0.0279,1.0,1.0,1.0,1.0,1.0,4.0,2.5244,7.0,5.0,4.1875
A,0,4242426076009320,-0.0933,1.0,1.0,1.0,1.0,1.0,4.0,2.5778,7.0,4.0,3.1875
A,0,6011005140705123,-0.0694,1.0,1.0,1.0,1.0,5.0,6.0,2.6494,8.0,5.0,2.25
A,0,4111110002548266,-0.1456,1.0,1.0,1.0,1.0,0.0,4.0,2.6022,7.0,5.0,2.625
A,0,5105106710946268,-0.4067,1.0,1.0,1.0,1.0,3.0,5.0,2.9835,9.0,3.0,3.8125
A,0,4111115936440613,0.216,1.0,1.0,1.0,1.0,0.0,4.0,2.4835,7.0,6.0,3.125
A,0,4111116168397513,0.0682,1.0,1.0,1.0,1.0,0.0,4.0,2.5218,8.0,7.0,3.625
A,0,4111115884368899,0.4361,1.0,1.0,1.0,1.0,0.0,4.0,2.5244,7.0,5.0,4.8125
A,0,4532019630625514,0.0804,1.0,1.0,1.0,1.0,2.0,4.0,2.9528,8.0,3.0,3.5
A,0,4111117047833736,-0.1985,1.0,1.0,1.0,1.0,0.0,4.0,2.555,7.0,5.0,3.5625
A,0,4111112880281150,0.0927,1.0,1.0,1.0,1.0,0.0,4.0,2.2246,6.0,7.0,2.75
A,0,4532018936408740,0.0456,1.0,1.0,1.0,1.0,2.0,4.0,3.1556,10.0,3.0,4.0
A,0,4242424471072530,0.0231,1.0,1.0,1.0,1.0,1.0,4.0,2.5244,7.0,5.0,3.1875
A,0,4532012176231375,-0.0946,1.0,1.0,1.0,1.0,2.0,4.0,2.8585,8.0,3.0,3.25
A,0,4532015989684888,-0.813,1.0,1.0,1.0,1.0,2.0,4.0,2.8994,9.0,5.0,5.5
A,0,6011004583103219,0.3601,1.0,1.0,1.0,1.0,5.0,6.0,2.875,9.0,4.0,2.75
A,0,5105109506082413,0.1383,1.0,1.0,1.0,1.0,3.0,5.0,2.9056,9.0,4.0,3.125
A,0,4111111435088797,-0.1066,1.0,1.0,1.0,1.0,0.0,4.0,2.6556,8.0,6.0,3.8125
A,0,4242425844454313,-0.049,1.0,1.0,1.0,1.0,1.0,4.0,2.2246,6.0,7.0,3.6875
A,0,4111112412245699,0.2024,1.0,1.0,1.0,1.0,0.0,4.0,2.3113,6.0,6.0,3.3125
A,0,4111110200500812,-0.8499,1.0,1.0,1.0,1.0,0.0,4.0,2.18,6.0,6.0,1.6875
A,0,4111117935321885,0.1125,1.0,1.0,1.0,1.0,0.0,4.0,2.6556,8.0,6.0,3.75
A,0,4111117891447062,0.1428,1.0,1.0,1.0,1.0,0.0,4.0,2.6085,8.0,6.0,3.5625
A,0,4242429837845750,-0.0547,1.0,1.0,1.0,1.0,1.0,4.0,2.8278,8.0,4.0,4.625
A,0,4111110060737231,0.2998,1.0,1.0,1.0,1.0,0.0,4.0,2.4835,7.0,6.0,2.375
A,0,4111110956693316,0.0948,1.0,1.0,1.0,1.0,0.0,4.0,2.4835,7.0,6.0,3.5625
A,0,4111115147751204,-0.0245,1.0,1.0,1.0,1.0,0.0,4.0,2.2246,6.0,7.0,2.8125
A,0,4242425312984346,0.1773,1.0,1.0,1.0,1.0,1.0,4.0,2.6494,8.0,5.0,3.9375
A,0,4111118844554145,-0.2354,1.0,1.0,1.0,1.0,0.0,4.0,1.8829,4.0,6.0,3.5625
A,0,4111117761546290,-0.1785,1.0,1.0,1.0,1.0,0.0,4.0,2.6556,8.0,6.0,3.5
A,0,5105100654074690,0.0513,1.0,1.0,1.0,1.0,3.0,5.0,2.6022,7.0,5.0,3.3125
A,0,4242425299622141,0.0966,1.0,1.0,1.0,1.0,1.0,4.0,2.2806,6.0,6.0,3.6875
A,0,4532014404054009,-0.3501,1.0,1.0,1.0,1.0,2.0,4.0,2.4238,7.0,5.0,2.8125
A,0,4111116694455041,0.1387,1.0,1.0,1.0,1.0,0.0,4.0,2.2806,6.0,6.0,3.3125
A,0,5555558721535917,-0.0437,1.0,1.0,1.0,1.0,4.0,5.0,2.25,7.0,8.0,4.875
A,0,4111112645634743,-0.0581,1.0,1.0,1.0,1.0,0.0,4.0,2.5244,7.0,5.0,3.3125
A,0,4532013574808632,0.0331,1.0,1.0,1.0,1.0,2.0,4.0,3.0778,9.0,3.0,3.8125
A,0,4111116703768566,0.2507,1.0,1.0,1.0,1.0,0.0,4.0,2.6494,8.0,5.0,3.9375
A,0,5555556043065647,0.2315,1.0,1.0,1.0,1.0,4.0,5.0,2.2246,6.0,7.0,4.4375
A,0,4242420553170044,-0.3245,1.0,1.0,1.0,1.0,1.0,4.0,2.555,7.0,5.0,2.9375
A,0,4242423105957512,-0.0199,1.0,1.0,1.0,1.0,1.0,4.0,2.7806,8.0,4.0,3.5
A,0,4532014160329702,-0.0627,1.0,1.0,1.0,1.0,2.0,4.0,3.0306,9.0,3.0,3.0625
A,0,5555552237753155,-1.406,1.0,1.0,1.0,1.0,4.0,5.0,1.8419,5.0,9.0,4.375
A,0,5555556371210013,0.2801,1.0,1.0,1.0,1.0,4.0,5.0,2.4835,7.0,6.0,3.375
A,0,4111118440994315,-0.0886,1.0,1.0,1.0,1.0,0.0,4.0,2.4056,7.0,6.0,3.5
A,0,4532013031986039,0.3039,1.0,1.0,1.0,1.0,2.0,4.0,2.9528,9.0,4.0,3.5625
A,0,4532015365372256,-0.1351,1.0,1.0,1.0,1.0,2.0,4.0,2.7806,8.0,4.0,3.6875
A,0,4242424308507039,0.0411,1.0,1.0,1.0,1.0,1.0,4.0,2.7806,8.0,4.0,3.5625
A,0,4111113303886781,-0.255,1.0,1.0,1.0,1.0,0.0,4.0,2.4363,7.0,6.0,3.5
A,0,5555555900824377,0.4557,1.0,1.0,1.0,1.0,4.0,5.0,2.5218,8.0,7.0,4.6875
A,0,4111119243721491,0.198,1.0,1.0,1.0,1.0,0.0,4.0,2.2246,6.0,7.0,3.1875
A,0,4242420723490421,-0.1159,1.0,1.0,1.0,1.0,1.0,4.0,2.4238,7.0,5.0,3.125
A,0,4111117391175171,0.3559,1.0,1.0,1.0,1.0,0.0,4.0,1.9197,6.0,9.0,3.1875
A,0,4242422216813671,-0.1927,1.0,1.0,1.0,1.0,1.0,4.0,2.555,7.0,5.0,3.4375
A,0,4242421140333350,-0.7905,1.0,1.0,1.0,1.0,1.0,4.0,2.4528,6.0,4.0,2.5625
A,0,5105102822135387,-0.1053,1.0,1.0,1.0,1.0,3.0,5.0,2.7335,7.0,3.0,3.3125
A,0,4532012201617622,0.2254,1.0,1.0,1.0,1.0,2.0,4.0,2.7272,8.0,5.0,2.75
A,0,4111117318152741,0.0583,1.0,1.0,1.0,1.0,0.0,4.0,2.25,7.0,8.0,3.0
A,0,4111113086586541,-0.0063,1.0,1.0,1.0,1.0,0.0,4.0,2.5306,7.0,6.0,3.4375
A,0,4242428143886870,0.0001,1.0,1.0,1.0,1.0,1.0,4.0,2.7028,8.0,4.0,4.4375
A,0,4111118887437711,-0.0366,1.0,1.0,1.0,1.0,0.0,4.0,2.0524,5.0,7.0,3.9375
A,0,4242427166333778,-0.205,1.0,1.0,1.0,1.0,1.0,4.0,2.6863,7.0,3.0,4.3125
A,0,4111113277822283,-0.0557,1.0,1.0,1.0,1.0,0.0,4.0,2.3994,6.0,5.0,3.3125
A,0,5555554643131976,0.3739,1.0,1.0,1.0,1.0,4.0,5.0,2.5306,7.0,6.0,4.625
A,0,4111113265937671,0.0295,1.0,1.0,1.0,1.0,0.0,4.0,2.6556,8.0,6.0,3.625
A,0,5105101263168105,-0.4606,1.0,1.0,1.0,1.0,3.0,5.0,2.555,7.0,5.0,2.8125
A,0,4111114030647843,-0.2042,1.0,1.0,1.0,1.0,0.0,4.0,2.5244,7.0,5.0,3.0
A,0,4111115128476649,0.1537,1.0,1.0,1.0,1.0,0.0,4.0,2.6085,8.0,6.0,3.8125
A,0,4242425640070529,-0.0497,1.0,1.0,1.0,1.0,1.0,4.0,2.5778,7.0,4.0,3.5
A,0,6011008675716960,-0.3192,1.0,1.0,1.0,1.0,5.0,6.0,2.5778,7.0,4.0,3.9375
A,0,4111118783855842,0.1477,1.0,1.0,1.0,1.0,0.0,4.0,2.5244,7.0,5.0,4.1875
A,0,4111112924613004,0.2248,1.0,1.0,1.0,1.0,0.0,4.0,2.4835,7.0,6.0,2.5
A,0,5105108339160461,-0.3744,1.0,1.0,1.0,1.0,3.0,5.0,2.8278,8.0,4.0,3.3125
A,0,4111118520221092,0.1688,1.0,1.0,1.0,1.0,0.0,4.0,2.4056,7.0,6.0,2.5
A,0,5105107103045866,-0.26,1.0,1.0,1.0,1.0,3.0,5.0,2.7806,8.0,4.0,3.25
A,0,4111113586105321,-0.1692,1.0,1.0,1.0,1.0,0.0,4.0,2.5218,8.0,7.0,2.6875
A,0,4111110263406576,-0.1802,1.0,1.0,1.0,1.0,0.0,4.0,2.7272,8.0,5.0,3.0
A,0,5555554292948092,-0.3052,1.0,1.0,1.0,1.0,4.0,5.0,2.3113,6.0,6.0,4.9375
A,0,6011005422278203,0.3132,1.0,1.0,1.0,1.0,5.0,6.0,2.875,9.0,4.0,2.6875
A,0,4242422993562780,0.0004,1.0,1.0,1.0,1.0,1.0,4.0,2.8522,9.0,5.0,4.3125
A,0,4111112653008848,-0.2271,1.0,1.0,1.0,1.0,0.0,4.0,2.7272,8.0,5.0,3.3125
A,0,5105109837289141,-0.309,1.0,1.0,1.0,1.0,3.0,5.0,3.0,9.0,4.0,4.0
A,0,4242426726846014,-0.0685,1.0,1.0,1.0,1.0,1.0,4.0,2.4772,7.0,5.0,3.875
A,0,4532012228460139,-0.0033,1.0,1.0,1.0,1.0,2.0,4.0,3.0,9.0,4.0,3.25
A,0,4111110404476421,-0.0745,1.0,1.0,1.0,1.0,0.0,4.0,2.18,6.0,6.0,2.5625
A,0,5105104085346974,-0.3049,1.0,1.0,1.0,1.0,3.0,5.0,2.9835,9.0,3.0,3.875
A,0,4242420073207607,0.0563,1.0,1.0,1.0,1.0,1.0,4.0,2.4056,6.0,4.0,3.125
A,0,4111118681800783,0.0856,1.0,1.0,1.0,1.0,0.0,4.0,2.4056,7.0,6.0,3.625
A,0,6011004762724918,0.2193,1.0,1.0,1.0,1.0,5.0,6.0,2.9056,8.0,3.0,3.625
A,0,4532013826097281,-0.1539,1.0,1.0,1.0,1.0,2.0,4.0,3.2028,10.0,3.0,3.8125
A,0,4111110485147842,0.1006,1.0,1.0,1.0,1.0,0.0,4.0,2.4056,7.0,6.0,3.25
A,0,4111115469161263,0.2325,1.0,1.0,1.0,1.0,0.0,4.0,2.3496,7.0,7.0,3.25
A,0,4532014095918702,0.2522,1.0,1.0,1.0,1.0,2.0,4.0,3.0778,9.0,3.0,3.75
A,0,5105100571503136,-0.038,1.0,1.0,1.0,1.0,3.0,5.0,2.375,6.0,4.0,2.6875
A,0,4111118256386598,-0.0896,1.0,1.0,1.0,1.0,0.0,4.0,2.7272,8.0,5.0,4.3125
A,0,4532010841490103,0.0346,1.0,1.0,1.0,1.0,2.0,4.0,2.7806,8.0,4.0,2.8125
A,0,4242424854389345,0.0421,1.0,1.0,1.0,1.0,1.0,4.0,2.3585,6.0,6.0,4.4375
A,0,5555550357643016,0.2042,1.0,1.0,1.0,1.0,4.0,5.0,2.3968,7.0,7.0,4.0625
A,0,4111119344224064,-0.1625,1.0,1.0,1.0,1.0,0.0,4.0,2.4238,7.0,5.0,2.9375
A,0,4242422624675050,-0.0653,1.0,1.0,1.0,1.0,1.0,4.0,2.3994,6.0,5.0,3.4375
A,0,4242422268301344,-0.0683,1.0,1.0,1.0,1.0,1.0,4.0,2.4238,7.0,5.0,3.1875
A,0,4532013066998750,0.1643,1.0,1.0,1.0,1.0,2.0,4.0,3.2028,10.0,3.0,4.25
A,0,4111117880087408,0.4554,1.0,1.0,1.0,1.0,0.0,4.0,2.2272,5.0,5.0,3.6875
A,0,4111119654777412,-0.2448,1.0,1.0,1.0,1.0,0.0,4.0,2.4363,7.0,6.0,3.8125
A,0,4242424662952912,0.1429,1.0,1.0,1.0,1.0,1.0,4.0,2.2806,6.0,6.0,4.0
A,0,4111114936811543,0.0276,1.0,1.0,1.0,1.0,0.0,4.0,2.3496,7.0,7.0,3.3125
A,0,4242427626781285,-0.012,1.0,1.0,1.0,1.0,1.0,4.0,2.6022,7.0,5.0,4.375
A,0,5105106317245296,-0.1954,1.0,1.0,1.0,1.0,3.0,5.0,3.0306,9.0,3.0,3.5625
A,0,4111111592071859,-0.1397,1.0,1.0,1.0,1.0,0.0,4.0,2.5218,8.0,7.0,3.5
A,0,4111119749606923,0.1943,1.0,1.0,1.0,1.0,0.0,4.0,2.7272,8.0,5.0,4.0
A,0,5105107049891878,-0.2366,1.0,1.0,1.0,1.0,3.0,5.0,2.7335,7.0,3.0,4.5625
A,0,4242429018706318,-0.1455,1.0,1.0,1.0,1.0,1.0,4.0,3.0306,9.0,3.0,3.8125
A,0,4111116674367026,-0.016,1.0,1.0,1.0,1.0,0.0,4.0,2.5244,7.0,5.0,3.5
A,0,4532014709008874,0.1041,1.0,1.0,1.0,1.0,2.0,4.0,2.9528,9.0,4.0,3.875
A,0,4242425096570022,-0.1745,1.0,1.0,1.0,1.0,1.0,4.0,2.555,7.0,5.0,3.375
A,0,4242425633794317,0.0604,1.0,1.0,1.0,1.0,1.0,4.0,2.7806,8.0,4.0,4.125
A,0,4242424161565017,-0.0739,1.0,1.0,1.0,1.0,1.0,4.0,2.6556,7.0,4.0,3.375
A,0,4532015237074155,-0.0277,1.0,1.0,1.0,1.0,2.0,4.0,2.75,7.0,4.0,3.375
A,0,4111111289499330,0.0948,1.0,1.0,1.0,1.0,0.0,4.0,2.4835,7.0,6.0,3.5625
A,0,4242423354752432,-0.0749,1.0,1.0,1.0,1.0,1.0,4.0,2.1266,5.0,5.0,3.5
A,0,4111116646402182,0.0778,1.0,1.0,1.0,1.0,0.0,4.0,2.3113,6.0,6.0,3.0
A,0,5105108983114145,0.195,1.0,1.0,1.0,1.0,3.0,5.0,2.6022,7.0,5.0,3.5
A,0,5105102072102905,-0.3944,1.0,1.0,1.0,1.0,3.0,5.0,2.3829,6.0,5.0,2.5
A,0,4111116042520868,0.335,1.0,1.0,1.0,1.0,0.0,4.0,2.6494,7.0,5.0,3.125
A,0,4111113443448500,0.119,1.0,1.0,1.0,1.0,0.0,4.0,2.2988,6.0,5.0,2.75
A,0,4111118071283582,-0.2068,1.0,1.0,1.0,1.0,0.0,4.0,2.6085,8.0,6.0,3.3125
A,0,4242420377912951,-0.0391,1.0,1.0,1.0,1.0,1.0,4.0,2.8278,8.0,4.0,3.875
A,0,5105109726539770,-0.2108,1.0,1.0,1.0,1.0,3.0,5.0,2.8585,8.0,3.0,4.1875
A,0,4111113345417215,0.0927,1.0,1.0,1.0,1.0,0.0,4.0,2.2246,6.0,7.0,2.75
A,0,4111119167488705,0.2166,1.0,1.0,1.0,1.0,0.0,4.0,2.6556,8.0,6.0,4.0
A,0,4242420417418738,0.0513,1.0,1.0,1.0,1.0,1.0,4.0,2.6022,7.0,5.0,3.8125
A,0,4242426800583590,-0.0929,1.0,1.0,1.0,1.0,1.0,4.0,2.8585,8.0,3.0,3.875
A,0,5105102223120608,-0.4495,1.0,1.0,1.0,1.0,3.0,5.0,2.5778,7.0,4.0,2.375
A,0,5105100713299353,-0.106,1.0,1.0,1.0,1.0,3.0,5.0,2.6863,7.0,3.0,3.375
A,0,4242429651993439,0.2801,1.0,1.0,1.0,1.0,1.0,4.0,2.5778,7.0,4.0,4.75
A,0,4111115499880080,0.0035,1.0,1.0,1.0,1.0,0.0,4.0,2.43,6.0,5.0,3.75
A,0,4242428968547938,-0.4094,1.0,1.0,1.0,1.0,1.0,4.0,2.7806,8.0,4.0,5.3125
A,0,4111113155210361,-0.4932,1.0,1.0,1.0,1.0,0.0,4.0,2.25,7.0,8.0,2.25
A,0,4242425783815672,-0.1449,1.0,1.0,1.0,1.0,1.0,4.0,2.8278,8.0,4.0,4.375
A,0,4242427027406086,0.3917,1.0,1.0,1.0,1.0,1.0,4.0,2.4528,6.0,4.0,3.625
A,0,5555559538762322,0.4122,1.0,1.0,1.0,1.0,4.0,5.0,2.3496,7.0,7.0,4.8125
A,0,4242420969422963,-0.2386,1.0,1.0,1.0,1.0,1.0,4.0,2.3522,6.0,5.0,4.25
A,0,4111112571194704,-0.117,1.0,1.0,1.0,1.0,0.0,4.0,2.3496,7.0,7.0,3.0625
A,0,4111111295980406,-0.3649,1.0,1.0,1.0,1.0,0.0,4.0,2.6556,8.0,6.0,3.3125
A,0,5105100876386021,-0.3744,1.0,1.0,1.0,1.0,3.0,5.0,2.8278,8.0,4.0,3.3125
A,0,6011008897827199,-0.15,1.0,1.0,1.0,1.0,5.0,6.0,2.6863,7.0,3.0,4.75
A,0,4242423666535988,0.4902,1.0,1.0,1.0,1.0,1.0,4.0,2.7335,7.0,3.0,4.8125
A,0,5105100033732729,-0.1909,1.0,1.0,1.0,1.0,3.0,5.0,2.7028,7.0,4.0,3.0
A,0,4111112570471822,0.1622,1.0,1.0,1.0,1.0,0.0,4.0,2.4835,7.0,6.0,2.9375
A,0,4111114771526982,0.1125,1.0,1.0,1.0,1.0,0.0,4.0,2.6556,8.0,6.0,3.75
A,0,4111110126930804,-0.1294,1.0,1.0,1.0,1.0,0.0,4.0,2.6085,8.0,6.0,2.625
A,0,5555557967151801,0.3797,1.0,1.0,1.0,1.0,4.0,5.0,2.3496,7.0,7.0,4.6875
A,0,4532018432829159,0.1066,1.0,1.0,1.0,1.0,2.0,4.0,2.9528,8.0,3.0,4.125
A,0,4111118387956780,0.3144,1.0,1.0,1.0,1.0,0.0,4.0,2.8522,9.0,5.0,4.375
A,0,4242420731653937,0.0899,1.0,1.0,1.0,1.0,1.0,4.0,2.9835,9.0,3.0,3.875
A,0,5555552819085869,-0.101,1.0,1.0,1.0,1.0,4.0,5.0,2.3496,7.0,7.0,5.375
A,0,5555550226629808,0.0521,1.0,1.0,1.0,1.0,4.0,5.0,2.3585,6.0,6.0,4.5625
A,0,4532014768596512,0.1643,1.0,1.0,1.0,1.0,2.0,4.0,3.2028,10.0,3.0,4.25
A,0,4111110289587185,0.2284,1.0,1.0,1.0,1.0,0.0,4.0,2.6085,8.0,6.0,3.875
A,0,5105100171588131,0.358,1.0,1.0,1.0,1.0,3.0,5.0,2.3113,6.0,6.0,2.9375
A,0,5555558723461864,-0.2967,1.0,1.0,1.0,1.0,4.0,5.0,2.6556,8.0,6.0,4.9375
A,0,4532013675485603,-0.0437,1.0,1.0,1.0,1.0,2.0,4.0,3.0306,9.0,3.0,3.875
A,0,4111116166112617,-1.4951,1.0,1.0,1.0,1.0,0.0,4.0,1.7169,5.0,9.0,2.875
A,0,4111115791027224,-0.0142,1.0,1.0,1.0,1.0,0.0,4.0,2.4835,7.0,6.0,3.0
A,0,4242421230596668,0.259,1.0,1.0,1.0,1.0,1.0,4.0,2.9056,9.0,4.0,4.0
A,0,5555556622271442,0.0494,1.0,1.0,1.0,1.0,4.0,5.0,2.2806,6.0,6.0,4.125
A,0,4532014177092749,0.0853,1.0,1.0,1.0,1.0,2.0,4.0,2.9056,8.0,3.0,4.0625
A,0,4111114810538477,0.1525,1.0,1.0,1.0,1.0,0.0,4.0,2.4835,7.0,6.0,3.5
A,0,4111116976491268,0.408,1.0,1.0,1.0,1.0,0.0,4.0,2.4835,7.0,6.0,4.1875
A,0,4242421410269573,0.1174,1.0,1.0,1.0,1.0,1.0,4.0,2.875,9.0,4.0,3.5
A,0,4242427680143372,-0.0356,1.0,1.0,1.0,1.0,1.0,4.0,2.75,8.0,4.0,3.6875
A,0,4111114635354696,0.0035,1.0,1.0,1.0,1.0,0.0,4.0,2.43,6.0,5.0,3.75
A,0,5105101922247845,-0.13,1.0,1.0,1.0,1.0,3.0,5.0,2.8585,8.0,3.0,3.5
A,0,5105108287160562,-0.0261,1.0,1.0,1.0,1.0,3.0,5.0,2.7335,7.0,3.0,3.5625
A,0,4242429408862275,-0.0061,1.0,1.0,1.0,1.0,1.0,4.0,2.6494,8.0,5.0,4.3125
A,0,4111110347680519,-0.1361,1.0,1.0,1.0,1.0,0.0,4.0,2.7806,9.0,6.0,3.25
A,0,4242429685954654,-0.7355,1.0,1.0,1.0,1.0,1.0,4.0,2.43,6.0,5.0,4.9375
A,0,5555557482937924,0.3921,1.0,1.0,1.0,1.0,4.0,5.0,2.5306,7.0,6.0,5.3125
A,0,4532014424687655,0.3579,1.0,1.0,1.0,1.0,2.0,4.0,2.9528,9.0,4.0,4.125
A,0,4111119886635743,0.1907,1.0,1.0,1.0,1.0,0.0,4.0,2.7744,8.0,5.0,4.25
A,0,4532018118391391,-0.1156,1.0,1.0,1.0,1.0,2.0,4.0,2.7272,8.0,5.0,3.6875
A,0,4242427315236112,-0.5665,1.0,1.0,1.0,1.0,1.0,4.0,2.555,7.0,5.0,3.0625
A,0,4242428410740677,-0.1539,1.0,1.0,1.0,1.0,1.0,4.0,2.555,7.0,5.0,3.875
A,0,4242424819933344,0.0371,1.0,1.0,1.0,1.0,1.0,4.0,2.3113,6.0,6.0,4.125
A,0,6011008605581773,0.2692,1.0,1.0,1.0,1.0,5.0,6.0,2.7028,7.0,4.0,3.625
A,0,5555556878559144,-0.5405,1.0,1.0,1.0,1.0,4.0,5.0,2.25,7.0,8.0,5.4375
A,0,4111111063981024,-0.1692,1.0,1.0,1.0,1.0,0.0,4.0,2.5218,8.0,7.0,2.6875
A,0,4242425851404045,0.2581,1.0,1.0,1.0,1.0,1.0,4.0,2.3113,6.0,6.0,3.375
A,0,4532017567754349,0.1117,1.0,1.0,1.0,1.0,2.0,4.0,2.9835,9.0,3.0,4.5
A,0,4242429226394840,-0.1523,1.0,1.0,1.0,1.0,1.0,4.0,2.4238,7.0,5.0,4.0625
A,0,4111119056464783,0.0025,1.0,1.0,1.0,1.0,0.0,4.0,2.8522,9.0,5.0,3.8125
A,0,4111115176162000,-0.0079,1.0,1.0,1.0,1.0,0.0,4.0,2.3496,7.0,7.0,2.3125
A,0,5105100284230191,-0.6733,1.0,1.0,1.0,1.0,3.0,5.0,2.75,8.0,4.0,2.625
A,0,4111114480079059,-0.1825,1.0,1.0,1.0,1.0,0.0,4.0,2.555,7.0,5.0,3.4375
A,0,5105104924975629,-0.4705,1.0,1.0,1.0,1.0,3.0,5.0,2.9056,8.0,3.0,4.3125
A,0,4111110173764122,0.0478,1.0,1.0,1.0,1.0,0.0,4.0,2.3968,7.0,7.0,2.625
A,0,4242429821300721,-0.0496,1.0,1.0,1.0,1.0,1.0,4.0,2.7272,8.0,5.0,3.1875
A,0,5555554314815634,-0.1128,1.0,1.0,1.0,1.0,4.0,5.0,2.2246,6.0,7.0,4.3125
A,0,4111116284926575,0.1255,1.0,1.0,1.0,1.0,0.0,4.0,2.7744,8.0,5.0,3.9375
A,0,4532010031337304,-0.3153,1.0,1.0,1.0,1.0,2.0,4.0,2.5244,7.0,5.0,2.4375
A,0,4532013250068303,0.1267,1.0,1.0,1.0,1.0,2.0,4.0,2.75,8.0,4.0,2.8125
A,0,4111119811376496,0.0187,1.0,1.0,1.0,1.0,0.0,4.0,2.3968,7.0,7.0,3.9375
A,0,4111114954877525,0.257,1.0,1.0,1.0,1.0,0.0,4.0,2.555,7.0,5.0,4.0625
A,0,4111111616983303,-0.117,1.0,1.0,1.0,1.0,0.0,4.0,2.3496,7.0,7.0,3.0625
A,0,4111113976908698,0.1414,1.0,1.0,1.0,1.0,0.0,4.0,2.7272,8.0,5.0,4.625
A,0,4111113082668095,-0.0062,1.0,1.0,1.0,1.0,0.0,4.0,2.8994,9.0,5.0,3.5
A,0,5105105312110935,-0.167,1.0,1.0,1.0,1.0,3.0,5.0,2.3522,6.0,5.0,2.625
A,0,4111117922991179,0.6828,1.0,1.0,1.0,1.0,0.0,4.0,2.0218,5.0,7.0,4.0625
A,0,4532012081168134,-0.3342,1.0,1.0,1.0,1.0,2.0,4.0,2.875,8.0,4.0,3.0625
A,0,4532011006141705,-0.6556,1.0,1.0,1.0,1.0,2.0,4.0,2.75,8.0,4.0,2.5
A,0,4242429970644317,-0.046,1.0,1.0,1.0,1.0,1.0,4.0,2.7272,8.0,5.0,4.25
A,0,4242422662284534,0.1389,1.0,1.0,1.0,1.0,1.0,4.0,2.18,6.0,6.0,3.75
A,0,5105102441554240,0.1663,1.0,1.0,1.0,1.0,3.0,5.0,2.2806,5.0,4.0,2.6875
A,0,4532010971032030,-0.4522,1.0,1.0,1.0,1.0,2.0,4.0,2.7272,8.0,5.0,2.5
A,0,4111116295281218,0.0276,1.0,1.0,1.0,1.0,0.0,4.0,2.3496,7.0,7.0,3.3125
A,0,6011004856156498,0.4257,1.0,1.0,1.0,1.0,5.0,6.0,2.7335,7.0,3.0,4.0
A,0,4111116071763306,-0.1466,1.0,1.0,1.0,1.0,0.0,4.0,2.3585,6.0,6.0,3.0
A,0,5105106242474987,-0.4232,1.0,1.0,1.0,1.0,3.0,5.0,3.0778,9.0,3.0,4.0625
A,0,4111110312047751,0.122,1.0,1.0,1.0,1.0,0.0,4.0,2.3968,7.0,7.0,2.4375
A,0,5555551978348472,-1.0079,1.0,1.0,1.0,1.0,4.0,5.0,2.6556,8.0,6.0,5.1875
A,0,5555557398916434,-1.1139,1.0,1.0,1.0,1.0,4.0,5.0,2.6556,8.0,6.0,5.25
A,0,4532012447697222,0.1635,1.0,1.0,1.0,1.0,2.0,4.0,2.8522,9.0,5.0,3.75
A,0,4111111424747932,0.2706,1.0,1.0,1.0,1.0,0.0,4.0,2.2806,6.0,6.0,3.25
A,0,4111111504417257,-0.0245,1.0,1.0,1.0,1.0,0.0,4.0,2.2246,6.0,7.0,2.8125
A,0,4242429301516721,-0.2027,1.0,1.0,1.0,1.0,1.0,4.0,2.9056,9.0,4.0,3.3125
A,0,4532011363806114,-0.1662,1.0,1.0,1.0,1.0,2.0,4.0,2.8278,8.0,4.0,3.0
A,0,4242423032104667,0.1946,1.0,1.0,1.0,1.0,1.0,4.0,2.625,7.0,4.0,3.125
A,0,4111110862501058,0.2919,1.0,1.0,1.0,1.0,0.0,4.0,2.4835,7.0,6.0,2.75
A,0,4111115409081191,0.1374,1.0,1.0,1.0,1.0,0.0,4.0,2.125,6.0,8.0,2.9375
A,0,4532017409604462,0.3039,1.0,1.0,1.0,1.0,2.0,4.0,2.9528,9.0,4.0,3.5625
A,0,4242427677425782,-0.7711,1.0,1.0,1.0,1.0,1.0,4.0,2.2744,6.0,5.0,4.5625
A,0,4111110391172033,0.0347,1.0,1.0,1.0,1.0,0.0,4.0,2.3496,7.0,7.0,2.375
A,0,4111116035015272,-0.083,1.0,1.0,1.0,1.0,0.0,4.0,2.6556,8.0,6.0,2.5
A,0,4532014577212004,0.0769,1.0,1.0,1.0,1.0,2.0,4.0,2.7335,7.0,3.0,2.9375
A,0,4242426200715842,-0.0056,1.0,1.0,1.0,1.0,1.0,4.0,2.6494,8.0,5.0,3.3125
A,0,5105103801503918,0.4064,1.0,1.0,1.0,1.0,3.0,5.0,2.4528,6.0,4.0,3.125
A,0,4532019263321027,0.2486,1.0,1.0,1.0,1.0,2.0,4.0,2.9528,9.0,4.0,3.125
A,0,5105107832548727,-0.142,1.0,1.0,1.0,1.0,3.0,5.0,2.9056,8.0,3.0,4.0625
A,0,5105108954595553,0.1091,1.0,1.0,1.0,1.0,3.0,5.0,2.3968,7.0,7.0,4.375
A,0,4242422835955192,-0.018,1.0,1.0,1.0,1.0,1.0,4.0,2.555,7.0,5.0,4.1875
A,0,4111117545964538,0.1595,1.0,1.0,1.0,1.0,0.0,4.0,2.68,8.0,5.0,4.0625
A,0,4111115564109399,0.4097,1.0,1.0,1.0,1.0,0.0,4.0,2.4835,7.0,6.0,3.75
A,0,4532016524675068,0.108,1.0,1.0,1.0,1.0,2.0,4.0,3.0306,9.0,3.0,4.0
A,0,4111114380764438,-0.016,1.0,1.0,1.0,1.0,0.0,4.0,2.5244,7.0,5.0,3.5
A,0,4111118682035108,-0.0728,1.0,1.0,1.0,1.0,0.0,4.0,2.6085,8.0,6.0,3.125
A,0,4111118185750260,-0.1672,1.0,1.0,1.0,1.0,0.0,4.0,2.6556,8.0,6.0,3.1875
A,0,5555556725626294,-0.4492,1.0,1.0,1.0,1.0,4.0,5.0,2.1774,6.0,7.0,4.9375
A,0,4242427355839973,0.4902,1.0,1.0,1.0,1.0,1.0,4.0,2.7335,7.0,3.0,4.8125
A,0,4532015323126679,0.06,1.0,1.0,1.0,1.0,2.0,4.0,3.0306,9.0,3.0,3.6875
A,0,4242429467840386,-0.1819,1.0,1.0,1.0,1.0,1.0,4.0,2.7272,8.0,5.0,4.5625
A,0,4242424090685902,-0.2132,1.0,1.0,1.0,1.0,1.0,4.0,2.5778,7.0,4.0,3.8125
A,0,4111115938730458,0.0508,1.0,1.0,1.0,1.0,0.0,4.0,2.7744,8.0,5.0,3.8125
A,0,4242429591122313,-0.1354,1.0,1.0,1.0,1.0,1.0,4.0,2.43,6.0,5.0,3.375
A,0,4242422049533553,-0.0096,1.0,1.0,1.0,1.0,1.0,4.0,2.4056,6.0,4.0,3.5625
A,0,4111118879041166,-0.1484,1.0,1.0,1.0,1.0,0.0,4.0,2.3968,7.0,7.0,3.6875
A,0,4532011912038037,-0.1639,1.0,1.0,1.0,1.0,2.0,4.0,2.9835,9.0,3.0,3.0625
A,0,4111112356231101,-0.4589,1.0,1.0,1.0,1.0,0.0,4.0,2.25,7.0,8.0,2.0625
A,0,4111117376666582,0.4594,1.0,1.0,1.0,1.0,0.0,4.0,2.6494,8.0,5.0,4.0625
A,0,5105106363726306,-0.111,1.0,1.0,1.0,1.0,3.0,5.0,2.6556,7.0,4.0,3.375
A,0,4111114392209265,-0.0294,1.0,1.0,1.0,1.0,0.0,4.0,2.7272,8.0,5.0,3.1875
A,0,4242426210836349,0.1593,1.0,1.0,1.0,1.0,1.0,4.0,2.75,8.0,4.0,3.75
A,0,4111112484072591,-0.0728,1.0,1.0,1.0,1.0,0.0,4.0,2.6085,8.0,6.0,3.1875
A,0,4111118885664167,0.1041,1.0,1.0,1.0,1.0,0.0,4.0,2.3113,6.0,6.0,4.25
A,0,4111119757406810,-0.1785,1.0,1.0,1.0,1.0,0.0,4.0,2.6556,8.0,6.0,3.5
A,0,6011004068331392,-0.3288,1.0,1.0,1.0,1.0,5.0,6.0,2.7806,8.0,4.0,2.9375
A,0,4111115323873889,0.1595,1.0,1.0,1.0,1.0,0.0,4.0,2.68,8.0,5.0,4.0625
A,0,4111112777200529,-0.0988,1.0,1.0,1.0,1.0,0.0,4.0,2.555,7.0,5.0,3.125
A,0,4242423134244650,0.0238,1.0,1.0,1.0,1.0,1.0,4.0,2.4056,7.0,6.0,3.125
A,0,4111119790511857,-0.1054,1.0,1.0,1.0,1.0,0.0,4.0,2.3968,7.0,7.0,3.8125
A,0,4111111888812859,-0.4616,1.0,1.0,1.0,1.0,0.0,4.0,2.0462,6.0,7.0,4.1875
A,0,4111113832528482,-0.1252,1.0,1.0,1.0,1.0,0.0,4.0,2.43,6.0,5.0,3.375
A,0,4111119316049663,-0.0793,1.0,1.0,1.0,1.0,0.0,4.0,2.3585,6.0,6.0,3.5
A,0,5555553776987667,0.123,1.0,1.0,1.0,1.0,4.0,5.0,2.2335,6.0,6.0,6.0
A,0,6011000519229904,-0.6736,1.0,1.0,1.0,1.0,5.0,6.0,2.555,7.0,5.0,3.0625
A,0,4242421886128956,-0.2583,1.0,1.0,1.0,1.0,1.0,4.0,2.6556,7.0,4.0,4.5
A,0,5105101588853712,-0.0374,1.0,1.0,1.0,1.0,3.0,5.0,2.5778,7.0,4.0,3.75
A,0,4242428085299413,0.0521,1.0,1.0,1.0,1.0,1.0,4.0,2.75,8.0,4.0,4.1875
A,0,4111114867435775,0.257,1.0,1.0,1.0,1.0,0.0,4.0,2.555,7.0,5.0,4.0625
A,0,4111110072529006,-0.2872,1.0,1.0,1.0,1.0,0.0,4.0,2.6494,8.0,5.0,2.5
A,0,5105101098275794,-0.0992,1.0,1.0,1.0,1.0,3.0,5.0,2.8585,8.0,3.0,4.0
A,0,6011009098901627,-0.278,1.0,1.0,1.0,1.0,5.0,6.0,2.555,7.0,5.0,3.6875
A,0,5105100105749155,-0.163,1.0,1.0,1.0,1.0,3.0,5.0,2.2744,6.0,5.0,3.0625
A,0,4532017337410727,0.1433,1.0,1.0,1.0,1.0,2.0,4.0,2.7028,7.0,4.0,3.5
A,0,6011008963917387,-0.1238,1.0,1.0,1.0,1.0,5.0,6.0,2.7806,7.0,3.0,4.3125
A,0,5105104512231898,-0.3495,1.0,1.0,1.0,1.0,3.0,5.0,2.8278,8.0,4.0,3.4375
A,0,4111113821774170,-0.117,1.0,1.0,1.0,1.0,0.0,4.0,2.3496,7.0,7.0,3.0625
A,0,4532018443800306,-0.1692,1.0,1.0,1.0,1.0,2.0,4.0,2.7806,8.0,4.0,3.1875
A,0,4532014851346189,0.108,1.0,1.0,1.0,1.0,2.0,4.0,3.0306,9.0,3.0,4.0
A,0,5105104905020296,-0.3198,1.0,1.0,1.0,1.0,3.0,5.0,2.6022,7.0,5.0,3.0625
A,0,4111117456267921,0.2096,1.0,1.0,1.0,1.0,0.0,4.0,2.5306,7.0,6.0,3.625
A,0,4111113035750461,0.1821,1.0,1.0,1.0,1.0,0.0,4.0,2.5306,7.0,6.0,2.6875
A,0,4242429723934387,-0.044,1.0,1.0,1.0,1.0,1.0,4.0,2.4528,6.0,4.0,4.5625
A,0,5555550925733398,-0.5636,1.0,1.0,1.0,1.0,4.0,5.0,2.3496,7.0,7.0,4.9375
A,0,4532010977381837,0.139,1.0,1.0,1.0,1.0,2.0,4.0,3.0306,9.0,3.0,4.25
A,0,4532012490240417,-0.2773,1.0,1.0,1.0,1.0,2.0,4.0,2.7806,8.0,4.0,3.0
A,0,4111118787172962,0.4727,1.0,1.0,1.0,1.0,0.0,4.0,2.4835,7.0,6.0,4.125
A,0,4111111426829472,-0.1008,1.0,1.0,1.0,1.0,0.0,4.0,2.4363,7.0,6.0,3.375
A,0,4111116372479347,-0.1552,1.0,1.0,1.0,1.0,0.0,4.0,2.555,7.0,5.0,3.8125
A,0,4532014346948060,0.124,1.0,1.0,1.0,1.0,2.0,4.0,2.9528,9.0,4.0,3.6875
A,0,4111113881280514,-0.117,1.0,1.0,1.0,1.0,0.0,4.0,2.3496,7.0,7.0,3.0625
A,0,4111112839628899,-0.0439,1.0,1.0,1.0,1.0,0.0,4.0,2.555,7.0,5.0,4.5625
A,0,4111115176850885,-0.1701,1.0,1.0,1.0,1.0,0.0,4.0,2.4363,7.0,6.0,3.875
A,0,5105104118522419,-0.3198,1.0,1.0,1.0,1.0,3.0,5.0,2.6022,7.0,5.0,3.0625
A,0,4111113699336607,-0.1552,1.0,1.0,1.0,1.0,0.0,4.0,2.555,7.0,5.0,3.8125
A,0,4111113100886687,0.1525,1.0,1.0,1.0,1.0,0.0,4.0,2.4835,7.0,6.0,3.5
A,0,4532013304066477,-0.2953,1.0,1.0,1.0,1.0,2.0,4.0,2.8585,8.0,3.0,3.4375
A,0,4532010745586931,0.168,1.0,1.0,1.0,1.0,2.0,4.0,3.2028,10.0,3.0,3.9375
A,0,4111116160471134,-0.4623,1.0,1.0,1.0,1.0,0.0,4.0,2.0778,6.0,8.0,2.625
A,0,4111116547576225,0.1523,1.0,1.0,1.0,1.0,0.0,4.0,2.4772,6.0,5.0,3.625
A,0,4111119735679975,0.4219,1.0,1.0,1.0,1.0,0.0,4.0,2.555,7.0,5.0,4.75
A,0,4111110421361176,0.1455,1.0,1.0,1.0,1.0,0.0,4.0,2.25,7.0,8.0,2.5
A,0,4242420767102171,0.1279,1.0,1.0,1.0,1.0,1.0,4.0,2.4835,6.0,4.0,3.125
A,0,4111111317149865,-0.5144,1.0,1.0,1.0,1.0,0.0,4.0,2.375,8.0,8.0,3.375
A,0,5555558371151429,0.1929,1.0,1.0,1.0,1.0,4.0,5.0,2.4746,8.0,7.0,4.4375
A,0,4111117455409094,-0.113,1.0,1.0,1.0,1.0,0.0,4.0,2.3994,6.0,5.0,3.5
A,0,4532015267756028,0.0289,1.0,1.0,1.0,1.0,2.0,4.0,3.0306,9.0,3.0,3.9375
A,0,4111116873617544,0.4097,1.0,1.0,1.0,1.0,0.0,4.0,2.4835,7.0,6.0,3.75
A,0,5555556745353853,-1.8761,1.0,1.0,1.0,1.0,4.0,5.0,1.9197,6.0,9.0,4.9375
A,0,4111118049044918,0.1728,1.0,1.0,1.0,1.0,0.0,4.0,2.1556,5.0,6.0,3.5
A,0,5555550392401966,-0.0704,1.0,1.0,1.0,1.0,4.0,5.0,2.6556,8.0,6.0,4.375
A,0,4532017811064024,-0.0449,1.0,1.0,1.0,1.0,2.0,4.0,2.9835,9.0,3.0,3.0
A,0,4242429286062337,0.1245,1.0,1.0,1.0,1.0,1.0,4.0,2.7272,8.0,5.0,4.0
A,0,4111115561671284,-0.0395,1.0,1.0,1.0,1.0,0.0,4.0,2.3968,7.0,7.0,3.375
A,0,5105107718064138,-0.0153,1.0,1.0,1.0,1.0,3.0,5.0,2.8278,8.0,4.0,3.5625
A,0,4111114916681205,-0.2005,1.0,1.0,1.0,1.0,0.0,4.0,2.5218,8.0,7.0,3.1875
A,0,6011000508079773,-0.2179,1.0,1.0,1.0,1.0,5.0,6.0,2.6085,8.0,6.0,3.375
A,0,4242421167767068,0.057,1.0,1.0,1.0,1.0,1.0,4.0,2.6863,7.0,3.0,4.1875
A,0,4111110844286331,-0.0142,1.0,1.0,1.0,1.0,0.0,4.0,2.4835,7.0,6.0,3.0
A,0,4111116552459028,-0.2266,1.0,1.0,1.0,1.0,0.0,4.0,2.7272,8.0,5.0,3.4375
A,0,4242422092457965,-0.0279,1.0,1.0,1.0,1.0,1.0,4.0,2.5244,7.0,5.0,4.1875
A,0,5105107335889685,-0.2189,1.0,1.0,1.0,1.0,3.0,5.0,2.8278,8.0,4.0,4.625
A,0,6011009987844920,0.2085,1.0,1.0,1.0,1.0,5.0,6.0,2.8278,8.0,4.0,4.25
A,0,4242422272735388,0.0745,1.0,1.0,1.0,1.0,1.0,4.0,2.3585,6.0,6.0,4.0625
A,0,4242429031355747,-0.0391,1.0,1.0,1.0,1.0,1.0,4.0,2.8278,8.0,4.0,3.875
A,0,4111114957687939,0.4946,1.0,1.0,1.0,1.0,0.0,4.0,2.7272,8.0,5.0,4.75
A,0,5105104904115048,-0.1448,1.0,1.0,1.0,1.0,3.0,5.0,2.4056,6.0,4.0,3.0
A,0,6011004281764395,-0.1926,1.0,1.0,1.0,1.0,5.0,6.0,3.1556,10.0,3.0,3.5625
A,0,4242429224474479,1.4336,1.0,1.0,1.0,1.0,1.0,4.0,1.7962,4.0,7.0,4.375
A,0,4111119329850750,0.0547,1.0,1.0,1.0,1.0,0.0,4.0,2.8994,9.0,5.0,3.5625
A,0,5555557320762609,0.2056,1.0,1.0,1.0,1.0,4.0,5.0,2.5306,7.0,6.0,4.5
A,0,4242425312111114,-1.2687,1.0,1.0,1.0,1.0,1.0,4.0,2.0306,5.0,6.0,2.375
A,0,4532017375615328,-0.0437,1.0,1.0,1.0,1.0,2.0,4.0,3.0306,9.0,3.0,3.875
A,0,5105103724929760,-0.4724,1.0,1.0,1.0,1.0,3.0,5.0,3.0778,9.0,3.0,3.8125
A,0,4532010066347251,-0.3793,1.0,1.0,1.0,1.0,2.0,4.0,2.9528,8.0,3.0,3.0625
A,0,4532014040317281,0.0858,1.0,1.0,1.0,1.0,2.0,4.0,2.8585,8.0,3.0,2.8125
A,0,5555552209008190,0.0793,1.0,1.0,1.0,1.0,4.0,5.0,2.2806,6.0,6.0,3.8125
A,0,6011009629889333,0.3481,1.0,1.0,1.0,1.0,5.0,6.0,2.7335,7.0,3.0,4.25
A,0,4532011280018629,0.1359,1.0,1.0,1.0,1.0,2.0,4.0,2.9835,9.0,3.0,3.25
A,0,4111113804125689,-0.3333,1.0,1.0,1.0,1.0,0.0,4.0,2.7806,9.0,6.0,3.4375
A,0,4111114595064939,-0.0805,1.0,1.0,1.0,1.0,0.0,4.0,2.555,7.0,5.0,3.9375
A,0,4532016961177255,0.108,1.0,1.0,1.0,1.0,2.0,4.0,3.0306,9.0,3.0,4.0
A,0,5105104689131640,-0.3919,1.0,1.0,1.0,1.0,3.0,5.0,2.8278,8.0,4.0,3.375
A,0,4532013555342882,0.163,1.0,1.0,1.0,1.0,2.0,4.0,2.6556,7.0,4.0,3.75
A,0,4111114504342996,-0.0254,1.0,1.0,1.0,1.0,0.0,4.0,2.6494,8.0,5.0,3.4375
A,0,4111118340219193,-0.2028,1.0,1.0,1.0,1.0,0.0,4.0,2.3968,7.0,7.0,3.0625
A,0,4111115262840378,-0.2059,1.0,1.0,1.0,1.0,0.0,4.0,2.8994,9.0,5.0,3.375
A,0,4242426173415859,0.2761,1.0,1.0,1.0,1.0,1.0,4.0,2.9528,9.0,4.0,4.1875
A,0,4242425719625310,0.3039,1.0,1.0,1.0,1.0,1.0,4.0,2.9528,9.0,4.0,3.5625
A,0,4242422022377960,0.2282,1.0,1.0,1.0,1.0,1.0,4.0,2.4835,7.0,6.0,3.5
A,0,4242422375927643,0.0539,1.0,1.0,1.0,1.0,1.0,4.0,2.5244,7.0,5.0,4.125
A,0,5105104892026835,-0.2472,1.0,1.0,1.0,1.0,3.0,5.0,3.0306,9.0,3.0,3.6875
A,0,5105100667266937,-0.0454,1.0,1.0,1.0,1.0,3.0,5.0,2.8278,8.0,4.0,4.0
A,0,4532017463646714,-0.065,1.0,1.0,1.0,1.0,2.0,4.0,2.8278,8.0,4.0,3.9375
A,0,4242427605977169,0.0427,1.0,1.0,1.0,1.0,1.0,4.0,2.8585,8.0,3.0,4.6875
A,0,4111114053135569,0.216,1.0,1.0,1.0,1.0,0.0,4.0,2.4835,7.0,6.0,3.125
A,0,6011005364245954,-0.2409,1.0,1.0,1.0,1.0,5.0,6.0,2.8585,8.0,3.0,3.4375
A,0,4532015659826439,0.057,1.0,1.0,1.0,1.0,2.0,4.0,3.0778,9.0,3.0,4.5
A,0,4111112924287122,-0.1304,1.0,1.0,1.0,1.0,0.0,4.0,2.18,6.0,6.0,3.0
A,0,4111110745544655,0.0068,1.0,1.0,1.0,1.0,0.0,4.0,2.2744,6.0,5.0,3.375
A,0,4532018556655711,0.2718,1.0,1.0,1.0,1.0,2.0,4.0,2.8522,9.0,5.0,4.0
A,0,5105102584355470,-0.295,1.0,1.0,1.0,1.0,3.0,5.0,2.7272,8.0,5.0,3.4375
A,0,4111116209669599,-0.0022,1.0,1.0,1.0,1.0,0.0,4.0,2.4772,7.0,5.0,4.375
A,0,5105109085136382,-0.0691,1.0,1.0,1.0,1.0,3.0,5.0,2.8585,8.0,3.0,3.5625
A,0,4532016017520722,0.0046,1.0,1.0,1.0,1.0,2.0,4.0,2.8278,8.0,4.0,2.9375
A,0,4111110225997225,0.0737,1.0,1.0,1.0,1.0,0.0,4.0,2.5244,7.0,5.0,3.25
A,0,4242429071022652,-0.0929,1.0,1.0,1.0,1.0,1.0,4.0,2.6085,8.0,6.0,3.25
A,0,4532013376597987,0.6536,1.0,1.0,1.0,1.0,2.0,4.0,3.1556,10.0,3.0,4.9375
A,0,6011000669602736,-0.1837,1.0,1.0,1.0,1.0,5.0,6.0,2.4238,7.0,5.0,3.3125
A,0,4111110782497635,0.2228,1.0,1.0,1.0,1.0,0.0,4.0,3.0244,10.0,5.0,3.75
A,0,4242427519478007,0.0604,1.0,1.0,1.0,1.0,1.0,4.0,2.7806,8.0,4.0,4.125
A,0,5555553434367617,0.2477,1.0,1.0,1.0,1.0,4.0,5.0,2.3585,6.0,6.0,4.625
A,0,4111116948692977,0.5746,1.0,1.0,1.0,1.0,0.0,4.0,2.6022,7.0,5.0,4.75
A,0,4242423927522767,-0.2378,1.0,1.0,1.0,1.0,1.0,4.0,2.4363,7.0,6.0,4.25
A,0,4111110573510679,-0.1672,1.0,1.0,1.0,1.0,0.0,4.0,2.6556,8.0,6.0,3.25
A,0,4111118445184656,0.432,1.0,1.0,1.0,1.0,0.0,4.0,2.1556,5.0,6.0,3.75
A,0,5105101680226460,-0.0892,1.0,1.0,1.0,1.0,3.0,5.0,2.6556,7.0,4.0,2.9375
A,0,4111119246925321,0.2421,1.0,1.0,1.0,1.0,0.0,4.0,2.4835,7.0,6.0,3.25
A,0,4242420805625340,-0.0933,1.0,1.0,1.0,1.0,1.0,4.0,2.5778,7.0,4.0,3.1875
A,0,4242429761879437,-0.1828,1.0,1.0,1.0,1.0,1.0,4.0,2.7806,8.0,4.0,4.9375
A,0,4532010702107374,0.0711,1.0,1.0,1.0,1.0,2.0,4.0,2.7028,7.0,4.0,2.875
A,0,4111117274677699,-0.3803,1.0,1.0,1.0,1.0,0.0,4.0,2.3994,6.0,5.0,4.5625
A,0,4111116118466517,-0.4025,1.0,1.0,1.0,1.0,0.0,4.0,2.0778,6.0,8.0,3.375
A,0,4111116048161717,0.294,1.0,1.0,1.0,1.0,0.0,4.0,2.125,6.0,8.0,3.125
A,0,4111111362787403,-0.1672,1.0,1.0,1.0,1.0,0.0,4.0,2.6556,8.0,6.0,3.125
A,0,5555555334511954,-1.406,1.0,1.0,1.0,1.0,4.0,5.0,1.8419,5.0,9.0,4.375
A,0,4111115166123418,0.0813,1.0,1.0,1.0,1.0,0.0,4.0,2.25,7.0,8.0,2.875
A,0,4532014217392687,0.103,1.0,1.0,1.0,1.0,2.0,4.0,3.2028,10.0,3.0,4.0
A,0,6011006277885530,-0.012,1.0,1.0,1.0,1.0,5.0,6.0,2.875,8.0,4.0,3.6875
A,0,4242427797143711,-0.0308,1.0,1.0,1.0,1.0,1.0,4.0,2.4056,6.0,4.0,4.0625
A,0,4242421541181481,-0.0012,1.0,1.0,1.0,1.0,1.0,4.0,2.1266,5.0,5.0,3.25
A,0,4111115449166424,0.0129,1.0,1.0,1.0,1.0,0.0,4.0,2.18,6.0,6.0,3.375
A,0,4532017477760469,0.1234,1.0,1.0,1.0,1.0,2.0,4.0,2.9528,9.0,4.0,4.5
A,0,4111116167312745,0.1467,1.0,1.0,1.0,1.0,0.0,4.0,2.3968,7.0,7.0,3.1875
A,0,5105106742568916,-0.1386,1.0,1.0,1.0,1.0,3.0,5.0,2.9835,9.0,3.0,4.125
A,0,4111111527796539,0.0403,1.0,1.0,1.0,1.0,0.0,4.0,2.6556,8.0,6.0,3.9375
A,0,4111117611659269,-0.0176,1.0,1.0,1.0,1.0,0.0,4.0,2.3496,7.0,7.0,3.8125
A,0,4111113558793476,0.2895,1.0,1.0,1.0,1.0,0.0,4.0,2.7744,8.0,5.0,4.125
A,0,4242428813733253,-0.2132,1.0,1.0,1.0,1.0,1.0,4.0,2.5778,7.0,4.0,3.8125
A,0,5105100329864632,-0.1267,1.0,1.0,1.0,1.0,3.0,5.0,3.0778,9.0,3.0,3.4375
A,0,6011008976685716,0.3484,1.0,1.0,1.0,1.0,5.0,6.0,2.6556,7.0,4.0,4.4375
A,0,4111113578973660,0.2966,1.0,1.0,1.0,1.0,0.0,4.0,2.8994,9.0,5.0,3.9375
A,0,5555553997733841,0.2165,1.0,1.0,1.0,1.0,4.0,5.0,2.4835,7.0,6.0,5.25
A,0,4111116495351233,0.216,1.0,1.0,1.0,1.0,0.0,4.0,2.4835,7.0,6.0,3.125
A,0,4111119412736304,-0.303,1.0,1.0,1.0,1.0,0.0,4.0,2.6085,8.0,6.0,3.0
A,0,4111111375544445,0.7462,1.0,1.0,1.0,1.0,0.0,4.0,2.0079,5.0,6.0,3.1875
A,0,5555554263140166,0.4054,1.0,1.0,1.0,1.0,4.0,5.0,2.4835,7.0,6.0,3.9375
A,0,4532014689148005,0.0736,1.0,1.0,1.0,1.0,2.0,4.0,3.0306,9.0,3.0,3.75
A,0,4532012015264710,0.2299,1.0,1.0,1.0,1.0,2.0,4.0,2.8585,8.0,3.0,2.6875
A,0,5105101750537630,-0.0209,1.0,1.0,1.0,1.0,3.0,5.0,2.4528,6.0,4.0,3.0625
A,0,4242427799652487,-0.0019,1.0,1.0,1.0,1.0,1.0,4.0,2.5778,7.0,4.0,5.125
A,0,6011003502300310,-1.1369,1.0,1.0,1.0,1.0,5.0,6.0,2.1774,6.0,7.0,1.5625
A,0,5555550160903318,0.2645,1.0,1.0,1.0,1.0,4.0,5.0,2.4835,7.0,6.0,3.8125
A,0,4532019596261031,0.1414,1.0,1.0,1.0,1.0,2.0,4.0,2.9528,8.0,3.0,3.5625
A,0,4111114106386250,0.0917,1.0,1.0,1.0,1.0,0.0,4.0,2.6556,8.0,6.0,2.75
A,0,5555554636989943,-0.6951,1.0,1.0,1.0,1.0,4.0,5.0,2.3585,6.0,6.0,5.6875
A,0,4532012393410257,-0.1081,1.0,1.0,1.0,1.0,2.0,4.0,2.9056,8.0,3.0,3.1875
A,0,4111116983006794,0.0508,1.0,1.0,1.0,1.0,0.0,4.0,2.7744,8.0,5.0,3.8125
A,0,4111119872974833,0.1645,1.0,1.0,1.0,1.0,0.0,4.0,2.6494,7.0,5.0,4.3125
A,0,4242424360416574,0.3671,1.0,1.0,1.0,1.0,1.0,4.0,2.6085,8.0,6.0,3.625
A,0,4532012955517846,0.3756,1.0,1.0,1.0,1.0,2.0,4.0,3.125,10.0,4.0,4.1875
A,0,4242429740504858,0.1031,1.0,1.0,1.0,1.0,1.0,4.0,2.6022,7.0,5.0,4.25
A,0,4242422894755707,-0.1768,1.0,1.0,1.0,1.0,1.0,4.0,2.5778,7.0,4.0,4.5
A,0,4242425640774559,-0.1647,1.0,1.0,1.0,1.0,1.0,4.0,2.555,7.0,5.0,4.375
A,0,5555558012590787,0.4728,1.0,1.0,1.0,1.0,4.0,5.0,2.3968,7.0,7.0,4.8125
A,0,4532012485406635,0.1944,1.0,1.0,1.0,1.0,2.0,4.0,2.9056,8.0,3.0,3.625
A,0,6011000485665966,-0.0843,1.0,1.0,1.0,1.0,5.0,6.0,2.5244,7.0,5.0,3.9375
A,0,4111116074824535,-0.2029,1.0,1.0,1.0,1.0,0.0,4.0,2.8522,9.0,5.0,3.3125
A,0,4532011235420243,-0.7058,1.0,1.0,1.0,1.0,2.0,4.0,2.5306,6.0,4.0,2.5625
A,0,4242420658330030,0.0333,1.0,1.0,1.0,1.0,1.0,4.0,2.6085,7.0,4.0,2.875
A,0,4242426132816353,0.0911,1.0,1.0,1.0,1.0,1.0,4.0,2.6556,7.0,4.0,3.5
A,0,4532014951060425,-0.0946,1.0,1.0,1.0,1.0,2.0,4.0,2.8585,8.0,3.0,3.1875
A,0,4242422873934125,0.1773,1.0,1.0,1.0,1.0,1.0,4.0,2.6494,8.0,5.0,3.875
A,0,4111111231458947,-0.4823,1.0,1.0,1.0,1.0,0.0,4.0,2.4746,8.0,7.0,3.3125
A,0,4111113006857766,-0.0151,1.0,1.0,1.0,1.0,0.0,4.0,2.7272,8.0,5.0,3.5625
A,0,6011009887194970,0.2468,1.0,1.0,1.0,1.0,5.0,6.0,2.6556,7.0,4.0,4.375
A,0,4111116160835452,-0.4061,1.0,1.0,1.0,1.0,0.0,4.0,2.6556,8.0,6.0,3.0625
A,0,4242429895024926,-0.1844,1.0,1.0,1.0,1.0,1.0,4.0,2.4772,7.0,5.0,4.5
A,0,4111115720193840,0.0238,1.0,1.0,1.0,1.0,0.0,4.0,2.7806,9.0,6.0,3.0
A,0,4242427755457277,-0.3585,1.0,1.0,1.0,1.0,1.0,4.0,1.9772,4.0,5.0,4.625
A,0,5555556262153827,0.096,1.0,1.0,1.0,1.0,4.0,5.0,2.3496,7.0,7.0,4.5
A,0,6011001817328513,-0.2091,1.0,1.0,1.0,1.0,5.0,6.0,2.7272,8.0,5.0,2.9375
A,0,4111110372666987,0.3182,1.0,1.0,1.0,1.0,0.0,4.0,2.8522,9.0,5.0,3.9375
A,0,6011003272935071,-0.2534,1.0,1.0,1.0,1.0,5.0,6.0,2.8278,8.0,4.0,2.9375
A,0,4111117676463961,0.2589,1.0,1.0,1.0,1.0,0.0,4.0,2.2806,6.0,6.0,4.0
A,0,4111116810298465,0.0295,1.0,1.0,1.0,1.0,0.0,4.0,2.6556,8.0,6.0,3.625
A,0,4242423748925041,-0.0657,1.0,1.0,1.0,1.0,1.0,4.0,2.7744,9.0,5.0,3.8125
A,0,4242423305697603,0.0145,1.0,1.0,1.0,1.0,1.0,4.0,2.8585,8.0,3.0,3.75
A,0,4242425763523171,0.345,1.0,1.0,1.0,1.0,1.0,4.0,2.7028,7.0,4.0,3.625
A,0,4532018475577665,0.2623,1.0,1.0,1.0,1.0,2.0,4.0,2.9528,9.0,4.0,4.6875
A,0,4111113549378312,-0.1882,1.0,1.0,1.0,1.0,0.0,4.0,2.6085,8.0,6.0,3.375
A,0,4111116366509901,0.129,1.0,1.0,1.0,1.0,0.0,4.0,2.4835,7.0,6.0,3.375
A,0,4242420184554715,0.1106,1.0,1.0,1.0,1.0,1.0,4.0,2.555,7.0,5.0,3.625
A,0,4111113302997357,-0.0151,1.0,1.0,1.0,1.0,0.0,4.0,2.7272,8.0,5.0,3.5625
A,0,4111118353857657,0.3974,1.0,1.0,1.0,1.0,0.0,4.0,2.6022,7.0,5.0,4.125
A,0,4111112252248530,-0.2802,1.0,1.0,1.0,1.0,0.0,4.0,2.5244,7.0,5.0,2.625
A,0,4242420949639140,-0.1539,1.0,1.0,1.0,1.0,1.0,4.0,2.555,7.0,5.0,3.9375
A,0,4111116199208432,-0.3649,1.0,1.0,1.0,1.0,0.0,4.0,2.6556,8.0,6.0,3.3125
A,0,4532011569837731,0.0456,1.0,1.0,1.0,1.0,2.0,4.0,3.1556,10.0,3.0,4.0625
A,0,4242421299705754,0.2343,1.0,1.0,1.0,1.0,1.0,4.0,2.625,7.0,4.0,4.1875
A,0,4242425856512883,-0.0476,1.0,1.0,1.0,1.0,1.0,4.0,2.6085,7.0,4.0,4.3125
A,0,4111113419968887,0.3963,1.0,1.0,1.0,1.0,0.0,4.0,2.4835,7.0,6.0,4.5
A,0,4532012579438551,0.2576,1.0,1.0,1.0,1.0,2.0,4.0,3.0,9.0,4.0,4.0
A,0,5105100542799474,-0.0572,1.0,1.0,1.0,1.0,3.0,5.0,2.7335,7.0,3.0,3.9375
A,0,5555550733155354,-1.407,1.0,1.0,1.0,1.0,4.0,5.0,1.9197,6.0,9.0,4.125
A,0,4111113527397979,0.0109,1.0,1.0,1.0,1.0,0.0,4.0,2.555,7.0,5.0,4.375
A,0,5105102932381137,-0.1662,1.0,1.0,1.0,1.0,3.0,5.0,2.8278,8.0,4.0,3.1875
A,0,4242427444262039,0.1444,1.0,1.0,1.0,1.0,1.0,4.0,2.305,7.0,6.0,3.6875
A,0,4532010394575847,0.1831,1.0,1.0,1.0,1.0,2.0,4.0,3.0306,9.0,3.0,4.1875
A,0,4111113295304553,-0.3291,1.0,1.0,1.0,1.0,0.0,4.0,2.555,7.0,5.0,3.0
A,0,5105104941235510,-0.3792,1.0,1.0,1.0,1.0,3.0,5.0,2.5778,7.0,4.0,2.875
A,0,4242423327964569,-0.0174,1.0,1.0,1.0,1.0,1.0,4.0,2.625,7.0,4.0,4.5
A,0,4111119356557187,0.5556,1.0,1.0,1.0,1.0,0.0,4.0,2.6085,8.0,6.0,4.0625
A,0,5105104319363076,-0.4283,1.0,1.0,1.0,1.0,3.0,5.0,2.8585,8.0,3.0,3.375
A,0,4111112507504513,0.2989,1.0,1.0,1.0,1.0,0.0,4.0,2.4835,7.0,6.0,2.5625
A,0,4111119601238294,-0.3649,1.0,1.0,1.0,1.0,0.0,4.0,2.6556,8.0,6.0,3.3125
A,0,4111110038579392,-0.2241,1.0,1.0,1.0,1.0,0.0,4.0,2.8994,9.0,5.0,3.4375
A,0,4111117706345170,-0.0554,1.0,1.0,1.0,1.0,0.0,4.0,2.4835,7.0,6.0,3.0625
A,0,4111115678208723,0.0547,1.0,1.0,1.0,1.0,0.0,4.0,2.8994,9.0,5.0,3.5625
A,0,5105104688482549,-0.37,1.0,1.0,1.0,1.0,3.0,5.0,2.8585,8.0,3.0,4.375
A,0,4242426941063114,-0.1932,1.0,1.0,1.0,1.0,1.0,4.0,2.555,7.0,5.0,3.3125
A,0,4111114221908467,-0.0728,1.0,1.0,1.0,1.0,0.0,4.0,2.6085,8.0,6.0,3.25
A,0,4242427560625662,-0.056,1.0,1.0,1.0,1.0,1.0,4.0,2.3522,6.0,5.0,3.9375
A,0,4111112435955753,-0.0736,1.0,1.0,1.0,1.0,0.0,4.0,2.5244,7.0,5.0,3.5625
A,0,4242425664524971,-0.0279,1.0,1.0,1.0,1.0,1.0,4.0,2.5244,7.0,5.0,4.1875
A,0,4242421084006665,0.1311,1.0,1.0,1.0,1.0,1.0,4.0,2.6085,7.0,4.0,3.375
A,0,6011004152206146,-0.9668,1.0,1.0,1.0,1.0,5.0,6.0,2.4528,6.0,4.0,2.4375
A,0,4111112193477453,0.129,1.0,1.0,1.0,1.0,0.0,4.0,2.4835,7.0,6.0,3.375
A,0,5555554060544172,0.2202,1.0,1.0,1.0,1.0,4.0,5.0,2.3496,7.0,7.0,3.9375
A,0,4111117535020846,0.0205,1.0,1.0,1.0,1.0,0.0,4.0,2.8994,9.0,5.0,3.0625
A,0,4242428566482017,0.1786,1.0,1.0,1.0,1.0,1.0,4.0,2.75,8.0,4.0,4.0625
A,0,4242424059812497,0.2307,1.0,1.0,1.0,1.0,1.0,4.0,2.6494,8.0,5.0,4.1875
A,0,4532018102427094,0.1359,1.0,1.0,1.0,1.0,2.0,4.0,2.9835,9.0,3.0,3.25
A,0,4111111582398536,-0.1776,1.0,1.0,1.0,1.0,0.0,4.0,2.6556,8.0,6.0,3.6875
A,0,4111115474370321,0.1862,1.0,1.0,1.0,1.0,0.0,4.0,2.4835,7.0,6.0,2.8125
A,0,5555552452028325,-0.6185,1.0,1.0,1.0,1.0,4.0,5.0,2.0,6.0,8.0,3.9375
A,0,4111111030744166,-0.0544,1.0,1.0,1.0,1.0,0.0,4.0,2.2246,6.0,7.0,2.5625
A,0,4111114497770765,0.2568,1.0,1.0,1.0,1.0,0.0,4.0,2.4772,7.0,5.0,4.0625
A,0,4111115572593907,-0.0567,1.0,1.0,1.0,1.0,0.0,4.0,2.7272,8.0,5.0,3.8125
A,0,5105103726568830,-0.1447,1.0,1.0,1.0,1.0,3.0,5.0,2.9056,8.0,3.0,3.75
A,0,5555554695256937,-0.5246,1.0,1.0,1.0,1.0,4.0,5.0,2.25,7.0,8.0,5.375
A,0,5105105962831830,-0.0691,1.0,1.0,1.0,1.0,3.0,5.0,2.8585,8.0,3.0,3.5625
A,0,4532018945395128,-0.1921,1.0,1.0,1.0,1.0,2.0,4.0,2.9528,8.0,3.0,4.3125
A,0,4111115663146078,-0.2063,1.0,1.0,1.0,1.0,0.0,4.0,2.6085,8.0,6.0,3.4375
A,0,4532017606046707,0.1638,1.0,1.0,1.0,1.0,2.0,4.0,2.7806,8.0,4.0,3.625
A,0,4242423140748702,-0.0496,1.0,1.0,1.0,1.0,1.0,4.0,2.5244,7.0,5.0,3.375
A,0,4242423271931689,0.0143,1.0,1.0,1.0,1.0,1.0,4.0,2.8278,8.0,4.0,4.1875
A,0,4111111175918070,0.0583,1.0,1.0,1.0,1.0,0.0,4.0,2.25,7.0,8.0,3.0
A,0,4242420312188576,0.124,1.0,1.0,1.0,1.0,1.0,4.0,2.9528,9.0,4.0,3.6875
A,0,4111117886726322,0.3438,1.0,1.0,1.0,1.0,0.0,4.0,2.6022,7.0,5.0,3.75
A,0,4242425443955512,-0.1829,1.0,1.0,1.0,1.0,1.0,4.0,2.2744,6.0,5.0,3.8125
A,0,4532015790697475,-0.1814,1.0,1.0,1.0,1.0,2.0,4.0,3.0306,9.0,3.0,4.625
A,0,4111113470853754,0.0991,1.0,1.0,1.0,1.0,0.0,4.0,2.6022,7.0,5.0,3.4375
A,0,4111116586404222,-0.3291,1.0,1.0,1.0,1.0,0.0,4.0,2.555,7.0,5.0,3.0
A,0,6011002695775353,0.0691,1.0,1.0,1.0,1.0,5.0,6.0,2.9056,8.0,3.0,3.75
A,0,4242420565054657,0.0245,1.0,1.0,1.0,1.0,1.0,4.0,2.4528,6.0,4.0,3.8125
A,0,4242422898468240,-0.7935,1.0,1.0,1.0,1.0,1.0,4.0,2.2516,6.0,5.0,4.3125
A,0,5105109774710893,-0.2108,1.0,1.0,1.0,1.0,3.0,5.0,2.8585,8.0,3.0,4.1875
A,0,4111117947909586,-0.0527,1.0,1.0,1.0,1.0,0.0,4.0,2.7272,8.0,5.0,4.5625
A,0,4242425581486585,-0.4704,1.0,1.0,1.0,1.0,1.0,4.0,2.4056,6.0,4.0,4.5625
A,0,4242429811895326,-0.1449,1.0,1.0,1.0,1.0,1.0,4.0,2.8278,8.0,4.0,4.375
A,0,6011001950800609,-0.635,1.0,1.0,1.0,1.0,5.0,6.0,2.2246,6.0,7.0,2.875
A,0,4111113120622229,0.1601,1.0,1.0,1.0,1.0,0.0,4.0,2.305,7.0,6.0,2.375
A,0,4532017166346661,-0.156,1.0,1.0,1.0,1.0,2.0,4.0,2.7272,8.0,5.0,3.8125
A,0,4111113507651809,-0.3338,1.0,1.0,1.0,1.0,0.0,4.0,2.7806,9.0,6.0,3.3125
A,0,4242426944950671,-0.2188,1.0,1.0,1.0,1.0,1.0,4.0,2.7272,8.0,5.0,4.3125
A,0,4111118180933945,0.0025,1.0,1.0,1.0,1.0,0.0,4.0,2.5306,7.0,6.0,3.6875
A,0,4111119713028286,-0.3333,1.0,1.0,1.0,1.0,0.0,4.0,2.7806,9.0,6.0,3.4375
A,0,4242421319232441,-0.4887,1.0,1.0,1.0,1.0,1.0,4.0,2.1266,5.0,5.0,3.0
A,0,4242427172120573,-0.1932,1.0,1.0,1.0,1.0,1.0,4.0,2.555,7.0,5.0,3.3125
A,0,4242421311069502,-0.0566,1.0,1.0,1.0,1.0,1.0,4.0,2.7806,8.0,4.0,2.875
A,0,4111116038350577,-0.1196,1.0,1.0,1.0,1.0,0.0,4.0,2.7744,8.0,5.0,3.3125
A,0,4111114040456490,-0.5012,1.0,1.0,1.0,1.0,0.0,4.0,2.2516,6.0,5.0,2.8125
A,0,4532010947901623,-0.1266,1.0,1.0,1.0,1.0,2.0,4.0,3.0778,9.0,3.0,3.5
A,0,6011006951883025,-0.49,1.0,1.0,1.0,1.0,5.0,6.0,2.8278,8.0,4.0,3.4375
A,0,4111116898129152,0.1417,1.0,1.0,1.0,1.0,0.0,4.0,2.3968,7.0,7.0,3.75
A,0,4242429580225986,-0.0396,1.0,1.0,1.0,1.0,1.0,4.0,2.6022,7.0,5.0,4.5
A,0,4111117765508841,0.2926,1.0,1.0,1.0,1.0,0.0,4.0,2.5306,7.0,6.0,3.75
A,0,5555556821325635,0.3714,1.0,1.0,1.0,1.0,4.0,5.0,2.125,6.0,8.0,4.4375
A,0,4111115497589196,0.3963,1.0,1.0,1.0,1.0,0.0,4.0,2.4835,7.0,6.0,4.5
A,0,4242426899712365,0.0536,1.0,1.0,1.0,1.0,1.0,4.0,2.9528,9.0,4.0,4.625
A,0,4111116006306627,-0.1574,1.0,1.0,1.0,1.0,0.0,4.0,2.4772,7.0,5.0,2.8125
A,0,4242425024566548,-0.056,1.0,1.0,1.0,1.0,1.0,4.0,2.3522,6.0,5.0,3.9375
A,0,5555555301457256,0.1682,1.0,1.0,1.0,1.0,4.0,5.0,2.2169,8.0,9.0,4.25
A,0,4111111192996331,-0.4212,1.0,1.0,1.0,1.0,0.0,4.0,2.0778,6.0,8.0,3.3125
A,0,4111115541605394,0.0124,1.0,1.0,1.0,1.0,0.0,4.0,2.4363,7.0,6.0,3.1875
A,0,4111113696627016,-0.2998,1.0,1.0,1.0,1.0,0.0,4.0,2.5306,8.0,6.0,3.4375
A,0,6011008561684918,0.7454,1.0,1.0,1.0,1.0,5.0,6.0,2.6085,7.0,4.0,4.0
A,0,4242422962969537,0.2646,1.0,1.0,1.0,1.0,1.0,4.0,2.555,7.0,5.0,4.75
A,0,5555553133954749,-0.1473,1.0,1.0,1.0,1.0,4.0,5.0,2.2246,6.0,7.0,4.875
A,0,5105101821860524,-0.3312,1.0,1.0,1.0,1.0,3.0,5.0,2.6556,7.0,4.0,3.0625
A,0,4242420313475402,-0.1997,1.0,1.0,1.0,1.0,1.0,4.0,2.5244,7.0,5.0,2.9375
A,0,4242428078503656,0.0407,1.0,1.0,1.0,1.0,1.0,4.0,2.9056,8.0,3.0,4.125
A,0,5555550839550151,-1.05,1.0,1.0,1.0,1.0,4.0,5.0,1.9669,6.0,9.0,4.1875
A,0,4242421035791191,-0.2931,1.0,1.0,1.0,1.0,1.0,4.0,2.7806,8.0,4.0,3.4375
A,0,4532015771482806,0.3214,1.0,1.0,1.0,1.0,2.0,4.0,3.125,9.0,2.0,3.9375
A,0,4242428601792545,0.2606,1.0,1.0,1.0,1.0,1.0,4.0,2.875,9.0,4.0,4.0625
A,0,4111115413110002,0.8018,1.0,1.0,1.0,1.0,0.0,4.0,2.0778,6.0,8.0,1.625
A,0,4111116964048260,-0.1643,1.0,1.0,1.0,1.0,0.0,4.0,2.555,7.0,5.0,3.375
A,0,5555550643410915,0.1324,1.0,1.0,1.0,1.0,4.0,5.0,2.3968,7.0,7.0,3.9375
A,0,4532018169372498,-1.6354,1.0,1.0,1.0,1.0,2.0,4.0,3.25,10.0,2.0,4.5
A,0,4111113321439233,-0.7594,1.0,1.0,1.0,1.0,0.0,4.0,2.055,5.0,6.0,2.625
A,0,4111115061845305,0.1862,1.0,1.0,1.0,1.0,0.0,4.0,2.4835,7.0,6.0,2.875
A,0,4111112796684075,0.2966,1.0,1.0,1.0,1.0,0.0,4.0,2.8994,9.0,5.0,3.9375
A,0,4111119279216481,0.0587,1.0,1.0,1.0,1.0,0.0,4.0,2.3968,7.0,7.0,3.625
A,0,4111117569056385,0.3182,1.0,1.0,1.0,1.0,0.0,4.0,2.8522,9.0,5.0,3.9375
A,0,4111111974086905,0.0295,1.0,1.0,1.0,1.0,0.0,4.0,2.6556,8.0,6.0,3.625
A,0,4532014627306343,-0.2663,1.0,1.0,1.0,1.0,2.0,4.0,2.8278,8.0,4.0,3.3125
A,0,5555559409113472,-0.0704,1.0,1.0,1.0,1.0,4.0,5.0,2.6556,8.0,6.0,4.375
A,0,5555552745412625,-0.5735,1.0,1.0,1.0,1.0,4.0,5.0,2.0778,6.0,8.0,4.25
A,0,4242426511448778,-0.0697,1.0,1.0,1.0,1.0,1.0,4.0,2.6022,7.0,5.0,4.3125
A,0,4242427892837712,-0.1922,1.0,1.0,1.0,1.0,1.0,4.0,2.555,7.0,5.0,4.5
A,0,4242421268394358,0.0521,1.0,1.0,1.0,1.0,1.0,4.0,2.75,8.0,4.0,4.1875
A,0,4111112201256907,-0.0139,1.0,1.0,1.0,1.0,0.0,4.0,2.6085,8.0,6.0,2.6875
A,0,5555555114807226,0.2304,1.0,1.0,1.0,1.0,4.0,5.0,2.5218,8.0,7.0,4.125
A,0,4242424642375770,-0.0685,1.0,1.0,1.0,1.0,1.0,4.0,2.4772,7.0,5.0,3.9375
A,0,4111112562875766,0.1994,1.0,1.0,1.0,1.0,0.0,4.0,2.6022,7.0,5.0,3.9375
A,0,4242425874917452,-0.1746,1.0,1.0,1.0,1.0,1.0,4.0,2.5244,7.0,5.0,4.375
A,0,4242425067188507,0.0853,1.0,1.0,1.0,1.0,1.0,4.0,2.9056,8.0,3.0,4.0625
A,0,4242424153162252,-0.176,1.0,1.0,1.0,1.0,1.0,4.0,2.2806,6.0,6.0,3.0625
A,0,4242427534728238,-0.2556,1.0,1.0,1.0,1.0,1.0,4.0,2.3994,6.0,5.0,4.1875
A,0,4532019880430177,0.1349,1.0,1.0,1.0,1.0,2.0,4.0,3.0778,9.0,3.0,3.875
A,0,4111114158190543,-0.117,1.0,1.0,1.0,1.0,0.0,4.0,2.3496,7.0,7.0,3.0625
A,0,4242429481870948,0.2646,1.0,1.0,1.0,1.0,1.0,4.0,2.555,7.0,5.0,4.75
A,0,5105101410426141,0.0748,1.0,1.0,1.0,1.0,3.0,5.0,2.3113,6.0,6.0,2.25
A,0,4242423206400529,-0.4158,1.0,1.0,1.0,1.0,1.0,4.0,2.4772,7.0,5.0,3.0625
A,0,6011005863645555,-0.0517,1.0,1.0,1.0,1.0,5.0,6.0,2.555,7.0,5.0,3.75
A,0,4111119784936128,0.2043,1.0,1.0,1.0,1.0,0.0,4.0,2.6556,8.0,6.0,4.125
A,0,4111112642559554,-0.017,1.0,1.0,1.0,1.0,0.0,4.0,2.3522,6.0,5.0,3.5
A,0,4242421476165608,-0.0749,1.0,1.0,1.0,1.0,1.0,4.0,2.7806,8.0,4.0,3.875
A,0,5105106143522611,0.0709,1.0,1.0,1.0,1.0,3.0,5.0,2.6022,7.0,5.0,2.6875
A,0,4532018135247345,0.0215,1.0,1.0,1.0,1.0,2.0,4.0,2.8585,8.0,3.0,3.5625
A,0,4111116299083024,0.078,1.0,1.0,1.0,1.0,0.0,4.0,2.7744,8.0,5.0,3.25
A,0,4111112699788171,0.1443,1.0,1.0,1.0,1.0,0.0,4.0,2.3968,7.0,7.0,4.1875
A,0,4242420104316211,-0.8187,1.0,1.0,1.0,1.0,1.0,4.0,2.375,6.0,4.0,2.3125
A,0,4532013838238287,-0.0257,1.0,1.0,1.0,1.0,2.0,4.0,2.7028,8.0,4.0,4.1875
A,0,5555556658576904,-0.4871,1.0,1.0,1.0,1.0,4.0,5.0,2.2028,7.0,8.0,5.375
A,0,5105105767346364,-0.1849,1.0,1.0,1.0,1.0,3.0,5.0,2.7806,7.0,3.0,3.9375
A,0,4242423423961881,0.1932,1.0,1.0,1.0,1.0,1.0,4.0,2.625,7.0,4.0,3.9375
A,0,4242429947200649,-0.2386,1.0,1.0,1.0,1.0,1.0,4.0,2.3522,6.0,5.0,4.25
A,0,4532016029030306,0.2254,1.0,1.0,1.0,1.0,2.0,4.0,2.7272,8.0,5.0,2.75
A,0,6011000929363574,0.3523,1.0,1.0,1.0,1.0,5.0,6.0,3.0,9.0,4.0,3.5
A,0,6011003252428659,-0.0063,1.0,1.0,1.0,1.0,5.0,6.0,3.0306,9.0,3.0,3.375
A,0,4111116610003560,-0.5274,1.0,1.0,1.0,1.0,0.0,4.0,2.2335,6.0,6.0,2.25
A,0,5105100746082339,0.4649,1.0,1.0,1.0,1.0,3.0,5.0,3.125,10.0,4.0,3.375
A,0,4242423995519539,0.5396,1.0,1.0,1.0,1.0,1.0,4.0,2.4835,6.0,4.0,4.75
A,0,4242423577005717,0.163,1.0,1.0,1.0,1.0,1.0,4.0,2.6556,7.0,4.0,3.75
A,0,4111116174435018,-0.5596,1.0,1.0,1.0,1.0,0.0,4.0,2.4746,8.0,7.0,3.0
A,0,4532016044340631,-0.0281,1.0,1.0,1.0,1.0,2.0,4.0,2.6556,7.0,4.0,2.875
A,0,4242422753244850,0.0447,1.0,1.0,1.0,1.0,1.0,4.0,2.4238,7.0,5.0,3.625
A,0,5555559039650588,-1.058,1.0,1.0,1.0,1.0,4.0,5.0,2.125,6.0,8.0,5.1875
A,0,4111116697077222,-0.1985,1.0,1.0,1.0,1.0,0.0,4.0,2.555,7.0,5.0,3.5625
A,0,4242428380317688,-0.1806,1.0,1.0,1.0,1.0,1.0,4.0,2.7806,8.0,4.0,4.375
A,0,4111115530748585,-0.0642,1.0,1.0,1.0,1.0,0.0,4.0,2.5244,7.0,5.0,3.6875
A,0,4111113184618360,-0.1274,1.0,1.0,1.0,1.0,0.0,4.0,2.2718,6.0,7.0,3.0625
A,0,4242421215733054,-0.2327,1.0,1.0,1.0,1.0,1.0,4.0,2.625,7.0,4.0,3.0625
A,0,4242425428677842,-0.224,1.0,1.0,1.0,1.0,1.0,4.0,2.2988,6.0,5.0,4.4375
A,0,4532019448848498,-0.452,1.0,1.0,1.0,1.0,2.0,4.0,2.6494,8.0,5.0,5.0625
A,0,4111117045497229,0.3133,1.0,1.0,1.0,1.0,0.0,4.0,2.6022,7.0,5.0,3.625
A,0,4532018767343511,0.0736,1.0,1.0,1.0,1.0,2.0,4.0,3.0306,9.0,3.0,3.75
A,0,4111115129743591,-0.0577,1.0,1.0,1.0,1.0,0.0,4.0,2.3968,7.0,7.0,3.4375
A,0,4532010036818902,-0.0033,1.0,1.0,1.0,1.0,2.0,4.0,3.0,9.0,4.0,3.25
A,0,4111119410085613,-0.2822,1.0,1.0,1.0,1.0,0.0,4.0,2.5218,8.0,7.0,2.875
A,0,4242425560824517,-0.128,1.0,1.0,1.0,1.0,1.0,4.0,2.7028,8.0,4.0,3.8125
A,0,4111113639500247,0.1395,1.0,1.0,1.0,1.0,0.0,4.0,2.8994,9.0,5.0,3.0
A,0,4532019446521667,0.108,1.0,1.0,1.0,1.0,2.0,4.0,3.0306,9.0,3.0,4.0625
A,0,5555554414778658,-0.0622,1.0,1.0,1.0,1.0,4.0,5.0,2.2246,6.0,7.0,5.25
A,0,4532011656938863,0.0239,1.0,1.0,1.0,1.0,2.0,4.0,3.0306,9.0,3.0,4.375
A,0,4532012438930251,-0.1081,1.0,1.0,1.0,1.0,2.0,4.0,2.9056,8.0,3.0,3.25
A,0,5105106851602613,0.1575,1.0,1.0,1.0,1.0,3.0,5.0,2.6085,7.0,4.0,3.125
A,0,4111111370128426,-0.1692,1.0,1.0,1.0,1.0,0.0,4.0,2.5218,8.0,7.0,2.6875
A,0,5105100976650888,-0.2235,1.0,1.0,1.0,1.0,3.0,5.0,2.6556,7.0,4.0,4.3125
A,0,4532010235585146,-0.2884,1.0,1.0,1.0,1.0,2.0,4.0,2.875,8.0,4.0,3.375
A,0,4111116630495804,-0.2084,1.0,1.0,1.0,1.0,0.0,4.0,2.7272,8.0,5.0,3.375
A,0,4111117148944788,-0.3503,1.0,1.0,1.0,1.0,0.0,4.0,2.1085,5.0,6.0,4.3125
A,0,4111110944063531,0.2919,1.0,1.0,1.0,1.0,0.0,4.0,2.4835,7.0,6.0,2.75
A,0,4111114175141057,-0.5484,1.0,1.0,1.0,1.0,0.0,4.0,1.9528,5.0,8.0,2.75
A,0,5105105378787261,-0.1439,1.0,1.0,1.0,1.0,3.0,5.0,2.8585,8.0,3.0,4.125
A,0,4111111897264738,0.2166,1.0,1.0,1.0,1.0,0.0,4.0,2.6556,8.0,6.0,4.0
A,0,4111115165722137,-0.1616,1.0,1.0,1.0,1.0,0.0,4.0,2.3968,7.0,7.0,3.0
A,0,4242426672938260,-0.0691,1.0,1.0,1.0,1.0,1.0,4.0,2.68,8.0,5.0,4.1875
A,0,5105100287585427,0.1955,1.0,1.0,1.0,1.0,3.0,5.0,2.7028,7.0,4.0,3.75
A,0,4242421774866089,-0.0547,1.0,1.0,1.0,1.0,1.0,4.0,2.8278,8.0,4.0,4.625
A,0,4242425027087096,-0.0749,1.0,1.0,1.0,1.0,1.0,4.0,2.7806,8.0,4.0,3.875
A,0,4111114140710911,-0.7235,1.0,1.0,1.0,1.0,0.0,4.0,1.7947,5.0,9.0,2.3125
A,0,4111114779100160,0.0927,1.0,1.0,1.0,1.0,0.0,4.0,2.2246,6.0,7.0,2.75
A,0,4111113295478456,0.1774,1.0,1.0,1.0,1.0,0.0,4.0,2.8522,9.0,5.0,3.875
A,0,4242428965656294,-0.1324,1.0,1.0,1.0,1.0,1.0,4.0,2.4528,6.0,4.0,4.875
A,0,4111110166210026,-1.0482,1.0,1.0,1.0,1.0,0.0,4.0,2.0524,5.0,7.0,2.0625
A,0,4111113011523023,-0.5044,1.0,1.0,1.0,1.0,0.0,4.0,2.2246,6.0,7.0,1.8125
A,0,4111112640262987,-0.2266,1.0,1.0,1.0,1.0,0.0,4.0,2.7272,8.0,5.0,3.4375
A,0,4242421467677801,0.1699,1.0,1.0,1.0,1.0,1.0,4.0,2.6556,7.0,4.0,4.0625
A,0,4111111192126798,0.1622,1.0,1.0,1.0,1.0,0.0,4.0,2.25,7.0,8.0,3.4375
A,0,4242421031640624,-0.2564,1.0,1.0,1.0,1.0,1.0,4.0,2.3994,6.0,5.0,2.8125
A,0,4111116776573752,0.2276,1.0,1.0,1.0,1.0,0.0,4.0,2.5244,7.0,5.0,4.0
A,0,5105103604873245,-0.3665,1.0,1.0,1.0,1.0,3.0,5.0,3.0306,9.0,3.0,3.375
A,0,4111118239383837,0.0049,1.0,1.0,1.0,1.0,0.0,4.0,2.4772,7.0,5.0,3.9375
A,0,4242428186958388,-0.9459,1.0,1.0,1.0,1.0,1.0,4.0,2.68,8.0,5.0,5.125
A,0,4242420849663745,0.0581,1.0,1.0,1.0,1.0,1.0,4.0,2.8522,9.0,5.0,4.375
A,0,4111115930055474,-0.0512,1.0,1.0,1.0,1.0,0.0,4.0,2.555,7.0,5.0,3.1875
A,0,4111119234478242,-0.0137,1.0,1.0,1.0,1.0,0.0,4.0,2.4772,7.0,5.0,3.375
A,0,4111110793927901,0.1525,1.0,1.0,1.0,1.0,0.0,4.0,2.4835,7.0,6.0,3.5
A,0,4532017225943136,0.1117,1.0,1.0,1.0,1.0,2.0,4.0,3.0306,9.0,3.0,3.5625
A,0,4111110175849137,-0.3867,1.0,1.0,1.0,1.0,0.0,4.0,2.5218,8.0,7.0,3.375
A,0,4242420646166751,0.0221,1.0,1.0,1.0,1.0,1.0,4.0,2.5778,7.0,4.0,3.75
A,0,4242422603609963,0.0132,1.0,1.0,1.0,1.0,1.0,4.0,2.5306,6.0,4.0,3.875
A,0,5105109107314694,-0.0762,1.0,1.0,1.0,1.0,3.0,5.0,2.8278,8.0,4.0,3.5
A,0,4242427023218196,0.2154,1.0,1.0,1.0,1.0,1.0,4.0,2.8522,9.0,5.0,3.5625
A,0,5555557037695175,-0.5246,1.0,1.0,1.0,1.0,4.0,5.0,2.2028,7.0,8.0,5.0
A,0,4532017494706354,0.2576,1.0,1.0,1.0,1.0,2.0,4.0,3.0,9.0,4.0,4.0
A,0,4111117804324523,-0.0472,1.0,1.0,1.0,1.0,0.0,4.0,2.7272,8.0,5.0,2.9375
A,0,4111119228977902,0.2246,1.0,1.0,1.0,1.0,0.0,4.0,2.555,7.0,5.0,4.0
A,0,4111119507037071,-0.244,1.0,1.0,1.0,1.0,0.0,4.0,2.4363,7.0,6.0,3.0
A,0,4111112893284571,0.0295,1.0,1.0,1.0,1.0,0.0,4.0,2.6556,8.0,6.0,3.625
A,0,4242425195174940,0.126,1.0,1.0,1.0,1.0,1.0,4.0,2.6022,7.0,5.0,3.9375
A,0,4242422623006869,0.0067,1.0,1.0,1.0,1.0,1.0,4.0,2.555,7.0,5.0,3.75
A,0,4111111537904255,-0.0728,1.0,1.0,1.0,1.0,0.0,4.0,2.6085,8.0,6.0,3.125
A,0,4242429991493736,-0.3021,1.0,1.0,1.0,1.0,1.0,4.0,2.5778,7.0,4.0,4.875
A,0,4111113005613582,-0.1241,1.0,1.0,1.0,1.0,0.0,4.0,2.6556,8.0,6.0,2.625
A,0,6011004720996236,-0.1792,1.0,1.0,1.0,1.0,5.0,6.0,2.8278,8.0,4.0,3.5
A,0,4111113616831631,-0.2631,1.0,1.0,1.0,1.0,0.0,4.0,1.9056,5.0,8.0,2.9375
A,0,4532017231567200,-0.3559,1.0,1.0,1.0,1.0,2.0,4.0,2.9056,8.0,3.0,3.0
A,0,4111111772719624,-0.0063,1.0,1.0,1.0,1.0,0.0,4.0,2.2246,6.0,7.0,3.4375
A,0,4111117397772328,0.2276,1.0,1.0,1.0,1.0,0.0,4.0,2.5244,7.0,5.0,4.0
A,0,4242426803089256,0.1408,1.0,1.0,1.0,1.0,1.0,4.0,2.8278,8.0,4.0,4.0625
A,0,6011008515280441,0.0285,1.0,1.0,1.0,1.0,5.0,6.0,2.625,7.0,4.0,2.875
A,0,4242421294618549,-0.0279,1.0,1.0,1.0,1.0,1.0,4.0,2.5244,7.0,5.0,4.1875
A,0,4111111992845431,0.0281,1.0,1.0,1.0,1.0,0.0,4.0,2.3496,7.0,7.0,3.4375
A,0,4532010147008872,-0.0627,1.0,1.0,1.0,1.0,2.0,4.0,2.875,8.0,4.0,3.25
A,0,4111115643801735,-0.1672,1.0,1.0,1.0,1.0,0.0,4.0,2.6556,8.0,6.0,3.1875
A,0,4242426486697870,-0.6284,1.0,1.0,1.0,1.0,1.0,4.0,2.6556,7.0,4.0,4.9375
A,0,4111118469438731,0.2653,1.0,1.0,1.0,1.0,0.0,4.0,2.4835,7.0,6.0,3.875
A,0,5105109042688426,-0.4815,1.0,1.0,1.0,1.0,3.0,5.0,2.9528,8.0,3.0,3.8125
A,0,5555556842248345,0.5148,1.0,1.0,1.0,1.0,4.0,5.0,2.2246,6.0,7.0,4.75
A,0,4242425826128208,-0.0549,1.0,1.0,1.0,1.0,1.0,4.0,2.4363,7.0,6.0,3.75
A,0,5555552808038648,0.4428,1.0,1.0,1.0,1.0,4.0,5.0,2.4056,7.0,6.0,4.8125
A,0,5105104421981500,-0.3792,1.0,1.0,1.0,1.0,3.0,5.0,2.5778,7.0,4.0,2.875
A,0,4242426264573616,0.1459,1.0,1.0,1.0,1.0,1.0,4.0,2.5,7.0,4.0,4.0
A,0,4111113825532632,-0.3291,1.0,1.0,1.0,1.0,0.0,4.0,2.555,7.0,5.0,3.0
A,0,4111119244122558,0.3342,1.0,1.0,1.0,1.0,0.0,4.0,2.3113,6.0,6.0,3.1875
A,0,4532014319520409,-0.0257,1.0,1.0,1.0,1.0,2.0,4.0,2.7806,7.0,3.0,3.25
A,0,4111119064574300,-0.321,1.0,1.0,1.0,1.0,0.0,4.0,2.68,8.0,5.0,2.9375
A,0,4242423466157066,-0.0533,1.0,1.0,1.0,1.0,1.0,4.0,2.7028,8.0,4.0,3.875
A,0,4111115862154055,0.0745,1.0,1.0,1.0,1.0,0.0,4.0,2.4056,7.0,6.0,3.125
A,0,4111110077601420,-0.0748,1.0,1.0,1.0,1.0,0.0,4.0,2.2806,6.0,6.0,2.25
A,0,4111119378309542,-0.0381,1.0,1.0,1.0,1.0,0.0,4.0,2.8994,9.0,5.0,3.6875
A,0,4111117931482525,-0.3644,1.0,1.0,1.0,1.0,0.0,4.0,2.6556,8.0,6.0,3.4375
A,0,4532018023555122,-0.1915,1.0,1.0,1.0,1.0,2.0,4.0,2.625,7.0,4.0,3.0
A,0,4242422780692212,-0.1173,1.0,1.0,1.0,1.0,1.0,4.0,2.4746,8.0,7.0,3.5625
A,0,4242420844102129,-0.1639,1.0,1.0,1.0,1.0,1.0,4.0,2.2988,6.0,5.0,3.0625
A,0,5555553590468332,0.0499,1.0,1.0,1.0,1.0,4.0,5.0,2.4746,8.0,7.0,4.5625
A,0,5555552920766415,0.0881,1.0,1.0,1.0,1.0,4.0,5.0,2.5218,8.0,7.0,4.5
A,0,4111113219850277,-0.3338,1.0,1.0,1.0,1.0,0.0,4.0,2.7806,9.0,6.0,3.3125
A,0,5105103788866114,-0.0454,1.0,1.0,1.0,1.0,3.0,5.0,2.8278,8.0,4.0,4.0
A,0,4111113140325712,-0.0607,1.0,1.0,1.0,1.0,0.0,4.0,2.3968,7.0,7.0,2.3125
A,0,4532013306662620,-0.2327,1.0,1.0,1.0,1.0,2.0,4.0,2.6085,7.0,4.0,3.0625
A,0,4111119953747272,0.4096,1.0,1.0,1.0,1.0,0.0,4.0,2.6022,7.0,5.0,4.0
A,0,4111112463194820,-0.303,1.0,1.0,1.0,1.0,0.0,4.0,2.6085,8.0,6.0,3.0
A,0,4532017361179859,0.4231,1.0,1.0,1.0,1.0,2.0,4.0,3.2028,10.0,3.0,4.4375
A,0,6011007460860272,0.0671,1.0,1.0,1.0,1.0,5.0,6.0,2.6022,7.0,5.0,3.125
A,0,4242420228536595,-0.1226,1.0,1.0,1.0,1.0,1.0,4.0,2.68,8.0,5.0,3.9375
A,0,5555552653982544,-0.0437,1.0,1.0,1.0,1.0,4.0,5.0,2.25,7.0,8.0,4.875
A,0,4242428605183931,-0.0437,1.0,1.0,1.0,1.0,1.0,4.0,3.0306,9.0,3.0,3.875
A,0,6011005111474154,-0.3197,1.0,1.0,1.0,1.0,5.0,6.0,2.3113,6.0,6.0,2.5625
A,0,5105101082268250,0.1259,1.0,1.0,1.0,1.0,3.0,5.0,2.4835,6.0,4.0,2.875
A,0,4111111830829720,-0.4061,1.0,1.0,1.0,1.0,0.0,4.0,2.6556,8.0,6.0,3.0625
A,0,4111110466403545,-0.0447,1.0,1.0,1.0,1.0,0.0,4.0,2.3994,6.0,5.0,2.875
A,0,4111115078184417,0.0118,1.0,1.0,1.0,1.0,0.0,4.0,2.2246,6.0,7.0,3.375
A,0,5105100731001641,-0.4578,1.0,1.0,1.0,1.0,3.0,5.0,2.4238,7.0,5.0,2.1875
A,0,4111116563324849,-0.0905,1.0,1.0,1.0,1.0,0.0,4.0,2.7272,8.0,5.0,3.6875
A,0,4111116769675721,0.0971,1.0,1.0,1.0,1.0,0.0,4.0,2.4363,7.0,6.0,4.0625
A,0,4111115719971354,0.219,1.0,1.0,1.0,1.0,0.0,4.0,2.2718,6.0,7.0,3.75
A,0,4111116646711681,-0.0535,1.0,1.0,1.0,1.0,0.0,4.0,1.875,5.0,8.0,3.4375
A,0,4111110473591860,-0.1361,1.0,1.0,1.0,1.0,0.0,4.0,2.7806,9.0,6.0,3.25
A,0,4111117693573669,0.1636,1.0,1.0,1.0,1.0,0.0,4.0,2.6022,7.0,5.0,4.375
A,0,5105100521090846,-0.4518,1.0,1.0,1.0,1.0,3.0,5.0,2.68,8.0,5.0,2.9375
A,0,4242420260985585,0.1252,1.0,1.0,1.0,1.0,1.0,4.0,2.6556,7.0,4.0,4.125
A,0,4242425093826864,-0.1648,1.0,1.0,1.0,1.0,1.0,4.0,2.75,8.0,4.0,4.3125
A,0,4242425814733191,0.0858,1.0,1.0,1.0,1.0,1.0,4.0,2.7806,8.0,4.0,3.75
A,0,4242426684956748,0.1007,1.0,1.0,1.0,1.0,1.0,4.0,2.555,7.0,5.0,5.0625
A,0,4111110554452107,0.2418,1.0,1.0,1.0,1.0,0.0,4.0,2.3113,6.0,6.0,2.625
A,0,5105103985305890,0.1875,1.0,1.0,1.0,1.0,3.0,5.0,2.5,6.0,4.0,3.875
A,0,4111119746272729,0.0165,1.0,1.0,1.0,1.0,0.0,4.0,2.43,6.0,5.0,4.0
A,0,6011004644618676,-0.2819,1.0,1.0,1.0,1.0,5.0,6.0,2.3829,6.0,5.0,3.75
A,0,4111119231129152,-0.3156,1.0,1.0,1.0,1.0,0.0,4.0,2.0778,6.0,8.0,2.75
A,0,4111112024678907,-0.101,1.0,1.0,1.0,1.0,0.0,4.0,2.7744,8.0,5.0,3.375
A,0,4111115574160291,-0.5238,1.0,1.0,1.0,1.0,0.0,4.0,2.5218,8.0,7.0,3.0625
A,0,4532019335634753,0.0919,1.0,1.0,1.0,1.0,2.0,4.0,2.8522,9.0,5.0,3.9375
A,0,4242422760587150,-0.0735,1.0,1.0,1.0,1.0,1.0,4.0,2.8278,8.0,4.0,3.6875
A,0,4242425392585062,-0.1226,1.0,1.0,1.0,1.0,1.0,4.0,2.68,8.0,5.0,3.9375
A,0,5555556320911869,0.2072,1.0,1.0,1.0,1.0,4.0,5.0,2.6556,8.0,6.0,4.6875
A,0,4111117404167587,-0.0808,1.0,1.0,1.0,1.0,0.0,4.0,2.4363,7.0,6.0,3.625
A,0,4111114926894871,0.408,1.0,1.0,1.0,1.0,0.0,4.0,2.4835,7.0,6.0,4.1875
A,0,4242428800142807,0.048,1.0,1.0,1.0,1.0,1.0,4.0,2.4056,6.0,4.0,3.5
A,0,4242421864113715,-0.2149,1.0,1.0,1.0,1.0,1.0,4.0,2.7028,8.0,4.0,3.4375
A,0,5555556041389247,0.0615,1.0,1.0,1.0,1.0,4.0,5.0,2.9056,10.0,6.0,4.625
A,0,4111116537542328,-0.101,1.0,1.0,1.0,1.0,0.0,4.0,2.7744,8.0,5.0,3.375
A,0,4111112555958611,0.0366,1.0,1.0,1.0,1.0,0.0,4.0,2.2718,7.0,7.0,3.5
A,0,4111114517609761,-0.0577,1.0,1.0,1.0,1.0,0.0,4.0,2.3968,7.0,7.0,3.4375
A,0,6011006349326679,-0.4193,1.0,1.0,1.0,1.0,5.0,6.0,2.8278,8.0,4.0,3.9375
A,0,4242420770848232,-0.1604,1.0,1.0,1.0,1.0,1.0,4.0,2.3994,6.0,5.0,3.6875
A,0,4532015747634217,-0.1693,1.0,1.0,1.0,1.0,2.0,4.0,2.9056,8.0,3.0,3.8125
A,0,6011001504610926,-0.4368,1.0,1.0,1.0,1.0,5.0,6.0,2.4772,7.0,5.0,2.625
A,0,4111112714668085,-0.1785,1.0,1.0,1.0,1.0,0.0,4.0,2.6556,8.0,6.0,3.5
A,0,4242421174203297,-0.0496,1.0,1.0,1.0,1.0,1.0,4.0,2.5244,7.0,5.0,3.375
A,0,4242427520580536,-0.1092,1.0,1.0,1.0,1.0,1.0,4.0,2.7806,8.0,4.0,3.6875
A,0,4111114238643693,-0.1985,1.0,1.0,1.0,1.0,0.0,4.0,2.555,7.0,5.0,3.5625
A,0,4242423414510952,0.0231,1.0,1.0,1.0,1.0,1.0,4.0,2.5244,7.0,5.0,3.25
A,0,4242423136736448,-0.1539,1.0,1.0,1.0,1.0,1.0,4.0,2.555,7.0,5.0,3.9375
A,0,4111113602854076,0.1399,1.0,1.0,1.0,1.0,0.0,4.0,2.8994,9.0,5.0,3.125
A,0,5105109155693627,-0.0454,1.0,1.0,1.0,1.0,3.0,5.0,2.8278,8.0,4.0,4.0625
A,0,4532014473221463,-0.1692,1.0,1.0,1.0,1.0,2.0,4.0,2.7806,8.0,4.0,3.1875
A,0,4242422413674769,-0.0279,1.0,1.0,1.0,1.0,1.0,4.0,2.5244,7.0,5.0,4.1875
A,0,4532013449645409,0.0262,1.0,1.0,1.0,1.0,2.0,4.0,2.7744,8.0,5.0,3.9375
A,0,4111110644797677,0.0084,1.0,1.0,1.0,1.0,0.0,4.0,2.3522,6.0,5.0,4.125
A,0,4242423113449817,-0.1882,1.0,1.0,1.0,1.0,1.0,4.0,2.555,7.0,5.0,3.6875
A,0,4111118173239748,0.0735,1.0,1.0,1.0,1.0,0.0,4.0,2.5306,7.0,6.0,3.8125
A,0,4242420623683083,0.0443,1.0,1.0,1.0,1.0,1.0,4.0,2.5306,6.0,4.0,3.5625
A,0,4532012898053776,-1.7207,1.0,1.0,1.0,1.0,2.0,4.0,3.25,10.0,2.0,4.375
A,0,4242420860892751,0.3565,1.0,1.0,1.0,1.0,1.0,4.0,2.9528,9.0,4.0,4.0
A,0,4111117578741357,0.2176,1.0,1.0,1.0,1.0,0.0,4.0,2.2806,6.0,6.0,3.9375
A,0,4111114232008299,-0.0453,1.0,1.0,1.0,1.0,0.0,4.0,2.6022,7.0,5.0,3.0
A,0,4111110117110481,1.3809,1.0,1.0,1.0,1.0,0.0,4.0,1.6738,5.0,10.0,2.0625
A,0,4532014449671999,0.6979,1.0,1.0,1.0,1.0,2.0,4.0,2.875,9.0,4.0,4.8125
A,0,6011005022021631,-1.4043,1.0,1.0,1.0,1.0,5.0,6.0,2.3522,6.0,5.0,1.875
A,0,4242422464373626,-0.1733,1.0,1.0,1.0,1.0,1.0,4.0,2.1266,5.0,5.0,3.8125
A,0,5555551346342900,-0.0674,1.0,1.0,1.0,1.0,4.0,5.0,2.6556,8.0,6.0,3.875
A,0,4111117942604075,-0.2271,1.0,1.0,1.0,1.0,0.0,4.0,2.7272,8.0,5.0,3.3125
A,0,4111110049009629,-0.1057,1.0,1.0,1.0,1.0,0.0,4.0,2.3522,6.0,5.0,3.0
A,0,4111119074459385,0.018,1.0,1.0,1.0,1.0,0.0,4.0,2.7272,8.0,5.0,3.9375
A,0,5105106075871721,0.2622,1.0,1.0,1.0,1.0,3.0,5.0,2.6085,7.0,4.0,3.5
A,0,4111112503713415,0.163,1.0,1.0,1.0,1.0,0.0,4.0,2.3968,7.0,7.0,2.5
A,0,4111116159214701,-0.41,1.0,1.0,1.0,1.0,0.0,4.0,2.375,8.0,8.0,2.8125
A,0,4242427065219979,-0.2014,1.0,1.0,1.0,1.0,1.0,4.0,2.7806,8.0,4.0,4.5625
A,0,4111115577401007,-0.0269,1.0,1.0,1.0,1.0,0.0,4.0,2.1863,5.0,6.0,2.8125
A,0,4111118509443642,-0.1505,1.0,1.0,1.0,1.0,0.0,4.0,2.7744,9.0,5.0,3.375
A,0,4111111431863367,0.198,1.0,1.0,1.0,1.0,0.0,4.0,2.2246,6.0,7.0,3.1875
A,0,4111110593366227,0.024,1.0,1.0,1.0,1.0,0.0,4.0,2.8994,9.0,5.0,3.25
A,0,4532015516566665,-0.2099,1.0,1.0,1.0,1.0,2.0,4.0,2.4238,7.0,5.0,4.125
A,0,4111115295621878,-0.0319,1.0,1.0,1.0,1.0,0.0,4.0,2.6556,8.0,6.0,3.875
A,0,4111110745161948,-0.4636,1.0,1.0,1.0,1.0,0.0,4.0,2.4746,8.0,7.0,3.375
A,0,6011004432529507,-0.0276,1.0,1.0,1.0,1.0,5.0,6.0,3.0,9.0,4.0,3.0625
A,0,5105105677106478,-0.0297,1.0,1.0,1.0,1.0,3.0,5.0,2.6863,7.0,3.0,3.9375
A,0,6011006435425948,0.2789,1.0,1.0,1.0,1.0,5.0,6.0,3.0306,9.0,3.0,3.625
A,0,4111116866132147,0.0276,1.0,1.0,1.0,1.0,0.0,4.0,2.3496,7.0,7.0,3.3125
A,0,4532012759297322,0.0262,1.0,1.0,1.0,1.0,2.0,4.0,2.7744,8.0,5.0,3.9375
A,0,4111111490588905,0.0912,1.0,1.0,1.0,1.0,0.0,4.0,2.4056,6.0,6.0,3.625
A,0,4111111885386857,0.0195,1.0,1.0,1.0,1.0,0.0,4.0,2.4056,7.0,6.0,4.25
A,0,4111114711426392,-0.0758,1.0,1.0,1.0,1.0,0.0,4.0,2.3496,7.0,7.0,3.0
A,0,5105103894570881,-0.0946,1.0,1.0,1.0,1.0,3.0,5.0,2.8113,8.0,3.0,4.0625
A,0,5555557557467518,-1.8949,1.0,1.0,1.0,1.0,4.0,5.0,1.9197,6.0,9.0,5.3125
A,0,4111113241125649,0.0916,1.0,1.0,1.0,1.0,0.0,4.0,2.3496,7.0,7.0,2.875
A,0,5105107969310446,-0.3269,1.0,1.0,1.0,1.0,3.0,5.0,2.9056,8.0,3.0,3.8125
A,0,5555553516091309,0.0302,1.0,1.0,1.0,1.0,4.0,5.0,2.2718,6.0,7.0,4.1875
A,0,6011008001289062,-0.2125,1.0,1.0,1.0,1.0,5.0,6.0,2.3585,6.0,6.0,2.75
A,0,4242421831137854,-0.032,1.0,1.0,1.0,1.0,1.0,4.0,2.6556,7.0,4.0,3.6875
A,0,4111113257392232,-0.0453,1.0,1.0,1.0,1.0,0.0,4.0,2.4772,7.0,5.0,2.9375
A,0,4242427414427158,0.0202,1.0,1.0,1.0,1.0,1.0,4.0,2.2806,6.0,6.0,3.8125
A,0,4532012791447950,-0.0286,1.0,1.0,1.0,1.0,2.0,4.0,2.9528,8.0,3.0,3.9375
A,0,4111119831140567,-0.857,1.0,1.0,1.0,1.0,0.0,4.0,2.6468,9.0,7.0,3.3125
A,0,5555551202452223,-0.4768,1.0,1.0,1.0,1.0,4.0,5.0,2.0462,6.0,7.0,3.3125
A,0,4242426815326134,0.2243,1.0,1.0,1.0,1.0,1.0,4.0,2.625,7.0,4.0,3.5625
A,0,4532012311602258,0.1457,1.0,1.0,1.0,1.0,2.0,4.0,2.8278,8.0,4.0,2.8125
A,0,4111113472053999,0.1624,1.0,1.0,1.0,1.0,0.0,4.0,2.7272,8.0,5.0,3.75
A,0,4242422688383237,-0.4488,1.0,1.0,1.0,1.0,1.0,4.0,2.3829,6.0,5.0,4.25
A,0,4242424926465602,-0.295,1.0,1.0,1.0,1.0,1.0,4.0,2.2516,6.0,5.0,3.875
A,0,4532015127939483,0.2292,1.0,1.0,1.0,1.0,2.0,4.0,3.0778,9.0,3.0,4.125
A,0,4111110114183259,-0.2854,1.0,1.0,1.0,1.0,0.0,4.0,2.375,8.0,8.0,2.6875
A,0,4242428831868222,-0.1169,1.0,1.0,1.0,1.0,1.0,4.0,2.2335,6.0,6.0,4.125
A,0,4242425050031151,-0.7934,1.0,1.0,1.0,1.0,1.0,4.0,2.5141,6.0,3.0,2.4375
A,0,4111110607460545,-0.1329,1.0,1.0,1.0,1.0,0.0,4.0,2.43,6.0,5.0,2.875
A,0,4111111679642762,-0.1122,1.0,1.0,1.0,1.0,0.0,4.0,2.3585,6.0,6.0,3.6875
A,0,5555552529718346,0.1053,1.0,1.0,1.0,1.0,4.0,5.0,2.6468,9.0,7.0,4.8125
A,0,4111114295422346,0.0519,1.0,1.0,1.0,1.0,0.0,4.0,2.4772,7.0,5.0,3.125
A,0,4242429730459014,0.1053,1.0,1.0,1.0,1.0,1.0,4.0,2.7272,8.0,5.0,3.75
A,0,4532015535398710,0.0023,1.0,1.0,1.0,1.0,2.0,4.0,2.9528,9.0,4.0,3.8125
A,0,5105101070738322,0.151,1.0,1.0,1.0,1.0,3.0,5.0,2.7028,7.0,4.0,2.8125
A,0,6011009521637970,-0.1183,1.0,1.0,1.0,1.0,5.0,6.0,2.8278,8.0,4.0,3.5625
A,0,4111114248028489,0.1572,1.0,1.0,1.0,1.0,0.0,4.0,2.3522,6.0,5.0,3.625
A,0,4242424174139438,0.1919,1.0,1.0,1.0,1.0,1.0,4.0,2.4835,7.0,6.0,3.875
A,0,5105105693287260,-0.2336,1.0,1.0,1.0,1.0,3.0,5.0,3.0306,9.0,3.0,3.75
A,0,4242425356359454,-0.2219,1.0,1.0,1.0,1.0,1.0,4.0,2.3522,6.0,5.0,4.1875
A,0,4532013172469951,0.1349,1.0,1.0,1.0,1.0,2.0,4.0,3.0778,9.0,3.0,3.875
A,0,4532013873212858,-0.1188,1.0,1.0,1.0,1.0,2.0,4.0,2.8585,8.0,3.0,3.875
A,0,4532012650701257,-0.0458,1.0,1.0,1.0,1.0,2.0,4.0,2.8585,8.0,3.0,3.125
A,0,4532013538430465,-0.0457,1.0,1.0,1.0,1.0,2.0,4.0,2.7806,8.0,4.0,3.5
A,0,4242424936287038,0.008,1.0,1.0,1.0,1.0,1.0,4.0,2.75,8.0,4.0,4.25
A,0,5105102962888936,-0.5984,1.0,1.0,1.0,1.0,3.0,5.0,2.9528,8.0,3.0,4.5625
A,0,4111111430346919,-0.1514,1.0,1.0,1.0,1.0,0.0,4.0,2.2246,6.0,7.0,3.0625
A,0,4111118080771270,0.0367,1.0,1.0,1.0,1.0,0.0,4.0,2.3113,6.0,6.0,3.0625
A,0,4242423248027132,0.0238,1.0,1.0,1.0,1.0,1.0,4.0,2.4056,7.0,6.0,3.125
A,0,4532016650467868,0.3326,1.0,1.0,1.0,1.0,2.0,4.0,3.0,9.0,4.0,4.4375
A,0,4111117128324902,-0.1266,1.0,1.0,1.0,1.0,0.0,4.0,2.6085,8.0,6.0,2.9375
A,0,4111111097613965,-0.1397,1.0,1.0,1.0,1.0,0.0,4.0,2.5218,8.0,7.0,3.5
A,0,5105104303787041,-0.232,1.0,1.0,1.0,1.0,3.0,5.0,2.7028,7.0,4.0,3.0625
A,0,6011000853776494,0.0268,1.0,1.0,1.0,1.0,5.0,6.0,3.0,9.0,4.0,3.8125
A,0,4242420042575332,-0.4392,1.0,1.0,1.0,1.0,1.0,4.0,2.3994,6.0,5.0,3.0625
A,0,4111114914360661,-0.1514,1.0,1.0,1.0,1.0,0.0,4.0,2.1774,6.0,7.0,3.0625
A,0,4111117146661699,0.5493,1.0,1.0,1.0,1.0,0.0,4.0,2.0218,5.0,7.0,4.0
A,0,4242427229741926,-0.0913,1.0,1.0,1.0,1.0,1.0,4.0,2.2806,6.0,6.0,4.1875
A,0,4242421206361832,0.1344,1.0,1.0,1.0,1.0,1.0,4.0,2.6022,7.0,5.0,3.125
A,0,4532013669517254,0.2075,1.0,1.0,1.0,1.0,2.0,4.0,3.0778,9.0,3.0,3.9375
A,0,5555556853027745,0.5726,1.0,1.0,1.0,1.0,4.0,5.0,2.375,8.0,8.0,4.8125
A,0,4242421332780699,0.3579,1.0,1.0,1.0,1.0,1.0,4.0,2.9528,9.0,4.0,4.125
A,0,4111118354082198,0.1428,1.0,1.0,1.0,1.0,0.0,4.0,2.6085,8.0,6.0,3.5625
A,0,5555551393588629,-0.4161,1.0,1.0,1.0,1.0,4.0,5.0,2.3968,7.0,7.0,5.25
A,0,4111110580184385,0.1098,1.0,1.0,1.0,1.0,0.0,4.0,2.3585,6.0,6.0,3.1875
A,0,4111119428092197,0.4097,1.0,1.0,1.0,1.0,0.0,4.0,2.4835,7.0,6.0,3.75
A,0,4242427774466911,-0.3856,1.0,1.0,1.0,1.0,1.0,4.0,2.43,6.0,5.0,4.375
A,0,4242422556898647,-0.1634,1.0,1.0,1.0,1.0,1.0,4.0,2.625,7.0,4.0,4.875
A,0,5105106119118360,-0.0512,1.0,1.0,1.0,1.0,3.0,5.0,2.4835,7.0,6.0,3.0
A,0,4111119842343606,-0.2084,1.0,1.0,1.0,1.0,0.0,4.0,2.7272,8.0,5.0,3.375
A,0,4111117037082179,-0.2068,1.0,1.0,1.0,1.0,0.0,4.0,2.6085,8.0,6.0,3.3125
A,0,5105106193027768,-0.6509,1.0,1.0,1.0,1.0,3.0,5.0,3.0306,9.0,3.0,3.8125
A,0,6011007023848384,-0.49,1.0,1.0,1.0,1.0,5.0,6.0,2.8278,8.0,4.0,3.4375
A,0,4242423150863789,-0.0052,1.0,1.0,1.0,1.0,1.0,4.0,3.1556,10.0,3.0,4.25
A,0,4111113816943780,0.0295,1.0,1.0,1.0,1.0,0.0,4.0,2.6556,8.0,6.0,3.625
A,0,4111117497237347,0.0174,1.0,1.0,1.0,1.0,0.0,4.0,2.3522,6.0,5.0,3.875
A,0,4532014784848376,0.0536,1.0,1.0,1.0,1.0,2.0,4.0,2.9528,9.0,4.0,4.625
A,0,5555555634057203,0.387,1.0,1.0,1.0,1.0,4.0,5.0,2.25,7.0,8.0,4.0625
A,0,4242424923750162,0.1819,1.0,1.0,1.0,1.0,1.0,4.0,2.7744,9.0,5.0,3.5625
A,0,4242423521908982,0.1245,1.0,1.0,1.0,1.0,1.0,4.0,2.7272,8.0,5.0,4.0625
A,0,4111115463693899,0.2887,1.0,1.0,1.0,1.0,0.0,4.0,2.6022,7.0,5.0,4.4375
A,0,4111110313397007,0.2418,1.0,1.0,1.0,1.0,0.0,4.0,2.3113,6.0,6.0,2.625
A,0,4532017047253359,0.0128,1.0,1.0,1.0,1.0,2.0,4.0,2.9056,8.0,3.0,3.75
A,0,4111113607857744,0.0953,1.0,1.0,1.0,1.0,0.0,4.0,2.68,8.0,5.0,3.75
A,0,4242424217110149,-0.3069,1.0,1.0,1.0,1.0,1.0,4.0,2.2744,6.0,5.0,3.0
A,0,4111115044658072,-0.0294,1.0,1.0,1.0,1.0,0.0,4.0,2.7272,8.0,5.0,3.125
A,0,4242420691292023,0.1915,1.0,1.0,1.0,1.0,1.0,4.0,2.4835,7.0,6.0,3.25
A,0,4111110381778500,-0.0142,1.0,1.0,1.0,1.0,0.0,4.0,2.4835,7.0,6.0,3.0
A,0,4111111915241320,-0.2869,1.0,1.0,1.0,1.0,0.0,4.0,2.25,7.0,8.0,2.3125
A,0,4242422887881643,-0.1951,1.0,1.0,1.0,1.0,1.0,4.0,2.5,7.0,4.0,4.5625
A,0,4111119759514371,0.219,1.0,1.0,1.0,1.0,0.0,4.0,2.2718,6.0,7.0,3.75
A,0,4111115907800878,-0.1552,1.0,1.0,1.0,1.0,0.0,4.0,2.555,7.0,5.0,3.8125
A,0,5555559175776718,0.0771,1.0,1.0,1.0,1.0,4.0,5.0,2.1468,6.0,7.0,5.5
A,0,4111113853310612,-0.2465,1.0,1.0,1.0,1.0,0.0,4.0,2.4746,8.0,7.0,2.5625
A,0,4242421924965732,0.3125,1.0,1.0,1.0,1.0,1.0,4.0,2.6494,8.0,5.0,4.125
A,0,5555559230910989,-0.3006,1.0,1.0,1.0,1.0,4.0,5.0,2.4056,7.0,6.0,5.0
A,0,4242425821871349,0.1339,1.0,1.0,1.0,1.0,1.0,4.0,2.75,8.0,4.0,4.125
A,0,5105100887732502,-0.0588,1.0,1.0,1.0,1.0,3.0,5.0,2.7028,7.0,4.0,3.375
A,0,5555554344687615,-0.3702,1.0,1.0,1.0,1.0,4.0,5.0,2.3496,7.0,7.0,4.875
A,0,4111117507554673,0.0334,1.0,1.0,1.0,1.0,0.0,4.0,2.555,7.0,5.0,3.625
A,0,4242423130453180,-0.0281,1.0,1.0,1.0,1.0,1.0,4.0,2.6556,7.0,4.0,2.875
A,0,5105103675221233,-0.1876,1.0,1.0,1.0,1.0,3.0,5.0,2.6863,7.0,3.0,2.875
A,0,4532011360660449,-0.3203,1.0,1.0,1.0,1.0,2.0,4.0,2.8585,8.0,3.0,3.375
A,0,4111116186804912,-0.0395,1.0,1.0,1.0,1.0,0.0,4.0,2.3968,7.0,7.0,3.375
A,0,6011007106137556,-0.3095,1.0,1.0,1.0,1.0,5.0,6.0,2.4528,6.0,4.0,3.0625
A,0,4532011853593107,0.2897,1.0,1.0,1.0,1.0,2.0,4.0,2.9835,9.0,3.0,3.5625
A,0,4111116963342318,0.129,1.0,1.0,1.0,1.0,0.0,4.0,2.4835,7.0,6.0,3.375
A,0,4532014147401814,-0.286,1.0,1.0,1.0,1.0,2.0,4.0,2.6494,8.0,5.0,3.0625
A,0,4242428222875687,-0.1652,1.0,1.0,1.0,1.0,1.0,4.0,2.3113,6.0,6.0,4.5625
A,0,4242428375964254,0.1767,1.0,1.0,1.0,1.0,1.0,4.0,2.6494,8.0,5.0,4.4375
A,0,4111112704158766,-0.3644,1.0,1.0,1.0,1.0,0.0,4.0,2.6556,8.0,6.0,3.4375
A,0,4111113756940416,-0.1882,1.0,1.0,1.0,1.0,0.0,4.0,2.6085,8.0,6.0,3.375
A,0,4242426660103463,0.1182,1.0,1.0,1.0,1.0,1.0,4.0,2.4528,6.0,4.0,3.3125
A,0,4532012868739891,0.7035,1.0,1.0,1.0,1.0,2.0,4.0,3.2028,10.0,3.0,4.75
A,0,4111115142327000,0.7786,1.0,1.0,1.0,1.0,0.0,4.0,2.4835,7.0,6.0,2.0625
A,0,4111113473502432,-0.3799,1.0,1.0,1.0,1.0,0.0,4.0,2.555,7.0,5.0,2.625
A,0,4242422641594524,0.1389,1.0,1.0,1.0,1.0,1.0,4.0,2.18,6.0,6.0,3.75
A,0,4532015974631019,0.2522,1.0,1.0,1.0,1.0,2.0,4.0,3.0778,9.0,3.0,3.75
A,0,4242426857333287,-0.2308,1.0,1.0,1.0,1.0,1.0,4.0,2.6556,7.0,4.0,4.375
A,0,4111110810179759,-0.1155,1.0,1.0,1.0,1.0,0.0,4.0,2.3968,7.0,7.0,3.5
A,0,4111110229932525,-0.2042,1.0,1.0,1.0,1.0,0.0,4.0,2.5244,7.0,5.0,3.0
A,0,5555556989381602,-1.0079,1.0,1.0,1.0,1.0,4.0,5.0,2.6556,8.0,6.0,5.125
A,0,4242422657944225,-0.0017,1.0,1.0,1.0,1.0,1.0,4.0,2.18,6.0,6.0,4.0
A,0,4111115007110186,-0.2088,1.0,1.0,1.0,1.0,0.0,4.0,2.2028,7.0,8.0,2.375
A,0,4242420813436037,-0.3006,1.0,1.0,1.0,1.0,1.0,4.0,2.7806,8.0,4.0,3.3125
A,0,4111119609265604,0.1391,1.0,1.0,1.0,1.0,0.0,4.0,2.6022,7.0,5.0,3.5
A,0,4111113616971874,-0.1054,1.0,1.0,1.0,1.0,0.0,4.0,2.3968,7.0,7.0,3.8125
A,0,4242424038735009,0.0411,1.0,1.0,1.0,1.0,1.0,4.0,2.7806,8.0,4.0,3.5625
A,0,4111112468521803,-0.365,1.0,1.0,1.0,1.0,0.0,4.0,2.6556,8.0,6.0,3.0
A,0,4111118314994995,-0.2277,1.0,1.0,1.0,1.0,0.0,4.0,2.2335,6.0,6.0,4.375
A,0,5105108353814985,0.1055,1.0,1.0,1.0,1.0,3.0,5.0,2.6556,7.0,4.0,4.125
A,0,4242423553918339,0.0434,1.0,1.0,1.0,1.0,1.0,4.0,2.6556,7.0,4.0,4.1875
A,0,4111111196347457,-0.0297,1.0,1.0,1.0,1.0,0.0,4.0,2.3496,7.0,7.0,3.5
A,0,4111115703238083,-0.1802,1.0,1.0,1.0,1.0,0.0,4.0,2.7272,8.0,5.0,3.0
A,0,5105103103324534,-0.4865,1.0,1.0,1.0,1.0,3.0,5.0,2.4835,6.0,4.0,2.5
A,0,4111113108543264,-0.1026,1.0,1.0,1.0,1.0,0.0,4.0,2.6085,8.0,6.0,2.8125
A,0,4111114471441169,-0.2939,1.0,1.0,1.0,1.0,0.0,4.0,1.7744,5.0,8.0,3.125
A,0,5105103972690726,-0.4765,1.0,1.0,1.0,1.0,3.0,5.0,2.9528,8.0,3.0,3.9375
A,0,6011000243623398,-0.4147,1.0,1.0,1.0,1.0,5.0,6.0,2.8278,8.0,4.0,3.0
A,0,5105107778832796,0.4437,1.0,1.0,1.0,1.0,3.0,5.0,3.0,9.0,4.0,4.75
A,0,4242422990965499,-0.96,1.0,1.0,1.0,1.0,1.0,4.0,2.2744,6.0,5.0,5.0
A,0,4111110555992499,0.0084,1.0,1.0,1.0,1.0,0.0,4.0,2.3522,6.0,5.0,4.125
A,0,4242420929598860,-0.1747,1.0,1.0,1.0,1.0,1.0,4.0,2.6556,7.0,4.0,4.625
A,0,4111111414510118,-1.3075,1.0,1.0,1.0,1.0,0.0,4.0,1.6266,5.0,10.0,2.1875
A,0,4111111164794292,0.0118,1.0,1.0,1.0,1.0,0.0,4.0,2.2246,6.0,7.0,3.375
A,0,5105105829412394,-0.2865,1.0,1.0,1.0,1.0,3.0,5.0,2.9056,8.0,3.0,3.6875
A,0,4242427539559430,-0.0007,1.0,1.0,1.0,1.0,1.0,4.0,2.6556,7.0,4.0,4.25
A,0,5555558495960275,-0.8315,1.0,1.0,1.0,1.0,4.0,5.0,2.375,8.0,8.0,5.3125
A,0,4111113746075364,0.1172,1.0,1.0,1.0,1.0,0.0,4.0,2.6022,7.0,5.0,3.375
A,0,5555551265863225,-0.2422,1.0,1.0,1.0,1.0,4.0,5.0,2.0778,6.0,8.0,4.375
A,0,5105105028213635,-0.0892,1.0,1.0,1.0,1.0,3.0,5.0,2.6556,7.0,4.0,2.9375
A,0,4242426770491683,0.0592,1.0,1.0,1.0,1.0,1.0,4.0,2.9528,9.0,4.0,4.3125
A,0,4111112967943284,0.018,1.0,1.0,1.0,1.0,0.0,4.0,2.7272,8.0,5.0,3.9375
A,0,4242422653050696,0.163,1.0,1.0,1.0,1.0,1.0,4.0,2.6556,7.0,4.0,3.75
A,0,4242424320864665,-0.0685,1.0,1.0,1.0,1.0,1.0,4.0,2.4772,7.0,5.0,3.875
A,0,4242425019091254,-0.0529,1.0,1.0,1.0,1.0,1.0,4.0,2.5,6.0,4.0,3.375
A,0,5105106468392871,-0.441,1.0,1.0,1.0,1.0,3.0,5.0,3.2028,10.0,3.0,4.125
A,0,4242422020980153,-0.5724,1.0,1.0,1.0,1.0,1.0,4.0,2.68,8.0,5.0,3.0
T,1,4532015629163095,-0.1033,1.0,1.0,1.0,1.0,2.0,4.0,2.9528,8.0,3.0,3.8125
T,1,4242420558749982,0.3816,1.0,1.0,1.0,1.0,1.0,4.0,2.625,7.0,4.0,4.6875
T,1,4111116814235547,-0.1882,1.0,1.0,1.0,1.0,0.0,4.0,2.6085,8.0,6.0,3.375
T,1,4242428599553586,-0.5094,1.0,1.0,1.0,1.0,1.0,4.0,2.6556,7.0,4.0,5.0625
T,1,6011005356820376,-0.5148,1.0,1.0,1.0,1.0,5.0,6.0,2.8278,8.0,4.0,3.3125
T,1,4532012821429705,-0.1968,1.0,1.0,1.0,1.0,2.0,4.0,3.0,9.0,4.0,3.4375
T,1,4242423052164864,0.2932,1.0,1.0,1.0,1.0,1.0,4.0,2.6494,8.0,5.0,3.5625
T,1,4242420528800212,0.1515,1.0,1.0,1.0,1.0,1.0,4.0,2.3113,6.0,6.0,2.875
T,1,6011007737075662,0.0363,1.0,1.0,1.0,1.0,5.0,6.0,2.5778,7.0,4.0,3.625
T,1,4111119345173633,-0.0312,1.0,1.0,1.0,1.0,0.0,4.0,2.4056,7.0,6.0,3.3125
T,1,4111110831295550,-0.1266,1.0,1.0,1.0,1.0,0.0,4.0,2.6085,8.0,6.0,2.9375
T,1,5555559431426066,0.3415,1.0,1.0,1.0,1.0,4.0,5.0,2.6085,8.0,6.0,4.4375
T,1,5105101261999535,-0.198,1.0,1.0,1.0,1.0,3.0,5.0,2.5778,7.0,4.0,3.875
T,1,4242427361537264,0.1932,1.0,1.0,1.0,1.0,1.0,4.0,2.625,7.0,4.0,3.875
T,1,6011008070164055,0.3697,1.0,1.0,1.0,1.0,5.0,6.0,2.4835,7.0,6.0,2.75
T,1,5105104418164052,-0.0278,1.0,1.0,1.0,1.0,3.0,5.0,2.6085,7.0,4.0,2.9375
T,1,6011001092534488,0.3249,1.0,1.0,1.0,1.0,5.0,6.0,2.9528,9.0,4.0,3.25
T,1,5555553450436361,0.1389,1.0,1.0,1.0,1.0,4.0,5.0,2.2246,6.0,7.0,4.0625
T,1,4111119236201311,-0.2869,1.0,1.0,1.0,1.0,0.0,4.0,2.25,7.0,8.0,2.3125
T,1,4242424836446221,0.2356,1.0,1.0,1.0,1.0,1.0,4.0,2.18,6.0,6.0,3.625
T,1,5555559982783873,0.1889,1.0,1.0,1.0,1.0,4.0,5.0,2.3585,6.0,6.0,5.875
T,1,4532018789186864,1.5107,1.0,1.0,1.0,1.0,2.0,4.0,3.125,10.0,4.0,5.0
T,1,4532014809006026,0.1572,1.0,1.0,1.0,1.0,2.0,4.0,2.8994,9.0,5.0,3.125
T,1,4242425835822478,-0.4155,1.0,1.0,1.0,1.0,1.0,4.0,2.3522,6.0,5.0,4.375
T,1,4532019144715587,0.3258,1.0,1.0,1.0,1.0,2.0,4.0,2.9835,9.0,3.0,4.125
T,1,4111118721316667,-0.0297,1.0,1.0,1.0,1.0,0.0,4.0,2.3496,7.0,7.0,3.5
T,1,4111118741377582,0.1906,1.0,1.0,1.0,1.0,0.0,4.0,2.4835,7.0,6.0,3.8125
T,1,4111119179692450,0.1537,1.0,1.0,1.0,1.0,0.0,4.0,2.6085,8.0,6.0,3.8125
T,1,4111116457267898,0.2347,1.0,1.0,1.0,1.0,0.0,4.0,2.7744,8.0,5.0,4.4375
T,1,4532017944384646,0.1301,1.0,1.0,1.0,1.0,2.0,4.0,3.0244,10.0,5.0,4.375
T,1,4111117688969773,-0.2801,1.0,1.0,1.0,1.0,0.0,4.0,2.6022,7.0,5.0,4.9375
T,1,5555550600225348,0.3147,1.0,1.0,1.0,1.0,4.0,5.0,2.3496,7.0,7.0,3.75
T,1,4111119870665987,0.2489,1.0,1.0,1.0,1.0,0.0,4.0,2.7744,8.0,5.0,4.625
T,1,4111116830758233,-0.1843,1.0,1.0,1.0,1.0,0.0,4.0,2.8522,9.0,5.0,3.375
T,1,4111118119971594,-0.5702,1.0,1.0,1.0,1.0,0.0,4.0,2.0778,6.0,8.0,3.9375
T,1,4111111463353121,-0.836,1.0,1.0,1.0,1.0,0.0,4.0,2.0778,6.0,8.0,2.375
T,1,5105105800802381,-0.1887,1.0,1.0,1.0,1.0,3.0,5.0,2.3829,6.0,5.0,2.9375
T,1,4111113654412435,0.1691,1.0,1.0,1.0,1.0,0.0,4.0,2.2806,6.0,6.0,2.875
T,1,4242420131270696,-0.2405,1.0,1.0,1.0,1.0,1.0,4.0,2.8278,8.0,4.0,3.3125
T,1,5105108108382007,-0.6434,1.0,1.0,1.0,1.0,3.0,5.0,2.555,7.0,5.0,3.0625
T,1,4111110981654259,0.0295,1.0,1.0,1.0,1.0,0.0,4.0,2.6556,8.0,6.0,3.625
T,1,5105100050332874,0.2423,1.0,1.0,1.0,1.0,3.0,5.0,2.7272,8.0,5.0,2.75
T,1,4111114303913542,0.0694,1.0,1.0,1.0,1.0,0.0,4.0,2.4363,7.0,6.0,2.6875
T,1,6011004977076104,-0.1982,1.0,1.0,1.0,1.0,5.0,6.0,2.43,6.0,5.0,3.3125
T,1,5105101238225311,-0.4261,1.0,1.0,1.0,1.0,3.0,5.0,2.43,6.0,5.0,2.5
T,1,4532019404853607,-0.1759,1.0,1.0,1.0,1.0,2.0,4.0,3.1556,10.0,3.0,3.8125
T,1,6011006688958074,0.0357,1.0,1.0,1.0,1.0,5.0,6.0,2.7806,8.0,4.0,4.3125
T,1,4111110903119274,0.0388,1.0,1.0,1.0,1.0,0.0,4.0,2.3968,7.0,7.0,2.8125
T,1,4111118983837640,0.2267,1.0,1.0,1.0,1.0,0.0,4.0,2.7272,8.0,5.0,4.0625
T,1,4532015186004690,-0.2218,1.0,1.0,1.0,1.0,2.0,4.0,3.0,9.0,4.0,3.375
T,1,6011001581699255,-0.0819,1.0,1.0,1.0,1.0,5.0,6.0,2.6556,7.0,4.0,3.6875
T,1,4242425944601482,-0.0363,1.0,1.0,1.0,1.0,1.0,4.0,2.5306,8.0,6.0,3.8125
T,1,5555559632351725,0.5068,1.0,1.0,1.0,1.0,4.0,5.0,2.25,7.0,8.0,4.5625
T,1,4111119179488479,0.635,1.0,1.0,1.0,1.0,0.0,4.0,2.1863,5.0,6.0,4.6875
T,1,4242425494900177,0.2936,1.0,1.0,1.0,1.0,1.0,4.0,2.6022,7.0,5.0,4.0
T,1,4242421424636411,0.0499,1.0,1.0,1.0,1.0,1.0,4.0,2.1085,5.0,6.0,3.125
T,1,4111112740574877,0.1772,1.0,1.0,1.0,1.0,0.0,4.0,2.4772,7.0,5.0,3.75
T,1,4111112741754288,-0.137,1.0,1.0,1.0,1.0,0.0,4.0,2.3585,6.0,6.0,3.5625
T,1,4111111509313915,0.0976,1.0,1.0,1.0,1.0,0.0,4.0,2.125,6.0,8.0,2.875
T,1,5555551818007726,0.2198,1.0,1.0,1.0,1.0,4.0,5.0,2.5306,7.0,6.0,4.375
T,1,4111113784141110,-0.2001,1.0,1.0,1.0,1.0,0.0,4.0,1.9197,6.0,9.0,2.4375
T,1,4532012465255119,-0.319,1.0,1.0,1.0,1.0,2.0,4.0,2.7806,8.0,4.0,3.4375
T,1,4532014659142434,0.1422,1.0,1.0,1.0,1.0,2.0,4.0,2.7744,8.0,5.0,3.5625
T,1,4242427986359995,-0.0768,1.0,1.0,1.0,1.0,1.0,4.0,2.7806,8.0,4.0,5.5
T,1,4111113123861188,-0.2424,1.0,1.0,1.0,1.0,0.0,4.0,2.0778,6.0,8.0,3.125
T,1,4532011537781334,0.0753,1.0,1.0,1.0,1.0,2.0,4.0,2.8278,8.0,4.0,3.5625
T,1,4242425405137257,-0.1074,1.0,1.0,1.0,1.0,1.0,4.0,2.5778,7.0,4.0,3.5625
T,1,4111110509284506,-0.1802,1.0,1.0,1.0,1.0,0.0,4.0,2.7272,8.0,5.0,3.0
T,1,4242423179435270,-0.0356,1.0,1.0,1.0,1.0,1.0,4.0,2.75,8.0,4.0,3.6875
T,1,4111118461832105,-0.3063,1.0,1.0,1.0,1.0,0.0,4.0,2.5218,8.0,7.0,2.9375
T,1,4111110577971117,-0.5369,1.0,1.0,1.0,1.0,0.0,4.0,2.0,6.0,8.0,3.375
T,1,4111118956700205,0.1616,1.0,1.0,1.0,1.0,0.0,4.0,2.8522,9.0,5.0,3.1875
T,1,5105101268187118,0.2774,1.0,1.0,1.0,1.0,3.0,5.0,2.4835,7.0,6.0,3.4375
T,1,6011005991951651,0.3305,1.0,1.0,1.0,1.0,5.0,6.0,2.2579,5.0,5.0,3.6875
T,1,4111111140519037,0.1455,1.0,1.0,1.0,1.0,0.0,4.0,2.25,7.0,8.0,2.5
T,1,5555554039327063,0.3504,1.0,1.0,1.0,1.0,4.0,5.0,2.6085,8.0,6.0,4.1875
T,1,4242421251579973,0.1215,1.0,1.0,1.0,1.0,1.0,4.0,2.7028,7.0,4.0,4.1875
T,1,4532017033991863,0.4031,1.0,1.0,1.0,1.0,2.0,4.0,3.125,10.0,4.0,4.0
T,1,5555559082583769,0.6693,1.0,1.0,1.0,1.0,4.0,5.0,2.5218,8.0,7.0,5.4375
T,1,4532018178921954,0.0102,1.0,1.0,1.0,1.0,2.0,4.0,3.0778,9.0,3.0,4.3125
T,1,4111118616507008,0.216,1.0,1.0,1.0,1.0,0.0,4.0,2.4835,7.0,6.0,3.125
T,1,4111110724113969,-0.2005,1.0,1.0,1.0,1.0,0.0,4.0,2.5218,8.0,7.0,3.1875
T,1,4111119020911885,0.1467,1.0,1.0,1.0,1.0,0.0,4.0,2.3968,7.0,7.0,3.25
T,1,4111119103753675,-0.3644,1.0,1.0,1.0,1.0,0.0,4.0,2.6556,8.0,6.0,3.4375
T,1,4111112272108722,-0.074,1.0,1.0,1.0,1.0,0.0,4.0,2.18,6.0,6.0,2.625
T,1,6011007881260763,0.0412,1.0,1.0,1.0,1.0,5.0,6.0,2.6556,7.0,4.0,3.5
T,1,5105100223364457,-0.339,1.0,1.0,1.0,1.0,3.0,5.0,2.9056,8.0,3.0,3.0
T,1,4111114580011523,-0.0181,1.0,1.0,1.0,1.0,0.0,4.0,2.3968,7.0,7.0,2.375
T,1,5555555972929559,-1.424,1.0,1.0,1.0,1.0,4.0,5.0,1.5919,4.0,9.0,5.75
T,1,5105109576907689,-0.2449,1.0,1.0,1.0,1.0,3.0,5.0,2.7335,7.0,3.0,4.875
T,1,4242420494060155,-0.1018,1.0,1.0,1.0,1.0,1.0,4.0,2.555,7.0,5.0,3.25
T,1,4111117137136057,-0.117,1.0,1.0,1.0,1.0,0.0,4.0,2.3496,7.0,7.0,3.0625
T,1,4111110418339961,-0.0582,1.0,1.0,1.0,1.0,0.0,4.0,2.3968,7.0,7.0,3.3125
T,1,4242428624051846,-0.0291,1.0,1.0,1.0,1.0,1.0,4.0,2.5244,7.0,5.0,3.875
T,1,5555551660398629,0.3022,1.0,1.0,1.0,1.0,4.0,5.0,2.6085,8.0,6.0,5.0
T,1,4242428820978982,-0.8406,1.0,1.0,1.0,1.0,1.0,4.0,2.3522,6.0,5.0,4.9375
T,1,4111115676040904,-0.0988,1.0,1.0,1.0,1.0,0.0,4.0,2.555,7.0,5.0,3.125
T,1,5555557155660035,-1.1015,1.0,1.0,1.0,1.0,4.0,5.0,1.9669,6.0,9.0,4.25
T,1,5105103377223883,0.2721,1.0,1.0,1.0,1.0,3.0,5.0,2.75,7.0,4.0,3.625
T,1,4111116886190778,0.3229,1.0,1.0,1.0,1.0,0.0,4.0,2.4835,7.0,6.0,4.3125
T,1,4111119658936485,0.1947,1.0,1.0,1.0,1.0,0.0,4.0,2.6494,7.0,5.0,4.5
T,1,5555552995181888,1.2913,1.0,1.0,1.0,1.0,4.0,5.0,2.0218,5.0,7.0,5.5625
T,1,4242426385238438,-0.1869,1.0,1.0,1.0,1.0,1.0,4.0,2.4056,6.0,4.0,4.25
T,1,4242420581845427,-0.0291,1.0,1.0,1.0,1.0,1.0,4.0,2.5244,7.0,5.0,3.875
T,1,4111119579003878,0.3342,1.0,1.0,1.0,1.0,0.0,4.0,2.7744,8.0,5.0,4.0625
T,1,5105105133265298,-0.0762,1.0,1.0,1.0,1.0,3.0,5.0,2.8278,8.0,4.0,3.5
T,1,4242423205279874,0.3572,1.0,1.0,1.0,1.0,1.0,4.0,2.6494,8.0,5.0,4.0625
T,1,5555558047089946,0.3921,1.0,1.0,1.0,1.0,4.0,5.0,2.5306,7.0,6.0,5.3125
T,1,4242429261703467,-0.0013,1.0,1.0,1.0,1.0,1.0,4.0,2.75,8.0,4.0,3.9375
T,1,4111112368721966,0.0827,1.0,1.0,1.0,1.0,0.0,4.0,2.6085,8.0,6.0,3.6875
T,1,4111114571546669,0.2319,1.0,1.0,1.0,1.0,0.0,4.0,2.3113,6.0,6.0,3.875
T,1,4111116906290277,0.2315,1.0,1.0,1.0,1.0,0.0,4.0,2.6494,7.0,5.0,3.5625
T,1,6011001706706902,-0.2057,1.0,1.0,1.0,1.0,5.0,6.0,2.3113,6.0,6.0,2.875
T,1,4111118834294967,-0.0896,1.0,1.0,1.0,1.0,0.0,4.0,2.7272,8.0,5.0,4.3125
T,1,4111118926269018,0.2926,1.0,1.0,1.0,1.0,0.0,4.0,2.5306,7.0,6.0,3.75
T,1,4532014795688092,-1.6354,1.0,1.0,1.0,1.0,2.0,4.0,3.25,10.0,2.0,4.5625
T,1,4242421242505442,-0.8094,1.0,1.0,1.0,1.0,1.0,4.0,1.9363,5.0,6.0,2.9375
T,1,6011009942125753,0.0187,1.0,1.0,1.0,1.0,5.0,6.0,3.0306,9.0,3.0,3.4375
T,1,6011009519019371,-0.0072,1.0,1.0,1.0,1.0,5.0,6.0,2.4772,7.0,5.0,3.3125
T,1,4111119681591547,0.1332,1.0,1.0,1.0,1.0,0.0,4.0,2.3968,7.0,7.0,4.0
T,1,4532017886520454,0.108,1.0,1.0,1.0,1.0,2.0,4.0,3.0306,9.0,3.0,4.0
T,1,4111117075404145,-0.2289,1.0,1.0,1.0,1.0,0.0,4.0,2.1556,5.0,6.0,2.875
T,1,4111118099899484,0.541,1.0,1.0,1.0,1.0,0.0,4.0,2.18,5.0,5.0,4.8125
T,1,4532017371493019,-0.1289,1.0,1.0,1.0,1.0,2.0,4.0,2.9056,8.0,3.0,3.6875
T,1,4111111501153046,-0.5373,1.0,1.0,1.0,1.0,0.0,4.0,2.125,6.0,8.0,2.1875
T,1,5555557155161471,-0.5252,1.0,1.0,1.0,1.0,4.0,5.0,1.875,5.0,8.0,4.25
T,1,4532019075855956,0.0049,1.0,1.0,1.0,1.0,2.0,4.0,3.0244,10.0,5.0,4.625
T,1,5105105080354707,0.159,1.0,1.0,1.0,1.0,3.0,5.0,2.5244,7.0,5.0,3.1875
T,1,4532015755481295,0.2515,1.0,1.0,1.0,1.0,2.0,4.0,2.8994,9.0,5.0,4.125
T,1,5555557474016448,0.4103,1.0,1.0,1.0,1.0,4.0,5.0,2.4056,7.0,6.0,4.6875
T,1,4532015438118744,0.0956,1.0,1.0,1.0,1.0,2.0,4.0,2.8278,8.0,4.0,3.75
T,1,4111117558458287,-0.1273,1.0,1.0,1.0,1.0,0.0,4.0,2.43,6.0,5.0,4.25
T,1,4111110826647310,-0.1646,1.0,1.0,1.0,1.0,0.0,4.0,2.6556,8.0,6.0,2.875
T,1,4111114898742405,0.3951,1.0,1.0,1.0,1.0,0.0,4.0,2.6494,8.0,5.0,3.75
T,1,6011005898363398,0.1879,1.0,1.0,1.0,1.0,5.0,6.0,2.7335,7.0,3.0,4.375
T,1,4242421063153215,0.1133,1.0,1.0,1.0,1.0,1.0,4.0,2.6556,7.0,4.0,2.8125
T,1,4111110420593621,-0.009,1.0,1.0,1.0,1.0,0.0,4.0,2.6556,8.0,6.0,2.5625
T,1,4111117824854335,0.3133,1.0,1.0,1.0,1.0,0.0,4.0,2.6022,7.0,5.0,3.625
T,1,4111116778182024,0.0119,1.0,1.0,1.0,1.0,0.0,4.0,2.5306,7.0,6.0,3.375
T,1,4242422102968548,0.1773,1.0,1.0,1.0,1.0,1.0,4.0,2.6494,8.0,5.0,3.9375
T,1,4111116733990719,0.3146,1.0,1.0,1.0,1.0,0.0,4.0,2.4835,7.0,6.0,3.9375
T,1,4242424194777027,-0.1923,1.0,1.0,1.0,1.0,1.0,4.0,2.2744,6.0,5.0,4.125
T,1,4242421987265061,0.1766,1.0,1.0,1.0,1.0,1.0,4.0,2.9528,9.0,4.0,3.9375
T,1,4242424255639231,0.2355,1.0,1.0,1.0,1.0,1.0,4.0,2.5244,7.0,5.0,3.625
T,1,5105106637404839,-0.3706,1.0,1.0,1.0,1.0,3.0,5.0,3.0778,9.0,3.0,3.875
T,1,4532018697281096,-1.5092,1.0,1.0,1.0,1.0,2.0,4.0,3.25,10.0,2.0,4.4375
T,1,4111119440172357,-0.0728,1.0,1.0,1.0,1.0,0.0,4.0,2.6085,8.0,6.0,3.1875
T,1,5105106328632557,-0.1945,1.0,1.0,1.0,1.0,3.0,5.0,2.875,8.0,4.0,3.6875
T,1,4242425511488073,0.1215,1.0,1.0,1.0,1.0,1.0,4.0,2.8278,8.0,4.0,3.75
T,1,5555550028460477,0.3745,1.0,1.0,1.0,1.0,4.0,5.0,2.4835,7.0,6.0,4.25
T,1,5555556651969361,-0.0048,1.0,1.0,1.0,1.0,4.0,5.0,2.0218,5.0,7.0,5.125
T,1,5105104886299554,-0.3071,1.0,1.0,1.0,1.0,3.0,5.0,2.875,8.0,4.0,4.5
T,1,4532014324940113,-0.0281,1.0,1.0,1.0,1.0,2.0,4.0,2.6556,7.0,4.0,2.875
T,1,4242420562371088,0.3844,1.0,1.0,1.0,1.0,1.0,4.0,2.9528,9.0,4.0,3.625
T,1,4242429570514563,0.079,1.0,1.0,1.0,1.0,1.0,4.0,2.9056,9.0,4.0,3.9375
T,1,5105108156793881,-0.2196,1.0,1.0,1.0,1.0,3.0,5.0,2.7806,8.0,4.0,4.25
T,1,4111118480396769,0.0179,1.0,1.0,1.0,1.0,0.0,4.0,2.7744,8.0,5.0,4.3125
T,1,4111110823259499,0.1624,1.0,1.0,1.0,1.0,0.0,4.0,2.7272,8.0,5.0,3.75
T,1,4111113731837000,0.3013,1.0,1.0,1.0,1.0,0.0,4.0,2.3113,6.0,6.0,2.5625
T,1,4242428081913256,0.0023,1.0,1.0,1.0,1.0,1.0,4.0,2.9528,9.0,4.0,3.8125
T,1,4242422090610870,-0.0651,1.0,1.0,1.0,1.0,1.0,4.0,2.7028,8.0,4.0,3.1875
T,1,5105107739370712,0.2472,1.0,1.0,1.0,1.0,3.0,5.0,2.6556,7.0,4.0,3.625
T,1,4242420465685089,-0.1405,1.0,1.0,1.0,1.0,1.0,4.0,2.7028,7.0,4.0,4.3125
T,1,4242427529476389,0.0791,1.0,1.0,1.0,1.0,1.0,4.0,2.75,8.0,4.0,4.875
T,1,4532011399361019,0.0152,1.0,1.0,1.0,1.0,2.0,4.0,2.7806,8.0,4.0,3.5625
T,1,4111118101785911,1.6464,1.0,1.0,1.0,1.0,0.0,4.0,2.0919,7.0,9.0,3.125
T,1,4111110594811064,0.1006,1.0,1.0,1.0,1.0,0.0,4.0,2.3496,7.0,7.0,2.9375
T,1,4532012961496738,-1.7207,1.0,1.0,1.0,1.0,2.0,4.0,3.25,10.0,2.0,4.375
T,1,4242425960457454,-0.1738,1.0,1.0,1.0,1.0,1.0,4.0,2.4363,7.0,6.0,4.1875
T,1,4242423259348047,0.1773,1.0,1.0,1.0,1.0,1.0,4.0,2.6494,8.0,5.0,3.9375
T,1,4111113603003764,-0.4745,1.0,1.0,1.0,1.0,0.0,4.0,2.43,6.0,5.0,2.5625
T,1,4111114485869223,0.1624,1.0,1.0,1.0,1.0,0.0,4.0,2.7272,8.0,5.0,3.75
T,1,4532018399626457,-1.7406,1.0,1.0,1.0,1.0,2.0,4.0,3.25,10.0,2.0,4.625
T,1,4111111009435945,-0.1877,1.0,1.0,1.0,1.0,0.0,4.0,2.3585,6.0,6.0,3.0625
T,1,4111114954838766,-0.0896,1.0,1.0,1.0,1.0,0.0,4.0,2.7272,8.0,5.0,4.3125
T,1,5105102750723576,0.0714,1.0,1.0,1.0,1.0,3.0,5.0,2.6556,7.0,4.0,3.5
T,1,4111113746323707,-0.0512,1.0,1.0,1.0,1.0,0.0,4.0,2.555,7.0,5.0,3.1875
T,1,6011009870601494,0.1648,1.0,1.0,1.0,1.0,5.0,6.0,2.6022,7.0,5.0,3.5
T,1,6011000271890224,0.0612,1.0,1.0,1.0,1.0,5.0,6.0,2.68,8.0,5.0,2.6875
T,1,4111116301813517,-0.2928,1.0,1.0,1.0,1.0,0.0,4.0,2.375,8.0,8.0,2.75
T,1,4242425679263227,0.2595,1.0,1.0,1.0,1.0,1.0,4.0,2.4835,7.0,6.0,4.1875
T,1,5555551029263084,0.3437,1.0,1.0,1.0,1.0,4.0,5.0,2.7806,9.0,6.0,4.0625
T,1,5555554574504670,0.7225,1.0,1.0,1.0,1.0,4.0,5.0,1.9528,5.0,8.0,4.5
T,1,4111118110958301,0.0813,1.0,1.0,1.0,1.0,0.0,4.0,2.25,7.0,8.0,2.8125
T,1,4242424987639541,-0.0052,1.0,1.0,1.0,1.0,1.0,4.0,2.8522,9.0,5.0,4.625
T,1,4242421632532931,-0.1932,1.0,1.0,1.0,1.0,1.0,4.0,2.555,7.0,5.0,3.3125
T,1,4532019767447658,0.7957,1.0,1.0,1.0,1.0,2.0,4.0,3.1556,10.0,3.0,4.875
T,1,4532016051940315,-0.2437,1.0,1.0,1.0,1.0,2.0,4.0,2.8585,8.0,3.0,3.0625
T,1,4111116478524038,0.0155,1.0,1.0,1.0,1.0,0.0,4.0,2.8522,9.0,5.0,3.5
T,1,5555552625156953,0.0306,1.0,1.0,1.0,1.0,4.0,5.0,1.9669,6.0,9.0,4.625
T,1,4532011610630028,-0.6777,1.0,1.0,1.0,1.0,2.0,4.0,2.8278,8.0,4.0,2.625
T,1,5105102854902258,0.0137,1.0,1.0,1.0,1.0,3.0,5.0,2.6556,7.0,4.0,3.5625
T,1,4532018253114301,0.3322,1.0,1.0,1.0,1.0,2.0,4.0,2.7028,7.0,4.0,2.6875
T,1,4111119214530582,-0.365,1.0,1.0,1.0,1.0,0.0,4.0,2.6556,8.0,6.0,3.0
T,1,4242427903378987,-0.3669,1.0,1.0,1.0,1.0,1.0,4.0,2.7335,7.0,3.0,4.9375
T,1,5555558395839090,-0.063,1.0,1.0,1.0,1.0,4.0,5.0,2.0996,5.0,7.0,5.25
T,1,4532012783824968,0.1252,1.0,1.0,1.0,1.0,2.0,4.0,3.1556,10.0,3.0,4.5
T,1,4242426304926006,-0.0049,1.0,1.0,1.0,1.0,1.0,4.0,2.4056,6.0,4.0,3.375
T,1,4111119783225218,0.0818,1.0,1.0,1.0,1.0,0.0,4.0,2.6085,8.0,6.0,3.5
T,1,4242429651948938,0.07,1.0,1.0,1.0,1.0,1.0,4.0,2.7806,8.0,4.0,5.0
T,1,4111114536434993,-0.0652,1.0,1.0,1.0,1.0,0.0,4.0,2.3522,6.0,5.0,3.6875
T,1,4242421557641360,0.0402,1.0,1.0,1.0,1.0,1.0,4.0,2.8278,8.0,4.0,3.5
T,1,6011001893754111,0.0733,1.0,1.0,1.0,1.0,5.0,6.0,2.7335,9.0,6.0,3.0
T,1,4111110510330942,0.3411,1.0,1.0,1.0,1.0,0.0,4.0,2.4835,7.0,6.0,2.25
T,1,5105108992726236,-0.346,1.0,1.0,1.0,1.0,3.0,5.0,3.0778,9.0,3.0,4.125
T,1,4242424248979785,-0.3318,1.0,1.0,1.0,1.0,1.0,4.0,2.3994,6.0,5.0,5.0625
T,1,4242427205939296,-0.2982,1.0,1.0,1.0,1.0,1.0,4.0,2.68,8.0,5.0,4.375
T,1,4242427337347392,0.0616,1.0,1.0,1.0,1.0,1.0,4.0,2.2028,5.0,4.0,4.125
T,1,5105105084608595,0.1243,1.0,1.0,1.0,1.0,3.0,5.0,2.5244,7.0,5.0,3.875
T,1,4111110227433161,-0.0181,1.0,1.0,1.0,1.0,0.0,4.0,2.3968,7.0,7.0,2.375
T,1,5105105949254676,-0.3785,1.0,1.0,1.0,1.0,3.0,5.0,2.875,8.0,4.0,4.3125
T,1,5105101455062637,-0.26,1.0,1.0,1.0,1.0,3.0,5.0,2.7806,8.0,4.0,3.1875
T,1,4111111592841376,-0.8565,1.0,1.0,1.0,1.0,0.0,4.0,2.6468,9.0,7.0,3.4375
T,1,4111117221529357,0.2421,1.0,1.0,1.0,1.0,0.0,4.0,2.4835,7.0,6.0,3.25
T,1,4242429594779051,-0.1747,1.0,1.0,1.0,1.0,1.0,4.0,2.6556,7.0,4.0,4.625
T,1,5105106073943167,0.0368,1.0,1.0,1.0,1.0,3.0,5.0,2.9056,8.0,3.0,3.625
T,1,6011004279616961,-0.2625,1.0,1.0,1.0,1.0,5.0,6.0,2.5778,7.0,4.0,3.6875
T,1,4111115232055958,-0.0259,1.0,1.0,1.0,1.0,0.0,4.0,2.6494,8.0,5.0,3.3125
T,1,4532012984521264,0.3844,1.0,1.0,1.0,1.0,2.0,4.0,2.9528,9.0,4.0,3.625
T,1,5105105621707009,-0.6434,1.0,1.0,1.0,1.0,3.0,5.0,2.555,7.0,5.0,3.0625
T,1,4242423323456503,-0.1278,1.0,1.0,1.0,1.0,1.0,4.0,2.375,6.0,4.0,3.25
T,1,4111119568825802,0.018,1.0,1.0,1.0,1.0,0.0,4.0,2.7272,8.0,5.0,3.875
T,1,4242421165455153,-0.0049,1.0,1.0,1.0,1.0,1.0,4.0,2.4056,6.0,4.0,3.375
T,1,4242424369954443,-0.2353,1.0,1.0,1.0,1.0,1.0,4.0,2.2246,6.0,7.0,4.3125
T,1,4532016623095333,-0.1247,1.0,1.0,1.0,1.0,2.0,4.0,2.7744,8.0,5.0,3.4375
T,1,4242427684501468,-0.0019,1.0,1.0,1.0,1.0,1.0,4.0,2.7272,8.0,5.0,4.1875
T,1,4242421060983531,-0.0971,1.0,1.0,1.0,1.0,1.0,4.0,3.0306,9.0,3.0,3.375
T,1,4532019408636461,-0.0437,1.0,1.0,1.0,1.0,2.0,4.0,3.0306,9.0,3.0,3.875
T,1,4242420201845021,-0.3095,1.0,1.0,1.0,1.0,1.0,4.0,2.3522,6.0,5.0,2.5625
T,1,4111113248631425,0.1622,1.0,1.0,1.0,1.0,0.0,4.0,2.4835,7.0,6.0,2.9375
T,1,4111118741629370,-0.0907,1.0,1.0,1.0,1.0,0.0,4.0,2.7806,9.0,6.0,3.5
T,1,4111110863482621,-0.1725,1.0,1.0,1.0,1.0,0.0,4.0,2.5306,7.0,6.0,3.0625
T,1,4111110131593076,-0.1765,1.0,1.0,1.0,1.0,0.0,4.0,2.5218,8.0,7.0,2.75
T,1,4111112316989954,0.5556,1.0,1.0,1.0,1.0,0.0,4.0,2.6085,8.0,6.0,4.0625
T,1,4242420584197107,0.1215,1.0,1.0,1.0,1.0,1.0,4.0,2.8278,8.0,4.0,3.75
T,1,4111116171848262,0.0358,1.0,1.0,1.0,1.0,0.0,4.0,2.2718,6.0,7.0,3.375
T,1,4111119459767360,0.3342,1.0,1.0,1.0,1.0,0.0,4.0,2.7744,8.0,5.0,4.0625
T,1,5555558309247497,-1.0079,1.0,1.0,1.0,1.0,4.0,5.0,2.6556,8.0,6.0,5.1875
T,1,4111114331523503,0.1741,1.0,1.0,1.0,1.0,0.0,4.0,2.2806,6.0,6.0,2.375
T,1,4111116325643361,0.0778,1.0,1.0,1.0,1.0,0.0,4.0,2.3113,6.0,6.0,3.0
T,1,4532013059393613,0.1422,1.0,1.0,1.0,1.0,2.0,4.0,2.7744,8.0,5.0,3.5625
T,1,4242424697802298,-0.2294,1.0,1.0,1.0,1.0,1.0,4.0,2.5244,7.0,5.0,4.5625
T,1,4242422545996106,0.3608,1.0,1.0,1.0,1.0,1.0,4.0,2.625,7.0,4.0,4.0625
T,1,4532012824898252,0.0987,1.0,1.0,1.0,1.0,2.0,4.0,2.7272,8.0,5.0,4.0625
T,1,4532015418103237,-0.4749,1.0,1.0,1.0,1.0,2.0,4.0,2.9056,8.0,3.0,3.0625
T,1,4111111906123040,-0.2142,1.0,1.0,1.0,1.0,0.0,4.0,2.3496,7.0,7.0,2.1875
T,1,4111116122947163,0.1205,1.0,1.0,1.0,1.0,0.0,4.0,2.3968,7.0,7.0,3.125
T,1,4111119116828704,-0.4048,1.0,1.0,1.0,1.0,0.0,4.0,2.5218,8.0,7.0,3.4375
T,1,4111116008080782,-0.1784,1.0,1.0,1.0,1.0,0.0,4.0,2.4772,7.0,5.0,3.0
T,1,4111111281985989,0.0143,1.0,1.0,1.0,1.0,0.0,4.0,2.1774,6.0,7.0,4.3125
T,1,4111119394648022,-0.076,1.0,1.0,1.0,1.0,0.0,4.0,2.7272,8.0,5.0,3.5
T,1,4111112853112937,-0.2005,1.0,1.0,1.0,1.0,0.0,4.0,2.5218,8.0,7.0,3.125
T,1,5555551020033262,-0.0673,1.0,1.0,1.0,1.0,4.0,5.0,2.3113,6.0,6.0,3.0625
T,1,5105105852222710,0.0801,1.0,1.0,1.0,1.0,3.0,5.0,2.4056,6.0,4.0,2.875
T,1,4111118723082994,0.0508,1.0,1.0,1.0,1.0,0.0,4.0,2.7744,8.0,5.0,3.8125
T,1,4242429485259023,0.1115,1.0,1.0,1.0,1.0,1.0,4.0,2.5244,7.0,5.0,4.0625
T,1,4532018640012424,-0.0824,1.0,1.0,1.0,1.0,2.0,4.0,2.7806,8.0,4.0,2.875
T,1,4111112145949856,0.2653,1.0,1.0,1.0,1.0,0.0,4.0,2.4835,7.0,6.0,3.875
T,1,4111116429721386,-0.1175,1.0,1.0,1.0,1.0,0.0,4.0,2.6556,8.0,6.0,3.5625
T,1,4532013751896822,0.0984,1.0,1.0,1.0,1.0,2.0,4.0,3.2028,10.0,3.0,4.125
T,1,4111113477208747,0.1467,1.0,1.0,1.0,1.0,0.0,4.0,2.4772,7.0,5.0,3.625
T,1,4242427806403502,-0.2224,1.0,1.0,1.0,1.0,1.0,4.0,2.7028,8.0,4.0,3.3125
T,1,4242429806328416,0.1786,1.0,1.0,1.0,1.0,1.0,4.0,2.75,8.0,4.0,4.0625
T,1,4111114286607962,-0.0905,1.0,1.0,1.0,1.0,0.0,4.0,2.7272,8.0,5.0,3.6875
T,1,4111117422294900,-0.29,1.0,1.0,1.0,1.0,0.0,4.0,2.43,6.0,5.0,3.0
T,1,4532017035599151,0.0956,1.0,1.0,1.0,1.0,2.0,4.0,2.8278,8.0,4.0,3.75
T,1,4242428456529109,0.0521,1.0,1.0,1.0,1.0,1.0,4.0,2.75,8.0,4.0,4.1875
T,1,4242428865773710,0.1226,1.0,1.0,1.0,1.0,1.0,4.0,2.9835,9.0,3.0,4.375
T,1,4242423534894484,-0.2115,1.0,1.0,1.0,1.0,1.0,4.0,2.2246,6.0,7.0,4.375
T,1,4242420758438519,0.232,1.0,1.0,1.0,1.0,1.0,4.0,2.9528,9.0,4.0,4.25
T,1,4111112006457916,-0.4061,1.0,1.0,1.0,1.0,0.0,4.0,2.6556,8.0,6.0,3.0625
T,1,4242425637228528,0.3242,1.0,1.0,1.0,1.0,1.0,4.0,2.4835,7.0,6.0,4.125
T,1,4532017648397894,1.2951,1.0,1.0,1.0,1.0,2.0,4.0,3.2028,10.0,3.0,5.0
T,1,4242424590576353,0.105,1.0,1.0,1.0,1.0,1.0,4.0,2.7806,8.0,4.0,4.0625
T,1,4242420702356668,-0.1496,1.0,1.0,1.0,1.0,1.0,4.0,2.7806,8.0,4.0,3.8125
T,1,4111111889766500,-0.1776,1.0,1.0,1.0,1.0,0.0,4.0,2.6556,8.0,6.0,3.6875
T,1,4111117708793674,0.36,1.0,1.0,1.0,1.0,0.0,4.0,2.6494,8.0,5.0,4.1875
T,1,4242424759180401,0.0606,1.0,1.0,1.0,1.0,1.0,4.0,2.7272,8.0,5.0,3.5625
T,1,4242420329875421,0.0385,1.0,1.0,1.0,1.0,1.0,4.0,2.7744,9.0,5.0,3.6875
T,1,5555550257122145,-0.4879,1.0,1.0,1.0,1.0,4.0,5.0,2.0778,6.0,8.0,3.6875
T,1,4532014936595693,-0.2144,1.0,1.0,1.0,1.0,2.0,4.0,2.8585,8.0,3.0,4.625
T,1,4111118664093349,0.1247,1.0,1.0,1.0,1.0,0.0,4.0,2.6022,7.0,5.0,3.8125
T,1,5105105424186633,-0.471,1.0,1.0,1.0,1.0,3.0,5.0,2.9056,8.0,3.0,3.375
T,1,6011000026679104,-0.0631,1.0,1.0,1.0,1.0,5.0,6.0,2.4363,7.0,6.0,2.6875
T,1,4111116094045103,0.0691,1.0,1.0,1.0,1.0,0.0,4.0,2.4363,7.0,6.0,2.5625
T,1,4242420578639270,0.3565,1.0,1.0,1.0,1.0,1.0,4.0,2.9528,9.0,4.0,4.0625
T,1,4111111649120733,-0.2822,1.0,1.0,1.0,1.0,0.0,4.0,2.5218,8.0,7.0,2.8125
T,1,4111116231152010,0.2026,1.0,1.0,1.0,1.0,0.0,4.0,2.25,7.0,8.0,1.875
T,1,5555555562982364,-0.3964,1.0,1.0,1.0,1.0,4.0,5.0,2.25,7.0,8.0,5.0
T,1,4111114997480527,0.1943,1.0,1.0,1.0,1.0,0.0,4.0,2.7272,8.0,5.0,4.0
T,1,5105104727686308,-0.3677,1.0,1.0,1.0,1.0,3.0,5.0,3.0778,9.0,3.0,3.9375
T,1,4111117163704430,0.1711,1.0,1.0,1.0,1.0,0.0,4.0,2.3585,6.0,6.0,2.75
T,1,5105108181461025,-0.6023,1.0,1.0,1.0,1.0,3.0,5.0,2.555,7.0,5.0,3.0
T,1,4111114544517540,0.3845,1.0,1.0,1.0,1.0,0.0,4.0,2.0079,5.0,6.0,3.0
T,1,4111112395433551,0.0367,1.0,1.0,1.0,1.0,0.0,4.0,2.3113,6.0,6.0,3.0625
T,1,4111110041763256,0.0747,1.0,1.0,1.0,1.0,0.0,4.0,2.6556,8.0,6.0,2.6875
T,1,4111115264679600,-0.2084,1.0,1.0,1.0,1.0,0.0,4.0,2.7272,8.0,5.0,3.375
T,1,5555553697340962,-0.2967,1.0,1.0,1.0,1.0,4.0,5.0,2.6556,8.0,6.0,4.9375
T,1,4111116165434038,-0.0554,1.0,1.0,1.0,1.0,0.0,4.0,2.4835,7.0,6.0,3.0625
T,1,4111118770815833,0.1196,1.0,1.0,1.0,1.0,0.0,4.0,2.4835,7.0,6.0,3.6875
T,1,4111113814554621,-0.0758,1.0,1.0,1.0,1.0,0.0,4.0,2.3496,7.0,7.0,3.0
T,1,4111114034734035,-0.2032,1.0,1.0,1.0,1.0,0.0,4.0,2.3522,6.0,5.0,2.625
T,1,5555558341264153,0.0967,1.0,1.0,1.0,1.0,4.0,5.0,2.3968,7.0,7.0,4.1875
T,1,4111112866857072,0.2699,1.0,1.0,1.0,1.0,0.0,4.0,2.7744,8.0,5.0,3.75
T,1,4111113841982969,0.344,1.0,1.0,1.0,1.0,0.0,4.0,2.4835,7.0,6.0,4.25
T,1,4111113038457882,-0.0151,1.0,1.0,1.0,1.0,0.0,4.0,2.7272,8.0,5.0,3.5625
T,1,4242424195636156,0.1699,1.0,1.0,1.0,1.0,1.0,4.0,2.6556,7.0,4.0,4.0
T,1,4532011101893713,0.0836,1.0,1.0,1.0,1.0,2.0,4.0,2.8522,9.0,5.0,3.0625
T,1,4111116958441521,0.0463,1.0,1.0,1.0,1.0,0.0,4.0,2.3496,7.0,7.0,3.375
T,1,4111117694425489,0.36,1.0,1.0,1.0,1.0,0.0,4.0,2.6494,8.0,5.0,4.1875
T,1,4111114479496272,-0.0807,1.0,1.0,1.0,1.0,0.0,4.0,2.3994,6.0,5.0,3.9375
T,1,4532013496760523,0.2522,1.0,1.0,1.0,1.0,2.0,4.0,3.0778,9.0,3.0,3.75
T,1,4111115691803161,-0.6515,1.0,1.0,1.0,1.0,0.0,4.0,2.375,8.0,8.0,3.0625
T,1,4111117281404350,-0.0139,1.0,1.0,1.0,1.0,0.0,4.0,2.6085,8.0,6.0,2.6875
T,1,4242424197444203,0.1596,1.0,1.0,1.0,1.0,1.0,4.0,2.2718,7.0,7.0,3.5
T,1,4111112519923735,-0.0063,1.0,1.0,1.0,1.0,0.0,4.0,2.5306,7.0,6.0,3.4375
T,1,5555557437658567,-0.0605,1.0,1.0,1.0,1.0,4.0,5.0,2.0778,6.0,8.0,5.5
T,1,5105104758416997,-0.4165,1.0,1.0,1.0,1.0,3.0,5.0,2.9056,8.0,3.0,4.5
T,1,4111115009611751,0.1985,1.0,1.0,1.0,1.0,0.0,4.0,2.25,7.0,8.0,2.75
T,1,4242425613910511,-0.0946,1.0,1.0,1.0,1.0,1.0,4.0,2.7806,8.0,4.0,3.125
T,1,5105103942828646,-0.1607,1.0,1.0,1.0,1.0,3.0,5.0,3.125,9.0,2.0,4.0
T,1,4532017060484220,-0.1753,1.0,1.0,1.0,1.0,2.0,4.0,2.9056,9.0,4.0,3.0
T,1,4111115823118165,0.0172,1.0,1.0,1.0,1.0,0.0,4.0,2.25,7.0,8.0,3.0625
T,1,4242429810957945,0.1692,1.0,1.0,1.0,1.0,1.0,4.0,2.7806,8.0,4.0,4.6875
T,1,4532015464260733,-0.3088,1.0,1.0,1.0,1.0,2.0,4.0,2.9056,8.0,3.0,3.4375
T,1,6011006085065218,-0.5716,1.0,1.0,1.0,1.0,5.0,6.0,2.43,6.0,5.0,3.0625
T,1,4111112158877671,-0.0176,1.0,1.0,1.0,1.0,0.0,4.0,2.3496,7.0,7.0,3.8125
T,1,4242429995538650,0.6732,1.0,1.0,1.0,1.0,1.0,4.0,2.8113,8.0,3.0,4.8125
T,1,5105102390865092,-0.0762,1.0,1.0,1.0,1.0,3.0,5.0,2.8278,8.0,4.0,3.5
T,1,5105106082386853,-0.1319,1.0,1.0,1.0,1.0,3.0,5.0,2.7335,7.0,3.0,3.8125
T,1,4111111433111674,-0.0861,1.0,1.0,1.0,1.0,0.0,4.0,1.7947,5.0,9.0,2.5
T,1,4111118931117111,-1.0406,1.0,1.0,1.0,1.0,0.0,4.0,1.6216,6.0,11.0,2.625
T,1,4242426948502429,-0.2917,1.0,1.0,1.0,1.0,1.0,4.0,2.4238,7.0,5.0,4.1875
T,1,4242423263090387,-0.1092,1.0,1.0,1.0,1.0,1.0,4.0,2.7806,8.0,4.0,3.6875
T,1,4242422503170736,-0.0323,1.0,1.0,1.0,1.0,1.0,4.0,2.8278,8.0,4.0,3.25
T,1,4242423440435158,0.1007,1.0,1.0,1.0,1.0,1.0,4.0,2.4835,7.0,6.0,3.4375
T,1,4111115418730010,0.0347,1.0,1.0,1.0,1.0,0.0,4.0,2.3496,7.0,7.0,2.375
T,1,5105107288911924,-0.2299,1.0,1.0,1.0,1.0,3.0,5.0,2.875,8.0,4.0,3.9375
T,1,4111118312417734,-0.1514,1.0,1.0,1.0,1.0,0.0,4.0,2.2246,6.0,7.0,3.0625
T,1,4532014130403199,-0.4165,1.0,1.0,1.0,1.0,2.0,4.0,2.6863,7.0,3.0,3.0625
T,1,4111110165707311,0.1455,1.0,1.0,1.0,1.0,0.0,4.0,2.25,7.0,8.0,2.5
T,1,5555557208209319,0.0311,1.0,1.0,1.0,1.0,4.0,5.0,2.6556,8.0,6.0,4.4375
T,1,4532016427130724,-0.1081,1.0,1.0,1.0,1.0,2.0,4.0,2.9056,8.0,3.0,3.1875
T,1,4242420490416013,-0.3005,1.0,1.0,1.0,1.0,1.0,4.0,2.555,7.0,5.0,2.875
T,1,4111112214218647,-0.0245,1.0,1.0,1.0,1.0,0.0,4.0,2.1774,6.0,7.0,2.875
T,1,5105106385020373,-0.4092,1.0,1.0,1.0,1.0,3.0,5.0,2.7806,8.0,4.0,3.0625
T,1,4242424548702218,-0.2542,1.0,1.0,1.0,1.0,1.0,4.0,2.4238,7.0,5.0,3.6875
T,1,5105100228722766,-0.0588,1.0,1.0,1.0,1.0,3.0,5.0,2.7028,7.0,4.0,3.375
T,1,4242422690974858,0.4116,1.0,1.0,1.0,1.0,1.0,4.0,2.75,8.0,4.0,4.75
T,1,4242426629222644,0.0014,1.0,1.0,1.0,1.0,1.0,4.0,1.749,4.0,7.0,3.8125
T,1,4111116518517075,0.0463,1.0,1.0,1.0,1.0,0.0,4.0,2.3496,7.0,7.0,3.375
T,1,4532014336260849,0.0736,1.0,1.0,1.0,1.0,2.0,4.0,3.0306,9.0,3.0,3.75
T,1,4242421234297644,0.3313,1.0,1.0,1.0,1.0,1.0,4.0,2.305,7.0,6.0,3.75
T,1,4111114779388880,0.1261,1.0,1.0,1.0,1.0,0.0,4.0,2.5244,7.0,5.0,4.4375
T,1,5105105029764388,-0.4937,1.0,1.0,1.0,1.0,3.0,5.0,3.1556,10.0,3.0,4.0
T,1,4242423138178219,-0.0724,1.0,1.0,1.0,1.0,1.0,4.0,2.6556,7.0,4.0,3.8125
T,1,4111111107045653,0.163,1.0,1.0,1.0,1.0,0.0,4.0,2.3968,7.0,7.0,2.5625
T,1,4532015149611722,-0.0755,1.0,1.0,1.0,1.0,2.0,4.0,2.9528,9.0,4.0,3.3125
T,1,5555550508715796,-0.0437,1.0,1.0,1.0,1.0,4.0,5.0,2.25,7.0,8.0,4.875
T,1,4242427548603492,0.29,1.0,1.0,1.0,1.0,1.0,4.0,2.7744,9.0,5.0,4.125
T,1,4242426155880963,-0.0338,1.0,1.0,1.0,1.0,1.0,4.0,3.0306,9.0,3.0,4.3125
T,1,4242427985603898,1.4234,1.0,1.0,1.0,1.0,1.0,4.0,2.9835,9.0,3.0,5.0625
T,1,4242426864027047,-0.154,1.0,1.0,1.0,1.0,1.0,4.0,2.3994,6.0,5.0,3.875
T,1,4111114633705634,-0.0988,1.0,1.0,1.0,1.0,0.0,4.0,2.555,7.0,5.0,3.125
T,1,4111113177040929,0.125,1.0,1.0,1.0,1.0,0.0,4.0,2.5306,7.0,6.0,3.1875
T,1,4532014675567994,0.7631,1.0,1.0,1.0,1.0,2.0,4.0,3.0306,9.0,3.0,4.8125
T,1,4111112289481054,0.2421,1.0,1.0,1.0,1.0,0.0,4.0,2.4835,7.0,6.0,3.25
T,1,5105107250497340,-0.3744,1.0,1.0,1.0,1.0,3.0,5.0,2.8278,8.0,4.0,3.3125
T,1,5105102956922378,-0.4672,1.0,1.0,1.0,1.0,3.0,5.0,3.0306,9.0,3.0,4.0625
T,1,6011005042342918,0.7812,1.0,1.0,1.0,1.0,5.0,6.0,2.9528,9.0,4.0,2.875
T,1,5105108549693327,-0.1596,1.0,1.0,1.0,1.0,3.0,5.0,3.2028,10.0,3.0,4.25
T,1,4532017159171183,0.2872,1.0,1.0,1.0,1.0,2.0,4.0,2.8994,9.0,5.0,3.625
T,1,4242429139387907,-0.1885,1.0,1.0,1.0,1.0,1.0,4.0,2.8585,8.0,3.0,4.625
T,1,4242426485057647,-0.012,1.0,1.0,1.0,1.0,1.0,4.0,2.6022,7.0,5.0,4.375
T,1,4242421149679555,-0.2308,1.0,1.0,1.0,1.0,1.0,4.0,2.6556,7.0,4.0,4.375
T,1,5105105729709014,0.0714,1.0,1.0,1.0,1.0,3.0,5.0,2.6556,7.0,4.0,3.5
T,1,4111113505834753,-0.0512,1.0,1.0,1.0,1.0,0.0,4.0,2.555,7.0,5.0,3.25
T,1,4242425061952205,-0.1932,1.0,1.0,1.0,1.0,1.0,4.0,2.555,7.0,5.0,3.3125
T,1,4242429715291978,0.1526,1.0,1.0,1.0,1.0,1.0,4.0,2.6556,7.0,4.0,4.75
T,1,4532018958370448,0.1656,1.0,1.0,1.0,1.0,2.0,4.0,3.0306,9.0,3.0,4.4375
T,1,4242420320341696,0.2423,1.0,1.0,1.0,1.0,1.0,4.0,2.625,7.0,4.0,3.25
T,1,4111114348934487,0.1494,1.0,1.0,1.0,1.0,0.0,4.0,2.2988,6.0,5.0,3.9375
T,1,4242424966352306,-0.1385,1.0,1.0,1.0,1.0,1.0,4.0,2.5778,7.0,4.0,3.875
T,1,4111115427133974,0.129,1.0,1.0,1.0,1.0,0.0,4.0,2.4835,7.0,6.0,3.375
T,1,4242428781988368,-0.9936,1.0,1.0,1.0,1.0,1.0,4.0,2.68,8.0,5.0,5.25
T,1,4242423548327570,0.1932,1.0,1.0,1.0,1.0,1.0,4.0,2.625,7.0,4.0,3.875
T,1,4111119121729756,0.0587,1.0,1.0,1.0,1.0,0.0,4.0,2.3968,7.0,7.0,3.625
T,1,4532011786238788,0.2902,1.0,1.0,1.0,1.0,2.0,4.0,3.0,9.0,4.0,4.5625
T,1,5555550455943763,0.8177,1.0,1.0,1.0,1.0,4.0,5.0,2.25,7.0,8.0,4.75
T,1,4242427762049935,-0.1071,1.0,1.0,1.0,1.0,1.0,4.0,2.75,8.0,4.0,4.375
T,1,4242425411631657,0.0334,1.0,1.0,1.0,1.0,1.0,4.0,2.6556,7.0,4.0,3.5625
T,1,6011008031222083,-0.97,1.0,1.0,1.0,1.0,5.0,6.0,2.43,6.0,5.0,2.3125
T,1,4111111981586061,0.1804,1.0,1.0,1.0,1.0,0.0,4.0,2.25,7.0,8.0,3.375
T,1,5105105832474845,-0.1556,1.0,1.0,1.0,1.0,3.0,5.0,2.8278,8.0,4.0,3.875
T,1,4111117517951828,-0.0307,1.0,1.0,1.0,1.0,0.0,4.0,2.3968,7.0,7.0,3.875
T,1,4111112452888994,-0.1273,1.0,1.0,1.0,1.0,0.0,4.0,2.43,6.0,5.0,4.25
T,1,4242428531553348,0.1304,1.0,1.0,1.0,1.0,1.0,4.0,2.4835,6.0,4.0,3.9375
T,1,4242425014153083,-0.1279,1.0,1.0,1.0,1.0,1.0,4.0,2.7028,7.0,4.0,3.0
T,1,4111118805276910,-0.3333,1.0,1.0,1.0,1.0,0.0,4.0,2.7806,9.0,6.0,3.4375
T,1,4111119618567909,0.3287,1.0,1.0,1.0,1.0,0.0,4.0,2.6085,8.0,6.0,4.3125
T,1,4111117706096435,0.0314,1.0,1.0,1.0,1.0,0.0,4.0,2.7744,8.0,5.0,3.5
T,1,5555551557054012,-0.7357,1.0,1.0,1.0,1.0,4.0,5.0,1.9669,6.0,9.0,3.75
T,1,4111118391967328,0.249,1.0,1.0,1.0,1.0,0.0,4.0,2.6556,8.0,6.0,4.0625
T,1,4242422583932153,-0.1882,1.0,1.0,1.0,1.0,1.0,4.0,2.555,7.0,5.0,3.6875
T,1,4111111187169670,0.1622,1.0,1.0,1.0,1.0,0.0,4.0,2.25,7.0,8.0,3.4375
T,1,4111117776496341,0.2812,1.0,1.0,1.0,1.0,0.0,4.0,2.3113,6.0,6.0,3.9375
T,1,4532018172606775,0.2546,1.0,1.0,1.0,1.0,2.0,4.0,3.0778,9.0,3.0,4.0
T,1,4532011441856156,-0.0457,1.0,1.0,1.0,1.0,2.0,4.0,2.7806,8.0,4.0,3.5
T,1,4111111311487428,-0.259,1.0,1.0,1.0,1.0,0.0,4.0,2.0778,6.0,8.0,3.0
T,1,4242420874407398,0.1031,1.0,1.0,1.0,1.0,1.0,4.0,2.6022,7.0,5.0,4.25
T,1,4111112867307259,0.0103,1.0,1.0,1.0,1.0,0.0,4.0,3.0244,10.0,5.0,3.625
T,1,4242420640902540,-0.3069,1.0,1.0,1.0,1.0,1.0,4.0,2.2744,6.0,5.0,3.0
T,1,5105107035854856,-0.1441,1.0,1.0,1.0,1.0,3.0,5.0,2.7272,8.0,5.0,3.9375
T,1,5555559948408854,1.6062,1.0,1.0,1.0,1.0,4.0,5.0,2.0524,5.0,7.0,5.5625
T,1,4242423122272853,0.0647,1.0,1.0,1.0,1.0,1.0,4.0,2.3496,7.0,7.0,3.3125
T,1,4242424869239972,0.305,1.0,1.0,1.0,1.0,1.0,4.0,2.4772,7.0,5.0,4.8125
T,1,4532017148402749,-0.003,1.0,1.0,1.0,1.0,2.0,4.0,3.0,9.0,4.0,3.8125
T,1,4532017340269961,0.2489,1.0,1.0,1.0,1.0,2.0,4.0,3.125,9.0,2.0,3.875
T,1,4242424886822578,-0.2825,1.0,1.0,1.0,1.0,1.0,4.0,2.2744,6.0,5.0,4.75
T,1,4111114041579035,0.1622,1.0,1.0,1.0,1.0,0.0,4.0,2.4835,7.0,6.0,2.9375
T,1,4111118420758110,0.0388,1.0,1.0,1.0,1.0,0.0,4.0,2.3968,7.0,7.0,2.8125
T,1,6011008176043393,-0.382,1.0,1.0,1.0,1.0,5.0,6.0,2.7806,8.0,4.0,3.25
T,1,4532013239015144,0.0769,1.0,1.0,1.0,1.0,2.0,4.0,2.7335,7.0,3.0,2.9375
T,1,6011004687878252,0.3486,1.0,1.0,1.0,1.0,5.0,6.0,2.9056,8.0,3.0,4.0625
T,1,4242426951578076,0.013,1.0,1.0,1.0,1.0,1.0,4.0,3.0306,9.0,3.0,4.5
T,1,4242425262768210,0.2184,1.0,1.0,1.0,1.0,1.0,4.0,2.6085,8.0,6.0,3.5625
T,1,5105108441881897,0.0052,1.0,1.0,1.0,1.0,3.0,5.0,2.625,7.0,4.0,4.375
T,1,4111114661316593,-0.0068,1.0,1.0,1.0,1.0,0.0,4.0,2.2246,6.0,7.0,3.3125
T,1,6011002278327382,0.0858,1.0,1.0,1.0,1.0,5.0,6.0,2.7028,7.0,4.0,3.25
T,1,4111114510458893,0.1525,1.0,1.0,1.0,1.0,0.0,4.0,2.4835,7.0,6.0,3.5
T,1,5105102512154185,0.2417,1.0,1.0,1.0,1.0,3.0,5.0,2.2988,6.0,5.0,2.875
T,1,4111119974077071,0.432,1.0,1.0,1.0,1.0,0.0,4.0,2.1556,5.0,6.0,3.75
T,1,4111114392856404,-0.1505,1.0,1.0,1.0,1.0,0.0,4.0,2.7744,9.0,5.0,3.375
T,1,4111112647088732,0.0314,1.0,1.0,1.0,1.0,0.0,4.0,2.7744,8.0,5.0,3.5
T,1,4111117398220947,0.2699,1.0,1.0,1.0,1.0,0.0,4.0,2.7744,8.0,5.0,3.75
T,1,5555559930291250,-0.0032,1.0,1.0,1.0,1.0,4.0,5.0,2.2246,6.0,7.0,4.375
T,1,4111114714825848,0.1637,1.0,1.0,1.0,1.0,0.0,4.0,2.2335,6.0,6.0,3.75
T,1,4111114726571729,0.1196,1.0,1.0,1.0,1.0,0.0,4.0,2.4835,7.0,6.0,3.6875
T,1,4242425874389744,0.8948,1.0,1.0,1.0,1.0,1.0,4.0,2.4835,7.0,6.0,4.8125
T,1,5105105665424453,0.195,1.0,1.0,1.0,1.0,3.0,5.0,2.6022,7.0,5.0,3.5
T,1,6011007331108356,-0.4301,1.0,1.0,1.0,1.0,5.0,6.0,2.5778,7.0,4.0,2.8125
T,1,5555555790863162,0.1053,1.0,1.0,1.0,1.0,4.0,5.0,2.6468,9.0,7.0,4.8125
T,1,4242420700037351,0.3212,1.0,1.0,1.0,1.0,1.0,4.0,2.6556,7.0,4.0,2.75
T,1,5555554426550624,-0.1083,1.0,1.0,1.0,1.0,4.0,5.0,1.9528,5.0,8.0,4.25
T,1,4532013395691449,-0.1094,1.0,1.0,1.0,1.0,2.0,4.0,2.8585,8.0,3.0,4.25
T,1,5555555784777808,1.3095,1.0,1.0,1.0,1.0,4.0,5.0,1.9746,5.0,7.0,5.6875
T,1,4242426933172592,0.1245,1.0,1.0,1.0,1.0,1.0,4.0,2.7272,8.0,5.0,4.0625
T,1,6011006493611926,-0.2669,1.0,1.0,1.0,1.0,5.0,6.0,2.5778,7.0,4.0,3.4375
T,1,4242422459899494,-0.0245,1.0,1.0,1.0,1.0,1.0,4.0,2.0306,5.0,6.0,5.0625
T,1,4111115420757415,0.0367,1.0,1.0,1.0,1.0,0.0,4.0,2.3113,6.0,6.0,3.0625
T,1,4242424762740969,-0.5285,1.0,1.0,1.0,1.0,1.0,4.0,2.3994,6.0,5.0,4.5
T,1,4532011407205828,-0.1081,1.0,1.0,1.0,1.0,2.0,4.0,2.9056,8.0,3.0,3.25
T,1,4111114817671008,0.222,1.0,1.0,1.0,1.0,0.0,4.0,2.2718,6.0,7.0,3.1875
T,1,6011001147558581,-0.3003,1.0,1.0,1.0,1.0,5.0,6.0,2.555,7.0,5.0,3.3125
T,1,4111115794219430,-0.2068,1.0,1.0,1.0,1.0,0.0,4.0,2.6085,8.0,6.0,3.3125
T,1,4111118036784591,0.2562,1.0,1.0,1.0,1.0,0.0,4.0,2.7806,9.0,6.0,3.75
T,1,4111116753648213,-0.3462,1.0,1.0,1.0,1.0,0.0,4.0,2.6556,8.0,6.0,3.375
T,1,4111113585698334,0.1994,1.0,1.0,1.0,1.0,0.0,4.0,2.6022,7.0,5.0,3.9375
T,1,5105105978071728,0.0932,1.0,1.0,1.0,1.0,3.0,5.0,2.6863,7.0,3.0,4.125
T,1,4111117943282343,-0.1643,1.0,1.0,1.0,1.0,0.0,4.0,2.555,7.0,5.0,3.375
T,1,4242427485932060,0.0082,1.0,1.0,1.0,1.0,1.0,4.0,2.875,9.0,4.0,3.875
T,1,5105102069498761,-0.4672,1.0,1.0,1.0,1.0,3.0,5.0,3.0306,9.0,3.0,4.0
T,1,4111113903886322,-0.2271,1.0,1.0,1.0,1.0,0.0,4.0,2.7272,8.0,5.0,3.3125
T,1,4242427597417497,-0.6105,1.0,1.0,1.0,1.0,1.0,4.0,2.3522,6.0,5.0,4.875
T,1,4111118258462298,-0.0805,1.0,1.0,1.0,1.0,0.0,4.0,2.555,7.0,5.0,3.9375
T,1,4242425155450017,0.2096,1.0,1.0,1.0,1.0,1.0,4.0,2.4528,6.0,4.0,3.1875
T,1,4111110221398188,0.2325,1.0,1.0,1.0,1.0,0.0,4.0,2.3496,7.0,7.0,3.1875
T,1,4111111349060932,0.0691,1.0,1.0,1.0,1.0,0.0,4.0,2.5306,7.0,6.0,2.875
T,1,4242425742180481,0.2355,1.0,1.0,1.0,1.0,1.0,4.0,2.5244,7.0,5.0,3.625
T,1,4111119330410107,-0.2443,1.0,1.0,1.0,1.0,0.0,4.0,2.2246,6.0,7.0,2.3125
T,1,4242424604649345,0.0331,1.0,1.0,1.0,1.0,1.0,4.0,2.3496,7.0,7.0,3.9375
T,1,6011009224587183,-0.1926,1.0,1.0,1.0,1.0,5.0,6.0,3.1556,10.0,3.0,3.5625
T,1,4111114517379589,0.2908,1.0,1.0,1.0,1.0,0.0,4.0,2.5306,7.0,6.0,4.1875
T,1,4111114659733759,0.4464,1.0,1.0,1.0,1.0,0.0,4.0,2.6494,7.0,5.0,4.1875
T,1,4111112329106919,0.2325,1.0,1.0,1.0,1.0,0.0,4.0,2.3496,7.0,7.0,3.1875
T,1,4242427731819947,-0.1747,1.0,1.0,1.0,1.0,1.0,4.0,2.6556,7.0,4.0,4.625
T,1,4242420255106064,-0.0234,1.0,1.0,1.0,1.0,1.0,4.0,2.4528,6.0,4.0,2.9375
T,1,4532015514284071,-0.0946,1.0,1.0,1.0,1.0,2.0,4.0,2.8585,8.0,3.0,3.25
T,1,4111115769376728,0.2567,1.0,1.0,1.0,1.0,0.0,4.0,2.8522,9.0,5.0,4.3125
T,1,4242426237006132,-0.2416,1.0,1.0,1.0,1.0,1.0,4.0,2.6022,7.0,5.0,3.0
T,1,4111114890346213,-0.3442,1.0,1.0,1.0,1.0,0.0,4.0,2.6085,8.0,6.0,3.0625
T,1,5555558900655023,0.1676,1.0,1.0,1.0,1.0,4.0,5.0,2.2028,7.0,8.0,4.25
T,1,4242425998112352,0.126,1.0,1.0,1.0,1.0,1.0,4.0,2.6022,7.0,5.0,3.9375
T,1,4242427791610285,0.3565,1.0,1.0,1.0,1.0,1.0,4.0,2.9528,9.0,4.0,4.0
T,1,4242429978047109,-0.2583,1.0,1.0,1.0,1.0,1.0,4.0,2.6556,7.0,4.0,4.5
T,1,5555558179690511,0.4122,1.0,1.0,1.0,1.0,4.0,5.0,2.3496,7.0,7.0,4.8125
T,1,5105102734380527,-0.4535,1.0,1.0,1.0,1.0,3.0,5.0,2.9056,8.0,3.0,3.3125
T,1,4532019380306695,0.108,1.0,1.0,1.0,1.0,2.0,4.0,3.0306,9.0,3.0,4.0
T,1,4111116394603965,0.3438,1.0,1.0,1.0,1.0,0.0,4.0,2.6022,7.0,5.0,3.75
T,1,4242428125879836,0.1872,1.0,1.0,1.0,1.0,1.0,4.0,2.9056,9.0,4.0,4.6875
T,1,4111119021554338,-0.4061,1.0,1.0,1.0,1.0,0.0,4.0,2.6556,8.0,6.0,3.0625
T,1,4111116432835371,-0.0728,1.0,1.0,1.0,1.0,0.0,4.0,2.6085,8.0,6.0,3.1875
T,1,4111113299146679,0.5303,1.0,1.0,1.0,1.0,0.0,4.0,2.4835,7.0,6.0,4.0625
T,1,5105101968905462,-0.2094,1.0,1.0,1.0,1.0,3.0,5.0,2.8585,8.0,3.0,3.875
T,1,4532011912076698,0.103,1.0,1.0,1.0,1.0,2.0,4.0,3.2028,10.0,3.0,4.0
T,1,4242421887866984,0.0564,1.0,1.0,1.0,1.0,1.0,4.0,2.5778,7.0,4.0,5.1875
T,1,4111116811966201,0.0284,1.0,1.0,1.0,1.0,0.0,4.0,2.2028,7.0,8.0,3.0625
T,1,4111110947862251,-0.3338,1.0,1.0,1.0,1.0,0.0,4.0,2.7806,9.0,6.0,3.3125
T,1,4532017807175289,0.0102,1.0,1.0,1.0,1.0,2.0,4.0,3.0778,9.0,3.0,4.3125
T,1,4532017394163078,0.168,1.0,1.0,1.0,1.0,2.0,4.0,3.2028,10.0,3.0,3.9375
T,1,4242421565528310,-0.3181,1.0,1.0,1.0,1.0,1.0,4.0,2.7806,8.0,4.0,3.375
T,1,4242422473085286,0.1773,1.0,1.0,1.0,1.0,1.0,4.0,2.6494,8.0,5.0,3.9375
T,1,4242422538938164,0.0521,1.0,1.0,1.0,1.0,1.0,4.0,2.75,8.0,4.0,4.1875
T,1,4532012569571544,0.1766,1.0,1.0,1.0,1.0,2.0,4.0,2.9528,9.0,4.0,3.9375
T,1,4111115942514880,0.1108,1.0,1.0,1.0,1.0,0.0,4.0,2.4835,7.0,6.0,3.4375
T,1,4242429901293317,0.0023,1.0,1.0,1.0,1.0,1.0,4.0,2.6556,7.0,4.0,3.875
T,1,4242425172571811,0.2159,1.0,1.0,1.0,1.0,1.0,4.0,2.4528,6.0,4.0,3.5
T,1,4111117863288981,0.2047,1.0,1.0,1.0,1.0,0.0,4.0,2.5306,8.0,6.0,4.3125
T,1,4111119261429563,0.0354,1.0,1.0,1.0,1.0,0.0,4.0,2.5306,7.0,6.0,3.5
T,1,4111117439611880,-0.1397,1.0,1.0,1.0,1.0,0.0,4.0,2.5218,8.0,7.0,3.5
T,1,5555555963763082,-0.1387,1.0,1.0,1.0,1.0,4.0,5.0,2.5218,8.0,7.0,4.9375
T,1,4532012342291527,0.032,1.0,1.0,1.0,1.0,2.0,4.0,2.7744,8.0,5.0,3.25
T,1,4532018462467425,0.1766,1.0,1.0,1.0,1.0,2.0,4.0,2.9528,9.0,4.0,3.9375
T,1,5555554661072417,0.234,1.0,1.0,1.0,1.0,4.0,5.0,2.5306,7.0,6.0,4.25
T,1,4111112470097420,-0.1633,1.0,1.0,1.0,1.0,0.0,4.0,2.43,6.0,5.0,2.75
T,1,6011003699233449,0.1421,1.0,1.0,1.0,1.0,5.0,6.0,2.7335,7.0,3.0,3.75
T,1,4242425704970812,-0.076,1.0,1.0,1.0,1.0,1.0,4.0,2.75,8.0,4.0,3.8125
T,1,4111115257891089,0.0403,1.0,1.0,1.0,1.0,0.0,4.0,2.6556,8.0,6.0,3.9375
T,1,4242423087973115,-0.0437,1.0,1.0,1.0,1.0,1.0,4.0,3.0306,9.0,3.0,3.875
T,1,4111117861670479,0.4979,1.0,1.0,1.0,1.0,0.0,4.0,2.4835,7.0,6.0,4.0
T,1,4532014628068066,-0.1397,1.0,1.0,1.0,1.0,2.0,4.0,2.8278,8.0,4.0,3.8125
T,1,4242424379771530,0.105,1.0,1.0,1.0,1.0,1.0,4.0,2.7806,8.0,4.0,4.0
T,1,6011004335582017,0.7812,1.0,1.0,1.0,1.0,5.0,6.0,2.9528,9.0,4.0,2.875
T,1,4111115137609701,-0.4827,1.0,1.0,1.0,1.0,0.0,4.0,2.5218,8.0,7.0,3.0
T,1,4242421531294153,0.2096,1.0,1.0,1.0,1.0,1.0,4.0,2.4528,6.0,4.0,3.25
T,1,4111119280701554,-0.1672,1.0,1.0,1.0,1.0,0.0,4.0,2.6556,8.0,6.0,3.125
T,1,4111118210818496,-0.0297,1.0,1.0,1.0,1.0,0.0,4.0,2.3496,7.0,7.0,3.5
T,1,4111114591787988,0.5349,1.0,1.0,1.0,1.0,0.0,4.0,2.3585,6.0,6.0,4.6875
T,1,4111115809714987,0.2908,1.0,1.0,1.0,1.0,0.0,4.0,2.5306,7.0,6.0,4.1875
T,1,4111110758807890,-0.1552,1.0,1.0,1.0,1.0,0.0,4.0,2.555,7.0,5.0,3.8125
T,1,4242429398734187,0.4838,1.0,1.0,1.0,1.0,1.0,4.0,2.7028,7.0,4.0,4.8125
T,1,4532012951678907,-1.151,1.0,1.0,1.0,1.0,2.0,4.0,3.25,10.0,2.0,4.3125
T,1,5105109821754472,-0.3269,1.0,1.0,1.0,1.0,3.0,5.0,2.9056,8.0,3.0,3.8125
T,1,5555552069475125,0.2408,1.0,1.0,1.0,1.0,4.0,5.0,2.375,8.0,8.0,4.4375
T,1,4111111397552673,-0.1175,1.0,1.0,1.0,1.0,0.0,4.0,2.6556,8.0,6.0,3.5625
T,1,4242427995500761,-0.0411,1.0,1.0,1.0,1.0,1.0,4.0,2.9056,8.0,3.0,4.1875
T,1,4242423964551398,0.0143,1.0,1.0,1.0,1.0,1.0,4.0,2.8278,8.0,4.0,4.4375
T,1,4111110291112279,-0.3083,1.0,1.0,1.0,1.0,0.0,4.0,2.0778,6.0,8.0,2.6875
T,1,4111116528034053,0.3133,1.0,1.0,1.0,1.0,0.0,4.0,2.7744,8.0,5.0,2.8125
T,1,4242420585967466,-0.0904,1.0,1.0,1.0,1.0,1.0,4.0,2.7806,8.0,4.0,4.625
T,1,4111118328178346,0.1196,1.0,1.0,1.0,1.0,0.0,4.0,2.4835,7.0,6.0,3.6875
T,1,4111117062443536,-0.2214,1.0,1.0,1.0,1.0,0.0,4.0,2.7272,8.0,5.0,3.0625
T,1,5105108172981502,-0.0686,1.0,1.0,1.0,1.0,3.0,5.0,2.6556,7.0,4.0,3.4375
T,1,4242429898699732,0.4461,1.0,1.0,1.0,1.0,1.0,4.0,2.5778,7.0,4.0,5.5
T,1,4242422201554181,-0.0539,1.0,1.0,1.0,1.0,1.0,4.0,2.3522,6.0,5.0,2.9375
T,1,4242423437717956,-0.1806,1.0,1.0,1.0,1.0,1.0,4.0,2.7806,8.0,4.0,4.375
T,1,4532013981347745,0.1852,1.0,1.0,1.0,1.0,2.0,4.0,3.0306,9.0,3.0,4.125
T,1,4111110460494961,0.3727,1.0,1.0,1.0,1.0,0.0,4.0,2.1556,5.0,6.0,3.25
T,1,4111112858449748,0.0805,1.0,1.0,1.0,1.0,0.0,4.0,2.4772,7.0,5.0,4.25
T,1,4242421286056385,-0.0391,1.0,1.0,1.0,1.0,1.0,4.0,2.8278,8.0,4.0,3.875
T,1,4532014648327997,0.1896,1.0,1.0,1.0,1.0,2.0,4.0,3.2028,10.0,3.0,4.625
T,1,4242420330429531,-0.5271,1.0,1.0,1.0,1.0,1.0,4.0,2.5778,7.0,4.0,3.0
T,1,5555551654624345,-0.2422,1.0,1.0,1.0,1.0,4.0,5.0,2.0778,6.0,8.0,4.375
T,1,4111112641923033,0.1837,1.0,1.0,1.0,1.0,0.0,4.0,2.4835,7.0,6.0,2.625
T,1,4111116008676779,0.257,1.0,1.0,1.0,1.0,0.0,4.0,2.555,7.0,5.0,4.0625
T,1,4242421350023857,-0.0323,1.0,1.0,1.0,1.0,1.0,4.0,2.8278,8.0,4.0,3.25
T,1,4111119930732082,0.078,1.0,1.0,1.0,1.0,0.0,4.0,2.7744,8.0,5.0,3.25
T,1,4532015888478416,0.0536,1.0,1.0,1.0,1.0,2.0,4.0,2.9528,9.0,4.0,4.625
T,1,5105104529633110,-0.0761,1.0,1.0,1.0,1.0,3.0,5.0,2.7806,8.0,4.0,2.875
T,1,4532013570982415,0.2385,1.0,1.0,1.0,1.0,2.0,4.0,3.0778,9.0,3.0,3.6875
T,1,4111112818111107,0.302,1.0,1.0,1.0,1.0,0.0,4.0,1.7988,6.0,10.0,2.4375
T,1,4242422320042381,0.3146,1.0,1.0,1.0,1.0,1.0,4.0,2.2806,6.0,6.0,2.6875
T,1,4111119672739170,0.3728,1.0,1.0,1.0,1.0,0.0,4.0,2.6085,8.0,6.0,3.75
T,1,4111116817725031,-0.863,1.0,1.0,1.0,1.0,0.0,4.0,2.6468,9.0,7.0,3.0625
T,1,5555551509478822,0.5585,1.0,1.0,1.0,1.0,4.0,5.0,2.5218,8.0,7.0,4.75
T,1,5105101921779384,-0.3952,1.0,1.0,1.0,1.0,3.0,5.0,3.0,9.0,4.0,3.9375
T,1,5105103342962235,-0.2026,1.0,1.0,1.0,1.0,3.0,5.0,2.8585,8.0,3.0,3.1875
T,1,4111115371167846,-0.1732,1.0,1.0,1.0,1.0,0.0,4.0,2.3968,7.0,7.0,3.5625
T,1,4111115727859385,0.0832,1.0,1.0,1.0,1.0,0.0,4.0,2.7272,8.0,5.0,4.25
T,1,4532011116565330,-0.0281,1.0,1.0,1.0,1.0,2.0,4.0,2.6556,7.0,4.0,2.875
T,1,4111112781207312,0.1006,1.0,1.0,1.0,1.0,0.0,4.0,2.3496,7.0,7.0,2.625
T,1,5105102710081347,0.1331,1.0,1.0,1.0,1.0,3.0,5.0,2.75,8.0,4.0,2.8125
T,1,4111118439842095,-0.0567,1.0,1.0,1.0,1.0,0.0,4.0,2.7272,8.0,5.0,3.8125
T,1,4242423588136048,0.105,1.0,1.0,1.0,1.0,1.0,4.0,2.7806,8.0,4.0,4.0
T,1,4242421398421204,-0.0683,1.0,1.0,1.0,1.0,1.0,4.0,2.4238,7.0,5.0,3.25
T,1,4242427549796063,-0.0547,1.0,1.0,1.0,1.0,1.0,4.0,2.8278,8.0,4.0,4.625
T,1,4111111127451329,0.1985,1.0,1.0,1.0,1.0,0.0,4.0,2.25,7.0,8.0,2.75
T,1,4111117159453737,0.2331,1.0,1.0,1.0,1.0,0.0,4.0,2.3585,6.0,6.0,3.75
T,1,4242422914258633,0.1026,1.0,1.0,1.0,1.0,1.0,4.0,2.6494,8.0,5.0,3.8125
T,1,4242426959619252,-0.3922,1.0,1.0,1.0,1.0,1.0,4.0,2.43,6.0,5.0,4.5
T,1,4532019843650226,0.2522,1.0,1.0,1.0,1.0,2.0,4.0,3.0778,9.0,3.0,3.75
T,1,4111116548217977,0.5556,1.0,1.0,1.0,1.0,0.0,4.0,2.6085,8.0,6.0,4.0625
T,1,4242422369888587,-0.5425,1.0,1.0,1.0,1.0,1.0,4.0,2.7028,8.0,4.0,5.125
T,1,6011006232442005,0.1278,1.0,1.0,1.0,1.0,5.0,6.0,2.6022,7.0,5.0,2.25
T,1,4111117311272611,-0.2181,1.0,1.0,1.0,1.0,0.0,4.0,1.9669,6.0,9.0,2.5
T,1,4242425819281790,-0.0298,1.0,1.0,1.0,1.0,1.0,4.0,2.8278,8.0,4.0,4.25
T,1,4532011274385893,0.152,1.0,1.0,1.0,1.0,2.0,4.0,3.0778,9.0,3.0,4.0625
T,1,4111119117891545,-0.0224,1.0,1.0,1.0,1.0,0.0,4.0,2.125,6.0,8.0,3.6875
T,1,4111115865571560,-0.1463,1.0,1.0,1.0,1.0,0.0,4.0,2.4056,7.0,6.0,3.5625
T,1,4242429766874789,0.8265,1.0,1.0,1.0,1.0,1.0,4.0,2.5306,6.0,4.0,5.5625
T,1,4242429506142075,0.1146,1.0,1.0,1.0,1.0,1.0,4.0,2.75,8.0,4.0,3.5625
T,1,4111118552480095,0.0991,1.0,1.0,1.0,1.0,0.0,4.0,2.6022,7.0,5.0,3.4375
T,1,5105101239518367,0.0924,1.0,1.0,1.0,1.0,3.0,5.0,2.9528,9.0,4.0,3.5625
T,1,4111116222641161,-0.9307,1.0,1.0,1.0,1.0,0.0,4.0,1.7806,4.0,8.0,2.5
T,1,5555556349479450,-0.3676,1.0,1.0,1.0,1.0,4.0,5.0,2.3496,7.0,7.0,5.0625
T,1,4111112817753214,-0.2028,1.0,1.0,1.0,1.0,0.0,4.0,2.3968,7.0,7.0,3.0625
T,1,4242424665704021,-0.0683,1.0,1.0,1.0,1.0,1.0,4.0,2.5244,7.0,5.0,3.3125
T,1,5105106472768546,-0.2536,1.0,1.0,1.0,1.0,3.0,5.0,2.9056,8.0,3.0,4.1875
T,1,4242427659523992,0.2068,1.0,1.0,1.0,1.0,1.0,4.0,2.555,7.0,5.0,4.6875
T,1,5555554503244844,-0.636,1.0,1.0,1.0,1.0,4.0,5.0,2.0462,6.0,7.0,4.25
T,1,5555555563235036,0.2134,1.0,1.0,1.0,1.0,4.0,5.0,1.7947,5.0,9.0,4.25
T,1,6011003748851720,-0.0374,1.0,1.0,1.0,1.0,5.0,6.0,2.9528,9.0,4.0,3.3125
T,1,4111110200694508,-0.1182,1.0,1.0,1.0,1.0,0.0,4.0,2.6494,8.0,5.0,2.6875
T,1,4242426630186721,0.1897,1.0,1.0,1.0,1.0,1.0,4.0,2.7806,8.0,4.0,3.625
T,1,4242428298312953,0.1031,1.0,1.0,1.0,1.0,1.0,4.0,2.6022,7.0,5.0,4.25
T,1,5105105414556506,0.6837,1.0,1.0,1.0,1.0,3.0,5.0,2.1863,5.0,6.0,3.3125
T,1,4111117759263494,0.2267,1.0,1.0,1.0,1.0,0.0,4.0,2.7272,8.0,5.0,4.0625
T,1,4242427331220959,-0.0897,1.0,1.0,1.0,1.0,1.0,4.0,2.7272,8.0,5.0,3.6875
T,1,5105106077850178,0.2324,1.0,1.0,1.0,1.0,3.0,5.0,2.4835,6.0,4.0,3.8125
T,1,4111113407310100,0.2056,1.0,1.0,1.0,1.0,0.0,4.0,2.0218,5.0,7.0,1.75
T,1,4242428292367284,-0.1501,1.0,1.0,1.0,1.0,1.0,4.0,2.4056,7.0,6.0,4.3125
T,1,6011009484871301,-0.3983,1.0,1.0,1.0,1.0,5.0,6.0,2.75,8.0,4.0,3.3125
T,1,6011000606689770,-0.0246,1.0,1.0,1.0,1.0,5.0,6.0,2.2806,6.0,6.0,3.5625
T,1,4242422646817037,-0.0013,1.0,1.0,1.0,1.0,1.0,4.0,2.75,8.0,4.0,3.875
T,1,4242427264042099,0.0013,1.0,1.0,1.0,1.0,1.0,4.0,2.2988,6.0,5.0,3.8125
T,1,4111111927264468,0.3267,1.0,1.0,1.0,1.0,0.0,4.0,2.4835,7.0,6.0,3.625
T,1,5555552161943863,-0.1119,1.0,1.0,1.0,1.0,4.0,5.0,2.6556,8.0,6.0,4.5625
T,1,4532013701525729,-0.0152,1.0,1.0,1.0,1.0,2.0,4.0,2.9056,8.0,3.0,3.5
T,1,4242423773993302,0.2759,1.0,1.0,1.0,1.0,1.0,4.0,2.4528,6.0,4.0,4.0
T,1,4242426336336885,-0.0728,1.0,1.0,1.0,1.0,1.0,4.0,2.4835,6.0,4.0,4.3125
T,1,4111119473456248,-0.0066,1.0,1.0,1.0,1.0,0.0,4.0,2.7744,9.0,5.0,3.8125
T,1,4111116221516513,0.0676,1.0,1.0,1.0,1.0,0.0,4.0,2.125,6.0,8.0,2.5625
T,1,4532016093337066,0.296,1.0,1.0,1.0,1.0,2.0,4.0,2.9056,9.0,4.0,3.625
T,1,4111119823666322,-0.1408,1.0,1.0,1.0,1.0,0.0,4.0,2.555,7.0,5.0,3.5
T,1,5555552743928952,-0.3676,1.0,1.0,1.0,1.0,4.0,5.0,2.3496,7.0,7.0,5.0625
T,1,4242420327149464,0.2505,1.0,1.0,1.0,1.0,1.0,4.0,2.5306,8.0,6.0,3.625
T,1,4111117525707014,0.0298,1.0,1.0,1.0,1.0,0.0,4.0,2.3585,6.0,6.0,2.9375
T,1,5555550164564132,0.0831,1.0,1.0,1.0,1.0,4.0,5.0,2.3968,7.0,7.0,3.875
T,1,4111111263188750,-0.5551,1.0,1.0,1.0,1.0,0.0,4.0,2.6468,9.0,7.0,3.125
T,1,4111115678574363,0.3494,1.0,1.0,1.0,1.0,0.0,4.0,2.6494,7.0,5.0,3.9375
T,1,4111115911697716,0.1333,1.0,1.0,1.0,1.0,0.0,4.0,2.125,6.0,8.0,3.8125
T,1,4111117951578681,0.2091,1.0,1.0,1.0,1.0,0.0,4.0,2.3968,7.0,7.0,4.125
T,1,4111110490250433,-0.3388,1.0,1.0,1.0,1.0,0.0,4.0,2.555,7.0,5.0,2.4375
T,1,4111112974017411,-0.3629,1.0,1.0,1.0,1.0,0.0,4.0,2.0778,6.0,8.0,2.8125
T,1,5105100938548865,-0.2196,1.0,1.0,1.0,1.0,3.0,5.0,2.7806,8.0,4.0,4.25
T,1,4532016812877764,0.2096,1.0,1.0,1.0,1.0,2.0,4.0,3.0778,9.0,3.0,4.4375
T,1,4242428942442677,-0.1164,1.0,1.0,1.0,1.0,1.0,4.0,2.18,6.0,6.0,4.4375
T,1,4111119165388832,0.2284,1.0,1.0,1.0,1.0,0.0,4.0,2.6085,8.0,6.0,3.875
T,1,6011000975546189,-0.1743,1.0,1.0,1.0,1.0,5.0,6.0,2.8278,8.0,4.0,3.875
T,1,5555550067436768,0.8761,1.0,1.0,1.0,1.0,4.0,5.0,2.4835,7.0,6.0,4.8125
T,1,4111116461839757,0.249,1.0,1.0,1.0,1.0,0.0,4.0,2.6556,8.0,6.0,4.0625
T,1,4532014806678371,0.3119,1.0,1.0,1.0,1.0,2.0,4.0,3.125,9.0,2.0,4.0625
T,1,4532019810598630,0.2546,1.0,1.0,1.0,1.0,2.0,4.0,3.0778,9.0,3.0,4.0
T,1,4111112682854014,-0.0554,1.0,1.0,1.0,1.0,0.0,4.0,2.4835,7.0,6.0,3.0625
T,1,6011009702727418,-0.5143,1.0,1.0,1.0,1.0,5.0,6.0,2.7806,8.0,4.0,3.4375
T,1,4111111429760336,-0.1672,1.0,1.0,1.0,1.0,0.0,4.0,2.6556,8.0,6.0,3.125
T,1,5105109853030312,-0.0038,1.0,1.0,1.0,1.0,3.0,5.0,2.6085,7.0,4.0,2.875
T,1,6011004203981374,0.0252,1.0,1.0,1.0,1.0,5.0,6.0,2.9528,9.0,4.0,3.0625
T,1,4242428491514355,-0.1539,1.0,1.0,1.0,1.0,1.0,4.0,2.555,7.0,5.0,3.9375
T,1,4242429854170967,0.0536,1.0,1.0,1.0,1.0,1.0,4.0,2.9528,9.0,4.0,4.625
T,1,6011003658357734,-0.104,1.0,1.0,1.0,1.0,5.0,6.0,2.9056,8.0,3.0,3.6875
T,1,4242421797407036,-0.0749,1.0,1.0,1.0,1.0,1.0,4.0,2.7806,8.0,4.0,3.875
T,1,4111116368579969,0.3613,1.0,1.0,1.0,1.0,0.0,4.0,2.68,8.0,5.0,4.8125
T,1,5555552806306971,0.345,1.0,1.0,1.0,1.0,4.0,5.0,2.7806,9.0,6.0,4.5
T,1,4111119042698346,0.1624,1.0,1.0,1.0,1.0,0.0,4.0,2.7272,8.0,5.0,3.75
T,1,5105106123403063,-0.2003,1.0,1.0,1.0,1.0,3.0,5.0,2.6556,7.0,4.0,2.5
T,1,4242423435973486,-0.2982,1.0,1.0,1.0,1.0,1.0,4.0,2.68,8.0,5.0,4.375
T,1,4111111266084436,-0.2851,1.0,1.0,1.0,1.0,0.0,4.0,2.4363,7.0,6.0,3.0625
T,1,4242424830413060,-0.3245,1.0,1.0,1.0,1.0,1.0,4.0,2.555,7.0,5.0,2.9375
T,1,6011000214769543,0.0252,1.0,1.0,1.0,1.0,5.0,6.0,2.9528,9.0,4.0,3.0625
T,1,4111119436282475,-0.0165,1.0,1.0,1.0,1.0,0.0,4.0,2.8522,9.0,5.0,3.6875
T,1,4242423949454726,0.0029,1.0,1.0,1.0,1.0,1.0,4.0,2.4056,7.0,6.0,4.4375
T,1,4532013136402809,0.3529,1.0,1.0,1.0,1.0,2.0,4.0,3.0306,9.0,3.0,3.1875
T,1,5105107286109307,-0.2418,1.0,1.0,1.0,1.0,3.0,5.0,2.9528,9.0,4.0,3.4375
T,1,4111117600319297,-0.3649,1.0,1.0,1.0,1.0,0.0,4.0,2.6556,8.0,6.0,3.3125
T,1,4111111963932127,0.1467,1.0,1.0,1.0,1.0,0.0,4.0,2.3968,7.0,7.0,3.25
T,1,4111117564094506,0.0991,1.0,1.0,1.0,1.0,0.0,4.0,2.6022,7.0,5.0,3.4375
T,1,4111116129898500,-0.1175,1.0,1.0,1.0,1.0,0.0,4.0,2.6556,8.0,6.0,3.5625
T,1,4242422314096732,-0.0051,1.0,1.0,1.0,1.0,1.0,4.0,2.6494,8.0,5.0,3.4375
T,1,5555559171852463,0.0728,1.0,1.0,1.0,1.0,4.0,5.0,2.6468,9.0,7.0,4.75
T,1,4111110033614699,0.08,1.0,1.0,1.0,1.0,0.0,4.0,2.4056,6.0,6.0,3.125
T,1,5105106588140333,-0.0884,1.0,1.0,1.0,1.0,3.0,5.0,2.6863,7.0,3.0,3.3125
T,1,4242420318728979,-0.1384,1.0,1.0,1.0,1.0,1.0,4.0,2.8278,8.0,4.0,4.5
T,1,4111114503114370,-0.2443,1.0,1.0,1.0,1.0,0.0,4.0,2.2246,6.0,7.0,2.3125
T,1,4111115039473396,0.1319,1.0,1.0,1.0,1.0,0.0,4.0,2.7272,8.0,5.0,3.625
T,1,4111110161549733,-0.4827,1.0,1.0,1.0,1.0,0.0,4.0,2.5218,8.0,7.0,3.0
T,1,4242422321223014,-0.4394,1.0,1.0,1.0,1.0,1.0,4.0,2.0218,5.0,7.0,2.375
T,1,4242424909864938,-0.3176,1.0,1.0,1.0,1.0,1.0,4.0,2.555,7.0,5.0,4.875
T,1,6011008737656618,0.5545,1.0,1.0,1.0,1.0,5.0,6.0,2.6556,7.0,4.0,4.0625
T,1,4111115052820846,0.0808,1.0,1.0,1.0,1.0,0.0,4.0,2.6494,7.0,5.0,3.0625
T,1,4111115835608682,0.1624,1.0,1.0,1.0,1.0,0.0,4.0,2.7272,8.0,5.0,3.75
T,1,4111118127981395,0.0068,1.0,1.0,1.0,1.0,0.0,4.0,2.5218,8.0,7.0,3.875
T,1,5105101804916095,-0.2368,1.0,1.0,1.0,1.0,3.0,5.0,2.5778,7.0,4.0,3.4375
T,1,4532013417766104,-0.3338,1.0,1.0,1.0,1.0,2.0,4.0,2.9056,8.0,3.0,3.375
T,1,4242425845086494,0.4005,1.0,1.0,1.0,1.0,1.0,4.0,2.4835,7.0,6.0,4.4375
T,1,4111119283219661,-0.1155,1.0,1.0,1.0,1.0,0.0,4.0,2.3968,7.0,7.0,3.5
T,1,4111110042021316,0.02,1.0,1.0,1.0,1.0,0.0,4.0,2.2246,6.0,7.0,1.75
T,1,6011008519226358,0.0707,1.0,1.0,1.0,1.0,5.0,6.0,2.9056,8.0,3.0,3.5625
T,1,5555551029006764,0.445,1.0,1.0,1.0,1.0,4.0,5.0,2.6085,8.0,6.0,4.0625
T,1,5105102279185760,-0.2437,1.0,1.0,1.0,1.0,3.0,5.0,2.8585,8.0,3.0,3.6875
T,1,4242429009651861,-0.0946,1.0,1.0,1.0,1.0,1.0,4.0,2.9056,8.0,3.0,3.9375
T,1,4111115725398493,0.3017,1.0,1.0,1.0,1.0,0.0,4.0,2.7744,8.0,5.0,4.0
T,1,4242421564676557,0.0579,1.0,1.0,1.0,1.0,1.0,4.0,2.4835,6.0,4.0,4.375
T,1,6011006066209314,-0.2942,1.0,1.0,1.0,1.0,5.0,6.0,2.4772,7.0,5.0,2.8125
T,1,4242428610807094,-0.1496,1.0,1.0,1.0,1.0,1.0,4.0,2.7806,8.0,4.0,3.8125
T,1,4532017842327028,0.2194,1.0,1.0,1.0,1.0,2.0,4.0,2.875,8.0,4.0,3.625
T,1,4111114582871122,-0.1514,1.0,1.0,1.0,1.0,0.0,4.0,2.2246,6.0,7.0,3.0625
T,1,4532014130743388,0.0144,1.0,1.0,1.0,1.0,2.0,4.0,2.8278,8.0,4.0,3.5
T,1,4111114534026700,-0.7019,1.0,1.0,1.0,1.0,0.0,4.0,2.68,8.0,5.0,2.5
T,1,4111112497276767,-0.0253,1.0,1.0,1.0,1.0,0.0,4.0,2.3994,6.0,5.0,4.125
T,1,4242420769771775,-0.2421,1.0,1.0,1.0,1.0,1.0,4.0,2.68,8.0,5.0,4.625
T,1,4242421827391408,-0.076,1.0,1.0,1.0,1.0,1.0,4.0,2.75,8.0,4.0,3.8125
T,1,4111112981240535,-0.365,1.0,1.0,1.0,1.0,0.0,4.0,2.6556,8.0,6.0,3.0
T,1,4111113993211456,0.1467,1.0,1.0,1.0,1.0,0.0,4.0,2.3968,7.0,7.0,3.25
T,1,4242428305411400,-0.1758,1.0,1.0,1.0,1.0,1.0,4.0,2.555,7.0,5.0,2.75
T,1,6011005651700588,-0.1982,1.0,1.0,1.0,1.0,5.0,6.0,2.43,6.0,5.0,3.3125
T,1,6011006052318178,-0.4391,1.0,1.0,1.0,1.0,5.0,6.0,2.75,8.0,4.0,3.0625
T,1,4242425879943313,-0.1806,1.0,1.0,1.0,1.0,1.0,4.0,2.7806,8.0,4.0,4.375
T,1,4242427088355867,0.0427,1.0,1.0,1.0,1.0,1.0,4.0,2.8585,8.0,3.0,4.6875
T,1,4242425501424831,0.0231,1.0,1.0,1.0,1.0,1.0,4.0,2.5244,7.0,5.0,3.1875
T,1,4242421027235827,-0.186,1.0,1.0,1.0,1.0,1.0,4.0,2.6085,8.0,6.0,3.4375
T,1,4111112287024997,0.0909,1.0,1.0,1.0,1.0,0.0,4.0,2.6022,7.0,5.0,3.6875
T,1,4111110738018345,-0.1314,1.0,1.0,1.0,1.0,0.0,4.0,2.5306,7.0,6.0,3.0
T,1,4111110435615476,0.216,1.0,1.0,1.0,1.0,0.0,4.0,2.4835,7.0,6.0,3.125
T,1,4242420930794581,0.3565,1.0,1.0,1.0,1.0,1.0,4.0,2.9528,9.0,4.0,4.0
T,1,4242421230974592,0.3379,1.0,1.0,1.0,1.0,1.0,4.0,2.6494,8.0,5.0,3.75
T,1,4111115396633673,0.1772,1.0,1.0,1.0,1.0,0.0,4.0,2.4772,7.0,5.0,3.75
T,1,4242426697156955,0.3623,1.0,1.0,1.0,1.0,1.0,4.0,2.6863,7.0,3.0,4.8125
T,1,4111118529970137,0.2562,1.0,1.0,1.0,1.0,0.0,4.0,2.7806,9.0,6.0,3.75
T,1,4111116674545944,0.1494,1.0,1.0,1.0,1.0,0.0,4.0,2.2988,6.0,5.0,3.9375
T,1,4111115892972872,0.2787,1.0,1.0,1.0,1.0,0.0,4.0,2.6022,7.0,5.0,4.25
T,1,5105101491243852,-0.1662,1.0,1.0,1.0,1.0,3.0,5.0,2.8278,8.0,4.0,3.1875
T,1,4532013979159623,-0.0338,1.0,1.0,1.0,1.0,2.0,4.0,3.0306,9.0,3.0,4.3125
T,1,5555553914266834,0.3488,1.0,1.0,1.0,1.0,4.0,5.0,2.6556,8.0,6.0,4.75
T,1,4111114809255075,-0.2084,1.0,1.0,1.0,1.0,0.0,4.0,2.7272,8.0,5.0,3.375
T,1,4111112699446143,0.0237,1.0,1.0,1.0,1.0,0.0,4.0,2.2806,6.0,6.0,3.5625
T,1,4532014145758314,0.0152,1.0,1.0,1.0,1.0,2.0,4.0,2.7806,8.0,4.0,3.5625
T,1,4111114408674650,-0.0581,1.0,1.0,1.0,1.0,0.0,4.0,2.5244,7.0,5.0,3.3125
T,1,4111113408928983,0.1994,1.0,1.0,1.0,1.0,0.0,4.0,2.6022,7.0,5.0,3.9375
T,1,4532018401020277,0.0286,1.0,1.0,1.0,1.0,2.0,4.0,2.8278,8.0,4.0,2.875
T,1,4111115188596039,0.0403,1.0,1.0,1.0,1.0,0.0,4.0,2.6556,8.0,6.0,3.9375
T,1,4111110907201409,0.2377,1.0,1.0,1.0,1.0,0.0,4.0,2.2806,6.0,6.0,2.5625
T,1,4111113515753563,0.0936,1.0,1.0,1.0,1.0,0.0,4.0,2.2335,6.0,6.0,3.25
T,1,4111112889180270,0.129,1.0,1.0,1.0,1.0,0.0,4.0,2.4835,7.0,6.0,3.375
T,1,4242421561083286,0.2498,1.0,1.0,1.0,1.0,1.0,4.0,2.8278,8.0,4.0,3.625
T,1,5555551066362088,0.4334,1.0,1.0,1.0,1.0,4.0,5.0,2.4835,7.0,6.0,4.375
T,1,4111113700027864,-0.0231,1.0,1.0,1.0,1.0,0.0,4.0,2.7272,8.0,5.0,2.875
T,1,5555556304303299,0.3534,1.0,1.0,1.0,1.0,4.0,5.0,2.4835,7.0,6.0,4.3125
T,1,4242425982796319,0.7447,1.0,1.0,1.0,1.0,1.0,4.0,2.9056,9.0,4.0,4.8125
T,1,4111110603679494,0.0814,1.0,1.0,1.0,1.0,0.0,4.0,2.6022,7.0,5.0,3.5625
T,1,4532018725684246,0.1831,1.0,1.0,1.0,1.0,2.0,4.0,3.0306,9.0,3.0,4.1875
T,1,4242420622304152,0.1428,1.0,1.0,1.0,1.0,1.0,4.0,2.4056,7.0,6.0,2.6875
T,1,5105106349243269,-0.6036,1.0,1.0,1.0,1.0,3.0,5.0,3.0,8.0,2.0,3.75
T,1,5105100025236218,-0.206,1.0,1.0,1.0,1.0,3.0,5.0,2.6085,7.0,4.0,2.5625
T,1,4111110264892212,0.0446,1.0,1.0,1.0,1.0,0.0,4.0,2.4056,7.0,6.0,2.8125
T,1,4242426548233789,-0.1279,1.0,1.0,1.0,1.0,1.0,4.0,2.75,8.0,4.0,4.5625
T,1,4111118233908738,0.0953,1.0,1.0,1.0,1.0,0.0,4.0,2.68,8.0,5.0,3.75
T,1,4532014661239046,-0.0152,1.0,1.0,1.0,1.0,2.0,4.0,2.9056,8.0,3.0,3.5
T,1,4111110976075239,0.0547,1.0,1.0,1.0,1.0,0.0,4.0,2.8994,9.0,5.0,3.5625
T,1,4242424936015322,-0.0056,1.0,1.0,1.0,1.0,1.0,4.0,2.6494,8.0,5.0,3.3125
T,1,4242425933890914,-0.2383,1.0,1.0,1.0,1.0,1.0,4.0,2.7806,8.0,4.0,4.3125
T,1,4242426287433046,-0.1038,1.0,1.0,1.0,1.0,1.0,4.0,2.5244,7.0,5.0,3.8125
T,1,4242423902498363,0.1563,1.0,1.0,1.0,1.0,1.0,4.0,2.5778,7.0,4.0,4.0625
T,1,4242425285330980,0.0057,1.0,1.0,1.0,1.0,1.0,4.0,2.7028,7.0,4.0,3.8125
T,1,5105108541412684,-0.0686,1.0,1.0,1.0,1.0,3.0,5.0,2.6556,7.0,4.0,3.4375
T,1,4242429485488861,-0.5374,1.0,1.0,1.0,1.0,1.0,4.0,2.4772,7.0,5.0,4.9375
T,1,4111115308565609,-0.076,1.0,1.0,1.0,1.0,0.0,4.0,2.7272,8.0,5.0,3.5
T,1,4532018825021596,-0.1455,1.0,1.0,1.0,1.0,2.0,4.0,3.0306,9.0,3.0,3.8125
T,1,5105105949729867,0.5386,1.0,1.0,1.0,1.0,3.0,5.0,3.0306,9.0,3.0,4.875
T,1,5555553183537915,0.7297,1.0,1.0,1.0,1.0,4.0,5.0,2.0778,6.0,8.0,4.6875
T,1,4111114465917828,0.3006,1.0,1.0,1.0,1.0,0.0,4.0,2.6085,8.0,6.0,3.9375
T,1,5555551851204354,0.3543,1.0,1.0,1.0,1.0,4.0,5.0,2.25,7.0,8.0,3.9375
T,1,4242422749002354,-0.1409,1.0,1.0,1.0,1.0,1.0,4.0,2.4238,7.0,5.0,3.375
T,1,5105106030218786,-0.3744,1.0,1.0,1.0,1.0,3.0,5.0,2.8278,8.0,4.0,3.3125
T,1,4242421095844625,0.1773,1.0,1.0,1.0,1.0,1.0,4.0,2.6494,8.0,5.0,3.875
T,1,6011008461759398,0.707,1.0,1.0,1.0,1.0,5.0,6.0,3.0306,9.0,3.0,4.25
T,1,4532012097097004,-0.1252,1.0,1.0,1.0,1.0,2.0,4.0,2.7744,8.0,5.0,3.3125
T,1,4532010615419593,0.1944,1.0,1.0,1.0,1.0,2.0,4.0,2.9056,8.0,3.0,3.625
T,1,4111115063703106,0.2248,1.0,1.0,1.0,1.0,0.0,4.0,2.4835,7.0,6.0,2.5
T,1,4111115395041233,0.2919,1.0,1.0,1.0,1.0,0.0,4.0,2.4835,7.0,6.0,2.75
T,1,4242426323313608,-0.1847,1.0,1.0,1.0,1.0,1.0,4.0,2.5778,7.0,4.0,3.3125
T,1,4111110475944927,0.1888,1.0,1.0,1.0,1.0,0.0,4.0,2.5244,7.0,5.0,3.75
T,1,4111118650593351,-0.1882,1.0,1.0,1.0,1.0,0.0,4.0,2.6085,8.0,6.0,3.375
T,1,4242429928543066,-0.1071,1.0,1.0,1.0,1.0,1.0,4.0,2.75,8.0,4.0,4.375
T,1,4111116128989383,0.4727,1.0,1.0,1.0,1.0,0.0,4.0,2.4835,7.0,6.0,4.125
T,1,4242422788099592,0.2972,1.0,1.0,1.0,1.0,1.0,4.0,2.555,7.0,5.0,4.8125
T,1,4111115648396806,0.1943,1.0,1.0,1.0,1.0,0.0,4.0,2.7272,8.0,5.0,4.0
T,1,4242428209656084,0.3161,1.0,1.0,1.0,1.0,1.0,4.0,2.625,7.0,4.0,4.125
T,1,4242423594701603,0.243,1.0,1.0,1.0,1.0,1.0,4.0,2.9528,9.0,4.0,3.5
T,1,4111112975025413,-0.1886,1.0,1.0,1.0,1.0,0.0,4.0,2.6556,8.0,6.0,2.9375
T,1,4111114529057611,-0.5238,1.0,1.0,1.0,1.0,0.0,4.0,2.5218,8.0,7.0,3.0625
T,1,5105104298234405,-0.4108,1.0,1.0,1.0,1.0,3.0,5.0,2.8585,8.0,3.0,3.3125
T,1,4111112819652034,-0.0173,1.0,1.0,1.0,1.0,0.0,4.0,2.7806,9.0,6.0,3.0625
T,1,4111110253241702,0.5608,1.0,1.0,1.0,1.0,0.0,4.0,2.4835,7.0,6.0,2.1875
T,1,4111114177003347,-0.0269,1.0,1.0,1.0,1.0,0.0,4.0,2.1863,5.0,6.0,2.8125
T,1,5555557576436114,0.2911,1.0,1.0,1.0,1.0,4.0,5.0,2.2718,6.0,7.0,4.625
T,1,4111114325124599,-0.022,1.0,1.0,1.0,1.0,0.0,4.0,2.3585,6.0,6.0,3.3125
T,1,4111114238803313,0.2864,1.0,1.0,1.0,1.0,0.0,4.0,2.2806,6.0,6.0,2.75
T,1,5555553686900990,-0.1755,1.0,1.0,1.0,1.0,4.0,5.0,2.3113,6.0,6.0,5.0
T,1,4111119898073321,-0.1776,1.0,1.0,1.0,1.0,0.0,4.0,2.6556,8.0,6.0,3.6875
T,1,4111114028041660,0.3013,1.0,1.0,1.0,1.0,0.0,4.0,2.3113,6.0,6.0,2.5
T,1,4111110338336956,-0.0254,1.0,1.0,1.0,1.0,0.0,4.0,2.6494,8.0,5.0,3.4375
T,1,4111116980034211,-0.1692,1.0,1.0,1.0,1.0,0.0,4.0,2.5218,8.0,7.0,2.6875
T,1,5555557716715591,-0.8421,1.0,1.0,1.0,1.0,4.0,5.0,1.9056,5.0,8.0,4.9375
T,1,4532015757080897,0.2643,1.0,1.0,1.0,1.0,2.0,4.0,2.9835,9.0,3.0,4.4375
T,1,5555557141750817,0.2315,1.0,1.0,1.0,1.0,4.0,5.0,2.1774,6.0,7.0,4.4375
T,1,4532011925128957,0.2486,1.0,1.0,1.0,1.0,2.0,4.0,2.9835,9.0,3.0,4.0
T,1,4111116247008446,0.0261,1.0,1.0,1.0,1.0,0.0,4.0,2.5244,7.0,5.0,3.125
T,1,4532016648009806,0.1041,1.0,1.0,1.0,1.0,2.0,4.0,2.9528,9.0,4.0,3.875
T,1,4111110726287951,-0.0907,1.0,1.0,1.0,1.0,0.0,4.0,2.7806,9.0,6.0,3.5
T,1,4111113590387543,-0.076,1.0,1.0,1.0,1.0,0.0,4.0,2.7272,8.0,5.0,3.5
T,1,4532013208681694,0.2489,1.0,1.0,1.0,1.0,2.0,4.0,3.125,9.0,2.0,3.875
T,1,4111117429627151,-0.0582,1.0,1.0,1.0,1.0,0.0,4.0,2.3968,7.0,7.0,3.3125
T,1,5555551547245282,-0.2422,1.0,1.0,1.0,1.0,4.0,5.0,2.0778,6.0,8.0,4.375
T,1,4111111308560765,-0.1672,1.0,1.0,1.0,1.0,0.0,4.0,2.6556,8.0,6.0,3.125
T,1,4111119715365298,0.5374,1.0,1.0,1.0,1.0,0.0,4.0,2.7806,9.0,6.0,4.0
T,1,5105101212620917,-0.2032,1.0,1.0,1.0,1.0,3.0,5.0,2.555,7.0,5.0,2.6875
T,1,5555554110829854,0.0726,1.0,1.0,1.0,1.0,4.0,5.0,2.3968,7.0,7.0,4.5
T,1,5105102140158442,0.2281,1.0,1.0,1.0,1.0,3.0,5.0,2.4835,6.0,4.0,2.6875
T,1,4111113771776787,-0.7535,1.0,1.0,1.0,1.0,0.0,4.0,2.0613,6.0,6.0,4.3125
T,1,5555554696883283,0.9726,1.0,1.0,1.0,1.0,4.0,5.0,2.4835,7.0,6.0,5.4375
T,1,6011005478952057,0.3523,1.0,1.0,1.0,1.0,5.0,6.0,2.9528,9.0,4.0,3.75
T,1,5555555255071590,-0.0682,1.0,1.0,1.0,1.0,4.0,5.0,1.7988,6.0,10.0,4.3125
T,1,4242425378445349,0.2544,1.0,1.0,1.0,1.0,1.0,4.0,2.4835,7.0,6.0,4.375
T,1,5555554626096022,0.0631,1.0,1.0,1.0,1.0,4.0,5.0,2.3113,6.0,6.0,4.1875
T,1,4111112978850940,0.0508,1.0,1.0,1.0,1.0,0.0,4.0,2.7744,8.0,5.0,3.8125
T,1,5105103049532026,0.0178,1.0,1.0,1.0,1.0,3.0,5.0,2.8278,8.0,4.0,2.875
T,1,4242429998277561,-0.1426,1.0,1.0,1.0,1.0,1.0,4.0,2.7806,8.0,4.0,5.0625
T,1,4532011761698626,0.3293,1.0,1.0,1.0,1.0,2.0,4.0,3.0778,10.0,4.0,4.1875
T,1,4111118335003511,-0.118,1.0,1.0,1.0,1.0,0.0,4.0,2.2246,6.0,7.0,2.375
T,1,4111111146403673,0.0927,1.0,1.0,1.0,1.0,0.0,4.0,2.2246,6.0,7.0,2.75
T,1,4242423155614617,0.0334,1.0,1.0,1.0,1.0,1.0,4.0,2.6556,7.0,4.0,3.5625
T,1,6011008809020388,-0.0468,1.0,1.0,1.0,1.0,5.0,6.0,2.4056,7.0,6.0,3.375
T,1,4111111840378429,-0.2063,1.0,1.0,1.0,1.0,0.0,4.0,2.6085,8.0,6.0,3.4375
T,1,4532017376903129,0.1349,1.0,1.0,1.0,1.0,2.0,4.0,3.0778,9.0,3.0,3.875
T,1,5105105310939186,0.0137,1.0,1.0,1.0,1.0,3.0,5.0,2.6556,7.0,4.0,3.5625
T,1,4242421371103902,0.1133,1.0,1.0,1.0,1.0,1.0,4.0,2.6556,7.0,4.0,2.8125
T,1,4111113691664592,0.4097,1.0,1.0,1.0,1.0,0.0,4.0,2.4835,7.0,6.0,3.75
T,1,4111119426249708,0.1624,1.0,1.0,1.0,1.0,0.0,4.0,2.7272,8.0,5.0,3.75
T,1,4532012594041448,0.0812,1.0,1.0,1.0,1.0,2.0,4.0,2.7744,8.0,5.0,3.5
T,1,4111114585155960,-0.1463,1.0,1.0,1.0,1.0,0.0,4.0,2.4056,7.0,6.0,3.5625
T,1,5555558396527629,0.3692,1.0,1.0,1.0,1.0,4.0,5.0,2.3968,7.0,7.0,5.4375
T,1,4111111933360763,0.0745,1.0,1.0,1.0,1.0,0.0,4.0,2.4056,7.0,6.0,3.125
T,1,5105102094651095,-0.2616,1.0,1.0,1.0,1.0,3.0,5.0,2.5778,7.0,4.0,3.3125
T,1,4111119210376329,-0.1672,1.0,1.0,1.0,1.0,0.0,4.0,2.6556,8.0,6.0,3.1875
T,1,5105108657919506,-0.0055,1.0,1.0,1.0,1.0,3.0,5.0,2.6556,7.0,4.0,4.25
T,1,4111115180432035,0.1077,1.0,1.0,1.0,1.0,0.0,4.0,2.5306,7.0,6.0,2.5
T,1,4532019593413965,-0.2823,1.0,1.0,1.0,1.0,2.0,4.0,2.8585,8.0,3.0,4.3125
T,1,4111112615492270,-0.1266,1.0,1.0,1.0,1.0,0.0,4.0,2.6085,8.0,6.0,2.9375
T,1,4242426764363021,-0.0497,1.0,1.0,1.0,1.0,1.0,4.0,2.5778,7.0,4.0,3.5
T,1,4532014800978223,0.0446,1.0,1.0,1.0,1.0,2.0,4.0,3.0306,9.0,3.0,3.625
T,1,4111111984783509,0.0403,1.0,1.0,1.0,1.0,0.0,4.0,2.6556,8.0,6.0,3.9375
T,1,4242423712918998,0.0561,1.0,1.0,1.0,1.0,1.0,4.0,2.6556,7.0,4.0,4.6875
T,1,4111110405790051,0.2377,1.0,1.0,1.0,1.0,0.0,4.0,2.2806,6.0,6.0,2.5
T,1,4532018295313812,0.0215,1.0,1.0,1.0,1.0,2.0,4.0,2.8585,8.0,3.0,3.5625
T,1,4111115550106474,0.2328,1.0,1.0,1.0,1.0,0.0,4.0,2.3113,6.0,6.0,2.875
T,1,4532018885328527,-0.0473,1.0,1.0,1.0,1.0,2.0,4.0,2.7806,8.0,4.0,4.4375
T,1,4242423429669355,-0.1347,1.0,1.0,1.0,1.0,1.0,4.0,2.5,6.0,4.0,4.375
T,1,5105109489285223,-0.142,1.0,1.0,1.0,1.0,3.0,5.0,2.9056,8.0,3.0,4.0
T,1,4111118715323174,0.1205,1.0,1.0,1.0,1.0,0.0,4.0,2.3968,7.0,7.0,3.125
T,1,4242428350861905,0.0289,1.0,1.0,1.0,1.0,1.0,4.0,3.0306,9.0,3.0,3.9375
T,1,4242427521854245,-0.2591,1.0,1.0,1.0,1.0,1.0,4.0,2.2516,6.0,5.0,3.8125
T,1,4111116297385272,0.2323,1.0,1.0,1.0,1.0,0.0,4.0,2.8522,9.0,5.0,3.75
T,1,5555558052555898,-2.1716,1.0,1.0,1.0,1.0,4.0,5.0,1.6266,5.0,10.0,5.3125
T,1,4532013637585227,0.1624,1.0,1.0,1.0,1.0,2.0,4.0,2.9835,9.0,3.0,3.9375
T,1,4111114647476206,0.0409,1.0,1.0,1.0,1.0,0.0,4.0,2.3522,6.0,5.0,3.4375
T,1,4111118693838060,0.3438,1.0,1.0,1.0,1.0,0.0,4.0,2.6022,7.0,5.0,3.75
T,1,4532013840194148,0.0753,1.0,1.0,1.0,1.0,2.0,4.0,2.8278,8.0,4.0,3.5625
T,1,4111117957533102,-0.1672,1.0,1.0,1.0,1.0,0.0,4.0,2.6556,8.0,6.0,3.1875
T,1,5105108550753663,0.2669,1.0,1.0,1.0,1.0,3.0,5.0,2.6022,7.0,5.0,3.75
T,1,5105106490012455,-0.604,1.0,1.0,1.0,1.0,3.0,5.0,2.5778,7.0,4.0,3.0
T,1,4111113213881427,-0.0863,1.0,1.0,1.0,1.0,0.0,4.0,2.2718,6.0,7.0,3.0
T,1,4242424879985762,-0.1558,1.0,1.0,1.0,1.0,1.0,4.0,2.625,7.0,4.0,5.1875
T,1,4532014980819668,-0.1374,1.0,1.0,1.0,1.0,2.0,4.0,3.0778,9.0,3.0,4.625
T,1,4242426086846802,0.2146,1.0,1.0,1.0,1.0,1.0,4.0,2.2806,5.0,4.0,4.125
T,1,5105101470040014,-1.2554,1.0,1.0,1.0,1.0,3.0,5.0,2.1085,5.0,6.0,2.0625
T,1,4111118577596834,0.2347,1.0,1.0,1.0,1.0,0.0,4.0,2.7744,8.0,5.0,4.4375
T,1,4242420937670321,0.0402,1.0,1.0,1.0,1.0,1.0,4.0,2.8278,8.0,4.0,3.5
T,1,6011007368681671,0.1326,1.0,1.0,1.0,1.0,5.0,6.0,2.4528,6.0,4.0,3.8125
T,1,4242424284345362,-0.048,1.0,1.0,1.0,1.0,1.0,4.0,2.18,6.0,6.0,3.6875
T,1,4111117572018430,-0.1646,1.0,1.0,1.0,1.0,0.0,4.0,2.6556,8.0,6.0,2.875
T,1,5105102470947521,-0.1053,1.0,1.0,1.0,1.0,3.0,5.0,2.7335,7.0,3.0,3.3125
T,1,5555558027465611,0.1023,1.0,1.0,1.0,1.0,4.0,5.0,2.5218,8.0,7.0,4.375
T,1,4111116768282347,0.3494,1.0,1.0,1.0,1.0,0.0,4.0,2.6494,7.0,5.0,3.875
T,1,4111110482641094,0.0206,1.0,1.0,1.0,1.0,0.0,4.0,2.4056,7.0,6.0,2.9375
T,1,5555553564459143,0.3502,1.0,1.0,1.0,1.0,4.0,5.0,2.0778,6.0,8.0,4.625
T,1,4242424233961517,-0.0356,1.0,1.0,1.0,1.0,1.0,4.0,2.75,8.0,4.0,3.6875
T,1,4111115680361254,-0.4061,1.0,1.0,1.0,1.0,0.0,4.0,2.6556,8.0,6.0,3.0625
T,1,4242429645250953,0.1116,1.0,1.0,1.0,1.0,1.0,4.0,2.5778,7.0,4.0,4.125
T,1,4111111016467758,-0.0395,1.0,1.0,1.0,1.0,0.0,4.0,2.3968,7.0,7.0,3.375
T,1,4532018149025216,0.0361,1.0,1.0,1.0,1.0,2.0,4.0,3.0306,9.0,3.0,3.3125
T,1,5555554031286135,0.1351,1.0,1.0,1.0,1.0,4.0,5.0,2.5218,8.0,7.0,3.9375
T,1,4242422677835262,0.3242,1.0,1.0,1.0,1.0,1.0,4.0,2.4835,7.0,6.0,4.125
T,1,4111119413421625,0.0916,1.0,1.0,1.0,1.0,0.0,4.0,2.3496,7.0,7.0,2.875
T,1,4242428369948610,-0.1384,1.0,1.0,1.0,1.0,1.0,4.0,2.8278,8.0,4.0,4.5
T,1,4242423806604702,-0.2022,1.0,1.0,1.0,1.0,1.0,4.0,2.5778,7.0,4.0,3.375
T,1,4111111214482708,-0.0245,1.0,1.0,1.0,1.0,0.0,4.0,2.2246,6.0,7.0,2.875
T,1,4242423665501627,-0.1092,1.0,1.0,1.0,1.0,1.0,4.0,2.7806,8.0,4.0,3.6875
T,1,4111114458943922,-0.0642,1.0,1.0,1.0,1.0,0.0,4.0,2.5244,7.0,5.0,3.6875
T,1,4111112026083387,0.1221,1.0,1.0,1.0,1.0,0.0,4.0,2.7744,8.0,5.0,3.0
T,1,5105109829897711,-0.1271,1.0,1.0,1.0,1.0,3.0,5.0,2.7028,7.0,4.0,4.5625
T,1,4242428610405972,0.1523,1.0,1.0,1.0,1.0,1.0,4.0,2.875,9.0,4.0,3.75
T,1,6011006805714723,0.4408,1.0,1.0,1.0,1.0,5.0,6.0,2.9528,9.0,4.0,3.1875
T,1,4242422546693637,-0.2069,1.0,1.0,1.0,1.0,1.0,4.0,2.5778,7.0,4.0,4.3125
T,1,4532014484789078,0.0536,1.0,1.0,1.0,1.0,2.0,4.0,2.9528,9.0,4.0,4.625
T,1,4242424224361669,-0.2591,1.0,1.0,1.0,1.0,1.0,4.0,2.2516,6.0,5.0,3.8125
T,1,4532016261205566,-0.0739,1.0,1.0,1.0,1.0,2.0,4.0,2.6556,7.0,4.0,3.375
T,1,4111112260064002,-0.7844,1.0,1.0,1.0,1.0,0.0,4.0,2.2272,5.0,5.0,1.9375
T,1,4111111919163090,-0.259,1.0,1.0,1.0,1.0,0.0,4.0,2.0778,6.0,8.0,3.0
T,1,4111111122025904,-0.4506,1.0,1.0,1.0,1.0,0.0,4.0,2.2246,6.0,7.0,2.1875
T,1,4242427351101246,-0.3459,1.0,1.0,1.0,1.0,1.0,4.0,2.7028,8.0,4.0,3.0
T,1,4242424280307820,0.1689,1.0,1.0,1.0,1.0,1.0,4.0,2.3522,6.0,5.0,3.25
T,1,4111114330021517,-0.267,1.0,1.0,1.0,1.0,0.0,4.0,2.3968,7.0,7.0,2.1875
T,1,4532014676352313,-0.2635,1.0,1.0,1.0,1.0,2.0,4.0,2.875,8.0,4.0,3.4375
T,1,4532014926184128,0.2516,1.0,1.0,1.0,1.0,2.0,4.0,2.9835,9.0,3.0,3.75
T,1,5555552388985788,0.6549,1.0,1.0,1.0,1.0,4.0,5.0,2.0462,6.0,7.0,6.0
T,1,4111111638210362,0.163,1.0,1.0,1.0,1.0,0.0,4.0,2.3968,7.0,7.0,2.5625
T,1,4242422357098843,0.0521,1.0,1.0,1.0,1.0,1.0,4.0,2.75,8.0,4.0,4.1875
T,1,4242421136850953,0.06,1.0,1.0,1.0,1.0,1.0,4.0,3.0306,9.0,3.0,3.6875
T,1,6011001185882067,-0.3093,1.0,1.0,1.0,1.0,5.0,6.0,2.5778,7.0,4.0,3.375
T,1,4111116461199384,0.195,1.0,1.0,1.0,1.0,0.0,4.0,2.2246,6.0,7.0,3.75
T,1,4242422786678140,0.2343,1.0,1.0,1.0,1.0,1.0,4.0,2.625,7.0,4.0,4.1875
T,1,4532018405474454,0.3157,1.0,1.0,1.0,1.0,2.0,4.0,2.6085,8.0,6.0,3.75
T,1,4242423524370552,0.0962,1.0,1.0,1.0,1.0,1.0,4.0,2.3522,6.0,5.0,3.375
T,1,4111110846445638,-0.0736,1.0,1.0,1.0,1.0,0.0,4.0,2.5244,7.0,5.0,3.5625
T,1,4242429954524329,-0.7324,1.0,1.0,1.0,1.0,1.0,4.0,2.1266,5.0,5.0,4.375
T,1,4242428663840679,0.1692,1.0,1.0,1.0,1.0,1.0,4.0,2.7806,8.0,4.0,4.6875
T,1,4242426356743796,-0.1747,1.0,1.0,1.0,1.0,1.0,4.0,2.6556,7.0,4.0,4.625
T,1,6011009816372671,0.006,1.0,1.0,1.0,1.0,5.0,6.0,2.7806,8.0,4.0,3.625
T,1,4242424554351603,-0.1745,1.0,1.0,1.0,1.0,1.0,4.0,2.555,7.0,5.0,3.375
T,1,4242427221544427,-0.0972,1.0,1.0,1.0,1.0,1.0,4.0,1.9363,5.0,6.0,3.5
T,1,4242427185854762,0.1352,1.0,1.0,1.0,1.0,1.0,4.0,2.625,7.0,4.0,4.4375
T,1,4111117749655809,0.0179,1.0,1.0,1.0,1.0,0.0,4.0,2.7744,8.0,5.0,4.3125
T,1,4242426561532810,-0.233,1.0,1.0,1.0,1.0,1.0,4.0,2.8278,8.0,4.0,3.4375
T,1,4242426042894128,-0.2478,1.0,1.0,1.0,1.0,1.0,4.0,2.4238,7.0,5.0,3.875
T,1,4242420134041110,-0.7259,1.0,1.0,1.0,1.0,1.0,4.0,2.18,5.0,5.0,2.0625
T,1,4242423161942010,-0.3854,1.0,1.0,1.0,1.0,1.0,4.0,2.5778,7.0,4.0,2.8125
T,1,4242420846454353,0.3526,1.0,1.0,1.0,1.0,1.0,4.0,2.4835,7.0,6.0,3.75
T,1,4242427540776890,-0.0215,1.0,1.0,1.0,1.0,1.0,4.0,2.7806,8.0,4.0,4.4375
T,1,4242425357620342,-0.0678,1.0,1.0,1.0,1.0,1.0,4.0,2.5244,7.0,5.0,3.4375
T,1,4242426611219384,-0.1728,1.0,1.0,1.0,1.0,1.0,4.0,2.5778,7.0,4.0,3.6875
T,1,4242422298487907,-0.3603,1.0,1.0,1.0,1.0,1.0,4.0,2.3994,6.0,5.0,4.625
T,1,4111117727649196,0.0754,1.0,1.0,1.0,1.0,0.0,4.0,2.3585,6.0,6.0,4.1875
T,1,4242427465868623,-0.2041,1.0,1.0,1.0,1.0,1.0,4.0,2.5778,7.0,4.0,4.5625
T,1,4242423874015831,0.2498,1.0,1.0,1.0,1.0,1.0,4.0,2.8278,8.0,4.0,3.625
T,1,4111113681198775,0.2746,1.0,1.0,1.0,1.0,0.0,4.0,2.5218,8.0,7.0,4.0
T,1,4111110703105390,-0.0548,1.0,1.0,1.0,1.0,0.0,4.0,2.4056,7.0,6.0,2.3125
T,1,5105109269300630,0.2473,1.0,1.0,1.0,1.0,3.0,5.0,2.6494,7.0,5.0,3.125
T,1,4111114294022709,-0.29,1.0,1.0,1.0,1.0,0.0,4.0,2.43,6.0,5.0,3.0
T,1,4242424935598674,0.0512,1.0,1.0,1.0,1.0,1.0,4.0,2.7272,8.0,5.0,4.875
T,1,4111115764765305,0.0814,1.0,1.0,1.0,1.0,0.0,4.0,2.6022,7.0,5.0,3.5625
T,1,4532015710180776,0.2897,1.0,1.0,1.0,1.0,2.0,4.0,2.9835,9.0,3.0,3.5625
T,1,4111113441043949,0.0367,1.0,1.0,1.0,1.0,0.0,4.0,2.055,5.0,6.0,3.125
T,1,5555559699890987,-0.0907,1.0,1.0,1.0,1.0,4.0,5.0,2.18,6.0,6.0,6.5
T,1,5555553692060102,0.299,1.0,1.0,1.0,1.0,4.0,5.0,2.4835,7.0,6.0,3.6875
T,1,4111118698174727,0.344,1.0,1.0,1.0,1.0,0.0,4.0,2.4835,7.0,6.0,4.25
T,1,4111118630200770,-0.3283,1.0,1.0,1.0,1.0,0.0,4.0,2.6494,8.0,5.0,2.625
T,1,4532011885064028,0.0458,1.0,1.0,1.0,1.0,2.0,4.0,2.9056,8.0,3.0,3.5625
T,1,4111113192485257,-0.3644,1.0,1.0,1.0,1.0,0.0,4.0,2.6556,8.0,6.0,3.4375
T,1,4111110940285096,-0.0294,1.0,1.0,1.0,1.0,0.0,4.0,2.7272,8.0,5.0,3.25
T,1,4111113258362812,-0.0554,1.0,1.0,1.0,1.0,0.0,4.0,2.4835,7.0,6.0,3.0625
T,1,4242424837261678,0.0101,1.0,1.0,1.0,1.0,1.0,4.0,2.625,7.0,4.0,4.375
T,1,4532018464376392,0.0389,1.0,1.0,1.0,1.0,2.0,4.0,3.1556,10.0,3.0,4.1875
T,1,5105102423280343,0.342,1.0,1.0,1.0,1.0,3.0,5.0,2.7335,7.0,3.0,2.6875
T,1,4111111299199151,-0.6087,1.0,1.0,1.0,1.0,0.0,4.0,1.7169,5.0,9.0,3.5
T,1,4111114981325803,-0.1672,1.0,1.0,1.0,1.0,0.0,4.0,2.6556,8.0,6.0,3.25
T,1,4242428192246836,-0.0279,1.0,1.0,1.0,1.0,1.0,4.0,2.5244,7.0,5.0,4.1875
T,1,4111113250451266,0.1821,1.0,1.0,1.0,1.0,0.0,4.0,2.5306,7.0,6.0,2.6875
T,1,4111119996518284,0.4029,1.0,1.0,1.0,1.0,0.0,4.0,2.4835,7.0,6.0,4.375
T,1,4111119382617476,-0.0319,1.0,1.0,1.0,1.0,0.0,4.0,2.6556,8.0,6.0,3.875
T,1,4111116793423569,0.1255,1.0,1.0,1.0,1.0,0.0,4.0,2.7744,8.0,5.0,3.9375
T,1,4242428710735849,0.1169,1.0,1.0,1.0,1.0,1.0,4.0,2.9528,9.0,4.0,4.375
T,1,5555556559895031,-0.73,1.0,1.0,1.0,1.0,4.0,5.0,2.0919,7.0,9.0,5.0625
T,1,4111115592164036,-0.1672,1.0,1.0,1.0,1.0,0.0,4.0,2.6556,8.0,6.0,3.125
T,1,5555559011994673,-0.0056,1.0,1.0,1.0,1.0,4.0,5.0,2.6085,8.0,6.0,4.9375
T,1,4242426580150768,0.0853,1.0,1.0,1.0,1.0,1.0,4.0,2.9056,8.0,3.0,4.0
T,1,5105106891377192,-0.309,1.0,1.0,1.0,1.0,3.0,5.0,3.0,9.0,4.0,4.0625
T,1,4532010070087729,-0.1447,1.0,1.0,1.0,1.0,2.0,4.0,2.8522,9.0,5.0,3.4375
T,1,4111117494952989,0.3719,1.0,1.0,1.0,1.0,0.0,4.0,2.4772,7.0,5.0,4.6875
T,1,4111117255110074,-0.0548,1.0,1.0,1.0,1.0,0.0,4.0,2.2718,6.0,7.0,2.5625
T,1,5555558489284245,0.6419,1.0,1.0,1.0,1.0,4.0,5.0,2.0524,5.0,7.0,5.25
T,1,4111110690800474,-0.0453,1.0,1.0,1.0,1.0,0.0,4.0,2.4772,7.0,5.0,2.9375
T,1,6011003683226201,-0.6812,1.0,1.0,1.0,1.0,5.0,6.0,2.4835,6.0,4.0,2.5625
T,1,4111116339527907,0.2106,1.0,1.0,1.0,1.0,0.0,4.0,2.8994,9.0,5.0,3.75
T,1,4111118575571227,0.3192,1.0,1.0,1.0,1.0,0.0,4.0,2.3113,6.0,6.0,3.625
T,1,4111111334331710,-1.0141,1.0,1.0,1.0,1.0,0.0,4.0,1.875,5.0,8.0,2.1875
T,1,4242424736236862,-0.0573,1.0,1.0,1.0,1.0,1.0,4.0,2.3522,6.0,5.0,4.0625
T,1,4532016834347937,0.1124,1.0,1.0,1.0,1.0,2.0,4.0,3.0778,10.0,4.0,4.3125
T,1,4242424628151500,0.1946,1.0,1.0,1.0,1.0,1.0,4.0,2.625,7.0,4.0,3.125
T,1,4111112633083424,-0.2024,1.0,1.0,1.0,1.0,0.0,4.0,2.555,7.0,5.0,2.75
T,1,4242425675106081,0.0458,1.0,1.0,1.0,1.0,1.0,4.0,2.9056,8.0,3.0,3.5625
T,1,4242427729459953,-0.1324,1.0,1.0,1.0,1.0,1.0,4.0,2.4528,6.0,4.0,4.875
T,1,4111112963584298,0.3342,1.0,1.0,1.0,1.0,0.0,4.0,2.7744,8.0,5.0,4.0625
T,1,4111113147363476,0.3612,1.0,1.0,1.0,1.0,0.0,4.0,2.1863,5.0,6.0,3.3125
T,1,4242429518191359,-0.205,1.0,1.0,1.0,1.0,1.0,4.0,2.6863,7.0,3.0,4.3125
T,1,4532014831376850,0.2522,1.0,1.0,1.0,1.0,2.0,4.0,3.0778,9.0,3.0,3.75
T,1,4111117152033429,-0.014,1.0,1.0,1.0,1.0,0.0,4.0,2.6556,8.0,6.0,2.8125
T,1,4242427103408949,-0.0554,1.0,1.0,1.0,1.0,1.0,4.0,2.7272,8.0,5.0,3.9375
T,1,4111113993883635,0.2024,1.0,1.0,1.0,1.0,0.0,4.0,2.5244,7.0,5.0,4.125
T,1,4532014462780826,-0.0437,1.0,1.0,1.0,1.0,2.0,4.0,3.0306,9.0,3.0,3.875
T,1,4111110460490183,0.0621,1.0,1.0,1.0,1.0,0.0,4.0,2.4363,7.0,6.0,2.75
T,1,4242427116812681,0.0928,1.0,1.0,1.0,1.0,1.0,4.0,2.4528,6.0,4.0,3.6875
T,1,4111110587294724,-0.0151,1.0,1.0,1.0,1.0,0.0,4.0,2.7272,8.0,5.0,3.5625
T,1,4111112631581742,-0.4827,1.0,1.0,1.0,1.0,0.0,4.0,2.5218,8.0,7.0,3.0
T,1,4111113069914538,-0.1175,1.0,1.0,1.0,1.0,0.0,4.0,2.6556,8.0,6.0,3.5625
T,1,4242422915364208,0.3012,1.0,1.0,1.0,1.0,1.0,4.0,2.7744,9.0,5.0,3.625
T,1,4532013069453944,-0.065,1.0,1.0,1.0,1.0,2.0,4.0,2.8278,8.0,4.0,3.875
T,1,5105103473858525,-0.0472,1.0,1.0,1.0,1.0,3.0,5.0,2.7744,8.0,5.0,3.875
T,1,4111116225935792,-0.0905,1.0,1.0,1.0,1.0,0.0,4.0,2.7272,8.0,5.0,3.6875
T,1,4242429647548149,0.7162,1.0,1.0,1.0,1.0,1.0,4.0,2.6085,8.0,6.0,4.6875
T,1,4242420002692549,0.078,1.0,1.0,1.0,1.0,1.0,4.0,2.3522,6.0,5.0,3.4375
T,1,5105109308843194,-0.1898,1.0,1.0,1.0,1.0,3.0,5.0,2.7806,7.0,3.0,3.8125
T,1,4111115952608325,-0.1843,1.0,1.0,1.0,1.0,0.0,4.0,2.8522,9.0,5.0,3.375
T,1,4111115554465017,0.0936,1.0,1.0,1.0,1.0,0.0,4.0,2.2335,6.0,6.0,3.1875
T,1,4242422840234286,0.0021,1.0,1.0,1.0,1.0,1.0,4.0,2.18,6.0,6.0,3.5625
T,1,5555552474089206,-0.0846,1.0,1.0,1.0,1.0,4.0,5.0,2.6556,8.0,6.0,4.5
T,1,5105109067886327,-0.1767,1.0,1.0,1.0,1.0,3.0,5.0,3.0778,9.0,3.0,4.25
T,1,4242421315359487,0.1408,1.0,1.0,1.0,1.0,1.0,4.0,2.8278,8.0,4.0,4.0
T,1,4242425900059048,0.3917,1.0,1.0,1.0,1.0,1.0,4.0,2.4528,6.0,4.0,3.625
T,1,4242425503437104,0.1344,1.0,1.0,1.0,1.0,1.0,4.0,2.6022,7.0,5.0,3.125
T,1,4111115455846224,0.059,1.0,1.0,1.0,1.0,0.0,4.0,2.3522,6.0,5.0,3.375
T,1,4242420597489749,-0.4156,1.0,1.0,1.0,1.0,1.0,4.0,2.555,7.0,5.0,5.0
T,1,4242424158534752,-0.0685,1.0,1.0,1.0,1.0,1.0,4.0,2.4772,7.0,5.0,3.875
T,1,4111116417375211,0.0813,1.0,1.0,1.0,1.0,0.0,4.0,2.25,7.0,8.0,2.875
T,1,4242427650106326,-0.3181,1.0,1.0,1.0,1.0,1.0,4.0,2.7806,8.0,4.0,3.375
T,1,4532015327687536,0.1831,1.0,1.0,1.0,1.0,2.0,4.0,3.0306,9.0,3.0,4.1875
T,1,6011002589690916,0.0523,1.0,1.0,1.0,1.0,5.0,6.0,2.6085,7.0,4.0,3.9375
T,1,4242420049763030,-0.141,1.0,1.0,1.0,1.0,1.0,4.0,2.5778,7.0,4.0,3.125
T,1,5105100924863518,0.1738,1.0,1.0,1.0,1.0,3.0,5.0,2.9835,9.0,3.0,3.625
T,1,5555550884607401,0.3745,1.0,1.0,1.0,1.0,4.0,5.0,2.4835,7.0,6.0,4.25
T,1,5555559982170428,-0.0438,1.0,1.0,1.0,1.0,4.0,5.0,2.6556,8.0,6.0,5.0
T,1,4532010389506609,-0.003,1.0,1.0,1.0,1.0,2.0,4.0,3.0,9.0,4.0,3.8125
T,1,4242427737083530,-0.0588,1.0,1.0,1.0,1.0,1.0,4.0,2.6863,7.0,3.0,3.8125
T,1,4111118676288036,-0.0492,1.0,1.0,1.0,1.0,0.0,4.0,2.68,8.0,5.0,3.9375
T,1,4242426293731888,-0.2014,1.0,1.0,1.0,1.0,1.0,4.0,2.7806,8.0,4.0,4.5625
T,1,4242421840552887,0.1116,1.0,1.0,1.0,1.0,1.0,4.0,2.5778,7.0,4.0,4.125
T,1,4111115435038298,0.0314,1.0,1.0,1.0,1.0,0.0,4.0,2.7744,8.0,5.0,3.5
T,1,6011003409015235,-0.3515,1.0,1.0,1.0,1.0,5.0,6.0,2.7272,8.0,5.0,2.5
T,1,5105107887406870,0.0386,1.0,1.0,1.0,1.0,3.0,5.0,2.6556,7.0,4.0,4.1875
T,1,4242427663030802,-0.0564,1.0,1.0,1.0,1.0,1.0,4.0,2.6556,7.0,4.0,3.3125
T,1,4111114393763344,-0.0113,1.0,1.0,1.0,1.0,0.0,4.0,2.2744,6.0,5.0,3.4375
T,1,4111118404480509,0.1722,1.0,1.0,1.0,1.0,0.0,4.0,2.3522,6.0,5.0,3.1875
T,1,4111118223600964,0.081,1.0,1.0,1.0,1.0,0.0,4.0,2.7744,8.0,5.0,3.0625
T,1,4111119795422472,0.0035,1.0,1.0,1.0,1.0,0.0,4.0,2.43,6.0,5.0,3.75
T,1,4242422867298719,0.4498,1.0,1.0,1.0,1.0,1.0,4.0,2.6022,7.0,5.0,4.8125
T,1,4111117221092117,-0.4628,1.0,1.0,1.0,1.0,0.0,4.0,2.0778,6.0,8.0,2.5625
T,1,6011006659676317,0.4533,1.0,1.0,1.0,1.0,5.0,6.0,2.555,7.0,5.0,4.0
T,1,5555557496184422,0.7375,1.0,1.0,1.0,1.0,4.0,5.0,2.6085,8.0,6.0,4.8125
T,1,4242426058920221,-0.1865,1.0,1.0,1.0,1.0,1.0,4.0,2.6085,8.0,6.0,3.3125
T,1,4111115014557361,0.0916,1.0,1.0,1.0,1.0,0.0,4.0,2.3496,7.0,7.0,2.875
T,1,4111114064186908,-0.0215,1.0,1.0,1.0,1.0,0.0,4.0,2.3585,6.0,6.0,3.4375
T,1,4111114347747138,0.032,1.0,1.0,1.0,1.0,0.0,4.0,2.1085,5.0,6.0,3.5625
T,1,4242424234441162,-0.4097,1.0,1.0,1.0,1.0,1.0,4.0,1.9212,5.0,7.0,3.0625
T,1,4532016858407872,0.0679,1.0,1.0,1.0,1.0,2.0,4.0,3.0778,9.0,3.0,4.375
T,1,4111112890033807,-0.2214,1.0,1.0,1.0,1.0,0.0,4.0,2.7272,8.0,5.0,3.0625
T,1,4111116155253851,0.2727,1.0,1.0,1.0,1.0,0.0,4.0,2.2718,7.0,7.0,3.125
T,1,4532014608224515,-0.0946,1.0,1.0,1.0,1.0,2.0,4.0,2.8585,8.0,3.0,3.25
T,1,4532010558408751,0.2239,1.0,1.0,1.0,1.0,2.0,4.0,2.8278,8.0,4.0,3.625
T,1,4532011596028411,-0.0033,1.0,1.0,1.0,1.0,2.0,4.0,3.0,9.0,4.0,3.25
T,1,4242422427125394,0.1945,1.0,1.0,1.0,1.0,1.0,4.0,2.305,7.0,6.0,3.5625
T,1,4111118656560248,0.0909,1.0,1.0,1.0,1.0,0.0,4.0,2.6022,7.0,5.0,3.6875
T,1,4111110928194682,0.2096,1.0,1.0,1.0,1.0,0.0,4.0,2.5306,7.0,6.0,3.625
T,1,5555559253428166,0.5585,1.0,1.0,1.0,1.0,4.0,5.0,2.5218,8.0,7.0,4.75
T,1,4111111581225565,0.1093,1.0,1.0,1.0,1.0,0.0,4.0,2.1468,6.0,7.0,3.0625
T,1,4111119818610129,0.1804,1.0,1.0,1.0,1.0,0.0,4.0,2.25,7.0,8.0,3.375
T,1,4532013273033185,0.032,1.0,1.0,1.0,1.0,2.0,4.0,2.7744,8.0,5.0,3.125
T,1,4111118600089385,-0.1432,1.0,1.0,1.0,1.0,0.0,4.0,2.68,8.0,5.0,3.5
T,1,4242422638786273,-0.1723,1.0,1.0,1.0,1.0,1.0,4.0,2.4772,6.0,5.0,4.375
T,1,4111117385451661,-0.0577,1.0,1.0,1.0,1.0,0.0,4.0,2.3968,7.0,7.0,3.4375
T,1,5555552525882138,0.2084,1.0,1.0,1.0,1.0,4.0,5.0,1.9056,5.0,8.0,4.625
T,1,4111119139413252,-0.0863,1.0,1.0,1.0,1.0,0.0,4.0,2.2718,6.0,7.0,3.0
T,1,4242426653553088,0.0295,1.0,1.0,1.0,1.0,1.0,4.0,2.7335,7.0,3.0,4.1875
T,1,4111114585198572,0.3146,1.0,1.0,1.0,1.0,0.0,4.0,2.4835,7.0,6.0,3.9375
T,1,4111114025435006,-0.2639,1.0,1.0,1.0,1.0,0.0,4.0,2.555,7.0,5.0,2.375
T,1,4111112765371613,0.1205,1.0,1.0,1.0,1.0,0.0,4.0,2.3968,7.0,7.0,3.125
T,1,4242427852738330,0.1699,1.0,1.0,1.0,1.0,1.0,4.0,2.6556,7.0,4.0,4.0
T,1,6011001020126571,-1.1864,1.0,1.0,1.0,1.0,5.0,6.0,2.2988,6.0,5.0,2.0625
T,1,4242423164200564,-0.4416,1.0,1.0,1.0,1.0,1.0,4.0,2.5244,7.0,5.0,3.0625
T,1,4242427764550088,0.0774,1.0,1.0,1.0,1.0,1.0,4.0,2.7028,7.0,4.0,4.25
T,1,6011000090077318,0.0181,1.0,1.0,1.0,1.0,5.0,6.0,2.3496,7.0,7.0,2.6875
T,1,4111110448017066,0.2328,1.0,1.0,1.0,1.0,0.0,4.0,2.3113,6.0,6.0,2.8125
T,1,4111112222560105,0.0181,1.0,1.0,1.0,1.0,0.0,4.0,2.2806,6.0,6.0,2.125
T,1,4242426188689696,0.5764,1.0,1.0,1.0,1.0,1.0,4.0,2.4835,6.0,4.0,5.3125
T,1,4242421977029907,-0.0728,1.0,1.0,1.0,1.0,1.0,4.0,2.4835,6.0,4.0,4.3125
T,1,6011003943008399,-0.1549,1.0,1.0,1.0,1.0,5.0,6.0,2.555,7.0,5.0,3.5
T,1,4111119451563569,0.0608,1.0,1.0,1.0,1.0,0.0,4.0,2.3585,6.0,6.0,3.875
T,1,4532010797627229,0.3579,1.0,1.0,1.0,1.0,2.0,4.0,2.9528,9.0,4.0,4.125
T,1,6011000857057271,-0.2566,1.0,1.0,1.0,1.0,5.0,6.0,2.555,7.0,5.0,3.125
T,1,4111119523373625,-0.2084,1.0,1.0,1.0,1.0,0.0,4.0,2.7272,8.0,5.0,3.375
T,1,4111119662772991,0.0754,1.0,1.0,1.0,1.0,0.0,4.0,2.3585,6.0,6.0,4.1875
T,1,5555557415913984,-0.191,1.0,1.0,1.0,1.0,4.0,5.0,2.3968,7.0,7.0,5.0625
T,1,4242421963907710,-0.1693,1.0,1.0,1.0,1.0,1.0,4.0,2.9056,8.0,3.0,3.8125
T,1,4111115799775675,0.1237,1.0,1.0,1.0,1.0,0.0,4.0,2.3522,6.0,5.0,4.75
T,1,4532015972497223,0.1103,1.0,1.0,1.0,1.0,2.0,4.0,2.875,8.0,4.0,4.0625
T,1,5555555221856421,-0.4256,1.0,1.0,1.0,1.0,4.0,5.0,2.0778,6.0,8.0,4.125
T,1,4242429708825725,0.1131,1.0,1.0,1.0,1.0,1.0,4.0,2.6022,7.0,5.0,4.4375
T,1,4242422139901645,0.2632,1.0,1.0,1.0,1.0,1.0,4.0,2.75,8.0,4.0,3.625
T,1,4532016440031131,0.0957,1.0,1.0,1.0,1.0,2.0,4.0,2.6085,7.0,4.0,2.375
T,1,5105101288725947,-0.142,1.0,1.0,1.0,1.0,3.0,5.0,2.9056,8.0,3.0,4.0625
T,1,4111114971246910,0.2325,1.0,1.0,1.0,1.0,0.0,4.0,2.3496,7.0,7.0,3.25
T,1,4242426762595814,0.0521,1.0,1.0,1.0,1.0,1.0,4.0,2.75,8.0,4.0,4.4375
T,1,4111113990252198,0.1428,1.0,1.0,1.0,1.0,0.0,4.0,2.6085,8.0,6.0,3.5625
T,1,4242428614062001,0.0007,1.0,1.0,1.0,1.0,1.0,4.0,2.4528,6.0,4.0,2.875
T,1,4242425255996034,0.1116,1.0,1.0,1.0,1.0,1.0,4.0,2.5778,7.0,4.0,4.125
T,1,4242420671441566,0.1106,1.0,1.0,1.0,1.0,1.0,4.0,2.555,7.0,5.0,3.625
T,1,4532014455788836,0.2219,1.0,1.0,1.0,1.0,2.0,4.0,2.9835,9.0,3.0,4.5625
T,1,4242424240321291,-0.1258,1.0,1.0,1.0,1.0,1.0,4.0,2.18,6.0,6.0,2.875
T,1,4111111475404987,0.0856,1.0,1.0,1.0,1.0,0.0,4.0,2.4056,7.0,6.0,3.625
T,1,4111112646106881,0.198,1.0,1.0,1.0,1.0,0.0,4.0,2.2246,6.0,7.0,3.1875
T,1,5105107238330399,-0.1899,1.0,1.0,1.0,1.0,3.0,5.0,2.8278,8.0,4.0,3.6875
T,1,5555557525054653,0.8823,1.0,1.0,1.0,1.0,4.0,5.0,1.9238,7.0,10.0,4.5
T,1,4242428117832967,-0.1449,1.0,1.0,1.0,1.0,1.0,4.0,2.8278,8.0,4.0,4.375
T,1,4111113674317051,0.0388,1.0,1.0,1.0,1.0,0.0,4.0,2.3968,7.0,7.0,2.875
T,1,4242423897122671,0.1245,1.0,1.0,1.0,1.0,1.0,4.0,2.7272,8.0,5.0,4.0
T,1,4111112953284966,0.1255,1.0,1.0,1.0,1.0,0.0,4.0,2.7744,8.0,5.0,3.9375
T,1,4532015135892013,-0.0946,1.0,1.0,1.0,1.0,2.0,4.0,2.8585,8.0,3.0,3.25
T,1,4111119310956020,0.0031,1.0,1.0,1.0,1.0,0.0,4.0,2.6085,8.0,6.0,2.75
T,1,4111114915553173,0.198,1.0,1.0,1.0,1.0,0.0,4.0,2.2246,6.0,7.0,3.25
T,1,4111111086570473,-0.1672,1.0,1.0,1.0,1.0,0.0,4.0,2.6556,8.0,6.0,3.125
T,1,4242421798964753,0.8422,1.0,1.0,1.0,1.0,1.0,4.0,2.9528,9.0,4.0,4.8125
T,1,4111115379251287,0.0295,1.0,1.0,1.0,1.0,0.0,4.0,2.6556,8.0,6.0,3.625
T,1,4111113603806836,-0.0121,1.0,1.0,1.0,1.0,0.0,4.0,2.43,6.0,5.0,3.25
T,1,4111115427452580,-0.0512,1.0,1.0,1.0,1.0,0.0,4.0,2.555,7.0,5.0,3.1875
T,1,4111110041424776,0.2864,1.0,1.0,1.0,1.0,0.0,4.0,2.2806,6.0,6.0,2.75
T,1,4242429026386103,0.0402,1.0,1.0,1.0,1.0,1.0,4.0,2.8278,8.0,4.0,3.5
T,1,4111117405136730,0.0691,1.0,1.0,1.0,1.0,0.0,4.0,2.5306,7.0,6.0,2.8125
T,1,4111116778875742,0.001,1.0,1.0,1.0,1.0,0.0,4.0,2.5244,7.0,5.0,4.375
T,1,4242420896693678,0.1455,1.0,1.0,1.0,1.0,1.0,4.0,2.8585,8.0,3.0,5.0
T,1,4111110102468456,0.1862,1.0,1.0,1.0,1.0,0.0,4.0,2.4835,7.0,6.0,2.8125
T,1,4111114417990402,-0.0269,1.0,1.0,1.0,1.0,0.0,4.0,2.2806,6.0,6.0,3.0625
T,1,4111112992762782,0.0443,1.0,1.0,1.0,1.0,0.0,4.0,2.5244,7.0,5.0,3.9375
T,1,4242429610783103,0.0508,1.0,1.0,1.0,1.0,1.0,4.0,3.0306,9.0,3.0,3.5
T,1,4111112335365160,0.2992,1.0,1.0,1.0,1.0,0.0,4.0,2.4835,7.0,6.0,2.6875
T,1,4532018656899953,0.207,1.0,1.0,1.0,1.0,2.0,4.0,3.0306,9.0,3.0,5.1875
T,1,5555552633637341,0.0412,1.0,1.0,1.0,1.0,4.0,5.0,2.4056,7.0,6.0,4.25
T,1,4242423577979937,0.167,1.0,1.0,1.0,1.0,1.0,4.0,2.4835,6.0,4.0,5.25
T,1,4111113724271332,0.05,1.0,1.0,1.0,1.0,0.0,4.0,2.1863,5.0,6.0,2.6875
T,1,4532010836072759,0.0954,1.0,1.0,1.0,1.0,2.0,4.0,3.2028,10.0,3.0,3.875
T,1,4111117122823883,0.2024,1.0,1.0,1.0,1.0,0.0,4.0,2.3113,6.0,6.0,3.3125
T,1,4111115164683967,0.5232,1.0,1.0,1.0,1.0,0.0,4.0,2.6085,8.0,6.0,4.0
T,1,4111118034051878,0.1103,1.0,1.0,1.0,1.0,0.0,4.0,2.4835,7.0,6.0,3.3125
T,1,4242427034969332,0.1563,1.0,1.0,1.0,1.0,1.0,4.0,2.5778,7.0,4.0,4.0
T,1,4242428719625116,0.105,1.0,1.0,1.0,1.0,1.0,4.0,2.7806,8.0,4.0,4.0
T,1,4111110587132528,-0.1672,1.0,1.0,1.0,1.0,0.0,4.0,2.6556,8.0,6.0,3.125
T,1,4111119818826121,-0.4206,1.0,1.0,1.0,1.0,0.0,4.0,2.0778,6.0,8.0,3.4375
T,1,4111116651174957,0.219,1.0,1.0,1.0,1.0,0.0,4.0,2.2718,6.0,7.0,3.75
T,1,4111111646796188,0.2809,1.0,1.0,1.0,1.0,0.0,4.0,2.2246,6.0,7.0,4.0625
T,1,4242422024762235,0.2955,1.0,1.0,1.0,1.0,1.0,4.0,2.2718,7.0,7.0,3.1875
T,1,6011007930561278,0.2982,1.0,1.0,1.0,1.0,5.0,6.0,2.9528,9.0,4.0,3.5
T,1,4242427855010059,0.1762,1.0,1.0,1.0,1.0,1.0,4.0,2.8113,8.0,3.0,3.625
T,1,4111112841714117,-0.4279,1.0,1.0,1.0,1.0,0.0,4.0,1.7947,5.0,9.0,2.8125
T,1,4532016232623988,0.3565,1.0,1.0,1.0,1.0,2.0,4.0,2.9528,9.0,4.0,4.0
T,1,4242428311349123,0.0126,1.0,1.0,1.0,1.0,1.0,4.0,2.4056,6.0,4.0,3.3125
T,1,4532019969805828,0.7908,1.0,1.0,1.0,1.0,2.0,4.0,3.0306,9.0,3.0,4.9375
T,1,4111117062110598,-0.8219,1.0,1.0,1.0,1.0,0.0,4.0,2.6468,9.0,7.0,3.0
T,1,4242425799356844,0.0512,1.0,1.0,1.0,1.0,1.0,4.0,2.7272,8.0,5.0,4.875
T,1,4242422960175350,0.243,1.0,1.0,1.0,1.0,1.0,4.0,2.9528,9.0,4.0,3.5
T,1,4532018250166254,-0.3338,1.0,1.0,1.0,1.0,2.0,4.0,2.9056,8.0,3.0,3.375
T,1,4532016803130470,0.4053,1.0,1.0,1.0,1.0,2.0,4.0,2.9528,9.0,4.0,2.9375
T,1,4111111761707143,-0.3629,1.0,1.0,1.0,1.0,0.0,4.0,2.0778,6.0,8.0,2.875
T,1,4111119598895619,-0.0783,1.0,1.0,1.0,1.0,0.0,4.0,2.2806,6.0,6.0,4.875
T,1,4111110198521242,0.2161,1.0,1.0,1.0,1.0,0.0,4.0,2.3496,7.0,7.0,2.6875
T,1,5555556577001885,0.763,1.0,1.0,1.0,1.0,4.0,5.0,2.125,6.0,8.0,4.8125
T,1,5555559538254908,-0.8791,1.0,1.0,1.0,1.0,4.0,5.0,2.25,7.0,8.0,5.1875
T,1,4111118562485332,0.2491,1.0,1.0,1.0,1.0,0.0,4.0,2.6494,7.0,5.0,3.4375
T,1,4242420428983951,0.0521,1.0,1.0,1.0,1.0,1.0,4.0,2.75,8.0,4.0,4.1875
T,1,5555550970498616,-0.0438,1.0,1.0,1.0,1.0,4.0,5.0,2.6556,8.0,6.0,5.0
T,1,4532019094593323,0.0545,1.0,1.0,1.0,1.0,2.0,4.0,2.7028,7.0,4.0,3.875
T,1,5555550440689406,0.2406,1.0,1.0,1.0,1.0,4.0,5.0,2.3113,6.0,6.0,4.4375
T,1,4111114739018296,0.088,1.0,1.0,1.0,1.0,0.0,4.0,2.7806,9.0,6.0,3.625
T,1,4111114000401650,-0.5507,1.0,1.0,1.0,1.0,0.0,4.0,2.0079,5.0,6.0,1.8125
T,1,4532011401357252,0.218,1.0,1.0,1.0,1.0,2.0,4.0,2.7335,7.0,3.0,2.8125
T,1,4111116914254935,0.0948,1.0,1.0,1.0,1.0,0.0,4.0,2.4835,7.0,6.0,3.5625
T,1,4111118004090252,-0.2392,1.0,1.0,1.0,1.0,0.0,4.0,2.5244,7.0,5.0,2.4375
T,1,4242429209197129,-0.2219,1.0,1.0,1.0,1.0,1.0,4.0,2.3522,6.0,5.0,4.1875
T,1,5555554419745132,0.0893,1.0,1.0,1.0,1.0,4.0,5.0,2.3496,7.0,7.0,4.375
T,1,4111116303943106,0.1711,1.0,1.0,1.0,1.0,0.0,4.0,2.3585,6.0,6.0,2.75
T,1,4242421501473308,0.0165,1.0,1.0,1.0,1.0,1.0,4.0,2.8278,8.0,4.0,3.125
T,1,4242426354910843,-0.0566,1.0,1.0,1.0,1.0,1.0,4.0,2.8522,9.0,5.0,3.8125
T,1,4111114474244487,-0.2686,1.0,1.0,1.0,1.0,0.0,4.0,1.9212,5.0,7.0,3.5625
T,1,4111114836386000,-0.0398,1.0,1.0,1.0,1.0,0.0,4.0,2.4772,6.0,5.0,2.9375
T,1,4111112382274257,0.0737,1.0,1.0,1.0,1.0,0.0,4.0,2.5244,7.0,5.0,3.1875
T,1,4242427837030662,0.2411,1.0,1.0,1.0,1.0,1.0,4.0,2.7028,7.0,4.0,3.75
T,1,5105104517408285,0.0714,1.0,1.0,1.0,1.0,3.0,5.0,2.6556,7.0,4.0,3.5
T,1,4111118650743360,0.078,1.0,1.0,1.0,1.0,0.0,4.0,2.7744,8.0,5.0,3.1875
T,1,5555559207918106,-0.1119,1.0,1.0,1.0,1.0,4.0,5.0,2.6556,8.0,6.0,4.5625
T,1,4242421626579195,-0.1405,1.0,1.0,1.0,1.0,1.0,4.0,2.7028,7.0,4.0,4.3125
T,1,4242425492364574,-0.1123,1.0,1.0,1.0,1.0,1.0,4.0,2.4056,7.0,6.0,4.1875
T,1,5105100144381747,0.0637,1.0,1.0,1.0,1.0,3.0,5.0,2.6556,7.0,4.0,3.1875
T,1,4242426454970259,-0.2323,1.0,1.0,1.0,1.0,1.0,4.0,2.5244,7.0,5.0,4.3125
T,1,4111119647247663,-0.0805,1.0,1.0,1.0,1.0,0.0,4.0,2.555,7.0,5.0,3.9375
T,1,4111119216690269,0.1121,1.0,1.0,1.0,1.0,0.0,4.0,2.3113,6.0,6.0,3.6875
T,1,4242429106574149,0.1245,1.0,1.0,1.0,1.0,1.0,4.0,2.7272,8.0,5.0,4.0
T,1,4532015187252967,0.0389,1.0,1.0,1.0,1.0,2.0,4.0,3.1556,10.0,3.0,4.1875
T,1,4111116193097682,0.2562,1.0,1.0,1.0,1.0,0.0,4.0,2.7806,9.0,6.0,3.75
T,1,4111119971107152,0.3666,1.0,1.0,1.0,1.0,0.0,4.0,2.25,7.0,8.0,3.1875
T,1,4111119099065332,-0.2266,1.0,1.0,1.0,1.0,0.0,4.0,2.7272,8.0,5.0,3.4375
T,1,4111115851680763,0.0295,1.0,1.0,1.0,1.0,0.0,4.0,2.6556,8.0,6.0,3.625
T,1,5555553220780320,0.2727,1.0,1.0,1.0,1.0,4.0,5.0,2.3113,6.0,6.0,3.5625
T,1,4111116870847177,0.2589,1.0,1.0,1.0,1.0,0.0,4.0,2.2806,6.0,6.0,4.0
T,1,5555559492184083,-0.1233,1.0,1.0,1.0,1.0,4.0,5.0,2.6556,8.0,6.0,4.875
T,1,4111110639274625,-0.2246,1.0,1.0,1.0,1.0,0.0,4.0,2.8994,9.0,5.0,3.3125
T,1,5105106807933153,-0.0889,1.0,1.0,1.0,1.0,3.0,5.0,2.8113,8.0,3.0,3.5625
T,1,5105108478833274,-0.3413,1.0,1.0,1.0,1.0,3.0,5.0,2.9528,8.0,3.0,4.125
T,1,4111115566727933,0.1255,1.0,1.0,1.0,1.0,0.0,4.0,2.7744,8.0,5.0,3.875
T,1,4111112785931818,-0.21,1.0,1.0,1.0,1.0,0.0,4.0,2.4746,8.0,7.0,3.8125
T,1,5555550451684593,0.4642,1.0,1.0,1.0,1.0,4.0,5.0,2.375,8.0,8.0,4.6875
T,1,4111110651238003,-0.3813,1.0,1.0,1.0,1.0,0.0,4.0,2.6085,8.0,6.0,2.3125
T,1,4111119042353090,0.0814,1.0,1.0,1.0,1.0,0.0,4.0,2.6022,7.0,5.0,2.75
T,1,5555555145101862,0.3656,1.0,1.0,1.0,1.0,4.0,5.0,2.2028,7.0,8.0,3.9375
T,1,4532012106743812,-0.0627,1.0,1.0,1.0,1.0,2.0,4.0,3.0306,9.0,3.0,3.0625
T,1,4532018182416579,0.0984,1.0,1.0,1.0,1.0,2.0,4.0,3.2028,10.0,3.0,4.125
T,1,6011001345835989,-0.2303,1.0,1.0,1.0,1.0,5.0,6.0,2.9056,8.0,3.0,3.9375
T,1,4532019513226851,0.2897,1.0,1.0,1.0,1.0,2.0,4.0,2.9835,9.0,3.0,3.5625
T,1,4111118116591551,0.3559,1.0,1.0,1.0,1.0,0.0,4.0,1.9197,6.0,9.0,3.1875
T,1,4242422488455490,-0.0913,1.0,1.0,1.0,1.0,1.0,4.0,2.2806,6.0,6.0,4.1875
T,1,4532012764987644,0.4018,1.0,1.0,1.0,1.0,2.0,4.0,3.125,10.0,4.0,4.5
T,1,5555559977628414,-0.3577,1.0,1.0,1.0,1.0,4.0,5.0,2.6556,8.0,6.0,5.4375
T,1,4111117186683181,-0.4199,1.0,1.0,1.0,1.0,0.0,4.0,2.0778,6.0,8.0,3.625
T,1,5105102518623571,-0.1192,1.0,1.0,1.0,1.0,3.0,5.0,2.75,8.0,4.0,3.25
T,1,5555556803217255,0.0501,1.0,1.0,1.0,1.0,4.0,5.0,2.375,8.0,8.0,4.3125
T,1,4111119344396375,-0.0805,1.0,1.0,1.0,1.0,0.0,4.0,2.555,7.0,5.0,3.875
T,1,4532010646914695,0.0853,1.0,1.0,1.0,1.0,2.0,4.0,2.9056,8.0,3.0,4.0625
T,1,4242424765045911,0.1053,1.0,1.0,1.0,1.0,1.0,4.0,2.7272,8.0,5.0,3.75
T,1,4111112155169486,-0.1155,1.0,1.0,1.0,1.0,0.0,4.0,2.3968,7.0,7.0,3.5
T,1,4111119811436944,0.3707,1.0,1.0,1.0,1.0,0.0,4.0,2.1468,6.0,7.0,3.625
T,1,4532013749004125,-0.0593,1.0,1.0,1.0,1.0,2.0,4.0,2.9056,8.0,3.0,3.125
T,1,4111119588741377,0.344,1.0,1.0,1.0,1.0,0.0,4.0,2.4835,7.0,6.0,4.25
T,1,4242420639582212,0.0772,1.0,1.0,1.0,1.0,1.0,4.0,2.7335,9.0,6.0,3.5
T,1,5105103045452542,-0.017,1.0,1.0,1.0,1.0,3.0,5.0,2.43,6.0,5.0,2.875
T,1,4111111849078319,-0.1484,1.0,1.0,1.0,1.0,0.0,4.0,2.3968,7.0,7.0,3.6875
T,1,4111116000964108,0.2937,1.0,1.0,1.0,1.0,0.0,4.0,2.2806,6.0,6.0,2.6875
T,1,4111112705491513,-0.2822,1.0,1.0,1.0,1.0,0.0,4.0,2.5218,8.0,7.0,2.875
T,1,4111118581830740,0.1103,1.0,1.0,1.0,1.0,0.0,4.0,2.4835,7.0,6.0,3.3125
T,1,4532011754087514,0.0215,1.0,1.0,1.0,1.0,2.0,4.0,2.8585,8.0,3.0,3.5625
T,1,4242426494815456,0.2544,1.0,1.0,1.0,1.0,1.0,4.0,2.4835,7.0,6.0,4.375
T,1,4111119190716700,-0.1514,1.0,1.0,1.0,1.0,0.0,4.0,2.2246,6.0,7.0,3.0625
T,1,5105109906602620,0.2989,1.0,1.0,1.0,1.0,3.0,5.0,2.4772,6.0,5.0,3.25
T,1,4242426406836921,-0.0533,1.0,1.0,1.0,1.0,1.0,4.0,2.7028,8.0,4.0,3.9375
T,1,4111110923787571,0.1169,1.0,1.0,1.0,1.0,0.0,4.0,2.7335,9.0,6.0,3.625
T,1,4111117950173856,0.2562,1.0,1.0,1.0,1.0,0.0,4.0,2.7806,9.0,6.0,3.75
T,1,6011003405775287,0.2982,1.0,1.0,1.0,1.0,5.0,6.0,2.9528,9.0,4.0,3.5
T,1,4242429828037318,-0.0214,1.0,1.0,1.0,1.0,1.0,4.0,2.7806,8.0,4.0,4.1875
T,1,4242420371623596,0.2658,1.0,1.0,1.0,1.0,1.0,4.0,2.9528,9.0,4.0,3.75
T,1,4532017715143551,0.1311,1.0,1.0,1.0,1.0,2.0,4.0,2.625,7.0,4.0,3.375
T,1,5105103302010777,-0.3177,1.0,1.0,1.0,1.0,3.0,5.0,2.43,6.0,5.0,2.625
T,1,4242424437922059,-0.2478,1.0,1.0,1.0,1.0,1.0,4.0,2.4238,7.0,5.0,3.9375
T,1,5555558692769131,-1.0079,1.0,1.0,1.0,1.0,4.0,5.0,2.6556,8.0,6.0,5.125
T,1,4532014627168685,0.183,1.0,1.0,1.0,1.0,2.0,4.0,3.0778,9.0,3.0,4.25
T,1,4111111071625332,-0.2436,1.0,1.0,1.0,1.0,0.0,4.0,2.5218,8.0,7.0,2.4375
T,1,4242420341314037,-0.1367,1.0,1.0,1.0,1.0,1.0,4.0,2.43,6.0,5.0,2.75
T,1,4111117497856625,0.1907,1.0,1.0,1.0,1.0,0.0,4.0,2.7744,8.0,5.0,4.25
T,1,4242423568105898,0.2643,1.0,1.0,1.0,1.0,1.0,4.0,2.9835,9.0,3.0,4.4375
T,1,5555556411764557,1.28,1.0,1.0,1.0,1.0,4.0,5.0,2.0,5.0,8.0,4.75
T,1,5555550429260559,0.1792,1.0,1.0,1.0,1.0,4.0,5.0,2.125,6.0,8.0,4.5
T,1,4111112292178374,0.129,1.0,1.0,1.0,1.0,0.0,4.0,2.4835,7.0,6.0,3.375
T,1,4242425303667918,0.041,1.0,1.0,1.0,1.0,1.0,4.0,3.1556,10.0,3.0,4.125
T,1,4111112080616866,0.2706,1.0,1.0,1.0,1.0,0.0,4.0,2.2806,6.0,6.0,3.25
T,1,4532011385582891,0.0611,1.0,1.0,1.0,1.0,2.0,4.0,2.8585,8.0,3.0,4.0625
T,1,4242421479521153,-0.0497,1.0,1.0,1.0,1.0,1.0,4.0,2.5778,7.0,4.0,3.5
T,1,4242428493856754,0.4814,1.0,1.0,1.0,1.0,1.0,4.0,2.7272,8.0,5.0,4.8125
T,1,4242428399754806,0.8422,1.0,1.0,1.0,1.0,1.0,4.0,2.9528,9.0,4.0,4.8125
T,1,6011005954557784,0.2526,1.0,1.0,1.0,1.0,5.0,6.0,2.8278,8.0,4.0,4.1875
T,1,6011002058531534,0.1894,1.0,1.0,1.0,1.0,5.0,6.0,2.7806,8.0,4.0,2.75
T,1,6011005163202347,-0.6344,1.0,1.0,1.0,1.0,5.0,6.0,2.8278,8.0,4.0,2.5625
T,1,5105103569767333,0.2024,1.0,1.0,1.0,1.0,3.0,5.0,2.7028,7.0,4.0,4.0
T,1,5555550770722413,0.4054,1.0,1.0,1.0,1.0,4.0,5.0,2.4835,7.0,6.0,3.9375
T,1,4111116729615767,0.0971,1.0,1.0,1.0,1.0,0.0,4.0,2.4363,7.0,6.0,4.0625
T,1,4111110228298019,0.0837,1.0,1.0,1.0,1.0,0.0,4.0,2.3585,6.0,6.0,3.125
T,1,4532013043201567,-0.1611,1.0,1.0,1.0,1.0,2.0,4.0,2.9056,8.0,3.0,2.875
T,1,5105106494060807,0.0078,1.0,1.0,1.0,1.0,3.0,5.0,2.7744,8.0,5.0,3.5
T,1,4532018892484487,0.6979,1.0,1.0,1.0,1.0,2.0,4.0,2.875,9.0,4.0,4.8125
T,1,5105107573345416,0.0659,1.0,1.0,1.0,1.0,3.0,5.0,2.7028,7.0,4.0,3.5625
T,1,4111112276675320,-0.2214,1.0,1.0,1.0,1.0,0.0,4.0,2.7272,8.0,5.0,3.0625
T,1,4242426388113125,0.0911,1.0,1.0,1.0,1.0,1.0,4.0,2.6556,7.0,4.0,3.5
T,1,4532017699859396,-0.3225,1.0,1.0,1.0,1.0,2.0,4.0,3.125,10.0,4.0,5.375
T,1,5105100988343977,-0.5675,1.0,1.0,1.0,1.0,3.0,5.0,2.9528,8.0,3.0,4.375
T,1,4111115332037922,-0.2328,1.0,1.0,1.0,1.0,0.0,4.0,2.68,8.0,5.0,2.8125
T,1,4532017817402996,-0.112,1.0,1.0,1.0,1.0,2.0,4.0,3.25,10.0,2.0,4.25
T,1,4111116452119821,0.0583,1.0,1.0,1.0,1.0,0.0,4.0,2.25,7.0,8.0,3.0
T,1,5555557240157096,0.2039,1.0,1.0,1.0,1.0,4.0,5.0,2.5218,8.0,7.0,4.4375
T,1,5105102280062198,0.0161,1.0,1.0,1.0,1.0,3.0,5.0,2.6556,7.0,4.0,3.125
T,1,4242423237201300,-0.6374,1.0,1.0,1.0,1.0,1.0,4.0,2.3829,6.0,5.0,2.4375
T,1,4532012380513196,0.0361,1.0,1.0,1.0,1.0,2.0,4.0,3.0306,9.0,3.0,3.3125
T,1,4242426231810836,0.1692,1.0,1.0,1.0,1.0,1.0,4.0,2.7028,7.0,4.0,3.5
T,1,4242420520199696,0.1699,1.0,1.0,1.0,1.0,1.0,4.0,2.6556,7.0,4.0,4.0625
T,1,5105101510442998,-0.0686,1.0,1.0,1.0,1.0,3.0,5.0,2.6556,7.0,4.0,3.4375
T,1,4532018831584637,0.139,1.0,1.0,1.0,1.0,2.0,4.0,3.0306,9.0,3.0,4.25
T,1,4111118126026275,-0.303,1.0,1.0,1.0,1.0,0.0,4.0,2.6085,8.0,6.0,3.0
T,1,5105107147527002,0.1019,1.0,1.0,1.0,1.0,3.0,5.0,2.4835,6.0,4.0,2.9375
T,1,6011003024443218,-0.0865,1.0,1.0,1.0,1.0,5.0,6.0,2.6556,7.0,4.0,2.4375
T,1,5105106392971212,-0.3919,1.0,1.0,1.0,1.0,3.0,5.0,2.8278,8.0,4.0,3.375
T,1,5105101733764004,0.0099,1.0,1.0,1.0,1.0,3.0,5.0,2.7028,7.0,4.0,2.9375
T,1,4111116477660353,0.1391,1.0,1.0,1.0,1.0,0.0,4.0,2.6022,7.0,5.0,3.5
T,1,4111111192989419,0.0626,1.0,1.0,1.0,1.0,0.0,4.0,1.875,5.0,8.0,3.875
T,1,4242426102797872,-0.0691,1.0,1.0,1.0,1.0,1.0,4.0,2.68,8.0,5.0,4.1875
T,1,4111116043628306,0.0878,1.0,1.0,1.0,1.0,0.0,4.0,2.6022,7.0,5.0,2.9375
T,1,4242423297389037,-0.2186,1.0,1.0,1.0,1.0,1.0,4.0,2.6556,7.0,4.0,4.3125
T,1,4111119603376332,0.1081,1.0,1.0,1.0,1.0,0.0,4.0,2.6494,8.0,5.0,3.1875
T,1,4242423003635863,-0.0489,1.0,1.0,1.0,1.0,1.0,4.0,2.6556,7.0,4.0,3.4375
T,1,4111116332458928,0.017,1.0,1.0,1.0,1.0,0.0,4.0,2.7744,8.0,5.0,3.6875
T,1,4111115029807793,-0.0381,1.0,1.0,1.0,1.0,0.0,4.0,2.8994,9.0,5.0,3.6875
T,1,4111112365369843,0.1319,1.0,1.0,1.0,1.0,0.0,4.0,2.7272,8.0,5.0,3.625
T,1,5105106995527825,-0.2078,1.0,1.0,1.0,1.0,3.0,5.0,2.7744,8.0,5.0,4.375
T,1,4111110274877849,0.257,1.0,1.0,1.0,1.0,0.0,4.0,2.555,7.0,5.0,4.0625
T,1,4242423840784148,-0.0514,1.0,1.0,1.0,1.0,1.0,4.0,2.4363,7.0,6.0,4.0625
T,1,5105109272809247,-0.2522,1.0,1.0,1.0,1.0,3.0,5.0,2.9056,8.0,3.0,3.875
T,1,4242420651465494,0.1919,1.0,1.0,1.0,1.0,1.0,4.0,2.4835,7.0,6.0,3.875
T,1,4111119206756187,0.2562,1.0,1.0,1.0,1.0,0.0,4.0,2.7806,9.0,6.0,3.75
T,1,4111118153929805,-0.1776,1.0,1.0,1.0,1.0,0.0,4.0,2.6556,8.0,6.0,3.6875
T,1,4111117523625184,-0.1672,1.0,1.0,1.0,1.0,0.0,4.0,2.6556,8.0,6.0,3.25
T,1,4111110970363102,-0.0883,1.0,1.0,1.0,1.0,0.0,4.0,2.6085,8.0,6.0,2.5
T,1,4111111611686000,-0.6814,1.0,1.0,1.0,1.0,0.0,4.0,1.9056,5.0,8.0,2.375
T,1,4111117646435941,0.0856,1.0,1.0,1.0,1.0,0.0,4.0,2.4056,7.0,6.0,3.625
T,1,4111110411816007,-0.9623,1.0,1.0,1.0,1.0,0.0,4.0,2.0778,6.0,8.0,2.3125
T,1,4111116628051312,-0.1692,1.0,1.0,1.0,1.0,0.0,4.0,2.5218,8.0,7.0,2.6875
T,1,4242422861009336,0.0402,1.0,1.0,1.0,1.0,1.0,4.0,2.8278,8.0,4.0,3.5
T,1,4111113501178288,-0.2774,1.0,1.0,1.0,1.0,0.0,4.0,2.4746,8.0,7.0,3.25
T,1,4242422833072453,-0.042,1.0,1.0,1.0,1.0,1.0,4.0,2.4772,7.0,5.0,3.4375
T,1,4532017460236717,0.2512,1.0,1.0,1.0,1.0,2.0,4.0,2.9528,8.0,3.0,3.625
T,1,4242428708749687,-0.2141,1.0,1.0,1.0,1.0,1.0,4.0,2.6085,7.0,4.0,5.125
T,1,6011005876404644,-0.1395,1.0,1.0,1.0,1.0,5.0,6.0,2.5778,7.0,4.0,3.5
T,1,4242428703705130,-0.0687,1.0,1.0,1.0,1.0,1.0,4.0,2.8585,8.0,3.0,3.25
T,1,5555557853105325,0.5549,1.0,1.0,1.0,1.0,4.0,5.0,2.0919,7.0,9.0,4.3125
T,1,4111119967463122,0.2096,1.0,1.0,1.0,1.0,0.0,4.0,2.5306,7.0,6.0,3.625
T,1,4111115443063965,0.1172,1.0,1.0,1.0,1.0,0.0,4.0,2.6022,7.0,5.0,3.375
T,1,6011003218856944,0.2789,1.0,1.0,1.0,1.0,5.0,6.0,3.0306,9.0,3.0,3.625
T,1,5555555533293156,-0.9725,1.0,1.0,1.0,1.0,4.0,5.0,1.9197,6.0,9.0,4.5
T,1,4242429024146541,-0.0227,1.0,1.0,1.0,1.0,1.0,4.0,2.4056,7.0,6.0,3.375
T,1,4111116441631084,0.2362,1.0,1.0,1.0,1.0,0.0,4.0,2.1468,6.0,7.0,2.875
T,1,4242425526169114,0.3917,1.0,1.0,1.0,1.0,1.0,4.0,2.4528,6.0,4.0,3.625
T,1,4111115397512769,0.0403,1.0,1.0,1.0,1.0,0.0,4.0,2.6556,8.0,6.0,3.9375
T,1,4111111409106443,0.2063,1.0,1.0,1.0,1.0,0.0,4.0,2.1468,6.0,7.0,2.5625
T,1,4242422617503046,-0.0025,1.0,1.0,1.0,1.0,1.0,4.0,2.75,8.0,4.0,3.25
T,1,4532017510080040,-0.1342,1.0,1.0,1.0,1.0,2.0,4.0,2.6556,8.0,6.0,2.5
T,1,6011005961345629,0.2621,1.0,1.0,1.0,1.0,5.0,6.0,2.8585,8.0,3.0,3.625
T,1,4111114099807114,0.198,1.0,1.0,1.0,1.0,0.0,4.0,2.2246,6.0,7.0,3.25
T,1,4242425597414787,0.2068,1.0,1.0,1.0,1.0,1.0,4.0,2.555,7.0,5.0,4.6875
T,1,4111117131679011,1.212,1.0,1.0,1.0,1.0,0.0,4.0,2.0919,7.0,9.0,2.8125
T,1,5555554514102288,0.1629,1.0,1.0,1.0,1.0,4.0,5.0,2.2718,6.0,7.0,4.0625
T,1,4242421590286173,0.3544,1.0,1.0,1.0,1.0,1.0,4.0,3.0778,10.0,4.0,3.75
T,1,4532019325674173,0.1349,1.0,1.0,1.0,1.0,2.0,4.0,3.0778,9.0,3.0,3.875
T,1,5105100312222905,-0.4289,1.0,1.0,1.0,1.0,3.0,5.0,2.4056,6.0,4.0,2.375
T,1,4242424552544811,-0.0554,1.0,1.0,1.0,1.0,1.0,4.0,2.1085,5.0,6.0,3.5625
T,1,4242425656079018,0.108,1.0,1.0,1.0,1.0,1.0,4.0,3.0306,9.0,3.0,4.0625
T,1,4242422174203444,-0.3725,1.0,1.0,1.0,1.0,1.0,4.0,2.0462,6.0,7.0,3.0625
T,1,4111110651222338,-0.0143,1.0,1.0,1.0,1.0,0.0,4.0,2.6085,8.0,6.0,2.5625
T,1,4111112765027009,-0.0472,1.0,1.0,1.0,1.0,0.0,4.0,2.7272,8.0,5.0,2.9375
T,1,4111116388769541,0.2043,1.0,1.0,1.0,1.0,0.0,4.0,2.6556,8.0,6.0,4.125
T,1,4111116713940775,0.2898,1.0,1.0,1.0,1.0,0.0,4.0,2.6085,8.0,6.0,3.625
T,1,4532011319782252,-0.068,1.0,1.0,1.0,1.0,2.0,4.0,2.9528,9.0,4.0,3.4375
T,1,4111118386908071,0.0827,1.0,1.0,1.0,1.0,0.0,4.0,2.6085,8.0,6.0,3.6875
T,1,4111110995634636,0.3438,1.0,1.0,1.0,1.0,0.0,4.0,2.6022,7.0,5.0,3.75
T,1,4532016548496574,0.0874,1.0,1.0,1.0,1.0,2.0,4.0,3.0778,10.0,4.0,4.5625
T,1,5105102606541743,-0.1538,1.0,1.0,1.0,1.0,3.0,5.0,2.8585,8.0,3.0,3.125
T,1,4242428944983611,0.1131,1.0,1.0,1.0,1.0,1.0,4.0,2.6022,7.0,5.0,4.4375
T,1,4111119645996535,-0.2101,1.0,1.0,1.0,1.0,0.0,4.0,2.43,6.0,5.0,4.375
T,1,4242426776444835,0.2478,1.0,1.0,1.0,1.0,1.0,4.0,2.4835,7.0,6.0,4.5
T,1,6011004833518562,-0.3085,1.0,1.0,1.0,1.0,5.0,6.0,2.9056,8.0,3.0,3.3125
T,1,4111119084427786,0.1943,1.0,1.0,1.0,1.0,0.0,4.0,2.7272,8.0,5.0,4.0
T,1,5555552829815552,1.348,1.0,1.0,1.0,1.0,4.0,5.0,1.7947,5.0,9.0,4.8125
T,1,4111114292130793,-0.1725,1.0,1.0,1.0,1.0,0.0,4.0,2.5306,7.0,6.0,3.0625
T,1,5105107843970068,-0.309,1.0,1.0,1.0,1.0,3.0,5.0,3.0,9.0,4.0,4.0
T,1,4532019306496380,0.0289,1.0,1.0,1.0,1.0,2.0,4.0,3.0306,9.0,3.0,3.9375
T,1,4111110243603896,0.078,1.0,1.0,1.0,1.0,0.0,4.0,2.7744,8.0,5.0,3.125
T,1,4111112672593721,-0.2068,1.0,1.0,1.0,1.0,0.0,4.0,2.6085,8.0,6.0,3.3125
T,1,4242424355397235,-0.0308,1.0,1.0,1.0,1.0,1.0,4.0,2.4056,6.0,4.0,4.0
T,1,4111111103379726,-0.4827,1.0,1.0,1.0,1.0,0.0,4.0,2.5218,8.0,7.0,3.0
T,1,4111119022303958,0.078,1.0,1.0,1.0,1.0,0.0,4.0,2.7744,8.0,5.0,3.125
T,1,4242425272716985,-0.1612,1.0,1.0,1.0,1.0,1.0,4.0,2.7272,8.0,5.0,4.375
T,1,4111113897297163,0.2166,1.0,1.0,1.0,1.0,0.0,4.0,2.6556,8.0,6.0,4.0
T,1,5555552629730183,0.4608,1.0,1.0,1.0,1.0,4.0,5.0,2.7806,9.0,6.0,4.4375
T,1,4111112197995872,0.344,1.0,1.0,1.0,1.0,0.0,4.0,2.4835,7.0,6.0,4.25
T,1,4532012930402478,-0.0898,1.0,1.0,1.0,1.0,2.0,4.0,2.9835,9.0,3.0,3.375
T,1,4111115744131354,0.0618,1.0,1.0,1.0,1.0,0.0,4.0,2.0218,5.0,7.0,2.875
T,1,4111116502486006,-0.172,1.0,1.0,1.0,1.0,0.0,4.0,2.555,7.0,5.0,2.875
T,1,4242427677785151,-0.2583,1.0,1.0,1.0,1.0,1.0,4.0,2.6556,7.0,4.0,4.5
T,1,5105105031953615,0.3062,1.0,1.0,1.0,1.0,3.0,5.0,2.3522,6.0,5.0,3.125
T,1,4111115533515650,-0.0047,1.0,1.0,1.0,1.0,0.0,4.0,2.18,6.0,6.0,2.9375
T,1,5555559935980691,-0.1739,1.0,1.0,1.0,1.0,4.0,5.0,2.2718,7.0,7.0,5.5625
T,1,4242423955733450,0.1932,1.0,1.0,1.0,1.0,1.0,4.0,2.6085,7.0,4.0,3.875
T,1,5555555876565350,-0.3053,1.0,1.0,1.0,1.0,4.0,5.0,1.7988,6.0,10.0,5.0
T,1,4111117808066542,-0.1191,1.0,1.0,1.0,1.0,0.0,4.0,2.7744,8.0,5.0,3.4375
T,1,4111119024404929,0.7035,1.0,1.0,1.0,1.0,0.0,4.0,2.2272,5.0,5.0,3.25
T,1,4532016857172428,0.152,1.0,1.0,1.0,1.0,2.0,4.0,3.0778,9.0,3.0,4.0625
T,1,4242421170169328,0.1157,1.0,1.0,1.0,1.0,1.0,4.0,2.9056,9.0,4.0,3.5
T,1,4111119814568750,-0.0319,1.0,1.0,1.0,1.0,0.0,4.0,2.6556,8.0,6.0,3.875
T,1,6011009852265565,-0.0153,1.0,1.0,1.0,1.0,5.0,6.0,2.6556,7.0,4.0,3.8125
T,1,4242422805092968,0.1671,1.0,1.0,1.0,1.0,1.0,4.0,2.6022,7.0,5.0,4.1875
T,1,4111119620401899,0.0948,1.0,1.0,1.0,1.0,0.0,4.0,2.4835,7.0,6.0,3.5625
T,1,6011004361654714,-0.3,1.0,1.0,1.0,1.0,5.0,6.0,2.6085,7.0,4.0,3.0625
T,1,4242420026254219,-0.3932,1.0,1.0,1.0,1.0,1.0,4.0,2.4056,7.0,6.0,3.0625
T,1,4111116433362557,0.0986,1.0,1.0,1.0,1.0,0.0,4.0,2.6022,7.0,5.0,3.3125
T,1,4111110091523501,-0.2142,1.0,1.0,1.0,1.0,0.0,4.0,2.3496,7.0,7.0,2.1875
T,1,4111113260412944,0.1618,1.0,1.0,1.0,1.0,0.0,4.0,2.4056,7.0,6.0,2.75
T,1,4111118151131123,-0.3047,1.0,1.0,1.0,1.0,0.0,4.0,1.7988,6.0,10.0,2.1875
T,1,4242424374626812,-0.3225,1.0,1.0,1.0,1.0,1.0,4.0,2.4238,7.0,5.0,3.8125
T,1,4111119503227791,-0.3462,1.0,1.0,1.0,1.0,0.0,4.0,2.6556,8.0,6.0,3.375
T,1,4111119183835814,-0.0971,1.0,1.0,1.0,1.0,0.0,4.0,2.2246,6.0,7.0,3.6875
T,1,4242429695857871,0.2721,1.0,1.0,1.0,1.0,1.0,4.0,2.9056,8.0,3.0,5.1875
T,1,5105104238728821,-0.0691,1.0,1.0,1.0,1.0,3.0,5.0,2.8585,8.0,3.0,3.5625
T,1,4532011446348050,-0.0094,1.0,1.0,1.0,1.0,2.0,4.0,2.8278,8.0,4.0,3.125
T,1,5555556835598649,-0.8316,1.0,1.0,1.0,1.0,4.0,5.0,2.125,6.0,8.0,5.8125
T,1,4242425610574567,0.1699,1.0,1.0,1.0,1.0,1.0,4.0,2.6556,7.0,4.0,4.0
T,1,4111114281789724,-0.0139,1.0,1.0,1.0,1.0,0.0,4.0,2.3585,6.0,6.0,3.8125
T,1,6011007953185393,0.0054,1.0,1.0,1.0,1.0,5.0,6.0,2.8585,8.0,3.0,3.8125
T,1,4532010390708806,0.1571,1.0,1.0,1.0,1.0,2.0,4.0,3.0244,10.0,5.0,3.5
T,1,4111113198773730,-0.3126,1.0,1.0,1.0,1.0,0.0,4.0,2.4363,7.0,6.0,3.5625
T,1,4242423463928774,-0.0495,1.0,1.0,1.0,1.0,1.0,4.0,2.5244,7.0,5.0,4.4375
T,1,5105109541346351,0.1116,1.0,1.0,1.0,1.0,3.0,5.0,2.625,7.0,4.0,3.3125
T,1,4111112658357513,-0.1882,1.0,1.0,1.0,1.0,0.0,4.0,2.6085,8.0,6.0,3.375
T,1,4242429009125205,-0.0627,1.0,1.0,1.0,1.0,1.0,4.0,2.43,6.0,5.0,3.1875
T,1,4111111786262868,0.2812,1.0,1.0,1.0,1.0,0.0,4.0,2.3113,6.0,6.0,3.9375
T,1,4111112748093474,0.2175,1.0,1.0,1.0,1.0,0.0,4.0,2.6494,8.0,5.0,3.5625
T,1,4111114484483141,-1.3361,1.0,1.0,1.0,1.0,0.0,4.0,1.6774,4.0,7.0,3.125
T,1,4242428727246731,0.1083,1.0,1.0,1.0,1.0,1.0,4.0,2.4772,7.0,5.0,4.0625
T,1,4242420379124415,0.013,1.0,1.0,1.0,1.0,1.0,4.0,2.6494,8.0,5.0,3.375
T,1,5105103418274002,0.2959,1.0,1.0,1.0,1.0,3.0,5.0,2.8278,8.0,4.0,2.6875
T,1,4242420581246576,-0.0013,1.0,1.0,1.0,1.0,1.0,4.0,2.75,8.0,4.0,3.875
T,1,4242427287174390,0.0819,1.0,1.0,1.0,1.0,1.0,4.0,2.7028,8.0,4.0,4.125
T,1,5555557014183484,0.4334,1.0,1.0,1.0,1.0,4.0,5.0,2.4835,7.0,6.0,4.375
T,1,5555559992740988,0.061,1.0,1.0,1.0,1.0,4.0,5.0,2.4056,7.0,6.0,5.9375
T,1,5105105303292460,0.0178,1.0,1.0,1.0,1.0,3.0,5.0,2.8278,8.0,4.0,2.875
T,1,4242420639400670,-0.1847,1.0,1.0,1.0,1.0,1.0,4.0,2.5778,7.0,4.0,3.3125
T,1,4532013909499073,-0.0914,1.0,1.0,1.0,1.0,2.0,4.0,2.7806,8.0,4.0,4.25
T,1,5105103561356374,-0.0686,1.0,1.0,1.0,1.0,3.0,5.0,2.6556,7.0,4.0,3.4375
T,1,4111114856583684,-0.0086,1.0,1.0,1.0,1.0,0.0,4.0,2.43,6.0,5.0,4.125
T,1,4532015787664561,0.0239,1.0,1.0,1.0,1.0,2.0,4.0,3.0306,9.0,3.0,4.375
T,1,4111118403536145,-0.0142,1.0,1.0,1.0,1.0,0.0,4.0,2.4835,7.0,6.0,3.0
T,1,4111115946717851,-0.0307,1.0,1.0,1.0,1.0,0.0,4.0,2.3968,7.0,7.0,3.875
T,1,4111116998882635,-0.0527,1.0,1.0,1.0,1.0,0.0,4.0,2.7272,8.0,5.0,4.5625
T,1,4532019686903641,0.2271,1.0,1.0,1.0,1.0,2.0,4.0,3.0778,9.0,3.0,4.1875
T,1,4242425240744309,-0.0129,1.0,1.0,1.0,1.0,1.0,4.0,2.4056,7.0,6.0,3.5
T,1,5105103450453589,0.3708,1.0,1.0,1.0,1.0,3.0,5.0,2.6022,7.0,5.0,3.625
T,1,5105108520520457,0.1114,1.0,1.0,1.0,1.0,3.0,5.0,2.5244,7.0,5.0,3.125
T,1,4111118670582822,-0.0823,1.0,1.0,1.0,1.0,0.0,4.0,2.68,8.0,5.0,3.5625
T,1,4111114873341553,0.3342,1.0,1.0,1.0,1.0,0.0,4.0,2.3113,6.0,6.0,3.25
T,1,4111115090435185,-0.0554,1.0,1.0,1.0,1.0,0.0,4.0,2.4835,7.0,6.0,3.0625
T,1,4111111513688302,-0.2822,1.0,1.0,1.0,1.0,0.0,4.0,2.5218,8.0,7.0,2.875
T,1,4111110546053856,0.2326,1.0,1.0,1.0,1.0,0.0,4.0,2.6022,7.0,5.0,3.1875
T,1,4242421024765404,0.05,1.0,1.0,1.0,1.0,1.0,4.0,2.4056,7.0,6.0,3.1875
T,1,4242420007360399,-0.0489,1.0,1.0,1.0,1.0,1.0,4.0,2.6556,7.0,4.0,3.4375
T,1,5105109940650130,-0.6434,1.0,1.0,1.0,1.0,3.0,5.0,2.555,7.0,5.0,3.0625
T,1,5555555838965706,-0.5405,1.0,1.0,1.0,1.0,4.0,5.0,2.25,7.0,8.0,5.4375
T,1,4111117010385318,0.0388,1.0,1.0,1.0,1.0,0.0,4.0,2.3968,7.0,7.0,2.8125
T,1,4242423660459540,0.2866,1.0,1.0,1.0,1.0,1.0,4.0,2.6022,7.0,5.0,3.75
T,1,4532014158559542,-0.0813,1.0,1.0,1.0,1.0,2.0,4.0,2.7272,8.0,5.0,3.9375
T,1,5105101253008238,0.0227,1.0,1.0,1.0,1.0,3.0,5.0,2.5306,6.0,4.0,2.75
T,1,4111118507591483,-0.1776,1.0,1.0,1.0,1.0,0.0,4.0,2.6556,8.0,6.0,3.6875
T,1,4242428533053784,0.1699,1.0,1.0,1.0,1.0,1.0,4.0,2.6556,7.0,4.0,4.0
T,1,4111111753086928,-0.0584,1.0,1.0,1.0,1.0,0.0,4.0,2.9056,10.0,6.0,3.625
T,1,4111113877264969,0.0756,1.0,1.0,1.0,1.0,0.0,4.0,2.7744,8.0,5.0,4.375
T,1,5555552666663230,-0.3242,1.0,1.0,1.0,1.0,4.0,5.0,2.055,5.0,6.0,4.375
T,1,4111119532923642,0.1172,1.0,1.0,1.0,1.0,0.0,4.0,2.6022,7.0,5.0,3.375
T,1,4242422234425094,-0.6072,1.0,1.0,1.0,1.0,1.0,4.0,2.0613,6.0,6.0,3.3125
T,1,6011007425984852,0.1024,1.0,1.0,1.0,1.0,5.0,6.0,3.0778,9.0,3.0,3.875
T,1,4532019964708019,-0.0052,1.0,1.0,1.0,1.0,2.0,4.0,3.1556,10.0,3.0,4.25
T,1,6011002556506624,-0.3095,1.0,1.0,1.0,1.0,5.0,6.0,2.4528,6.0,4.0,3.0625
T,1,4242426807795171,0.0649,1.0,1.0,1.0,1.0,1.0,4.0,2.9835,9.0,3.0,4.3125
T,1,4111112422168147,-0.0245,1.0,1.0,1.0,1.0,0.0,4.0,2.1774,6.0,7.0,2.875
T,1,5555550383490754,0.0453,1.0,1.0,1.0,1.0,4.0,5.0,2.3968,7.0,7.0,4.5625
T,1,4111117118398569,0.3505,1.0,1.0,1.0,1.0,0.0,4.0,2.5218,8.0,7.0,4.125
T,1,4111115141197156,0.405,1.0,1.0,1.0,1.0,0.0,4.0,1.9669,6.0,9.0,3.0625
T,1,4111114496101673,0.2063,1.0,1.0,1.0,1.0,0.0,4.0,2.3496,7.0,7.0,3.125
T,1,4111113737204056,0.2491,1.0,1.0,1.0,1.0,0.0,4.0,2.7744,8.0,5.0,2.875
T,1,4111110971260117,0.2059,1.0,1.0,1.0,1.0,0.0,4.0,2.25,7.0,8.0,2.6875
T,1,4242422280304276,0.05,1.0,1.0,1.0,1.0,1.0,4.0,2.4056,7.0,6.0,3.25
T,1,4532010527790651,0.1117,1.0,1.0,1.0,1.0,2.0,4.0,3.0306,9.0,3.0,3.5625
T,1,4111112140798787,0.2653,1.0,1.0,1.0,1.0,0.0,4.0,2.4835,7.0,6.0,3.875
T,1,5555556597206910,0.4402,1.0,1.0,1.0,1.0,4.0,5.0,2.3968,7.0,7.0,4.6875
T,1,4532018560874753,0.183,1.0,1.0,1.0,1.0,2.0,4.0,3.0778,9.0,3.0,4.25
T,1,4242424588151797,-0.1036,1.0,1.0,1.0,1.0,1.0,4.0,2.7028,7.0,4.0,4.5625
T,1,4242425630820073,-0.1433,1.0,1.0,1.0,1.0,1.0,4.0,2.7806,8.0,4.0,3.25
T,1,4111111679232267,0.129,1.0,1.0,1.0,1.0,0.0,4.0,2.4835,7.0,6.0,3.375
T,1,4111115608524553,0.1081,1.0,1.0,1.0,1.0,0.0,4.0,2.6494,8.0,5.0,3.25
T,1,4111113552931965,0.0948,1.0,1.0,1.0,1.0,0.0,4.0,2.4835,7.0,6.0,3.5625
T,1,4111116611243165,-0.3156,1.0,1.0,1.0,1.0,0.0,4.0,2.0778,6.0,8.0,2.75
T,1,4111110984338074,0.0991,1.0,1.0,1.0,1.0,0.0,4.0,2.6022,7.0,5.0,3.4375
T,1,4242427443427369,-0.0913,1.0,1.0,1.0,1.0,1.0,4.0,2.2806,6.0,6.0,4.1875
T,1,4532017282678070,0.0899,1.0,1.0,1.0,1.0,2.0,4.0,2.9835,9.0,3.0,3.875
T,1,4532018376571163,-0.0437,1.0,1.0,1.0,1.0,2.0,4.0,3.0306,9.0,3.0,3.875
T,1,4111113447875138,-0.1122,1.0,1.0,1.0,1.0,0.0,4.0,2.3585,6.0,6.0,3.6875
T,1,4111110456454524,-0.3448,1.0,1.0,1.0,1.0,0.0,4.0,2.2516,6.0,5.0,3.0
T,1,4111113889379185,0.4029,1.0,1.0,1.0,1.0,0.0,4.0,2.4835,7.0,6.0,4.375
T,1,4111113123045428,0.2989,1.0,1.0,1.0,1.0,0.0,4.0,2.4835,7.0,6.0,2.5625
T,1,4111112133260811,-0.4932,1.0,1.0,1.0,1.0,0.0,4.0,2.25,7.0,8.0,2.25
T,1,4111119573993892,0.126,1.0,1.0,1.0,1.0,0.0,4.0,2.6494,8.0,5.0,4.5625
T,1,4111112508677953,0.0199,1.0,1.0,1.0,1.0,0.0,4.0,3.0244,10.0,5.0,3.8125
T,1,5105109066200744,-0.0588,1.0,1.0,1.0,1.0,3.0,5.0,2.7744,8.0,5.0,3.125
T,1,4242421906719941,0.3608,1.0,1.0,1.0,1.0,1.0,4.0,2.6085,7.0,4.0,4.0625
T,1,4111119520972783,-0.0191,1.0,1.0,1.0,1.0,0.0,4.0,2.8994,9.0,5.0,3.8125
T,1,5105100364249319,-0.4535,1.0,1.0,1.0,1.0,3.0,5.0,2.9056,8.0,3.0,3.3125
T,1,4242425000909878,0.1699,1.0,1.0,1.0,1.0,1.0,4.0,2.6556,7.0,4.0,4.0
T,1,4111110954682030,0.6301,1.0,1.0,1.0,1.0,0.0,4.0,2.8522,9.0,5.0,2.875
T,1,6011009266774400,0.0211,1.0,1.0,1.0,1.0,5.0,6.0,2.6022,7.0,5.0,3.3125
T,1,5555557026206075,0.498,1.0,1.0,1.0,1.0,4.0,5.0,2.0996,5.0,7.0,4.0625
T,1,4532012405491030,0.3322,1.0,1.0,1.0,1.0,2.0,4.0,2.7028,7.0,4.0,2.6875
T,1,4532014149765398,0.4231,1.0,1.0,1.0,1.0,2.0,4.0,3.2028,10.0,3.0,4.4375
T,1,4111119911765986,0.1369,1.0,1.0,1.0,1.0,0.0,4.0,2.3496,7.0,7.0,4.375
T,1,4242426579946135,-0.1657,1.0,1.0,1.0,1.0,1.0,4.0,2.8278,8.0,4.0,4.5625
T,1,5555558545529880,-1.8644,1.0,1.0,1.0,1.0,4.0,5.0,1.9197,6.0,9.0,5.25
T,1,4111114356454105,-0.1397,1.0,1.0,1.0,1.0,0.0,4.0,2.2335,6.0,6.0,2.875
T,1,4111111923566593,0.2096,1.0,1.0,1.0,1.0,0.0,4.0,2.5306,7.0,6.0,3.625
T,1,4242422632903197,0.1053,1.0,1.0,1.0,1.0,1.0,4.0,2.7272,8.0,5.0,3.75
T,1,6011003783482613,-0.2658,1.0,1.0,1.0,1.0,5.0,6.0,2.8585,8.0,3.0,3.3125
T,1,5105104725941705,0.0714,1.0,1.0,1.0,1.0,3.0,5.0,2.6556,7.0,4.0,3.5
T,1,5105108633223601,0.0638,1.0,1.0,1.0,1.0,3.0,5.0,2.7335,7.0,3.0,2.875
T,1,4242425837656072,0.0143,1.0,1.0,1.0,1.0,1.0,4.0,2.8278,8.0,4.0,4.1875
T,1,4111112494277412,0.2896,1.0,1.0,1.0,1.0,0.0,4.0,2.1085,5.0,6.0,3.1875
T,1,4532015851150729,0.3844,1.0,1.0,1.0,1.0,2.0,4.0,2.9528,9.0,4.0,3.625
T,1,5555556583609663,-0.5465,1.0,1.0,1.0,1.0,4.0,5.0,2.1468,6.0,7.0,5.125
T,1,4242427854338329,-0.1493,1.0,1.0,1.0,1.0,1.0,4.0,2.5778,7.0,4.0,4.375
T,1,4111115446782322,-0.1073,1.0,1.0,1.0,1.0,0.0,4.0,2.68,8.0,5.0,3.25
T,1,4111112405501645,0.3013,1.0,1.0,1.0,1.0,0.0,4.0,2.3113,6.0,6.0,2.5625
T,1,4242428523142498,-0.1523,1.0,1.0,1.0,1.0,1.0,4.0,2.4238,7.0,5.0,4.0
T,1,4111113243000931,0.2103,1.0,1.0,1.0,1.0,0.0,4.0,2.3113,6.0,6.0,2.125
T,1,4242427401728709,-0.1385,1.0,1.0,1.0,1.0,1.0,4.0,2.5778,7.0,4.0,3.9375
T,1,4111115238235067,0.1399,1.0,1.0,1.0,1.0,0.0,4.0,2.8994,9.0,5.0,3.125
T,1,4242425585327876,-0.1747,1.0,1.0,1.0,1.0,1.0,4.0,2.6556,7.0,4.0,4.625
T,1,4242427600375542,0.2243,1.0,1.0,1.0,1.0,1.0,4.0,2.625,7.0,4.0,3.5625
T,1,5555552695411213,0.2529,1.0,1.0,1.0,1.0,4.0,5.0,2.3496,7.0,7.0,4.0
T,1,4111117260067707,0.1722,1.0,1.0,1.0,1.0,0.0,4.0,2.3522,6.0,5.0,3.1875
T,1,5105109707068773,-0.0351,1.0,1.0,1.0,1.0,3.0,5.0,2.75,8.0,4.0,4.125
T,1,5105102581334908,-0.3859,1.0,1.0,1.0,1.0,3.0,5.0,2.8585,8.0,3.0,3.4375
T,1,4111114043678413,-0.1969,1.0,1.0,1.0,1.0,0.0,4.0,2.4056,7.0,6.0,3.0625
T,1,4111118624330724,-0.1802,1.0,1.0,1.0,1.0,0.0,4.0,2.7272,8.0,5.0,3.0
T,1,4111115821704909,-0.3462,1.0,1.0,1.0,1.0,0.0,4.0,2.6556,8.0,6.0,3.375
T,1,4111111164627401,-0.4628,1.0,1.0,1.0,1.0,0.0,4.0,2.0778,6.0,8.0,2.5625
T,1,4532018790299714,0.2096,1.0,1.0,1.0,1.0,2.0,4.0,3.0778,9.0,3.0,4.4375
T,1,4242428323727555,-0.0995,1.0,1.0,1.0,1.0,1.0,4.0,2.43,6.0,5.0,4.0625
T,1,5555552350868814,0.4448,1.0,1.0,1.0,1.0,4.0,5.0,2.4746,8.0,7.0,4.6875
T,1,4111116286544095,0.1319,1.0,1.0,1.0,1.0,0.0,4.0,2.7272,8.0,5.0,3.625
T,1,4242420781300306,-0.0566,1.0,1.0,1.0,1.0,1.0,4.0,2.7806,8.0,4.0,2.875
T,1,4242422907502443,-0.1409,1.0,1.0,1.0,1.0,1.0,4.0,2.4238,7.0,5.0,3.375
T,1,5555553251413205,0.0647,1.0,1.0,1.0,1.0,4.0,5.0,2.125,6.0,8.0,3.5
T,1,4111118727459081,0.1125,1.0,1.0,1.0,1.0,0.0,4.0,2.6556,8.0,6.0,3.75
T,1,4532014294317953,-0.0946,1.0,1.0,1.0,1.0,2.0,4.0,2.9056,8.0,3.0,3.875
T,1,4532015896100077,0.3716,1.0,1.0,1.0,1.0,2.0,4.0,3.125,10.0,4.0,3.625
T,1,5555553172781458,0.4402,1.0,1.0,1.0,1.0,4.0,5.0,2.3968,7.0,7.0,4.75
T,1,4111117198722001,0.0388,1.0,1.0,1.0,1.0,0.0,4.0,2.3968,7.0,7.0,2.875
T,1,4111114864047433,-0.0176,1.0,1.0,1.0,1.0,0.0,4.0,2.4238,7.0,5.0,3.25
T,1,5555551653045740,0.387,1.0,1.0,1.0,1.0,4.0,5.0,2.25,7.0,8.0,4.0625
T,1,4532013142649575,-0.1455,1.0,1.0,1.0,1.0,2.0,4.0,3.0306,9.0,3.0,3.8125
T,1,4111112031807663,-0.014,1.0,1.0,1.0,1.0,0.0,4.0,2.6556,8.0,6.0,2.8125
T,1,4111117710835398,0.1125,1.0,1.0,1.0,1.0,0.0,4.0,2.6556,8.0,6.0,3.75
T,1,5555555246756804,0.9552,1.0,1.0,1.0,1.0,4.0,5.0,2.25,7.0,8.0,4.8125
T,1,4242421562718930,0.3544,1.0,1.0,1.0,1.0,1.0,4.0,3.0778,10.0,4.0,3.75
T,1,6011009018705629,-0.2907,1.0,1.0,1.0,1.0,5.0,6.0,2.7272,8.0,5.0,3.4375
T,1,4111113001658466,-0.0142,1.0,1.0,1.0,1.0,0.0,4.0,2.4835,7.0,6.0,3.0
T,1,4111118447067222,-0.0512,1.0,1.0,1.0,1.0,0.0,4.0,2.555,7.0,5.0,3.1875
T,1,4242421847548730,0.1245,1.0,1.0,1.0,1.0,1.0,4.0,2.7272,8.0,5.0,4.0625
T,1,4532017238646544,0.2576,1.0,1.0,1.0,1.0,2.0,4.0,3.0,9.0,4.0,4.0
T,1,5555556769495572,-0.5199,1.0,1.0,1.0,1.0,4.0,5.0,2.125,6.0,8.0,5.625
T,1,6011004063638809,0.039,1.0,1.0,1.0,1.0,5.0,6.0,2.6022,7.0,5.0,3.4375
T,1,4111113211300255,-0.8129,1.0,1.0,1.0,1.0,0.0,4.0,2.2718,6.0,7.0,1.9375
T,1,4111113592561343,0.216,1.0,1.0,1.0,1.0,0.0,4.0,2.4835,7.0,6.0,3.125
T,1,4111117020542510,-0.1901,1.0,1.0,1.0,1.0,0.0,4.0,2.3585,6.0,6.0,2.1875
T,1,4111119411250265,0.156,1.0,1.0,1.0,1.0,0.0,4.0,2.3968,7.0,7.0,2.75
T,1,4242420516569472,-0.0013,1.0,1.0,1.0,1.0,1.0,4.0,2.75,8.0,4.0,3.9375
T,1,4532017874657615,0.1656,1.0,1.0,1.0,1.0,2.0,4.0,3.0306,9.0,3.0,4.4375
T,1,5105101988564380,-0.0946,1.0,1.0,1.0,1.0,3.0,5.0,2.8113,8.0,3.0,4.0
T,1,5555556344983092,-0.1233,1.0,1.0,1.0,1.0,4.0,5.0,2.6556,8.0,6.0,4.875
T,1,4532017248361563,0.2522,1.0,1.0,1.0,1.0,2.0,4.0,3.0778,9.0,3.0,3.75
T,1,4111119631499130,0.0118,1.0,1.0,1.0,1.0,0.0,4.0,2.2246,6.0,7.0,3.375
T,1,4532019811201333,0.0096,1.0,1.0,1.0,1.0,2.0,4.0,2.75,8.0,4.0,2.875
T,1,4532017996504125,0.2075,1.0,1.0,1.0,1.0,2.0,4.0,3.0778,9.0,3.0,3.9375
T,1,4111117361452162,0.0388,1.0,1.0,1.0,1.0,0.0,4.0,2.3968,7.0,7.0,2.875
T,1,4242425708962344,0.29,1.0,1.0,1.0,1.0,1.0,4.0,2.7744,9.0,5.0,4.125
T,1,4532019957340838,0.2096,1.0,1.0,1.0,1.0,2.0,4.0,3.0778,9.0,3.0,4.4375
T,1,4111116708709672,-0.0567,1.0,1.0,1.0,1.0,0.0,4.0,2.7272,8.0,5.0,3.8125
T,1,6011002687492272,-0.1183,1.0,1.0,1.0,1.0,5.0,6.0,2.8278,8.0,4.0,3.5625
T,1,4111111262649224,0.0133,1.0,1.0,1.0,1.0,0.0,4.0,2.1085,5.0,6.0,2.9375
T,1,4111111261144458,-0.4973,1.0,1.0,1.0,1.0,0.0,4.0,2.0,6.0,8.0,2.8125
T,1,4242422316068564,-0.0876,1.0,1.0,1.0,1.0,1.0,4.0,2.7028,8.0,4.0,3.6875
T,1,5555553162619841,0.3415,1.0,1.0,1.0,1.0,4.0,5.0,2.6085,8.0,6.0,4.4375
T,1,4111117987256963,0.4519,1.0,1.0,1.0,1.0,0.0,4.0,2.8994,9.0,5.0,4.4375
T,1,5555551064065337,0.2042,1.0,1.0,1.0,1.0,4.0,5.0,2.3968,7.0,7.0,4.0625
T,1,4532013785566698,0.7957,1.0,1.0,1.0,1.0,2.0,4.0,3.1556,10.0,3.0,4.875
T,1,4111119903046593,0.0814,1.0,1.0,1.0,1.0,0.0,4.0,2.6022,7.0,5.0,3.5625
T,1,4111110108495974,0.1525,1.0,1.0,1.0,1.0,0.0,4.0,2.4835,7.0,6.0,3.5
T,1,4111118203726532,0.6061,1.0,1.0,1.0,1.0,0.0,4.0,2.8522,9.0,5.0,2.9375
T,1,4111112590005386,0.6061,1.0,1.0,1.0,1.0,0.0,4.0,2.8522,9.0,5.0,2.9375
T,1,5555559834649645,0.6011,1.0,1.0,1.0,1.0,4.0,5.0,2.2246,6.0,7.0,5.5
T,1,4242429139685375,-0.1814,1.0,1.0,1.0,1.0,1.0,4.0,3.0306,9.0,3.0,4.625
T,1,4242426375455836,-0.2308,1.0,1.0,1.0,1.0,1.0,4.0,2.6556,7.0,4.0,4.375
T,1,4111113644152182,0.0916,1.0,1.0,1.0,1.0,0.0,4.0,2.3496,7.0,7.0,2.8125
T,1,4111110968249792,0.2267,1.0,1.0,1.0,1.0,0.0,4.0,2.7272,8.0,5.0,4.0625
T,1,4242429342226934,-0.1989,1.0,1.0,1.0,1.0,1.0,4.0,2.055,5.0,6.0,3.875
T,1,6011005972780541,0.2982,1.0,1.0,1.0,1.0,5.0,6.0,2.9528,9.0,4.0,3.5
T,1,4111114747599865,0.1087,1.0,1.0,1.0,1.0,0.0,4.0,2.6022,7.0,5.0,4.5625
T,1,4111111654210742,0.2158,1.0,1.0,1.0,1.0,0.0,4.0,2.3496,7.0,7.0,2.5625
T,1,4111118746281458,-0.1701,1.0,1.0,1.0,1.0,0.0,4.0,2.4363,7.0,6.0,3.875
T,1,4111110903542830,0.1297,1.0,1.0,1.0,1.0,0.0,4.0,2.7272,8.0,5.0,2.6875
T,1,4242422667690180,-0.0749,1.0,1.0,1.0,1.0,1.0,4.0,2.7806,8.0,4.0,3.9375
T,1,4532019112317796,-0.003,1.0,1.0,1.0,1.0,2.0,4.0,3.0,9.0,4.0,3.8125
T,1,4111117545882557,0.0323,1.0,1.0,1.0,1.0,0.0,4.0,2.3994,6.0,5.0,4.0625
T,1,6011002161621396,-0.5033,1.0,1.0,1.0,1.0,5.0,6.0,2.3522,6.0,5.0,2.8125
T,1,4111110849340885,0.0334,1.0,1.0,1.0,1.0,0.0,4.0,2.555,7.0,5.0,3.625
T,1,5105101580024627,-0.1973,1.0,1.0,1.0,1.0,3.0,5.0,2.7806,8.0,4.0,2.9375
T,1,5105100741846100,0.1094,1.0,1.0,1.0,1.0,3.0,5.0,2.5244,7.0,5.0,2.6875
T,1,4242426486041061,-0.1354,1.0,1.0,1.0,1.0,1.0,4.0,2.43,6.0,5.0,3.375
T,1,4532011835141454,-0.0933,1.0,1.0,1.0,1.0,2.0,4.0,2.5778,7.0,4.0,3.1875
T,1,4532015529983659,0.6245,1.0,1.0,1.0,1.0,2.0,4.0,2.9528,9.0,4.0,4.75
T,1,4111110983500732,0.6301,1.0,1.0,1.0,1.0,0.0,4.0,2.8522,9.0,5.0,2.875
T,1,4111114096840894,-0.1554,1.0,1.0,1.0,1.0,0.0,4.0,2.3994,6.0,5.0,3.8125
T,1,4242429095264090,-0.0687,1.0,1.0,1.0,1.0,1.0,4.0,2.4056,6.0,4.0,3.875
T,1,4242423198850632,0.1766,1.0,1.0,1.0,1.0,1.0,4.0,2.9528,9.0,4.0,3.9375
T,1,4111110773590422,0.1221,1.0,1.0,1.0,1.0,0.0,4.0,2.7744,8.0,5.0,3.0
T,1,4242421421531318,-0.3607,1.0,1.0,1.0,1.0,1.0,4.0,2.375,6.0,4.0,2.9375
T,1,4111113555265866,0.1772,1.0,1.0,1.0,1.0,0.0,4.0,2.4772,7.0,5.0,3.75
T,1,4242426973304931,-0.0749,1.0,1.0,1.0,1.0,1.0,4.0,2.7806,8.0,4.0,3.9375
T,1,5105108438472130,-0.0912,1.0,1.0,1.0,1.0,3.0,5.0,2.9056,8.0,3.0,3.25
T,1,4242422164643799,-0.2323,1.0,1.0,1.0,1.0,1.0,4.0,2.5244,7.0,5.0,4.3125
T,1,4532013554717753,0.0023,1.0,1.0,1.0,1.0,2.0,4.0,2.6556,7.0,4.0,3.875
T,1,6011000958896957,0.4724,1.0,1.0,1.0,1.0,5.0,6.0,2.7028,7.0,4.0,4.625
T,1,4532011045327885,0.2512,1.0,1.0,1.0,1.0,2.0,4.0,2.9528,8.0,3.0,3.625
T,1,4111112160704236,0.1077,1.0,1.0,1.0,1.0,0.0,4.0,2.5306,7.0,6.0,2.5
T,1,4111113765078547,-0.0567,1.0,1.0,1.0,1.0,0.0,4.0,2.7272,8.0,5.0,3.8125
T,1,5105101793386896,-0.5711,1.0,1.0,1.0,1.0,3.0,5.0,2.9528,8.0,3.0,4.5
T,1,4242421156800524,0.1946,1.0,1.0,1.0,1.0,1.0,4.0,2.625,7.0,4.0,3.125
T,1,4242422196776450,0.1786,1.0,1.0,1.0,1.0,1.0,4.0,2.75,8.0,4.0,4.0625
T,1,4111110152570409,0.1837,1.0,1.0,1.0,1.0,0.0,4.0,2.4835,7.0,6.0,2.625
T,1,6011000275683633,-0.382,1.0,1.0,1.0,1.0,5.0,6.0,2.7806,8.0,4.0,3.1875
T,1,4242422170572750,-0.1354,1.0,1.0,1.0,1.0,1.0,4.0,2.43,6.0,5.0,3.375
T,1,4111111788382268,-0.0037,1.0,1.0,1.0,1.0,0.0,4.0,2.4056,7.0,6.0,3.875
T,1,4111118790889222,0.2246,1.0,1.0,1.0,1.0,0.0,4.0,2.555,7.0,5.0,4.0
T,1,5555555043854729,0.5726,1.0,1.0,1.0,1.0,4.0,5.0,2.375,8.0,8.0,4.8125
T,1,4111112117348582,0.1205,1.0,1.0,1.0,1.0,0.0,4.0,2.3968,7.0,7.0,3.125
T,1,4532019223629576,0.3348,1.0,1.0,1.0,1.0,2.0,4.0,3.0,9.0,4.0,4.125
T,1,6011009730834780,-0.0157,1.0,1.0,1.0,1.0,5.0,6.0,2.7744,8.0,5.0,3.5625
T,1,4111111903614793,0.1467,1.0,1.0,1.0,1.0,0.0,4.0,2.3968,7.0,7.0,3.25
T,1,4242429208196742,0.3125,1.0,1.0,1.0,1.0,1.0,4.0,2.6494,8.0,5.0,4.125
T,1,4242429479373426,-0.5285,1.0,1.0,1.0,1.0,1.0,4.0,2.3994,6.0,5.0,4.5
T,1,5105105436574446,0.3341,1.0,1.0,1.0,1.0,3.0,5.0,2.625,7.0,4.0,3.75
T,1,5105101269944962,-0.0173,1.0,1.0,1.0,1.0,3.0,5.0,2.7806,7.0,3.0,4.0
T,1,5105101196868953,0.0467,1.0,1.0,1.0,1.0,3.0,5.0,2.7028,7.0,4.0,4.25
T,1,4111113886548287,0.296,1.0,1.0,1.0,1.0,0.0,4.0,2.6494,8.0,5.0,4.25
T,1,4111115132930250,0.1077,1.0,1.0,1.0,1.0,0.0,4.0,2.5306,7.0,6.0,2.4375
T,1,4532018660657520,0.2516,1.0,1.0,1.0,1.0,2.0,4.0,2.9835,9.0,3.0,3.75
T,1,4242426211801854,-0.2022,1.0,1.0,1.0,1.0,1.0,4.0,2.5778,7.0,4.0,3.375
T,1,4111119214120160,-0.5373,1.0,1.0,1.0,1.0,0.0,4.0,2.125,6.0,8.0,2.1875
T,1,4111112845257840,0.1172,1.0,1.0,1.0,1.0,0.0,4.0,2.6022,7.0,5.0,3.375
T,1,4111114153016479,-0.6007,1.0,1.0,1.0,1.0,0.0,4.0,2.4746,8.0,7.0,3.0625
T,1,4111117761977552,0.1586,1.0,1.0,1.0,1.0,0.0,4.0,2.4056,7.0,6.0,4.0625
T,1,4111117368757571,0.1586,1.0,1.0,1.0,1.0,0.0,4.0,2.4056,7.0,6.0,4.0625
T,1,4532014735086449,0.3005,1.0,1.0,1.0,1.0,2.0,4.0,3.125,10.0,4.0,4.0625
T,1,4111117972058150,-0.3649,1.0,1.0,1.0,1.0,0.0,4.0,2.6556,8.0,6.0,3.3125
T,1,4111112605030247,-0.1164,1.0,1.0,1.0,1.0,0.0,4.0,2.7272,8.0,5.0,2.375
T,1,4242429406929613,0.0299,1.0,1.0,1.0,1.0,1.0,4.0,2.5778,7.0,4.0,4.1875
T,1,4242424338664107,0.1053,1.0,1.0,1.0,1.0,1.0,4.0,2.7272,8.0,5.0,3.75
T,1,4111111997478782,0.1907,1.0,1.0,1.0,1.0,0.0,4.0,2.3585,6.0,6.0,4.4375
T,1,4242423156156600,0.115,1.0,1.0,1.0,1.0,1.0,4.0,2.7335,7.0,3.0,3.1875
T,1,5555550441810514,0.2616,1.0,1.0,1.0,1.0,4.0,5.0,2.0524,5.0,7.0,3.625
T,1,4242429646685843,0.2972,1.0,1.0,1.0,1.0,1.0,4.0,2.555,7.0,5.0,4.8125
T,1,6011004342120694,0.2695,1.0,1.0,1.0,1.0,5.0,6.0,2.6556,7.0,4.0,2.6875
T,1,4111114891156702,-0.671,1.0,1.0,1.0,1.0,0.0,4.0,2.6468,9.0,7.0,3.25
T,1,4111116505652869,-0.1239,1.0,1.0,1.0,1.0,0.0,4.0,2.68,8.0,5.0,3.8125
T,1,6011001462073117,-0.2796,1.0,1.0,1.0,1.0,5.0,6.0,2.5244,7.0,5.0,2.5
T,1,4242426045284418,0.1115,1.0,1.0,1.0,1.0,1.0,4.0,2.4056,7.0,6.0,3.75
T,1,4111114947642812,-0.0886,1.0,1.0,1.0,1.0,0.0,4.0,2.4056,7.0,6.0,3.5
T,1,4242429153391637,0.087,1.0,1.0,1.0,1.0,1.0,4.0,2.8585,8.0,3.0,4.0625
T,1,4111111628833231,-0.0245,1.0,1.0,1.0,1.0,0.0,4.0,2.2246,6.0,7.0,2.875
T,1,4111118128257316,-0.2005,1.0,1.0,1.0,1.0,0.0,4.0,2.5218,8.0,7.0,3.25
T,1,4242423257567655,-0.0678,1.0,1.0,1.0,1.0,1.0,4.0,2.4528,6.0,4.0,4.3125
T,1,4111118851186237,-0.046,1.0,1.0,1.0,1.0,0.0,4.0,2.4746,8.0,7.0,3.625
T,1,4111113733636343,0.0367,1.0,1.0,1.0,1.0,0.0,4.0,2.055,5.0,6.0,3.125
T,1,5555551378172522,-0.0917,1.0,1.0,1.0,1.0,4.0,5.0,2.2246,6.0,7.0,4.25
T,1,4242422361989201,-0.0897,1.0,1.0,1.0,1.0,1.0,4.0,2.7272,8.0,5.0,3.6875
T,1,4111112928149120,0.0154,1.0,1.0,1.0,1.0,0.0,4.0,2.2246,6.0,7.0,2.9375
T,1,4532010153417579,0.0458,1.0,1.0,1.0,1.0,2.0,4.0,2.9056,8.0,3.0,3.5625
T,1,5105103953806713,-0.0889,1.0,1.0,1.0,1.0,3.0,5.0,2.8113,8.0,3.0,3.5625
T,1,4242429600602388,0.163,1.0,1.0,1.0,1.0,1.0,4.0,2.6556,7.0,4.0,3.75
T,1,4242428805481796,-0.044,1.0,1.0,1.0,1.0,1.0,4.0,2.9056,9.0,4.0,4.625
T,1,5105107115021244,-0.3856,1.0,1.0,1.0,1.0,3.0,5.0,2.43,6.0,5.0,2.4375
T,1,6011006648052646,-0.0321,1.0,1.0,1.0,1.0,5.0,6.0,2.5244,7.0,5.0,3.4375
T,1,5105108115727137,-0.2514,1.0,1.0,1.0,1.0,3.0,5.0,2.555,7.0,5.0,3.375
T,1,4111118721395851,0.0682,1.0,1.0,1.0,1.0,0.0,4.0,2.5218,8.0,7.0,3.625
T,1,5555550523695841,0.3172,1.0,1.0,1.0,1.0,4.0,5.0,2.5,9.0,8.0,4.5625
T,1,5105102284335087,-0.471,1.0,1.0,1.0,1.0,3.0,5.0,2.9056,8.0,3.0,3.375
T,1,4111115823923705,-0.2246,1.0,1.0,1.0,1.0,0.0,4.0,2.8994,9.0,5.0,3.3125
T,1,5105106005437270,-0.0827,1.0,1.0,1.0,1.0,3.0,5.0,2.7272,8.0,5.0,2.875
T,1,4111115325835282,-0.0121,1.0,1.0,1.0,1.0,0.0,4.0,2.43,6.0,5.0,3.25
T,1,4111116805492099,-0.0567,1.0,1.0,1.0,1.0,0.0,4.0,2.7272,8.0,5.0,3.8125
T,1,4111116285623767,-0.0567,1.0,1.0,1.0,1.0,0.0,4.0,2.7272,8.0,5.0,3.8125
T,1,4111114582513658,0.1525,1.0,1.0,1.0,1.0,0.0,4.0,2.4835,7.0,6.0,3.5
T,1,4242429536108666,0.1345,1.0,1.0,1.0,1.0,1.0,4.0,2.9056,9.0,4.0,4.25
T,1,5555555442077419,0.0687,1.0,1.0,1.0,1.0,4.0,5.0,2.3496,7.0,7.0,4.5625
T,1,5105103025837845,-0.0153,1.0,1.0,1.0,1.0,3.0,5.0,2.8278,8.0,4.0,3.5625
T,1,4111114973974543,-0.0002,1.0,1.0,1.0,1.0,0.0,4.0,2.3994,6.0,5.0,4.0
T,1,4111119047617713,0.0463,1.0,1.0,1.0,1.0,0.0,4.0,2.3496,7.0,7.0,3.375
T,1,4242427593038651,0.0456,1.0,1.0,1.0,1.0,1.0,4.0,3.1556,10.0,3.0,4.0625
T,1,4111119120882747,-0.0223,1.0,1.0,1.0,1.0,0.0,4.0,2.5306,7.0,6.0,3.5625
T,1,4242423329648723,0.1083,1.0,1.0,1.0,1.0,1.0,4.0,2.4772,7.0,5.0,4.0625
T,1,4242428045638908,-0.2383,1.0,1.0,1.0,1.0,1.0,4.0,2.7806,8.0,4.0,4.3125
T,1,4111111788138009,0.0463,1.0,1.0,1.0,1.0,0.0,4.0,2.3496,7.0,7.0,3.375
T,1,4111114975542074,-0.016,1.0,1.0,1.0,1.0,0.0,4.0,2.5244,7.0,5.0,3.5
T,1,6011009099472685,0.5908,1.0,1.0,1.0,1.0,5.0,6.0,2.9528,9.0,4.0,4.1875
T,1,6011003461370551,0.1064,1.0,1.0,1.0,1.0,5.0,6.0,2.625,7.0,4.0,2.6875
T,1,5555554903555286,1.0429,1.0,1.0,1.0,1.0,4.0,5.0,2.2169,8.0,9.0,4.8125
T,1,5105102634914185,-0.2418,1.0,1.0,1.0,1.0,3.0,5.0,2.9528,9.0,4.0,3.4375
T,1,4242426630378500,-0.0135,1.0,1.0,1.0,1.0,1.0,4.0,2.8585,8.0,3.0,3.5
T,1,4242425339891920,-0.0214,1.0,1.0,1.0,1.0,1.0,4.0,2.7806,8.0,4.0,4.1875
T,1,5555553392105116,0.0793,1.0,1.0,1.0,1.0,4.0,5.0,2.3496,7.0,7.0,3.8125
T,1,5105104400256361,0.2372,1.0,1.0,1.0,1.0,3.0,5.0,2.6556,7.0,4.0,2.6875
T,1,4111117342279007,0.185,1.0,1.0,1.0,1.0,0.0,4.0,2.6022,7.0,5.0,3.125
T,1,4242428455664675,-0.5368,1.0,1.0,1.0,1.0,1.0,4.0,2.3829,6.0,5.0,4.625
T,1,4242423226178287,0.3818,1.0,1.0,1.0,1.0,1.0,4.0,2.4835,7.0,6.0,4.0
T,1,5555558593022275,0.5181,1.0,1.0,1.0,1.0,4.0,5.0,2.2028,7.0,8.0,4.5625
T,1,4532014159052737,0.2512,1.0,1.0,1.0,1.0,2.0,4.0,2.9528,8.0,3.0,3.625
T,1,4242426408673355,0.1408,1.0,1.0,1.0,1.0,1.0,4.0,2.8278,8.0,4.0,4.0625
T,1,4111118019283900,-0.0554,1.0,1.0,1.0,1.0,0.0,4.0,2.4835,7.0,6.0,3.0625
T,1,5555557802108214,0.2649,1.0,1.0,1.0,1.0,4.0,5.0,2.5306,7.0,6.0,3.9375
T,1,4111114938070544,-0.0259,1.0,1.0,1.0,1.0,0.0,4.0,2.6494,8.0,5.0,3.3125
T,1,4111110226343726,0.0814,1.0,1.0,1.0,1.0,0.0,4.0,2.6022,7.0,5.0,2.75
T,1,6011001070784790,-0.0029,1.0,1.0,1.0,1.0,5.0,6.0,2.4363,7.0,6.0,3.1875
T,1,4242421348580380,0.2669,1.0,1.0,1.0,1.0,1.0,4.0,2.6556,7.0,4.0,3.625
T,1,4242421344306095,-0.2068,1.0,1.0,1.0,1.0,1.0,4.0,2.7272,8.0,5.0,3.3125
T,1,4532012788262743,0.2576,1.0,1.0,1.0,1.0,2.0,4.0,3.0,9.0,4.0,4.0
T,1,4242426636922020,0.2581,1.0,1.0,1.0,1.0,1.0,4.0,2.3113,6.0,6.0,3.375
T,1,4111115381213275,0.0388,1.0,1.0,1.0,1.0,0.0,4.0,2.3968,7.0,7.0,2.875
T,1,4111113498281491,0.11,1.0,1.0,1.0,1.0,0.0,4.0,2.2246,6.0,7.0,3.625
T,1,4111110959430120,0.1837,1.0,1.0,1.0,1.0,0.0,4.0,2.4835,7.0,6.0,2.625
T,1,4111115325739872,0.2699,1.0,1.0,1.0,1.0,0.0,4.0,2.7744,8.0,5.0,3.75
T,1,4532018164255672,-0.1455,1.0,1.0,1.0,1.0,2.0,4.0,3.0306,9.0,3.0,3.8125
T,1,4111110840884477,0.4554,1.0,1.0,1.0,1.0,0.0,4.0,2.2272,5.0,5.0,3.6875
T,1,4111115617403435,0.1622,1.0,1.0,1.0,1.0,0.0,4.0,2.4835,7.0,6.0,2.9375
T,1,4532018629412694,0.1852,1.0,1.0,1.0,1.0,2.0,4.0,3.0306,9.0,3.0,4.125
T,1,4111112219248664,0.2024,1.0,1.0,1.0,1.0,0.0,4.0,2.3113,6.0,6.0,3.3125
T,1,4111113594454919,0.0244,1.0,1.0,1.0,1.0,0.0,4.0,2.1085,5.0,6.0,3.875
T,1,4111114072349068,0.0457,1.0,1.0,1.0,1.0,0.0,4.0,2.8522,9.0,5.0,3.25
T,1,4111114934856938,0.2787,1.0,1.0,1.0,1.0,0.0,4.0,2.6022,7.0,5.0,4.25
T,1,4111113656571899,0.0955,1.0,1.0,1.0,1.0,0.0,4.0,2.6556,8.0,6.0,4.25
T,1,4532013048146270,0.3529,1.0,1.0,1.0,1.0,2.0,4.0,3.0306,9.0,3.0,3.125
T,1,4111110414234307,0.1316,1.0,1.0,1.0,1.0,0.0,4.0,2.2806,6.0,6.0,2.3125
T,1,4532014240128843,0.1531,1.0,1.0,1.0,1.0,2.0,4.0,2.7028,7.0,4.0,3.1875
T,1,5555553393361817,0.2021,1.0,1.0,1.0,1.0,4.0,5.0,2.4056,7.0,6.0,4.625
T,1,5555550376623494,-0.001,1.0,1.0,1.0,1.0,4.0,5.0,2.6556,8.0,6.0,4.625
T,1,4242422258073655,-0.1973,1.0,1.0,1.0,1.0,1.0,4.0,2.68,8.0,5.0,3.8125
T,1,4242424997155132,0.3608,1.0,1.0,1.0,1.0,1.0,4.0,2.625,7.0,4.0,4.0
T,1,5555557646467966,0.6492,1.0,1.0,1.0,1.0,4.0,5.0,2.055,5.0,6.0,5.6875
T,1,4242422432769657,-0.2323,1.0,1.0,1.0,1.0,1.0,4.0,2.5244,7.0,5.0,4.3125
T,1,5105109155522487,0.0166,1.0,1.0,1.0,1.0,3.0,5.0,2.7272,8.0,5.0,3.75
T,1,4111117176995629,0.4029,1.0,1.0,1.0,1.0,0.0,4.0,2.4835,7.0,6.0,4.375
T,1,5105103532324642,0.0638,1.0,1.0,1.0,1.0,3.0,5.0,2.7335,7.0,3.0,2.875
T,1,6011008543481847,-0.1158,1.0,1.0,1.0,1.0,5.0,6.0,2.8113,8.0,3.0,3.75
T,1,5555558197317303,0.4402,1.0,1.0,1.0,1.0,4.0,5.0,2.4835,7.0,6.0,4.5
T,1,4532013147910238,0.0361,1.0,1.0,1.0,1.0,2.0,4.0,3.0306,9.0,3.0,3.3125
T,1,5105102804360110,-0.0381,1.0,1.0,1.0,1.0,3.0,5.0,2.6494,8.0,5.0,2.3125
T,1,4242420808270854,0.1199,1.0,1.0,1.0,1.0,1.0,4.0,2.4056,6.0,4.0,3.75
T,1,4111119158383352,0.1525,1.0,1.0,1.0,1.0,0.0,4.0,2.4835,7.0,6.0,3.5
T,1,4111119134841531,-0.259,1.0,1.0,1.0,1.0,0.0,4.0,2.0778,6.0,8.0,3.0
T,1,4111112277124864,0.3342,1.0,1.0,1.0,1.0,0.0,4.0,2.3113,6.0,6.0,3.25
T,1,4242424497647612,-0.108,1.0,1.0,1.0,1.0,1.0,4.0,2.2806,6.0,6.0,4.25
T,1,4242429702193104,0.1311,1.0,1.0,1.0,1.0,1.0,4.0,2.625,7.0,4.0,3.375
T,1,4532011635920016,-0.3559,1.0,1.0,1.0,1.0,2.0,4.0,2.9056,8.0,3.0,3.0
T,1,4242424807461316,0.2092,1.0,1.0,1.0,1.0,1.0,4.0,2.7272,8.0,5.0,3.625
T,1,4532016261471358,0.2232,1.0,1.0,1.0,1.0,2.0,4.0,3.0778,9.0,3.0,3.625
T,1,4111114116799146,-0.0555,1.0,1.0,1.0,1.0,0.0,4.0,1.9528,5.0,8.0,3.5625
T,1,4111119303275123,0.0031,1.0,1.0,1.0,1.0,0.0,4.0,2.6085,8.0,6.0,2.75
T,1,4111113441910980,-0.1103,1.0,1.0,1.0,1.0,0.0,4.0,2.2246,6.0,7.0,3.0
T,1,4532012151456500,0.3212,1.0,1.0,1.0,1.0,2.0,4.0,2.6556,7.0,4.0,2.75
T,1,5555555182308552,-0.9411,1.0,1.0,1.0,1.0,4.0,5.0,1.9669,6.0,9.0,4.3125
T,1,4242429825359160,0.3579,1.0,1.0,1.0,1.0,1.0,4.0,2.9528,9.0,4.0,4.125
T,1,4111115562150916,-0.117,1.0,1.0,1.0,1.0,0.0,4.0,2.3496,7.0,7.0,3.0625
T,1,4532011218974281,0.3844,1.0,1.0,1.0,1.0,2.0,4.0,2.9528,9.0,4.0,3.625
T,1,4111115090973052,-0.2214,1.0,1.0,1.0,1.0,0.0,4.0,2.7272,8.0,5.0,3.0625
T,1,6011003771947742,-0.2929,1.0,1.0,1.0,1.0,5.0,6.0,2.7806,8.0,4.0,3.6875
T,1,4242426423042776,0.1149,1.0,1.0,1.0,1.0,1.0,4.0,2.2988,6.0,5.0,3.6875
T,1,4242420673631669,0.105,1.0,1.0,1.0,1.0,1.0,4.0,2.7806,8.0,4.0,4.0625
T,1,4242429742601165,-0.0356,1.0,1.0,1.0,1.0,1.0,4.0,2.75,8.0,4.0,3.6875
T,1,4242426498632758,0.4116,1.0,1.0,1.0,1.0,1.0,4.0,2.75,8.0,4.0,4.75
T,1,4111114608443336,0.1246,1.0,1.0,1.0,1.0,0.0,4.0,2.3522,6.0,5.0,3.125
T,1,4111113697503489,0.2966,1.0,1.0,1.0,1.0,0.0,4.0,2.8994,9.0,5.0,3.9375
T,1,4111116936220708,0.024,1.0,1.0,1.0,1.0,0.0,4.0,2.8994,9.0,5.0,3.25
T,1,4111115679616338,0.3006,1.0,1.0,1.0,1.0,0.0,4.0,2.6085,8.0,6.0,3.9375
T,1,4242425609890354,0.0143,1.0,1.0,1.0,1.0,1.0,4.0,2.8278,8.0,4.0,4.1875
T,1,4242425147042641,0.05,1.0,1.0,1.0,1.0,1.0,4.0,2.4056,7.0,6.0,3.25
T,1,4111119903151872,-0.8383,1.0,1.0,1.0,1.0,0.0,4.0,2.6468,9.0,7.0,3.375
T,1,4532018622967488,0.1098,1.0,1.0,1.0,1.0,2.0,4.0,3.1556,10.0,3.0,4.6875
T,1,4532012240885693,0.1349,1.0,1.0,1.0,1.0,2.0,4.0,3.0778,9.0,3.0,3.875
T,1,5555557540374524,-0.0075,1.0,1.0,1.0,1.0,4.0,5.0,2.0778,6.0,8.0,4.4375
T,1,4111115597494768,0.1087,1.0,1.0,1.0,1.0,0.0,4.0,2.6022,7.0,5.0,4.5625
T,1,4111117555027572,0.059,1.0,1.0,1.0,1.0,0.0,4.0,2.3522,6.0,5.0,3.375
T,1,4111114804231592,-0.1266,1.0,1.0,1.0,1.0,0.0,4.0,2.6085,8.0,6.0,2.9375
T,1,4111111255438122,-0.0539,1.0,1.0,1.0,1.0,0.0,4.0,2.2246,6.0,7.0,2.625
T,1,4242421630933511,-0.0397,1.0,1.0,1.0,1.0,1.0,4.0,2.8113,8.0,3.0,3.125
T,1,4532018260417630,0.7333,1.0,1.0,1.0,1.0,2.0,4.0,3.0778,9.0,3.0,3.25
T,1,4111111285918358,-0.0626,1.0,1.0,1.0,1.0,0.0,4.0,2.3496,7.0,7.0,3.6875
T,1,4111116842288724,-0.0848,1.0,1.0,1.0,1.0,0.0,4.0,2.3829,6.0,5.0,3.75
T,1,4111119473082200,0.1467,1.0,1.0,1.0,1.0,0.0,4.0,2.7272,8.0,5.0,2.75
T,1,5555559958382411,-0.2573,1.0,1.0,1.0,1.0,4.0,5.0,2.3968,7.0,7.0,5.0
T,1,4111112807193900,-0.303,1.0,1.0,1.0,1.0,0.0,4.0,2.6085,8.0,6.0,3.0
T,1,4111114352041948,-0.4399,1.0,1.0,1.0,1.0,0.0,4.0,2.5306,8.0,6.0,3.0625
T,1,4532013703602468,-0.0971,1.0,1.0,1.0,1.0,2.0,4.0,3.0306,9.0,3.0,3.375
T,1,4242421598702411,0.0017,1.0,1.0,1.0,1.0,1.0,4.0,2.7028,8.0,4.0,3.5
T,1,4242429757352407,0.0299,1.0,1.0,1.0,1.0,1.0,4.0,2.5778,7.0,4.0,4.1875
T,1,4532016880994699,0.5242,1.0,1.0,1.0,1.0,2.0,4.0,3.0,9.0,4.0,5.1875
T,1,4532015851079530,0.3844,1.0,1.0,1.0,1.0,2.0,4.0,2.9528,9.0,4.0,3.625
T,1,5555552440380200,0.2209,1.0,1.0,1.0,1.0,4.0,5.0,2.2806,6.0,6.0,3.3125
T,1,4242427399357826,0.624,1.0,1.0,1.0,1.0,1.0,4.0,2.8278,8.0,4.0,4.8125
T,1,5105107842403723,-0.0179,1.0,1.0,1.0,1.0,3.0,5.0,2.9528,8.0,3.0,3.25
T,1,4111115989458587,0.2505,1.0,1.0,1.0,1.0,0.0,4.0,2.43,6.0,5.0,4.8125
T,1,4242425794747856,-0.4156,1.0,1.0,1.0,1.0,1.0,4.0,2.555,7.0,5.0,5.0
T,1,6011002375915568,0.1801,1.0,1.0,1.0,1.0,5.0,6.0,2.9835,9.0,3.0,3.6875
T,1,4242423579856471,0.0961,1.0,1.0,1.0,1.0,1.0,4.0,2.9528,9.0,4.0,4.5625
T,1,4111117226322030,-0.1228,1.0,1.0,1.0,1.0,0.0,4.0,2.5244,7.0,5.0,2.25
T,1,4242423460547718,0.1178,1.0,1.0,1.0,1.0,1.0,4.0,2.8522,9.0,5.0,3.9375
T,1,4111116422938623,0.1172,1.0,1.0,1.0,1.0,0.0,4.0,2.6022,7.0,5.0,3.375
T,1,4242421084552858,-0.0308,1.0,1.0,1.0,1.0,1.0,4.0,2.4056,6.0,4.0,4.0
T,1,4111111134129082,0.1455,1.0,1.0,1.0,1.0,0.0,4.0,2.25,7.0,8.0,2.5
T,1,4111115299624621,-0.0215,1.0,1.0,1.0,1.0,0.0,4.0,2.3585,6.0,6.0,3.4375
T,1,4111113048207558,0.078,1.0,1.0,1.0,1.0,0.0,4.0,2.7744,8.0,5.0,3.1875
T,1,4111117224098772,-0.1985,1.0,1.0,1.0,1.0,0.0,4.0,2.555,7.0,5.0,3.5625
T,1,5555550746755521,0.6824,1.0,1.0,1.0,1.0,4.0,5.0,2.0919,7.0,9.0,4.5
T,1,5105107291995955,-0.2697,1.0,1.0,1.0,1.0,3.0,5.0,2.3522,6.0,5.0,4.5625
T,1,4532012795445778,0.2219,1.0,1.0,1.0,1.0,2.0,4.0,2.9835,9.0,3.0,4.5625
T,1,5105100317823467,-0.2334,1.0,1.0,1.0,1.0,3.0,5.0,3.0306,9.0,3.0,3.3125
T,1,4242420422038463,0.2532,1.0,1.0,1.0,1.0,1.0,4.0,2.2988,6.0,5.0,3.125
T,1,4111111239110623,-0.2869,1.0,1.0,1.0,1.0,0.0,4.0,2.25,7.0,8.0,2.3125
T,1,4242429033856429,0.0521,1.0,1.0,1.0,1.0,1.0,4.0,2.75,8.0,4.0,4.1875
T,1,5555556443736938,0.2633,1.0,1.0,1.0,1.0,4.0,5.0,2.4835,7.0,6.0,5.1875
T,1,4111119663852685,0.1273,1.0,1.0,1.0,1.0,0.0,4.0,2.7272,8.0,5.0,4.1875
T,1,4242424045395425,-0.0804,1.0,1.0,1.0,1.0,1.0,4.0,2.2335,6.0,6.0,3.6875
T,1,4532018516637122,0.0508,1.0,1.0,1.0,1.0,2.0,4.0,3.0306,9.0,3.0,3.5
T,1,4242429557442721,0.0747,1.0,1.0,1.0,1.0,1.0,4.0,2.2988,6.0,5.0,4.0
T,1,5105103973888253,-0.2549,1.0,1.0,1.0,1.0,3.0,5.0,2.8585,8.0,3.0,4.25
T,1,4242423016520235,-0.0999,1.0,1.0,1.0,1.0,1.0,4.0,2.6022,7.0,5.0,2.8125
T,1,4242426477261470,-0.056,1.0,1.0,1.0,1.0,1.0,4.0,2.3522,6.0,5.0,3.875
T,1,4111115813253857,0.1525,1.0,1.0,1.0,1.0,0.0,4.0,2.4835,7.0,6.0,3.5
T,1,6011002681073540,0.7733,1.0,1.0,1.0,1.0,5.0,6.0,2.8522,9.0,5.0,2.75
T,1,4111115695653869,0.136,1.0,1.0,1.0,1.0,0.0,4.0,2.555,7.0,5.0,4.4375
T,1,4111118266196144,-0.0642,1.0,1.0,1.0,1.0,0.0,4.0,2.1774,6.0,7.0,3.5
T,1,4111117184602472,0.216,1.0,1.0,1.0,1.0,0.0,4.0,2.4835,7.0,6.0,3.125
T,1,4111116763688936,0.1261,1.0,1.0,1.0,1.0,0.0,4.0,2.5244,7.0,5.0,4.4375
T,1,4242421436250326,-0.0246,1.0,1.0,1.0,1.0,1.0,4.0,2.5244,7.0,5.0,3.125
T,1,4111110338984029,0.2491,1.0,1.0,1.0,1.0,0.0,4.0,2.6494,7.0,5.0,3.4375
T,1,4111119859643500,0.2394,1.0,1.0,1.0,1.0,0.0,4.0,2.7744,8.0,5.0,3.625
T,1,5555552168420212,0.3048,1.0,1.0,1.0,1.0,4.0,5.0,2.4056,7.0,6.0,3.625
T,1,4111117318493467,0.1906,1.0,1.0,1.0,1.0,0.0,4.0,2.4835,7.0,6.0,3.8125
T,1,4111119791679984,-0.0783,1.0,1.0,1.0,1.0,0.0,4.0,2.2806,6.0,6.0,4.875
T,1,6011007432771094,-0.382,1.0,1.0,1.0,1.0,5.0,6.0,2.7806,8.0,4.0,3.25
T,1,4111110148821361,0.2059,1.0,1.0,1.0,1.0,0.0,4.0,2.25,7.0,8.0,2.6875
T,1,4111111133402639,0.2158,1.0,1.0,1.0,1.0,0.0,4.0,2.3496,7.0,7.0,2.5625
T,1,4242425058923524,-0.1432,1.0,1.0,1.0,1.0,1.0,4.0,2.4772,7.0,5.0,3.8125
T,1,5105103501466606,-0.1859,1.0,1.0,1.0,1.0,3.0,5.0,2.4056,6.0,4.0,3.0625
T,1,4111111748336149,0.0281,1.0,1.0,1.0,1.0,0.0,4.0,2.3496,7.0,7.0,3.4375
T,1,4111115850290374,0.024,1.0,1.0,1.0,1.0,0.0,4.0,2.8994,9.0,5.0,3.25
T,1,5105105556086874,0.2292,1.0,1.0,1.0,1.0,3.0,5.0,2.6022,7.0,5.0,4.125
T,1,4111119872135054,-0.3338,1.0,1.0,1.0,1.0,0.0,4.0,2.7806,9.0,6.0,3.3125
T,1,5105108620244628,-0.2481,1.0,1.0,1.0,1.0,3.0,5.0,2.7806,7.0,3.0,3.375
T,1,6011006872080974,-0.1659,1.0,1.0,1.0,1.0,5.0,6.0,2.7744,8.0,5.0,3.6875
T,1,6011004489378964,0.1558,1.0,1.0,1.0,1.0,5.0,6.0,2.9056,8.0,3.0,4.375
T,1,4111115112776913,-0.3282,1.0,1.0,1.0,1.0,0.0,4.0,2.375,8.0,8.0,3.1875
T,1,4532012453883005,-0.0682,1.0,1.0,1.0,1.0,2.0,4.0,2.7335,7.0,3.0,3.3125
T,1,4242426852219176,0.1245,1.0,1.0,1.0,1.0,1.0,4.0,2.7272,8.0,5.0,4.0625
T,1,4242428045945790,-0.0697,1.0,1.0,1.0,1.0,1.0,4.0,2.6022,7.0,5.0,4.3125
T,1,4111110125780267,-0.1886,1.0,1.0,1.0,1.0,0.0,4.0,2.6556,8.0,6.0,2.9375
T,1,4532012866620135,-0.3338,1.0,1.0,1.0,1.0,2.0,4.0,2.9056,8.0,3.0,3.375
T,1,4111110980170778,0.145,1.0,1.0,1.0,1.0,0.0,4.0,2.3113,6.0,6.0,3.5
T,1,4532010165818558,-0.1007,1.0,1.0,1.0,1.0,2.0,4.0,2.7806,8.0,4.0,3.875
T,1,4532010789258843,0.0102,1.0,1.0,1.0,1.0,2.0,4.0,3.0778,9.0,3.0,4.3125
T,1,4532018919122318,-0.0993,1.0,1.0,1.0,1.0,2.0,4.0,2.8278,8.0,4.0,3.6875
T,1,4242421487054817,0.126,1.0,1.0,1.0,1.0,1.0,4.0,2.6022,7.0,5.0,3.9375
T,1,5105104087954684,-0.2108,1.0,1.0,1.0,1.0,3.0,5.0,2.8585,8.0,3.0,4.1875
T,1,4242425786019405,0.1766,1.0,1.0,1.0,1.0,1.0,4.0,2.9528,9.0,4.0,3.9375
T,1,4111113210377692,-0.4061,1.0,1.0,1.0,1.0,0.0,4.0,2.6556,8.0,6.0,3.0625
T,1,5555552401118649,0.4004,1.0,1.0,1.0,1.0,4.0,5.0,2.6085,8.0,6.0,4.125
T,1,4242420132528647,0.1209,1.0,1.0,1.0,1.0,1.0,4.0,2.7744,9.0,5.0,3.5
T,1,4532018475041779,0.1831,1.0,1.0,1.0,1.0,2.0,4.0,3.0306,9.0,3.0,4.1875
T,1,6011004487410066,-0.9223,1.0,1.0,1.0,1.0,5.0,6.0,2.3829,6.0,5.0,3.0
T,1,4532013764161180,-0.0033,1.0,1.0,1.0,1.0,2.0,4.0,3.0,9.0,4.0,3.25
T,1,4111118548477098,-0.0468,1.0,1.0,1.0,1.0,0.0,4.0,2.555,7.0,5.0,4.3125
T,1,4242426361699249,-0.4704,1.0,1.0,1.0,1.0,1.0,4.0,2.4056,6.0,4.0,4.5625
T,1,4242425899720097,-0.1747,1.0,1.0,1.0,1.0,1.0,4.0,2.6556,7.0,4.0,4.625
T,1,4242420206051278,-0.6135,1.0,1.0,1.0,1.0,1.0,4.0,2.68,8.0,5.0,3.0625
T,1,4242424791071618,-0.0749,1.0,1.0,1.0,1.0,1.0,4.0,2.7806,8.0,4.0,3.875
T,1,5105102069131826,-0.1174,1.0,1.0,1.0,1.0,3.0,5.0,2.8278,8.0,4.0,3.125
T,1,4111115183729106,-0.3261,1.0,1.0,1.0,1.0,0.0,4.0,2.7718,10.0,7.0,3.1875
T,1,4242427072426351,-0.0051,1.0,1.0,1.0,1.0,1.0,4.0,2.6494,8.0,5.0,3.4375
T,1,4242421245113327,-0.0539,1.0,1.0,1.0,1.0,1.0,4.0,2.3522,6.0,5.0,2.9375
T,1,4111116416116152,0.0149,1.0,1.0,1.0,1.0,0.0,4.0,1.7947,5.0,9.0,2.625
T,1,5555559829665317,0.4875,1.0,1.0,1.0,1.0,4.0,5.0,2.5218,8.0,7.0,5.375
T,1,4242422390104764,0.013,1.0,1.0,1.0,1.0,1.0,4.0,2.6494,8.0,5.0,3.375
T,1,4242425222674375,0.0202,1.0,1.0,1.0,1.0,1.0,4.0,2.2806,6.0,6.0,3.8125
T,1,4532013557964303,0.2658,1.0,1.0,1.0,1.0,2.0,4.0,2.9528,9.0,4.0,3.75
T,1,4111115737060099,-0.2266,1.0,1.0,1.0,1.0,0.0,4.0,2.7272,8.0,5.0,3.4375
T,1,4111119886317995,0.5595,1.0,1.0,1.0,1.0,0.0,4.0,2.6085,8.0,6.0,4.625
T,1,4242420709147037,0.282,1.0,1.0,1.0,1.0,1.0,4.0,2.6085,7.0,4.0,3.5
T,1,5105104577486643,-0.1866,1.0,1.0,1.0,1.0,3.0,5.0,2.9056,8.0,3.0,4.125
T,1,4242422036230304,-0.1996,1.0,1.0,1.0,1.0,1.0,4.0,2.18,5.0,5.0,2.5625
T,1,4242428706073379,-0.0836,1.0,1.0,1.0,1.0,1.0,4.0,2.8585,8.0,3.0,4.25
T,1,5555559568189347,0.3595,1.0,1.0,1.0,1.0,4.0,5.0,2.5218,8.0,7.0,5.625
T,1,4111119231239274,0.1098,1.0,1.0,1.0,1.0,0.0,4.0,2.3585,6.0,6.0,3.1875
T,1,4242428050007536,-0.1433,1.0,1.0,1.0,1.0,1.0,4.0,2.7806,8.0,4.0,3.25
T,1,5105101298687467,-0.2919,1.0,1.0,1.0,1.0,3.0,5.0,3.0778,9.0,3.0,4.375
T,1,4532014002095776,-0.1968,1.0,1.0,1.0,1.0,2.0,4.0,3.0,9.0,4.0,3.4375
T,1,4111118071981599,0.2325,1.0,1.0,1.0,1.0,0.0,4.0,2.3496,7.0,7.0,4.125
T,1,4532016283343916,0.2541,1.0,1.0,1.0,1.0,2.0,4.0,3.0,9.0,4.0,3.75
T,1,5555554125992283,0.3797,1.0,1.0,1.0,1.0,4.0,5.0,2.3496,7.0,7.0,4.6875
T,1,5555551398112011,0.3364,1.0,1.0,1.0,1.0,4.0,5.0,2.305,7.0,6.0,3.5625
T,1,4532014788313096,0.103,1.0,1.0,1.0,1.0,2.0,4.0,3.2028,10.0,3.0,4.0
T,1,4242429740926986,-0.3021,1.0,1.0,1.0,1.0,1.0,4.0,2.5778,7.0,4.0,4.875
T,1,4111113121027337,-0.118,1.0,1.0,1.0,1.0,0.0,4.0,2.2246,6.0,7.0,2.375
T,1,6011002336362298,0.0386,1.0,1.0,1.0,1.0,5.0,6.0,2.6863,7.0,3.0,3.25
T,1,5555552092830999,-0.1728,1.0,1.0,1.0,1.0,4.0,5.0,2.2806,6.0,6.0,5.0625
T,1,4111113952048568,-0.0381,1.0,1.0,1.0,1.0,0.0,4.0,2.8994,9.0,5.0,3.6875
T,1,4242426840685215,0.1932,1.0,1.0,1.0,1.0,1.0,4.0,2.625,7.0,4.0,3.9375
T,1,4532015567310914,0.0508,1.0,1.0,1.0,1.0,2.0,4.0,3.0306,9.0,3.0,3.5
T,1,4242420112502638,-0.0737,1.0,1.0,1.0,1.0,1.0,4.0,2.7272,8.0,5.0,2.875
T,1,4532016753908727,-0.0085,1.0,1.0,1.0,1.0,2.0,4.0,3.2028,10.0,3.0,4.3125
T,1,4242426759830372,0.232,1.0,1.0,1.0,1.0,1.0,4.0,2.9528,9.0,4.0,4.25
T,1,4111117060788825,0.1624,1.0,1.0,1.0,1.0,0.0,4.0,2.7272,8.0,5.0,3.75
T,1,4111118700603879,-0.0151,1.0,1.0,1.0,1.0,0.0,4.0,2.7272,8.0,5.0,3.5625
T,1,4111118529531020,0.0917,1.0,1.0,1.0,1.0,0.0,4.0,2.6556,8.0,6.0,2.75
T,1,4242425392829494,-0.9411,1.0,1.0,1.0,1.0,1.0,4.0,2.2516,6.0,5.0,4.5625
T,1,5555555257062928,0.829,1.0,1.0,1.0,1.0,4.0,5.0,2.2028,7.0,8.0,4.75
T,1,4111115305201885,0.1862,1.0,1.0,1.0,1.0,0.0,4.0,2.4835,7.0,6.0,2.875
T,1,4532015828656303,-0.1693,1.0,1.0,1.0,1.0,2.0,4.0,2.9056,8.0,3.0,3.8125
T,1,4242429753713131,0.2804,1.0,1.0,1.0,1.0,1.0,4.0,2.6863,7.0,3.0,3.625
T,1,4111110683995224,0.0547,1.0,1.0,1.0,1.0,0.0,4.0,2.8994,9.0,5.0,3.5625
T,1,4242423642762896,-0.0317,1.0,1.0,1.0,1.0,1.0,4.0,2.4772,7.0,5.0,4.4375
T,1,4111112442009263,-0.2648,1.0,1.0,1.0,1.0,0.0,4.0,2.555,7.0,5.0,2.5625
T,1,5555555223818395,0.6255,1.0,1.0,1.0,1.0,4.0,5.0,2.125,6.0,8.0,4.75
T,1,4242423146252980,0.3012,1.0,1.0,1.0,1.0,1.0,4.0,2.7744,9.0,5.0,3.625
T,1,4242429074204299,-0.2106,1.0,1.0,1.0,1.0,1.0,4.0,2.1266,5.0,5.0,4.0
T,1,4111112707020450,-0.6872,1.0,1.0,1.0,1.0,0.0,4.0,2.3994,6.0,5.0,2.25
T,1,4532014661912618,0.124,1.0,1.0,1.0,1.0,2.0,4.0,2.9528,9.0,4.0,3.6875
T,1,6011007890404014,-0.2333,1.0,1.0,1.0,1.0,5.0,6.0,2.4363,7.0,6.0,2.8125
T,1,4532012101786873,0.2232,1.0,1.0,1.0,1.0,2.0,4.0,3.0778,9.0,3.0,3.625
T,1,4111110136788671,-0.1155,1.0,1.0,1.0,1.0,0.0,4.0,2.3968,7.0,7.0,3.5
T,1,5555551019678739,-0.9664,1.0,1.0,1.0,1.0,4.0,5.0,2.6556,8.0,6.0,5.0625
T,1,4111117668653660,0.0522,1.0,1.0,1.0,1.0,0.0,4.0,2.5488,8.0,5.0,3.875
T,1,4242422882189398,-0.0335,1.0,1.0,1.0,1.0,1.0,4.0,2.3522,6.0,5.0,4.75
T,1,4242424676142419,0.0949,1.0,1.0,1.0,1.0,1.0,4.0,2.2806,6.0,6.0,3.875
T,1,4242428359319590,-0.1987,1.0,1.0,1.0,1.0,1.0,4.0,2.8585,8.0,3.0,4.375
T,1,4242422563082359,-0.1301,1.0,1.0,1.0,1.0,1.0,4.0,2.7272,8.0,5.0,3.8125
T,1,4242429247059315,-0.0013,1.0,1.0,1.0,1.0,1.0,4.0,2.75,8.0,4.0,3.9375
T,1,4111119480291539,0.0827,1.0,1.0,1.0,1.0,0.0,4.0,2.6085,8.0,6.0,3.6875
T,1,6011001427725223,0.1426,1.0,1.0,1.0,1.0,5.0,6.0,2.7806,8.0,4.0,2.6875
T,1,5105107667159673,-0.2358,1.0,1.0,1.0,1.0,3.0,5.0,2.6863,7.0,3.0,4.3125
T,1,4532017568028917,-0.112,1.0,1.0,1.0,1.0,2.0,4.0,3.25,10.0,2.0,4.25
T,1,4242423868227855,-0.1922,1.0,1.0,1.0,1.0,1.0,4.0,2.555,7.0,5.0,4.5
T,1,4111117176317709,-0.0211,1.0,1.0,1.0,1.0,0.0,4.0,2.2718,7.0,7.0,3.5625
T,1,4111111107760434,-0.0539,1.0,1.0,1.0,1.0,0.0,4.0,2.2246,6.0,7.0,2.625
T,1,4111110486996270,0.2699,1.0,1.0,1.0,1.0,0.0,4.0,2.7744,8.0,5.0,3.75
T,1,4111118835691369,0.2908,1.0,1.0,1.0,1.0,0.0,4.0,2.5306,7.0,6.0,4.1875
T,1,4532012559371673,0.0289,1.0,1.0,1.0,1.0,2.0,4.0,3.0306,9.0,3.0,3.9375
T,1,4242425450624761,0.2355,1.0,1.0,1.0,1.0,1.0,4.0,2.5244,7.0,5.0,3.625
T,1,5105103499691512,-0.2488,1.0,1.0,1.0,1.0,3.0,5.0,2.7806,8.0,4.0,3.8125
T,1,4532012226293508,-0.1482,1.0,1.0,1.0,1.0,2.0,4.0,2.8994,9.0,5.0,3.375
T,1,4242420605803014,-0.0039,1.0,1.0,1.0,1.0,1.0,4.0,2.7028,8.0,4.0,2.8125
T,1,4111119432976435,-0.0567,1.0,1.0,1.0,1.0,0.0,4.0,2.7272,8.0,5.0,3.8125
T,1,4111116797836303,-0.0567,1.0,1.0,1.0,1.0,0.0,4.0,2.7272,8.0,5.0,3.8125
T,1,4111111614642224,-0.8015,1.0,1.0,1.0,1.0,0.0,4.0,1.8496,4.0,7.0,2.5625
T,1,5555556050603751,-0.4168,1.0,1.0,1.0,1.0,4.0,5.0,2.0778,6.0,8.0,3.9375
T,1,4111113371254391,0.1006,1.0,1.0,1.0,1.0,0.0,4.0,2.3496,7.0,7.0,2.9375
T,1,4242424023028071,-0.233,1.0,1.0,1.0,1.0,1.0,4.0,2.4772,7.0,5.0,2.8125
T,1,4532015672090831,-0.3093,1.0,1.0,1.0,1.0,2.0,4.0,3.2028,10.0,3.0,3.5
T,1,4532010793778026,0.0456,1.0,1.0,1.0,1.0,2.0,4.0,3.1556,10.0,3.0,4.0
T,1,4242421258077088,0.1699,1.0,1.0,1.0,1.0,1.0,4.0,2.6556,7.0,4.0,4.0
T,1,5105103512103255,0.1883,1.0,1.0,1.0,1.0,3.0,5.0,2.2272,5.0,5.0,2.4375
T,1,4242425498447977,-0.0834,1.0,1.0,1.0,1.0,1.0,4.0,2.3113,6.0,6.0,5.125
T,1,4111117983809088,-0.0567,1.0,1.0,1.0,1.0,0.0,4.0,2.5244,7.0,5.0,4.3125
T,1,4242426784036904,0.1245,1.0,1.0,1.0,1.0,1.0,4.0,2.7272,8.0,5.0,4.0625
T,1,4111117641274923,0.129,1.0,1.0,1.0,1.0,0.0,4.0,2.4835,7.0,6.0,3.375
T,1,4242426775816801,-0.0411,1.0,1.0,1.0,1.0,1.0,4.0,2.9056,8.0,3.0,4.1875
T,1,4111113380698539,0.018,1.0,1.0,1.0,1.0,0.0,4.0,2.7272,8.0,5.0,3.9375
T,1,4111119296546084,0.018,1.0,1.0,1.0,1.0,0.0,4.0,2.7272,8.0,5.0,3.875
T,1,4111118521302685,-0.4061,1.0,1.0,1.0,1.0,0.0,4.0,2.6556,8.0,6.0,3.0625
T,1,4111112140844110,-0.9212,1.0,1.0,1.0,1.0,0.0,4.0,1.875,5.0,8.0,2.125
T,1,4111117888989183,-0.3162,1.0,1.0,1.0,1.0,0.0,4.0,2.18,6.0,6.0,4.875
T,1,4111116271873376,0.1196,1.0,1.0,1.0,1.0,0.0,4.0,2.4835,7.0,6.0,3.6875
T,1,4242427003460982,0.0626,1.0,1.0,1.0,1.0,1.0,4.0,2.7028,8.0,4.0,3.5625
T,1,4532012182201719,-0.0664,1.0,1.0,1.0,1.0,2.0,4.0,2.875,9.0,4.0,3.0
T,1,4111111949590718,0.0571,1.0,1.0,1.0,1.0,0.0,4.0,2.3496,7.0,7.0,3.875
T,1,6011000160303016,-1.1243,1.0,1.0,1.0,1.0,5.0,6.0,1.8496,4.0,7.0,1.75
T,1,4242420562739409,-0.0013,1.0,1.0,1.0,1.0,1.0,4.0,2.75,8.0,4.0,3.9375
T,1,4111110826997566,0.4736,1.0,1.0,1.0,1.0,0.0,4.0,2.8522,9.0,5.0,4.1875
T,1,4111117091812297,-0.0577,1.0,1.0,1.0,1.0,0.0,4.0,2.3968,7.0,7.0,3.4375
T,1,4111119028097489,0.4421,1.0,1.0,1.0,1.0,0.0,4.0,2.6022,7.0,5.0,4.0625
T,1,4532018745359639,-0.0419,1.0,1.0,1.0,1.0,2.0,4.0,3.1556,10.0,3.0,4.625
T,1,4111111554637713,0.222,1.0,1.0,1.0,1.0,0.0,4.0,2.2718,6.0,7.0,3.1875
T,1,4111118665223952,-0.0151,1.0,1.0,1.0,1.0,0.0,4.0,2.7272,8.0,5.0,3.5625
T,1,4532010406763928,0.2612,1.0,1.0,1.0,1.0,2.0,4.0,3.2028,10.0,3.0,3.75
T,1,4242423496618426,-0.0311,1.0,1.0,1.0,1.0,1.0,4.0,2.4772,7.0,5.0,4.1875
T,1,4111114058825610,-0.1314,1.0,1.0,1.0,1.0,0.0,4.0,2.5306,7.0,6.0,3.0
T,1,4111116781544608,0.3267,1.0,1.0,1.0,1.0,0.0,4.0,2.4835,7.0,6.0,3.625
T,1,4111115742491479,0.0936,1.0,1.0,1.0,1.0,0.0,4.0,2.2806,6.0,6.0,3.8125
T,1,5555551650306889,0.4402,1.0,1.0,1.0,1.0,4.0,5.0,2.3968,7.0,7.0,4.75
T,1,5555559705868068,0.8148,1.0,1.0,1.0,1.0,4.0,5.0,2.2246,6.0,7.0,5.4375
T,1,6011003616585350,0.0901,1.0,1.0,1.0,1.0,5.0,6.0,2.4835,6.0,4.0,3.125
T,1,4242426943240108,-0.0051,1.0,1.0,1.0,1.0,1.0,4.0,2.6494,8.0,5.0,3.4375
T,1,5555555745747833,0.245,1.0,1.0,1.0,1.0,4.0,5.0,1.9528,5.0,8.0,5.1875
T,1,4242425880704514,0.2866,1.0,1.0,1.0,1.0,1.0,4.0,2.6022,7.0,5.0,3.75
T,1,5555554773613090,-0.0704,1.0,1.0,1.0,1.0,4.0,5.0,2.6556,8.0,6.0,4.375
T,1,4111118602672154,-0.1672,1.0,1.0,1.0,1.0,0.0,4.0,2.6556,8.0,6.0,3.125
T,1,6011007901423789,0.4396,1.0,1.0,1.0,1.0,5.0,6.0,2.9528,9.0,4.0,3.625
T,1,5555559741839123,0.4464,1.0,1.0,1.0,1.0,4.0,5.0,2.6556,8.0,6.0,4.8125
T,1,4111110798763673,0.2267,1.0,1.0,1.0,1.0,0.0,4.0,2.7272,8.0,5.0,4.0625
T,1,4111118246022873,-0.0294,1.0,1.0,1.0,1.0,0.0,4.0,2.7272,8.0,5.0,3.1875
T,1,4242428210700491,-0.141,1.0,1.0,1.0,1.0,1.0,4.0,2.5778,7.0,4.0,3.125
T,1,4111116004339232,-0.0305,1.0,1.0,1.0,1.0,0.0,4.0,2.6022,7.0,5.0,2.5625
T,1,5555558363624466,-0.193,1.0,1.0,1.0,1.0,4.0,5.0,2.2806,6.0,6.0,4.875
T,1,4111115486146230,-0.303,1.0,1.0,1.0,1.0,0.0,4.0,2.6085,8.0,6.0,3.0
T,1,4111115177662743,0.0948,1.0,1.0,1.0,1.0,0.0,4.0,2.4835,7.0,6.0,3.5625
T,1,4111118261148314,-0.2518,1.0,1.0,1.0,1.0,0.0,4.0,2.0778,6.0,8.0,2.9375
T,1,5105109724143690,-0.1954,1.0,1.0,1.0,1.0,3.0,5.0,3.0306,9.0,3.0,3.5625
T,1,5105106036913604,0.0161,1.0,1.0,1.0,1.0,3.0,5.0,2.6556,7.0,4.0,3.125
T,1,5105107804677157,0.341,1.0,1.0,1.0,1.0,3.0,5.0,2.6085,7.0,4.0,4.0
T,1,4242423408534117,-0.1881,1.0,1.0,1.0,1.0,1.0,4.0,2.7272,8.0,5.0,3.375
T,1,4242425662039121,-0.2068,1.0,1.0,1.0,1.0,1.0,4.0,2.7272,8.0,5.0,3.3125
T,1,5105106133570042,0.2021,1.0,1.0,1.0,1.0,3.0,5.0,2.7806,8.0,4.0,2.6875
T,1,4111110519931021,0.1455,1.0,1.0,1.0,1.0,0.0,4.0,2.25,7.0,8.0,2.5
T,1,4111118260825276,-0.2266,1.0,1.0,1.0,1.0,0.0,4.0,2.7272,8.0,5.0,3.4375
T,1,6011008072294249,-0.49,1.0,1.0,1.0,1.0,5.0,6.0,2.8278,8.0,4.0,3.4375
T,1,4111111362730965,-0.0203,1.0,1.0,1.0,1.0,0.0,4.0,2.7806,9.0,6.0,3.1875
T,1,4532017810006844,-0.0755,1.0,1.0,1.0,1.0,2.0,4.0,2.9528,9.0,4.0,3.3125
T,1,5105101887047784,-0.0239,1.0,1.0,1.0,1.0,3.0,5.0,2.5613,6.0,3.0,4.125
T,1,4111111643494738,0.0856,1.0,1.0,1.0,1.0,0.0,4.0,2.4056,7.0,6.0,3.625
T,1,6011002083345249,0.0914,1.0,1.0,1.0,1.0,5.0,6.0,3.0,9.0,4.0,3.0
T,1,4532013419779790,-0.0586,1.0,1.0,1.0,1.0,2.0,4.0,2.9056,8.0,3.0,4.4375
T,1,4242423604066211,-0.0234,1.0,1.0,1.0,1.0,1.0,4.0,2.4528,6.0,4.0,2.9375
T,1,4111112871726965,-0.0319,1.0,1.0,1.0,1.0,0.0,4.0,2.6556,8.0,6.0,3.875
T,1,4111119972207241,0.1098,1.0,1.0,1.0,1.0,0.0,4.0,2.3585,6.0,6.0,3.25
T,1,5105102837270450,-0.1174,1.0,1.0,1.0,1.0,3.0,5.0,2.8278,8.0,4.0,3.125
T,1,4242425360195571,0.2516,1.0,1.0,1.0,1.0,1.0,4.0,2.9835,9.0,3.0,3.75
T,1,5555558198378106,-0.4309,1.0,1.0,1.0,1.0,4.0,5.0,2.6085,8.0,6.0,5.0625
T,1,4242426244621576,-0.2591,1.0,1.0,1.0,1.0,1.0,4.0,2.2516,6.0,5.0,3.8125
T,1,4111114648397401,-0.2998,1.0,1.0,1.0,1.0,0.0,4.0,2.5306,8.0,6.0,3.4375
T,1,4111117051181345,0.1985,1.0,1.0,1.0,1.0,0.0,4.0,2.25,7.0,8.0,2.75
T,1,5555557051749825,0.0317,1.0,1.0,1.0,1.0,4.0,5.0,2.375,8.0,8.0,4.875
T,1,6011002168482289,0.2047,1.0,1.0,1.0,1.0,5.0,6.0,2.6863,7.0,3.0,3.625
T,1,5555557783374546,-0.0622,1.0,1.0,1.0,1.0,4.0,5.0,2.2246,6.0,7.0,5.25
T,1,4242422208949889,0.4925,1.0,1.0,1.0,1.0,1.0,4.0,2.18,5.0,5.0,4.8125
T,1,4111110565474629,-0.0151,1.0,1.0,1.0,1.0,0.0,4.0,2.7272,8.0,5.0,3.5625
T,1,4242421919290823,-0.1539,1.0,1.0,1.0,1.0,1.0,4.0,2.555,7.0,5.0,3.875
T,1,4242423742886249,-0.2451,1.0,1.0,1.0,1.0,1.0,4.0,2.4238,7.0,5.0,4.4375
T,1,4111117597759158,0.0106,1.0,1.0,1.0,1.0,0.0,4.0,2.3113,6.0,6.0,4.5
T,1,4111113455192079,-0.3462,1.0,1.0,1.0,1.0,0.0,4.0,2.6556,8.0,6.0,3.375
T,1,4242424289648968,0.0366,1.0,1.0,1.0,1.0,1.0,4.0,2.2272,5.0,5.0,5.125
T,1,6011001886289497,0.1986,1.0,1.0,1.0,1.0,5.0,6.0,2.8585,8.0,3.0,4.375
T,1,4111117933803694,-0.0567,1.0,1.0,1.0,1.0,0.0,4.0,2.7272,8.0,5.0,3.8125
T,1,6011007212189350,0.7067,1.0,1.0,1.0,1.0,5.0,6.0,2.875,9.0,4.0,2.875
T,1,4111114057497668,0.2267,1.0,1.0,1.0,1.0,0.0,4.0,2.7272,8.0,5.0,4.0625
T,1,4111119323348579,0.018,1.0,1.0,1.0,1.0,0.0,4.0,2.7272,8.0,5.0,3.875
T,1,4532010159650694,0.0128,1.0,1.0,1.0,1.0,2.0,4.0,2.9056,8.0,3.0,3.75
T,1,4111114419905135,0.1719,1.0,1.0,1.0,1.0,0.0,4.0,2.2246,6.0,7.0,3.125
T,1,4111118970680078,-0.0805,1.0,1.0,1.0,1.0,0.0,4.0,2.555,7.0,5.0,3.875
T,1,4242427257485511,0.0992,1.0,1.0,1.0,1.0,1.0,4.0,2.4528,6.0,4.0,3.9375
T,1,4242427639733612,0.1699,1.0,1.0,1.0,1.0,1.0,4.0,2.6556,7.0,4.0,4.0625
T,1,5555558701501962,0.0954,1.0,1.0,1.0,1.0,4.0,5.0,2.5218,8.0,7.0,4.3125
T,1,5555551635533649,0.7297,1.0,1.0,1.0,1.0,4.0,5.0,2.0778,6.0,8.0,4.6875
T,1,5105100579914939,0.1654,1.0,1.0,1.0,1.0,3.0,5.0,2.6085,7.0,4.0,4.25
T,1,4242421798219869,-0.385,1.0,1.0,1.0,1.0,1.0,4.0,2.6556,7.0,4.0,4.875
T,1,4242425433147617,0.0917,1.0,1.0,1.0,1.0,1.0,4.0,2.6022,7.0,5.0,3.6875
T,1,5555550207641368,0.4158,1.0,1.0,1.0,1.0,4.0,5.0,2.7806,9.0,6.0,4.1875
T,1,4111110421540027,0.2103,1.0,1.0,1.0,1.0,0.0,4.0,2.3113,6.0,6.0,2.125
T,1,4242429474176576,-0.0239,1.0,1.0,1.0,1.0,1.0,4.0,2.555,7.0,5.0,4.625
T,1,4111114528003061,-0.3387,1.0,1.0,1.0,1.0,0.0,4.0,2.6085,8.0,6.0,2.375
T,1,4111119138801119,0.2893,1.0,1.0,1.0,1.0,0.0,4.0,1.9669,6.0,9.0,3.125
T,1,4532017928466492,0.1252,1.0,1.0,1.0,1.0,2.0,4.0,3.1556,10.0,3.0,4.5
T,1,4532013153306289,-0.1968,1.0,1.0,1.0,1.0,2.0,4.0,3.0,9.0,4.0,3.4375
T,1,4111115139551463,0.198,1.0,1.0,1.0,1.0,0.0,4.0,2.2246,6.0,7.0,3.1875
T,1,4111119128282734,0.1108,1.0,1.0,1.0,1.0,0.0,4.0,2.4835,7.0,6.0,3.4375
T,1,5105104533641661,0.1069,1.0,1.0,1.0,1.0,3.0,5.0,2.5306,6.0,4.0,3.1875
T,1,5555551582898508,-0.1453,1.0,1.0,1.0,1.0,4.0,5.0,2.0,6.0,8.0,5.25
T,1,4111115322502513,0.1952,1.0,1.0,1.0,1.0,0.0,4.0,2.3113,6.0,6.0,2.3125
T,1,4111117078724051,0.216,1.0,1.0,1.0,1.0,0.0,4.0,2.4835,7.0,6.0,3.125
T,1,5105108689211377,-0.309,1.0,1.0,1.0,1.0,3.0,5.0,3.0,9.0,4.0,4.0
T,1,4242429934071292,0.1083,1.0,1.0,1.0,1.0,1.0,4.0,2.4772,7.0,5.0,4.0
T,1,5105105343337689,-0.3029,1.0,1.0,1.0,1.0,3.0,5.0,2.9528,9.0,4.0,3.9375
T,1,6011006117799594,0.5879,1.0,1.0,1.0,1.0,5.0,6.0,2.6556,7.0,4.0,4.125
T,1,4111114964972316,0.4097,1.0,1.0,1.0,1.0,0.0,4.0,2.4835,7.0,6.0,3.75
T,1,4111114320146050,0.2656,1.0,1.0,1.0,1.0,0.0,4.0,2.4363,7.0,6.0,2.125
T,1,4532015059960473,0.0289,1.0,1.0,1.0,1.0,2.0,4.0,3.0306,9.0,3.0,3.9375
T,1,4532013676914833,0.3005,1.0,1.0,1.0,1.0,2.0,4.0,3.125,10.0,4.0,4.0625
T,1,5555556015028243,-0.0287,1.0,1.0,1.0,1.0,4.0,5.0,2.5218,8.0,7.0,3.8125
T,1,4111113384591508,-0.0063,1.0,1.0,1.0,1.0,0.0,4.0,2.5306,7.0,6.0,3.4375
T,1,5555558039684571,-0.9901,1.0,1.0,1.0,1.0,4.0,5.0,2.6468,9.0,7.0,5.0625
T,1,4111119444981977,-0.1985,1.0,1.0,1.0,1.0,0.0,4.0,2.1085,5.0,6.0,4.4375
T,1,4111118912463435,-0.1882,1.0,1.0,1.0,1.0,0.0,4.0,2.6085,8.0,6.0,3.375
T,1,4111119668429810,0.1482,1.0,1.0,1.0,1.0,0.0,4.0,2.5306,7.0,6.0,3.875
T,1,4111110743454782,-0.0259,1.0,1.0,1.0,1.0,0.0,4.0,2.6494,8.0,5.0,3.3125
T,1,4111113843180703,0.0539,1.0,1.0,1.0,1.0,0.0,4.0,2.3585,6.0,6.0,2.875
T,1,4111118205951948,0.2926,1.0,1.0,1.0,1.0,0.0,4.0,2.5306,7.0,6.0,3.75
T,1,4532013778774820,-0.0602,1.0,1.0,1.0,1.0,2.0,4.0,2.875,8.0,4.0,4.25
T,1,4532013958607410,0.0404,1.0,1.0,1.0,1.0,2.0,4.0,3.2028,10.0,3.0,3.625
T,1,4111119805911530,0.1205,1.0,1.0,1.0,1.0,0.0,4.0,2.3968,7.0,7.0,3.125
T,1,4111112444095229,0.1246,1.0,1.0,1.0,1.0,0.0,4.0,2.3522,6.0,5.0,3.125
T,1,4111118333188397,-0.0087,1.0,1.0,1.0,1.0,0.0,4.0,2.2335,6.0,6.0,3.875
T,1,4111117902494111,-0.2518,1.0,1.0,1.0,1.0,0.0,4.0,2.0778,6.0,8.0,2.9375
T,1,4111115498298805,0.3427,1.0,1.0,1.0,1.0,0.0,4.0,2.6022,7.0,5.0,4.1875
T,1,4532013473157727,-0.0202,1.0,1.0,1.0,1.0,2.0,4.0,2.7028,7.0,4.0,3.8125
T,1,4532013811374364,-0.1952,1.0,1.0,1.0,1.0,2.0,4.0,2.9056,9.0,4.0,3.4375
T,1,4111115893896286,-0.0527,1.0,1.0,1.0,1.0,0.0,4.0,2.7272,8.0,5.0,4.5625
T,1,5105101807506208,-0.6434,1.0,1.0,1.0,1.0,3.0,5.0,2.555,7.0,5.0,3.0625
T,1,4111119074134244,0.2384,1.0,1.0,1.0,1.0,0.0,4.0,2.305,7.0,6.0,2.9375
T,1,4111119304026442,-0.0702,1.0,1.0,1.0,1.0,0.0,4.0,2.5244,7.0,5.0,2.6875
T,1,5105100982997026,-0.0454,1.0,1.0,1.0,1.0,3.0,5.0,2.8278,8.0,4.0,4.0
T,1,5105109339273197,0.1103,1.0,1.0,1.0,1.0,3.0,5.0,2.7335,7.0,3.0,4.0625
T,1,4532018670930321,0.9029,1.0,1.0,1.0,1.0,2.0,4.0,3.1556,10.0,3.0,3.375
T,1,6011005521963457,0.0056,1.0,1.0,1.0,1.0,5.0,6.0,2.9835,9.0,3.0,3.4375
T,1,5555554576304210,0.0629,1.0,1.0,1.0,1.0,4.0,5.0,2.5218,8.0,7.0,3.875
T,1,4532013987737725,0.0961,1.0,1.0,1.0,1.0,2.0,4.0,2.9528,9.0,4.0,4.5625
T,1,4242423237303007,-0.0848,1.0,1.0,1.0,1.0,1.0,4.0,2.2806,5.0,4.0,2.875
T,1,4242428838788837,0.6776,1.0,1.0,1.0,1.0,1.0,4.0,2.1863,5.0,6.0,5.375
T,1,5105103472719090,-0.3919,1.0,1.0,1.0,1.0,3.0,5.0,2.8278,8.0,4.0,3.375
T,1,4111114011123780,-0.4932,1.0,1.0,1.0,1.0,0.0,4.0,2.25,7.0,8.0,2.25
T,1,4242420232764464,0.0598,1.0,1.0,1.0,1.0,1.0,4.0,2.18,6.0,6.0,3.5
T,1,5555552709981219,0.1764,1.0,1.0,1.0,1.0,4.0,5.0,2.4835,7.0,6.0,4.875
T,1,5105106953365564,0.2738,1.0,1.0,1.0,1.0,3.0,5.0,2.6022,7.0,5.0,4.0
T,1,4242424956762332,0.1115,1.0,1.0,1.0,1.0,1.0,4.0,2.5244,7.0,5.0,4.0625
T,1,4242420416296242,0.05,1.0,1.0,1.0,1.0,1.0,4.0,2.18,6.0,6.0,3.375
T,1,4242425869029214,0.3572,1.0,1.0,1.0,1.0,1.0,4.0,2.6494,8.0,5.0,4.0
T,1,4111118122891227,0.4587,1.0,1.0,1.0,1.0,0.0,4.0,2.1468,6.0,7.0,3.1875
T,1,5105105246433247,-0.0912,1.0,1.0,1.0,1.0,3.0,5.0,2.9056,8.0,3.0,3.25
T,1,4532017037620492,-0.0721,1.0,1.0,1.0,1.0,2.0,4.0,3.0306,9.0,3.0,3.4375
T,1,4111116595889496,-0.1188,1.0,1.0,1.0,1.0,0.0,4.0,2.4772,6.0,5.0,4.875
T,1,4111115410869816,-0.1732,1.0,1.0,1.0,1.0,0.0,4.0,2.3968,7.0,7.0,3.5625
T,1,4111116931535464,-0.0215,1.0,1.0,1.0,1.0,0.0,4.0,2.3585,6.0,6.0,3.4375
T,1,4111118968670669,0.2249,1.0,1.0,1.0,1.0,0.0,4.0,2.5244,7.0,5.0,4.625
T,1,4111117634487318,0.2331,1.0,1.0,1.0,1.0,0.0,4.0,2.3585,6.0,6.0,3.75
T,1,4111113650076499,0.2394,1.0,1.0,1.0,1.0,0.0,4.0,2.7744,8.0,5.0,3.625
T,1,4111119529965929,-0.0225,1.0,1.0,1.0,1.0,0.0,4.0,2.2988,6.0,5.0,4.625
T,1,4242428233035982,-0.2286,1.0,1.0,1.0,1.0,1.0,4.0,2.555,7.0,5.0,3.8125
T,1,5555557955727372,-0.8492,1.0,1.0,1.0,1.0,4.0,5.0,1.875,5.0,8.0,5.25
T,1,4532011915149047,0.0144,1.0,1.0,1.0,1.0,2.0,4.0,2.8278,8.0,4.0,3.5
T,1,4242425745546852,-0.5254,1.0,1.0,1.0,1.0,1.0,4.0,2.2744,6.0,5.0,4.3125
T,1,4111115036491912,-0.5238,1.0,1.0,1.0,1.0,0.0,4.0,2.5218,8.0,7.0,3.0625
T,1,6011004680279185,0.4396,1.0,1.0,1.0,1.0,5.0,6.0,2.9528,9.0,4.0,3.625
T,1,4111110862831265,-0.1672,1.0,1.0,1.0,1.0,0.0,4.0,2.6556,8.0,6.0,3.125
T,1,4242424544101555,0.076,1.0,1.0,1.0,1.0,1.0,4.0,2.1085,5.0,6.0,3.25
T,1,4242422664145865,-0.0573,1.0,1.0,1.0,1.0,1.0,4.0,2.3522,6.0,5.0,4.0625
T,1,5555556655949732,-0.5246,1.0,1.0,1.0,1.0,4.0,5.0,2.25,7.0,8.0,5.375
T,1,5105102005154890,0.0946,1.0,1.0,1.0,1.0,3.0,5.0,2.4772,7.0,5.0,2.875
T,1,4242421381452067,-0.1558,1.0,1.0,1.0,1.0,1.0,4.0,2.875,9.0,4.0,3.4375
T,1,6011002754753770,-0.3735,1.0,1.0,1.0,1.0,5.0,6.0,2.75,8.0,4.0,3.4375
T,1,5105107227124886,-0.2865,1.0,1.0,1.0,1.0,3.0,5.0,2.9056,8.0,3.0,3.6875
T,1,4111112086342707,0.1221,1.0,1.0,1.0,1.0,0.0,4.0,2.7744,8.0,5.0,3.0
T,1,4111119998341354,0.3226,1.0,1.0,1.0,1.0,0.0,4.0,2.3113,6.0,6.0,4.0
T,1,4242426290708590,0.105,1.0,1.0,1.0,1.0,1.0,4.0,2.7806,8.0,4.0,4.0
T,1,4242420561241506,-0.3778,1.0,1.0,1.0,1.0,1.0,4.0,2.5,6.0,4.0,3.0
T,1,4111115229967041,-0.3462,1.0,1.0,1.0,1.0,0.0,4.0,2.6556,8.0,6.0,3.375
T,1,4242424266620329,0.2032,1.0,1.0,1.0,1.0,1.0,4.0,2.2335,6.0,6.0,3.625
T,1,4242426657043797,-0.1741,1.0,1.0,1.0,1.0,1.0,4.0,2.7806,8.0,4.0,4.5
T,1,4111111508186312,-0.2928,1.0,1.0,1.0,1.0,0.0,4.0,2.375,8.0,8.0,2.75
T,1,4111113297721895,-0.0319,1.0,1.0,1.0,1.0,0.0,4.0,2.6556,8.0,6.0,3.875
T,1,4242424627089792,-0.2021,1.0,1.0,1.0,1.0,1.0,4.0,2.5244,7.0,5.0,4.5
T,1,4111116816990404,-0.0793,1.0,1.0,1.0,1.0,0.0,4.0,2.3585,6.0,6.0,3.5
T,1,4242421737653681,0.0853,1.0,1.0,1.0,1.0,1.0,4.0,2.9056,8.0,3.0,4.0625
T,1,6011001339185714,0.1996,1.0,1.0,1.0,1.0,5.0,6.0,2.8522,9.0,5.0,3.125
T,1,4242427154618982,-0.1648,1.0,1.0,1.0,1.0,1.0,4.0,2.75,8.0,4.0,4.3125
T,1,5555554869866016,-0.4594,1.0,1.0,1.0,1.0,4.0,5.0,2.4056,7.0,6.0,5.25
T,1,4532013839207448,0.0289,1.0,1.0,1.0,1.0,2.0,4.0,3.0306,9.0,3.0,3.9375
T,1,4242424046021830,-0.1498,1.0,1.0,1.0,1.0,1.0,4.0,2.4772,7.0,5.0,2.875
T,1,4242422731110835,-0.2925,1.0,1.0,1.0,1.0,1.0,4.0,2.7806,8.0,4.0,3.0625
T,1,4242425862913273,0.2977,1.0,1.0,1.0,1.0,1.0,4.0,2.8522,9.0,5.0,4.0
T,1,4242429096571477,-0.2014,1.0,1.0,1.0,1.0,1.0,4.0,2.7806,8.0,4.0,4.5625
T,1,4242427026164207,-0.0659,1.0,1.0,1.0,1.0,1.0,4.0,2.3994,6.0,5.0,3.3125
T,1,5105108835634761,-0.3219,1.0,1.0,1.0,1.0,3.0,5.0,2.9056,8.0,3.0,3.9375
T,1,4111114793232718,-0.0063,1.0,1.0,1.0,1.0,0.0,4.0,2.5306,7.0,6.0,3.4375
T,1,4111113181994913,-0.0555,1.0,1.0,1.0,1.0,0.0,4.0,1.9528,5.0,8.0,3.5625
T,1,6011008408795851,-0.4193,1.0,1.0,1.0,1.0,5.0,6.0,2.7806,8.0,4.0,3.9375
T,1,4111115198475778,0.0446,1.0,1.0,1.0,1.0,0.0,4.0,2.3585,6.0,6.0,4.375
T,1,4242420387557408,0.248,1.0,1.0,1.0,1.0,1.0,4.0,2.7028,7.0,4.0,4.0625
T,1,4111111194979673,0.2809,1.0,1.0,1.0,1.0,0.0,4.0,2.2246,6.0,7.0,4.0625
T,1,4111112496194086,0.3267,1.0,1.0,1.0,1.0,0.0,4.0,2.4835,7.0,6.0,3.625
T,1,5105108431798713,-0.2299,1.0,1.0,1.0,1.0,3.0,5.0,2.875,8.0,4.0,3.9375
T,1,4532013893059628,0.183,1.0,1.0,1.0,1.0,2.0,4.0,3.0778,9.0,3.0,4.25
T,1,4111117113658298,-0.4957,1.0,1.0,1.0,1.0,0.0,4.0,2.6468,9.0,7.0,3.6875
T,1,4111118588948537,0.2249,1.0,1.0,1.0,1.0,0.0,4.0,2.5244,7.0,5.0,4.625
T,1,4242425258060440,0.1689,1.0,1.0,1.0,1.0,1.0,4.0,2.3522,6.0,5.0,3.25
T,1,5555557912369623,-0.0581,1.0,1.0,1.0,1.0,4.0,5.0,2.5306,7.0,6.0,4.875
T,1,4532018336304200,0.3346,1.0,1.0,1.0,1.0,2.0,4.0,2.75,8.0,4.0,2.75
T,1,4532017680741611,0.2312,1.0,1.0,1.0,1.0,2.0,4.0,3.0,9.0,4.0,3.5
T,1,5105107630286678,-0.142,1.0,1.0,1.0,1.0,3.0,5.0,2.9056,8.0,3.0,4.0625
T,1,5555553139005553,0.4685,1.0,1.0,1.0,1.0,4.0,5.0,1.7947,5.0,9.0,4.0
T,1,6011008205330555,0.0299,1.0,1.0,1.0,1.0,5.0,6.0,2.5244,7.0,5.0,2.75
T,1,4242425962679600,-0.0007,1.0,1.0,1.0,1.0,1.0,4.0,2.6556,7.0,4.0,4.25
T,1,4111110611978086,-0.0577,1.0,1.0,1.0,1.0,0.0,4.0,2.3968,7.0,7.0,3.4375
T,1,4111119164341550,0.1006,1.0,1.0,1.0,1.0,0.0,4.0,2.3496,7.0,7.0,2.9375
T,1,5555555888946093,-0.4377,1.0,1.0,1.0,1.0,4.0,5.0,2.3496,7.0,7.0,5.625
T,1,4111115396701082,-0.0368,1.0,1.0,1.0,1.0,0.0,4.0,2.9056,10.0,6.0,3.125
T,1,4111118075695096,0.3017,1.0,1.0,1.0,1.0,0.0,4.0,2.7744,8.0,5.0,4.0
T,1,4242427722488595,-0.0981,1.0,1.0,1.0,1.0,1.0,4.0,2.3994,6.0,5.0,4.6875
T,1,4242423942420708,-0.1888,1.0,1.0,1.0,1.0,1.0,4.0,2.4238,7.0,5.0,3.5625
T,1,4111113088607386,0.3133,1.0,1.0,1.0,1.0,0.0,4.0,2.6022,7.0,5.0,3.625
T,1,4111118095562771,-0.083,1.0,1.0,1.0,1.0,0.0,4.0,2.7806,9.0,6.0,3.6875
T,1,4242421993409497,-0.2117,1.0,1.0,1.0,1.0,1.0,4.0,2.4772,7.0,5.0,4.5625
T,1,4532012054410190,-0.1061,1.0,1.0,1.0,1.0,2.0,4.0,2.6556,7.0,4.0,2.5625
T,1,4111110796479595,0.1636,1.0,1.0,1.0,1.0,0.0,4.0,2.6022,7.0,5.0,4.375
T,1,4111119247527985,0.4464,1.0,1.0,1.0,1.0,0.0,4.0,2.6494,7.0,5.0,4.1875
T,1,4111111506928996,0.5232,1.0,1.0,1.0,1.0,0.0,4.0,2.6085,8.0,6.0,4.0
T,1,4242427304686012,-0.1523,1.0,1.0,1.0,1.0,1.0,4.0,2.75,8.0,4.0,3.4375
T,1,6011000738533268,-0.5148,1.0,1.0,1.0,1.0,5.0,6.0,2.8278,8.0,4.0,3.3125
T,1,4532011157434875,-0.0114,1.0,1.0,1.0,1.0,2.0,4.0,2.8585,8.0,3.0,3.75
T,1,4111110629204731,0.0747,1.0,1.0,1.0,1.0,0.0,4.0,2.6556,8.0,6.0,2.6875
T,1,4242426408217906,-0.076,1.0,1.0,1.0,1.0,1.0,4.0,2.75,8.0,4.0,3.8125
T,1,4111117847451184,0.583,1.0,1.0,1.0,1.0,0.0,4.0,2.0218,5.0,7.0,3.625
T,1,4532010025940014,-0.1807,1.0,1.0,1.0,1.0,2.0,4.0,2.6022,7.0,5.0,2.5
T,1,4111111613574824,-0.2774,1.0,1.0,1.0,1.0,0.0,4.0,2.4746,8.0,7.0,3.125
T,1,4111118875958884,-0.6464,1.0,1.0,1.0,1.0,0.0,4.0,2.2988,6.0,5.0,4.9375
T,1,4242423458688482,-0.5755,1.0,1.0,1.0,1.0,1.0,4.0,2.2744,6.0,5.0,4.625
T,1,6011001873323929,-0.2409,1.0,1.0,1.0,1.0,5.0,6.0,2.8585,8.0,3.0,3.4375
T,1,5105101122321754,-0.4749,1.0,1.0,1.0,1.0,3.0,5.0,2.555,7.0,5.0,2.5
T,1,4111113897556915,0.4462,1.0,1.0,1.0,1.0,0.0,4.0,2.6085,8.0,6.0,4.1875
T,1,4111117021146956,-0.2005,1.0,1.0,1.0,1.0,0.0,4.0,2.5218,8.0,7.0,3.125
T,1,4111118183937919,0.1333,1.0,1.0,1.0,1.0,0.0,4.0,2.2246,6.0,7.0,4.1875
T,1,4111115813147117,0.1132,1.0,1.0,1.0,1.0,0.0,4.0,1.9669,6.0,9.0,2.9375
T,1,4111114842982180,0.2029,1.0,1.0,1.0,1.0,0.0,4.0,2.3113,6.0,6.0,3.4375
T,1,4111110214579893,-0.0298,1.0,1.0,1.0,1.0,0.0,4.0,2.7806,9.0,6.0,3.5625
T,1,6011005896685099,0.3957,1.0,1.0,1.0,1.0,5.0,6.0,2.5306,6.0,4.0,4.5625
T,1,4532018392679180,-0.112,1.0,1.0,1.0,1.0,2.0,4.0,3.25,10.0,2.0,4.25
T,1,4532017339508510,0.2288,1.0,1.0,1.0,1.0,2.0,4.0,2.9835,9.0,3.0,3.5
T,1,4242424133274839,-0.0685,1.0,1.0,1.0,1.0,1.0,4.0,2.4772,7.0,5.0,3.875
T,1,4111119684877166,0.1907,1.0,1.0,1.0,1.0,0.0,4.0,2.3585,6.0,6.0,4.4375
T,1,4111115866673662,0.2478,1.0,1.0,1.0,1.0,0.0,4.0,2.5488,8.0,5.0,4.0
T,1,5105103597435507,0.2669,1.0,1.0,1.0,1.0,3.0,5.0,2.6022,7.0,5.0,3.75
T,1,5555558368376492,-0.5395,1.0,1.0,1.0,1.0,4.0,5.0,2.6556,8.0,6.0,5.375
T,1,4532010231102441,0.0298,1.0,1.0,1.0,1.0,2.0,4.0,2.4835,6.0,4.0,2.0625
T,1,4111116399709973,0.1261,1.0,1.0,1.0,1.0,0.0,4.0,2.5244,7.0,5.0,4.4375
T,1,4242421798503759,0.013,1.0,1.0,1.0,1.0,1.0,4.0,3.0306,9.0,3.0,4.5
T,1,4111114915440736,-0.1685,1.0,1.0,1.0,1.0,0.0,4.0,2.5306,8.0,6.0,3.25
T,1,4242421504508167,-0.233,1.0,1.0,1.0,1.0,1.0,4.0,2.8278,8.0,4.0,3.4375
T,1,6011007588112549,0.4396,1.0,1.0,1.0,1.0,5.0,6.0,2.9528,9.0,4.0,3.625
T,1,4111119780754871,0.5303,1.0,1.0,1.0,1.0,0.0,4.0,2.4835,7.0,6.0,4.0625
T,1,4111111854990242,0.1103,1.0,1.0,1.0,1.0,0.0,4.0,2.4835,7.0,6.0,3.3125
T,1,4242423036397507,-0.1676,1.0,1.0,1.0,1.0,1.0,4.0,2.8585,8.0,3.0,3.8125
T,1,4532016348924080,0.06,1.0,1.0,1.0,1.0,2.0,4.0,3.0306,9.0,3.0,3.6875
T,1,4532011138637984,0.0456,1.0,1.0,1.0,1.0,2.0,4.0,3.1556,10.0,3.0,4.0625
T,1,4532018663262492,0.1766,1.0,1.0,1.0,1.0,2.0,4.0,2.9528,9.0,4.0,3.9375
T,1,4532015505213287,-0.2663,1.0,1.0,1.0,1.0,2.0,4.0,2.8278,8.0,4.0,3.3125
T,1,4111114416948807,0.1686,1.0,1.0,1.0,1.0,0.0,4.0,2.4056,7.0,6.0,3.75
T,1,4242422116299369,-0.1571,1.0,1.0,1.0,1.0,1.0,4.0,2.43,6.0,5.0,4.125
T,1,5555556346814444,-0.0084,1.0,1.0,1.0,1.0,4.0,5.0,2.18,6.0,6.0,4.625
T,1,5555559808367802,-0.4309,1.0,1.0,1.0,1.0,4.0,5.0,2.6085,8.0,6.0,5.0625
T,1,4532011614010169,0.2254,1.0,1.0,1.0,1.0,2.0,4.0,2.7272,8.0,5.0,2.75
T,1,4242424570218646,0.1026,1.0,1.0,1.0,1.0,1.0,4.0,2.6494,8.0,5.0,3.8125
T,1,4111116188956298,0.549,1.0,1.0,1.0,1.0,0.0,4.0,2.4835,7.0,6.0,4.4375
T,1,4242428943158801,0.105,1.0,1.0,1.0,1.0,1.0,4.0,2.7806,8.0,4.0,4.0625
T,1,4242425945997350,0.1508,1.0,1.0,1.0,1.0,1.0,4.0,2.6085,7.0,4.0,4.625
T,1,5555559604359805,-0.3969,1.0,1.0,1.0,1.0,4.0,5.0,2.25,7.0,8.0,4.9375
T,1,4111116281036915,-0.5551,1.0,1.0,1.0,1.0,0.0,4.0,2.6468,9.0,7.0,3.125
T,1,4532019364424936,0.1149,1.0,1.0,1.0,1.0,2.0,4.0,2.8278,8.0,4.0,4.0625
T,1,4242429820271006,-0.2847,1.0,1.0,1.0,1.0,1.0,4.0,2.68,8.0,5.0,3.3125
T,1,4242423985339377,0.0561,1.0,1.0,1.0,1.0,1.0,4.0,2.6556,7.0,4.0,4.6875
T,1,4532010651673228,0.1428,1.0,1.0,1.0,1.0,2.0,4.0,3.0778,9.0,3.0,3.4375
T,1,4111119935366894,0.2887,1.0,1.0,1.0,1.0,0.0,4.0,2.6022,7.0,5.0,4.4375
T,1,4111112131019375,-0.2858,1.0,1.0,1.0,1.0,0.0,4.0,2.375,8.0,8.0,2.5625
T,1,4242426846558085,0.0241,1.0,1.0,1.0,1.0,1.0,4.0,2.4835,6.0,4.0,4.5625
T,1,4111111707435700,0.3573,1.0,1.0,1.0,1.0,0.0,4.0,2.3113,6.0,6.0,2.6875
T,1,5555551995941382,-0.3676,1.0,1.0,1.0,1.0,4.0,5.0,2.3496,7.0,7.0,5.0625
T,1,4111113267622941,0.2421,1.0,1.0,1.0,1.0,0.0,4.0,2.4835,7.0,6.0,3.1875
T,1,5555553963216367,0.361,1.0,1.0,1.0,1.0,4.0,5.0,2.4363,7.0,6.0,4.75
T,1,4242423402311868,0.1311,1.0,1.0,1.0,1.0,1.0,4.0,2.625,7.0,4.0,3.375
T,1,4242429595735078,0.2666,1.0,1.0,1.0,1.0,1.0,4.0,2.8585,8.0,3.0,4.75
T,1,4242422209497045,0.2646,1.0,1.0,1.0,1.0,1.0,4.0,2.2988,6.0,5.0,3.75
T,1,4242424585320700,-0.0933,1.0,1.0,1.0,1.0,1.0,4.0,2.5778,7.0,4.0,3.25
T,1,5105100467175221,-0.0892,1.0,1.0,1.0,1.0,3.0,5.0,2.6556,7.0,4.0,2.9375
T,1,4242421496563030,-0.233,1.0,1.0,1.0,1.0,1.0,4.0,2.8278,8.0,4.0,3.4375
T,1,4242424483575918,-0.1546,1.0,1.0,1.0,1.0,1.0,4.0,2.7272,8.0,5.0,4.5
T,1,5105100620913492,-0.2742,1.0,1.0,1.0,1.0,3.0,5.0,2.8278,8.0,4.0,3.0
T,1,4111112326923779,0.0909,1.0,1.0,1.0,1.0,0.0,4.0,2.6022,7.0,5.0,3.6875
T,1,4242427327049214,-0.1888,1.0,1.0,1.0,1.0,1.0,4.0,2.4238,7.0,5.0,3.5625
T,1,4532013601992623,-0.0152,1.0,1.0,1.0,1.0,2.0,4.0,2.9056,8.0,3.0,3.5
T,1,4532014508330842,0.0891,1.0,1.0,1.0,1.0,2.0,4.0,2.7335,7.0,3.0,3.25
T,1,4111111750057914,-0.0863,1.0,1.0,1.0,1.0,0.0,4.0,2.2718,6.0,7.0,3.0
T,1,4111114424906516,0.0745,1.0,1.0,1.0,1.0,0.0,4.0,2.4056,7.0,6.0,3.125
T,1,4111114099721133,-0.1616,1.0,1.0,1.0,1.0,0.0,4.0,2.3968,7.0,7.0,3.0
T,1,4242423659490472,0.2307,1.0,1.0,1.0,1.0,1.0,4.0,2.6494,8.0,5.0,4.1875
T,1,4242429559870218,-0.1384,1.0,1.0,1.0,1.0,1.0,4.0,2.8278,8.0,4.0,4.5
T,1,6011004999555630,-0.1385,1.0,1.0,1.0,1.0,5.0,6.0,2.6556,7.0,4.0,3.9375
T,1,4242427701902947,0.2759,1.0,1.0,1.0,1.0,1.0,4.0,2.4528,6.0,4.0,4.0
T,1,5105109134760836,-0.2472,1.0,1.0,1.0,1.0,3.0,5.0,3.0306,9.0,3.0,3.6875
T,1,4111118704225323,0.041,1.0,1.0,1.0,1.0,0.0,4.0,2.7272,8.0,5.0,2.8125
T,1,4532013208108433,0.0471,1.0,1.0,1.0,1.0,2.0,4.0,2.7028,7.0,4.0,2.9375
T,1,4532019396614694,-0.2354,1.0,1.0,1.0,1.0,2.0,4.0,2.8585,8.0,3.0,4.5
T,1,5105103894363394,-0.05,1.0,1.0,1.0,1.0,3.0,5.0,2.875,8.0,4.0,4.0
T,1,4242424287165783,-0.1648,1.0,1.0,1.0,1.0,1.0,4.0,2.75,8.0,4.0,4.3125
T,1,4242429312214639,0.1384,1.0,1.0,1.0,1.0,1.0,4.0,2.3994,6.0,5.0,3.625
T,1,5105101413904854,0.2051,1.0,1.0,1.0,1.0,3.0,5.0,2.6085,7.0,4.0,3.1875
T,1,4242420362879249,0.1667,1.0,1.0,1.0,1.0,1.0,4.0,2.6494,8.0,5.0,4.25
T,1,4242429123188725,0.1245,1.0,1.0,1.0,1.0,1.0,4.0,2.7272,8.0,5.0,4.0
T,1,5555555217495051,0.5549,1.0,1.0,1.0,1.0,4.0,5.0,2.0919,7.0,9.0,4.3125
T,1,4111117267368611,-0.0297,1.0,1.0,1.0,1.0,0.0,4.0,2.3496,7.0,7.0,3.5
T,1,6011004151100357,-0.8255,1.0,1.0,1.0,1.0,5.0,6.0,2.4238,7.0,5.0,2.1875
T,1,4111110732495408,0.1616,1.0,1.0,1.0,1.0,0.0,4.0,2.8522,9.0,5.0,3.1875
T,1,4111119867128023,-0.3333,1.0,1.0,1.0,1.0,0.0,4.0,2.7806,9.0,6.0,3.4375
T,1,4242424605659251,-0.2132,1.0,1.0,1.0,1.0,1.0,4.0,2.5778,7.0,4.0,3.8125
T,1,4242427832664234,0.076,1.0,1.0,1.0,1.0,1.0,4.0,2.2988,6.0,5.0,3.9375
T,1,4111110226266174,0.2328,1.0,1.0,1.0,1.0,0.0,4.0,2.3113,6.0,6.0,2.8125
T,1,4532011163221787,-0.0755,1.0,1.0,1.0,1.0,2.0,4.0,2.9528,9.0,4.0,3.3125
T,1,4242429360068937,-0.258,1.0,1.0,1.0,1.0,1.0,4.0,2.9056,8.0,3.0,4.3125
T,1,4111115039138908,-0.0063,1.0,1.0,1.0,1.0,0.0,4.0,2.5306,7.0,6.0,3.4375
T,1,4242426919086600,0.0159,1.0,1.0,1.0,1.0,1.0,4.0,2.6863,7.0,3.0,3.9375
T,1,4242426408219076,-0.076,1.0,1.0,1.0,1.0,1.0,4.0,2.75,8.0,4.0,3.8125
T,1,4111117303354427,-0.196,1.0,1.0,1.0,1.0,0.0,4.0,2.555,7.0,5.0,2.9375
T,1,4242424606213157,-0.1597,1.0,1.0,1.0,1.0,1.0,4.0,2.75,8.0,4.0,3.3125
T,1,4111117139344170,-0.1103,1.0,1.0,1.0,1.0,0.0,4.0,2.2246,6.0,7.0,3.0
T,1,4111117449239953,0.2246,1.0,1.0,1.0,1.0,0.0,4.0,2.555,7.0,5.0,4.0
T,1,4111111732639334,0.0745,1.0,1.0,1.0,1.0,0.0,4.0,2.4056,7.0,6.0,3.125
T,1,4242428480168577,-0.1741,1.0,1.0,1.0,1.0,1.0,4.0,2.7806,8.0,4.0,4.5
T,1,4532011425207921,-0.1662,1.0,1.0,1.0,1.0,2.0,4.0,2.8278,8.0,4.0,3.0
T,1,4111113179144232,-0.0245,1.0,1.0,1.0,1.0,0.0,4.0,2.2246,6.0,7.0,2.8125
T,1,4242428103780584,-0.0749,1.0,1.0,1.0,1.0,1.0,4.0,2.7806,8.0,4.0,3.875
T,1,4111112911460468,0.2063,1.0,1.0,1.0,1.0,0.0,4.0,2.3496,7.0,7.0,3.125
T,1,5105102053385545,0.3508,1.0,1.0,1.0,1.0,3.0,5.0,2.4835,7.0,6.0,3.25
T,1,4532013118400813,0.3212,1.0,1.0,1.0,1.0,2.0,4.0,2.6556,7.0,4.0,2.75
T,1,4242425932227878,0.4005,1.0,1.0,1.0,1.0,1.0,4.0,2.4835,7.0,6.0,4.4375
T,1,4111113645349142,0.0745,1.0,1.0,1.0,1.0,0.0,4.0,2.4056,7.0,6.0,3.125
T,1,4111112555812339,0.2421,1.0,1.0,1.0,1.0,0.0,4.0,2.4835,7.0,6.0,3.25
T,1,5555559377485613,-0.3912,1.0,1.0,1.0,1.0,4.0,5.0,2.5218,8.0,7.0,5.1875
T,1,4111116444365011,0.3608,1.0,1.0,1.0,1.0,0.0,4.0,2.1468,6.0,7.0,2.6875
T,1,4532019725897176,0.7035,1.0,1.0,1.0,1.0,2.0,4.0,3.2028,10.0,3.0,4.75
T,1,4111116173149339,-0.0063,1.0,1.0,1.0,1.0,0.0,4.0,2.2246,6.0,7.0,3.4375
T,1,4532017745955479,0.4423,1.0,1.0,1.0,1.0,2.0,4.0,2.7806,8.0,4.0,4.8125
T,1,4532010013008642,-0.0035,1.0,1.0,1.0,1.0,2.0,4.0,2.7744,8.0,5.0,2.4375
T,1,4242425548234425,0.7341,1.0,1.0,1.0,1.0,1.0,4.0,2.0079,5.0,6.0,3.75
T,1,5105102174250792,0.0688,1.0,1.0,1.0,1.0,3.0,5.0,2.6863,7.0,3.0,3.1875
T,1,5105100267827765,-0.0572,1.0,1.0,1.0,1.0,3.0,5.0,2.7335,7.0,3.0,3.875
T,1,6011004876846110,0.074,1.0,1.0,1.0,1.0,5.0,6.0,2.4528,6.0,4.0,3.3125
T,1,4242428985380792,0.4908,1.0,1.0,1.0,1.0,1.0,4.0,2.7806,8.0,4.0,4.8125
T,1,4242429125252313,0.0592,1.0,1.0,1.0,1.0,1.0,4.0,2.3585,6.0,6.0,3.1875
T,1,4111113913896402,-0.3462,1.0,1.0,1.0,1.0,0.0,4.0,2.6556,8.0,6.0,3.375
T,1,5555557570392305,0.3714,1.0,1.0,1.0,1.0,4.0,5.0,2.125,6.0,8.0,4.4375
T,1,5105102163384982,-0.084,1.0,1.0,1.0,1.0,3.0,5.0,3.0778,9.0,3.0,3.625
T,1,4242423225288798,-0.2585,1.0,1.0,1.0,1.0,1.0,4.0,2.4363,7.0,6.0,4.5
T,1,5105101675823909,-0.3049,1.0,1.0,1.0,1.0,3.0,5.0,2.9835,9.0,3.0,3.875
T,1,4242420491885315,-0.0391,1.0,1.0,1.0,1.0,1.0,4.0,2.8278,8.0,4.0,3.875
T,1,4242421795150950,0.149,1.0,1.0,1.0,1.0,1.0,4.0,2.7335,7.0,3.0,3.75
T,1,5105101517516612,0.2943,1.0,1.0,1.0,1.0,3.0,5.0,2.2806,6.0,6.0,2.9375
T,1,4111111781406239,-0.5551,1.0,1.0,1.0,1.0,0.0,4.0,2.6468,9.0,7.0,3.125
T,1,4242428959271670,0.1234,1.0,1.0,1.0,1.0,1.0,4.0,2.9528,9.0,4.0,4.5
T,1,4242421521957140,-0.1847,1.0,1.0,1.0,1.0,1.0,4.0,2.5778,7.0,4.0,3.3125
T,1,4111114496681450,-0.0886,1.0,1.0,1.0,1.0,0.0,4.0,2.4056,7.0,6.0,3.5
T,1,4111115791386943,0.2166,1.0,1.0,1.0,1.0,0.0,4.0,2.6556,8.0,6.0,4.0
T,1,4111111699300060,0.2937,1.0,1.0,1.0,1.0,0.0,4.0,2.2806,6.0,6.0,2.6875
T,1,4242421247722471,-0.0448,1.0,1.0,1.0,1.0,1.0,4.0,1.8829,4.0,6.0,3.4375
T,1,6011005495118955,-0.0362,1.0,1.0,1.0,1.0,5.0,6.0,2.5778,7.0,4.0,3.75
T,1,5105100180129166,-0.0397,1.0,1.0,1.0,1.0,3.0,5.0,2.5244,7.0,5.0,2.875
T,1,5105101036559390,0.3627,1.0,1.0,1.0,1.0,3.0,5.0,2.4528,6.0,4.0,3.3125
T,1,4111118976969756,0.2496,1.0,1.0,1.0,1.0,0.0,4.0,2.555,7.0,5.0,5.0625
T,1,4111119346161850,-0.2005,1.0,1.0,1.0,1.0,0.0,4.0,2.5218,8.0,7.0,3.25
T,1,4111119663699037,0.1576,1.0,1.0,1.0,1.0,0.0,4.0,2.555,7.0,5.0,4.1875
T,1,6011009203905745,0.1625,1.0,1.0,1.0,1.0,5.0,6.0,2.8994,9.0,5.0,3.25
T,1,4242427837529374,-0.2041,1.0,1.0,1.0,1.0,1.0,4.0,2.5778,7.0,4.0,4.5625
T,1,4111113914685663,0.4097,1.0,1.0,1.0,1.0,0.0,4.0,2.4835,7.0,6.0,3.75
T,1,4111110506891485,-0.0063,1.0,1.0,1.0,1.0,0.0,4.0,2.5306,7.0,6.0,3.4375
T,1,4532013358602359,0.124,1.0,1.0,1.0,1.0,2.0,4.0,2.9528,9.0,4.0,3.6875
T,1,5555559652209647,-0.2573,1.0,1.0,1.0,1.0,4.0,5.0,2.3968,7.0,7.0,5.0
T,1,4111117527363840,-0.2059,1.0,1.0,1.0,1.0,0.0,4.0,2.8994,9.0,5.0,3.375
T,1,4111116816103313,-0.4628,1.0,1.0,1.0,1.0,0.0,4.0,2.0778,6.0,8.0,2.5625
T,1,4532019603152355,-0.2839,1.0,1.0,1.0,1.0,2.0,4.0,2.8278,8.0,4.0,3.375
T,1,5555559863677202,-0.0438,1.0,1.0,1.0,1.0,4.0,5.0,2.6556,8.0,6.0,5.0
T,1,4532017198352521,0.3702,1.0,1.0,1.0,1.0,2.0,4.0,2.9835,9.0,3.0,3.625
T,1,5105108359595067,-0.2927,1.0,1.0,1.0,1.0,3.0,5.0,2.7272,8.0,5.0,4.3125
T,1,4242427658913749,0.8422,1.0,1.0,1.0,1.0,1.0,4.0,2.9528,9.0,4.0,4.8125
T,1,4111117752310417,0.0916,1.0,1.0,1.0,1.0,0.0,4.0,2.3496,7.0,7.0,2.875
T,1,4242422911058911,-0.1772,1.0,1.0,1.0,1.0,1.0,4.0,2.5778,7.0,4.0,3.4375
T,1,4532014776619678,0.472,1.0,1.0,1.0,1.0,2.0,4.0,3.1556,10.0,3.0,4.75
T,1,6011006456195537,-0.3421,1.0,1.0,1.0,1.0,5.0,6.0,2.8113,8.0,3.0,3.6875
T,1,5105104862422113,0.1348,1.0,1.0,1.0,1.0,3.0,5.0,2.8278,8.0,4.0,2.8125
T,1,4532010274069119,-0.0971,1.0,1.0,1.0,1.0,2.0,4.0,3.0306,9.0,3.0,3.375
T,1,4242426623681704,-0.128,1.0,1.0,1.0,1.0,1.0,4.0,2.7028,8.0,4.0,3.8125
T,1,4532018583495750,0.1158,1.0,1.0,1.0,1.0,2.0,4.0,3.0,9.0,4.0,4.3125
T,1,4111112764793155,0.0295,1.0,1.0,1.0,1.0,0.0,4.0,2.6556,8.0,6.0,3.625
T,1,4242424234611988,0.1115,1.0,1.0,1.0,1.0,1.0,4.0,2.5244,7.0,5.0,4.0
T,1,5555556747730595,-1.0074,1.0,1.0,1.0,1.0,4.0,5.0,2.2028,7.0,8.0,5.1875
T,1,5555550536703467,0.2386,1.0,1.0,1.0,1.0,4.0,5.0,2.2718,6.0,7.0,4.4375
T,1,4242421566707616,0.0023,1.0,1.0,1.0,1.0,1.0,4.0,2.6556,7.0,4.0,3.9375
T,1,4111110617313304,-0.2443,1.0,1.0,1.0,1.0,0.0,4.0,2.2246,6.0,7.0,2.3125
T,1,4242428095394162,0.2606,1.0,1.0,1.0,1.0,1.0,4.0,2.875,9.0,4.0,4.0625
T,1,4242423106524873,0.1783,1.0,1.0,1.0,1.0,1.0,4.0,2.875,9.0,4.0,3.5625
T,1,4532013588521940,0.0964,1.0,1.0,1.0,1.0,2.0,4.0,2.9528,8.0,3.0,3.75
T,1,4242426750702687,0.1252,1.0,1.0,1.0,1.0,1.0,4.0,2.6556,7.0,4.0,4.125
T,1,4111114444064908,0.126,1.0,1.0,1.0,1.0,0.0,4.0,2.18,6.0,6.0,3.25
T,1,5105105817594369,-0.4055,1.0,1.0,1.0,1.0,3.0,5.0,2.9528,9.0,4.0,4.3125
T,1,4111119986584221,0.1975,1.0,1.0,1.0,1.0,0.0,4.0,2.5306,7.0,6.0,3.9375
T,1,5105104747329509,-0.2522,1.0,1.0,1.0,1.0,3.0,5.0,2.9056,8.0,3.0,3.875
T,1,4532013723868032,0.3039,1.0,1.0,1.0,1.0,2.0,4.0,2.9528,9.0,4.0,3.5625
T,1,4242421936733953,-0.0214,1.0,1.0,1.0,1.0,1.0,4.0,2.7806,8.0,4.0,4.1875
T,1,4111110275101942,0.163,1.0,1.0,1.0,1.0,0.0,4.0,2.3968,7.0,7.0,2.5
T,1,4242423584813673,0.0604,1.0,1.0,1.0,1.0,1.0,4.0,2.7806,8.0,4.0,4.125
T,1,4111118784532366,0.0508,1.0,1.0,1.0,1.0,0.0,4.0,2.7744,8.0,5.0,3.8125
T,1,4242426518774416,0.1671,1.0,1.0,1.0,1.0,1.0,4.0,2.6022,7.0,5.0,4.1875
T,1,4242427095542879,0.1508,1.0,1.0,1.0,1.0,1.0,4.0,2.625,7.0,4.0,4.625
T,1,4242425192373099,0.0604,1.0,1.0,1.0,1.0,1.0,4.0,2.7806,8.0,4.0,4.125
T,1,4111112092453035,-0.0799,1.0,1.0,1.0,1.0,0.0,4.0,2.6494,7.0,5.0,2.625
T,1,4242429329781844,-0.2294,1.0,1.0,1.0,1.0,1.0,4.0,2.5244,7.0,5.0,4.5625
T,1,4242420511052524,0.1387,1.0,1.0,1.0,1.0,1.0,4.0,2.2272,5.0,5.0,2.6875
T,1,4242422352859439,-0.2723,1.0,1.0,1.0,1.0,1.0,4.0,2.3994,6.0,5.0,4.25
T,1,4242420965624802,0.1316,1.0,1.0,1.0,1.0,1.0,4.0,2.5244,7.0,5.0,3.75
T,1,5555557726569269,0.9013,1.0,1.0,1.0,1.0,4.0,5.0,2.0996,5.0,7.0,5.5625
T,1,4111113173543975,-0.0793,1.0,1.0,1.0,1.0,0.0,4.0,2.3585,6.0,6.0,3.5
T,1,4111118237558463,0.2699,1.0,1.0,1.0,1.0,0.0,4.0,2.7744,8.0,5.0,3.75
T,1,4532010719546838,-0.3898,1.0,1.0,1.0,1.0,2.0,4.0,3.25,10.0,2.0,4.125
T,1,5555552337917700,0.3534,1.0,1.0,1.0,1.0,4.0,5.0,2.4835,7.0,6.0,4.3125
T,1,6011006511460603,-0.5634,1.0,1.0,1.0,1.0,5.0,6.0,2.2744,6.0,5.0,2.5
T,1,4111119727666022,-0.1408,1.0,1.0,1.0,1.0,0.0,4.0,2.555,7.0,5.0,3.5
T,1,4111112372170549,-0.4061,1.0,1.0,1.0,1.0,0.0,4.0,2.6556,8.0,6.0,3.0625
T,1,5105106142672375,-0.4286,1.0,1.0,1.0,1.0,3.0,5.0,2.9056,8.0,3.0,3.4375
T,1,4111111714224337,0.1565,1.0,1.0,1.0,1.0,0.0,4.0,2.0996,5.0,7.0,2.6875
T,1,4111112526222006,-0.3367,1.0,1.0,1.0,1.0,0.0,4.0,2.2988,6.0,5.0,2.25
T,1,4242428714363341,0.1106,1.0,1.0,1.0,1.0,1.0,4.0,2.555,7.0,5.0,3.625
T,1,4111118790772055,-0.0905,1.0,1.0,1.0,1.0,0.0,4.0,2.7272,8.0,5.0,3.6875
T,1,4111118231312131,-0.1818,1.0,1.0,1.0,1.0,0.0,4.0,1.7947,5.0,9.0,2.125
T,1,4111119392020950,-0.3291,1.0,1.0,1.0,1.0,0.0,4.0,2.555,7.0,5.0,3.0
T,1,4111110073728896,-0.0381,1.0,1.0,1.0,1.0,0.0,4.0,2.8994,9.0,5.0,3.6875
T,1,4242421445580978,-0.2188,1.0,1.0,1.0,1.0,1.0,4.0,2.7272,8.0,5.0,4.3125
T,1,5555555107604838,0.0881,1.0,1.0,1.0,1.0,4.0,5.0,2.5218,8.0,7.0,4.5
T,1,4111118552322982,-0.0576,1.0,1.0,1.0,1.0,0.0,4.0,2.5244,7.0,5.0,3.4375
T,1,4111114563022315,0.1077,1.0,1.0,1.0,1.0,0.0,4.0,2.5306,7.0,6.0,2.5
T,1,5555559120912541,0.1389,1.0,1.0,1.0,1.0,4.0,5.0,2.2246,6.0,7.0,4.0
T,1,4111118696114261,-0.4212,1.0,1.0,1.0,1.0,0.0,4.0,2.0778,6.0,8.0,3.3125
T,1,4242420602209595,-0.1256,1.0,1.0,1.0,1.0,1.0,4.0,2.43,6.0,5.0,3.5
T,1,4242421509203764,-0.1558,1.0,1.0,1.0,1.0,1.0,4.0,2.875,9.0,4.0,3.4375
T,1,4111114866028498,0.2246,1.0,1.0,1.0,1.0,0.0,4.0,2.555,7.0,5.0,4.0
T,1,4111113426111505,-0.2869,1.0,1.0,1.0,1.0,0.0,4.0,2.25,7.0,8.0,2.3125
T,1,5555558263773322,0.0975,1.0,1.0,1.0,1.0,4.0,5.0,2.3113,6.0,6.0,4.5625
T,1,4111119185835036,-0.1175,1.0,1.0,1.0,1.0,0.0,4.0,2.6556,8.0,6.0,3.5625
T,1,4111116784712137,0.0281,1.0,1.0,1.0,1.0,0.0,4.0,2.3496,7.0,7.0,3.4375
T,1,4242429136399921,-0.0102,1.0,1.0,1.0,1.0,1.0,4.0,2.4528,6.0,4.0,4.375
T,1,4532016379742039,0.152,1.0,1.0,1.0,1.0,2.0,4.0,3.0778,9.0,3.0,4.0625
T,1,4532015830772817,-0.0286,1.0,1.0,1.0,1.0,2.0,4.0,2.9528,8.0,3.0,3.9375
T,1,4111115226718876,0.0735,1.0,1.0,1.0,1.0,0.0,4.0,2.5306,7.0,6.0,3.8125
T,1,5555558540010225,-0.3904,1.0,1.0,1.0,1.0,4.0,5.0,2.0778,6.0,8.0,3.5625
T,1,4111111972507373,-0.2068,1.0,1.0,1.0,1.0,0.0,4.0,2.6085,8.0,6.0,3.3125
T,1,6011006196428404,0.1749,1.0,1.0,1.0,1.0,5.0,6.0,2.6085,7.0,4.0,3.25
T,1,4242429387171789,-0.1234,1.0,1.0,1.0,1.0,1.0,4.0,2.7335,7.0,3.0,4.875
T,1,4111110328605261,-0.1241,1.0,1.0,1.0,1.0,0.0,4.0,2.6556,8.0,6.0,2.625
T,1,4111117658867106,0.3146,1.0,1.0,1.0,1.0,0.0,4.0,2.4835,7.0,6.0,3.9375
T,1,4242428583642346,-0.2556,1.0,1.0,1.0,1.0,1.0,4.0,2.3994,6.0,5.0,4.1875
T,1,4111116169355486,0.2653,1.0,1.0,1.0,1.0,0.0,4.0,2.4835,7.0,6.0,3.875
T,1,4532010629275973,0.152,1.0,1.0,1.0,1.0,2.0,4.0,3.0778,9.0,3.0,4.0625
T,1,4111119320475706,0.024,1.0,1.0,1.0,1.0,0.0,4.0,2.8994,9.0,5.0,3.25
T,1,4242427384804014,0.1705,1.0,1.0,1.0,1.0,1.0,4.0,2.4835,7.0,6.0,3.5625
T,1,4111117505426411,0.2088,1.0,1.0,1.0,1.0,0.0,4.0,2.3496,7.0,7.0,2.75
T,1,5105105723246823,-0.3665,1.0,1.0,1.0,1.0,3.0,5.0,3.0306,9.0,3.0,3.375
T,1,4242421778529113,-0.0749,1.0,1.0,1.0,1.0,1.0,4.0,2.7806,8.0,4.0,3.875
T,1,4242426978016498,0.4288,1.0,1.0,1.0,1.0,1.0,4.0,2.8278,8.0,4.0,4.75
T,1,4111113447530220,-0.1046,1.0,1.0,1.0,1.0,0.0,4.0,2.6022,7.0,5.0,2.4375
T,1,4111113221882151,-0.4623,1.0,1.0,1.0,1.0,0.0,4.0,2.0778,6.0,8.0,2.625
T,1,5555557941198530,0.591,1.0,1.0,1.0,1.0,4.0,5.0,2.5218,8.0,7.0,4.8125
T,1,4242421231438944,0.1467,1.0,1.0,1.0,1.0,1.0,4.0,2.2806,6.0,6.0,3.5625
T,1,6011000334164898,-0.089,1.0,1.0,1.0,1.0,5.0,6.0,2.7028,7.0,4.0,3.375
T,1,4111112708668810,0.1108,1.0,1.0,1.0,1.0,0.0,4.0,2.4835,7.0,6.0,3.4375
T,1,4111110621722862,0.0446,1.0,1.0,1.0,1.0,0.0,4.0,2.4056,7.0,6.0,2.8125
T,1,4111113530347268,0.1616,1.0,1.0,1.0,1.0,0.0,4.0,2.8522,9.0,5.0,3.125
T,1,4532015522078291,0.243,1.0,1.0,1.0,1.0,2.0,4.0,2.9528,9.0,4.0,3.5
T,1,4532014032712994,-0.0152,1.0,1.0,1.0,1.0,2.0,4.0,2.9056,8.0,3.0,3.5
T,1,4532018055450838,-0.0724,1.0,1.0,1.0,1.0,2.0,4.0,2.6556,7.0,4.0,3.8125
T,1,4111116798510659,0.249,1.0,1.0,1.0,1.0,0.0,4.0,2.6556,8.0,6.0,4.0625
T,1,4111114492209546,-0.0395,1.0,1.0,1.0,1.0,0.0,4.0,2.5244,7.0,5.0,3.375
T,1,4111115733483576,0.3438,1.0,1.0,1.0,1.0,0.0,4.0,2.6022,7.0,5.0,3.75
T,1,4532012176904039,-0.1266,1.0,1.0,1.0,1.0,2.0,4.0,3.0778,9.0,3.0,3.5
T,1,4111111262863155,-0.1616,1.0,1.0,1.0,1.0,0.0,4.0,2.3968,7.0,7.0,3.0
T,1,4242428576628575,0.3609,1.0,1.0,1.0,1.0,1.0,4.0,2.5306,6.0,4.0,4.8125
T,1,4242425065528241,0.0482,1.0,1.0,1.0,1.0,1.0,4.0,2.4772,7.0,5.0,3.5
T,1,4532017199451041,0.0144,1.0,1.0,1.0,1.0,2.0,4.0,2.8278,8.0,4.0,3.5
T,1,4111114393304560,-0.172,1.0,1.0,1.0,1.0,0.0,4.0,2.555,7.0,5.0,2.875
T,1,4111114012565112,-0.5373,1.0,1.0,1.0,1.0,0.0,4.0,2.125,6.0,8.0,2.25
T,1,4532010986512133,0.0361,1.0,1.0,1.0,1.0,2.0,4.0,3.0306,9.0,3.0,3.3125
T,1,4242422989392358,0.0692,1.0,1.0,1.0,1.0,1.0,4.0,2.43,6.0,5.0,4.75
T,1,5555558174620208,0.046,1.0,1.0,1.0,1.0,4.0,5.0,2.6556,8.0,6.0,4.25
T,1,4242427012528571,0.2147,1.0,1.0,1.0,1.0,1.0,4.0,2.6022,7.0,5.0,3.5
T,1,4242426550456468,-0.4321,1.0,1.0,1.0,1.0,1.0,4.0,2.3829,6.0,5.0,4.1875
T,1,4111111220894235,-0.1026,1.0,1.0,1.0,1.0,0.0,4.0,2.6085,8.0,6.0,2.8125
T,1,4242427233401178,0.1311,1.0,1.0,1.0,1.0,1.0,4.0,2.625,7.0,4.0,3.375
T,1,4242427281943576,0.021,1.0,1.0,1.0,1.0,1.0,4.0,2.875,9.0,4.0,4.375
T,1,4242421895931374,-0.0298,1.0,1.0,1.0,1.0,1.0,4.0,2.8278,8.0,4.0,4.25
T,1,4242428860452344,-0.0771,1.0,1.0,1.0,1.0,1.0,4.0,2.4056,7.0,6.0,3.875
T,1,4242427976392220,0.3818,1.0,1.0,1.0,1.0,1.0,4.0,2.4835,7.0,6.0,4.0625
T,1,4242427621543953,-0.0013,1.0,1.0,1.0,1.0,1.0,4.0,2.75,8.0,4.0,3.9375
T,1,4111116911772467,-0.0971,1.0,1.0,1.0,1.0,0.0,4.0,2.2246,6.0,7.0,3.6875
T,1,6011000501388056,-0.2125,1.0,1.0,1.0,1.0,5.0,6.0,2.3585,6.0,6.0,2.75
T,1,5555550209340357,0.2202,1.0,1.0,1.0,1.0,4.0,5.0,2.3496,7.0,7.0,3.9375
T,1,4242426383390793,-0.2383,1.0,1.0,1.0,1.0,1.0,4.0,2.7806,8.0,4.0,4.3125
T,1,5105108107228441,-0.232,1.0,1.0,1.0,1.0,3.0,5.0,2.7028,7.0,4.0,3.0625
T,1,4111117727897753,0.1463,1.0,1.0,1.0,1.0,0.0,4.0,2.5488,8.0,5.0,4.4375
T,1,4242424262762570,0.0966,1.0,1.0,1.0,1.0,1.0,4.0,2.2806,6.0,6.0,3.6875
T,1,5105109749527687,0.006,1.0,1.0,1.0,1.0,3.0,5.0,3.0306,9.0,3.0,4.75
T,1,4111112451586334,0.216,1.0,1.0,1.0,1.0,0.0,4.0,2.4835,7.0,6.0,3.125
T,1,4111117950916239,0.2851,1.0,1.0,1.0,1.0,0.0,4.0,2.7335,9.0,6.0,3.75
T,1,4111113064938607,-0.1191,1.0,1.0,1.0,1.0,0.0,4.0,2.7744,8.0,5.0,3.4375
T,1,5555555272282618,0.1848,1.0,1.0,1.0,1.0,4.0,5.0,2.1468,6.0,7.0,4.5625
T,1,4532016961167843,0.041,1.0,1.0,1.0,1.0,2.0,4.0,3.1556,10.0,3.0,4.125
T,1,4111119109055711,0.1374,1.0,1.0,1.0,1.0,0.0,4.0,2.125,6.0,8.0,2.9375
T,1,4111110138790543,-0.4061,1.0,1.0,1.0,1.0,0.0,4.0,2.6556,8.0,6.0,3.0625
T,1,4242422891884526,-0.0317,1.0,1.0,1.0,1.0,1.0,4.0,2.4772,7.0,5.0,4.4375
T,1,4111113132274555,0.0539,1.0,1.0,1.0,1.0,0.0,4.0,2.3585,6.0,6.0,2.875
T,1,4532016445162964,-0.065,1.0,1.0,1.0,1.0,2.0,4.0,2.8278,8.0,4.0,3.875
T,1,4242421608832109,0.0402,1.0,1.0,1.0,1.0,1.0,4.0,2.8278,8.0,4.0,3.5
T,1,4111113402341597,-0.1266,1.0,1.0,1.0,1.0,0.0,4.0,2.6085,8.0,6.0,2.9375
T,1,4111112044425636,-0.1832,1.0,1.0,1.0,1.0,0.0,4.0,2.5244,7.0,5.0,2.8125
T,1,6011003434038434,-0.5577,1.0,1.0,1.0,1.0,5.0,6.0,2.375,6.0,4.0,2.75
T,1,4111111151923706,0.4447,1.0,1.0,1.0,1.0,0.0,4.0,2.5,9.0,8.0,2.75
T,1,4242427902406029,0.0483,1.0,1.0,1.0,1.0,1.0,4.0,2.3522,6.0,5.0,3.5625
T,1,4111114432784772,-0.0746,1.0,1.0,1.0,1.0,0.0,4.0,2.3522,6.0,5.0,3.5625
T,1,4532012482336629,0.2658,1.0,1.0,1.0,1.0,2.0,4.0,2.9528,9.0,4.0,3.75
T,1,4111113176108925,-0.3261,1.0,1.0,1.0,1.0,0.0,4.0,2.7718,10.0,7.0,3.1875
T,1,5105105209202001,-0.3286,1.0,1.0,1.0,1.0,3.0,5.0,2.1391,5.0,6.0,2.0625
T,1,4532012782840700,-0.2663,1.0,1.0,1.0,1.0,2.0,4.0,2.8278,8.0,4.0,3.3125
T,1,4111113436066418,0.308,1.0,1.0,1.0,1.0,0.0,4.0,2.3113,6.0,6.0,3.125
T,1,5555556815383426,0.4402,1.0,1.0,1.0,1.0,4.0,5.0,2.3968,7.0,7.0,4.75
T,1,4111113442173364,-0.1397,1.0,1.0,1.0,1.0,0.0,4.0,2.2335,6.0,6.0,2.875
T,1,4111118435845118,0.0443,1.0,1.0,1.0,1.0,0.0,4.0,2.0524,5.0,7.0,3.5
T,1,5105106441382619,-0.0673,1.0,1.0,1.0,1.0,3.0,5.0,3.0,9.0,4.0,3.5
T,1,4111119135033187,-0.6007,1.0,1.0,1.0,1.0,0.0,4.0,2.4746,8.0,7.0,3.0625
T,1,4242426483823081,-0.2132,1.0,1.0,1.0,1.0,1.0,4.0,2.5778,7.0,4.0,3.8125
T,1,4242420275895191,0.1408,1.0,1.0,1.0,1.0,1.0,4.0,2.8278,8.0,4.0,4.0625
T,1,4111115746500705,-0.29,1.0,1.0,1.0,1.0,0.0,4.0,2.43,6.0,5.0,3.0
T,1,4111112176584432,-0.0728,1.0,1.0,1.0,1.0,0.0,4.0,2.6085,8.0,6.0,3.1875
T,1,5555556591388342,-0.1387,1.0,1.0,1.0,1.0,4.0,5.0,2.5218,8.0,7.0,4.9375
T,1,6011003422811156,-0.2774,1.0,1.0,1.0,1.0,5.0,6.0,2.7272,8.0,5.0,2.5625
T,1,4111119637008471,-0.3462,1.0,1.0,1.0,1.0,0.0,4.0,2.6556,8.0,6.0,3.375
T,1,4111116238576302,0.1399,1.0,1.0,1.0,1.0,0.0,4.0,2.8994,9.0,5.0,3.1875
T,1,4532019762358439,0.4231,1.0,1.0,1.0,1.0,2.0,4.0,3.2028,10.0,3.0,4.4375
T,1,4242422826758720,0.3818,1.0,1.0,1.0,1.0,1.0,4.0,2.4835,7.0,6.0,4.0625
T,1,4242428527295656,-0.2195,1.0,1.0,1.0,1.0,1.0,4.0,2.555,7.0,5.0,4.5625
T,1,4111114811794186,-0.4199,1.0,1.0,1.0,1.0,0.0,4.0,2.0778,6.0,8.0,3.625
T,1,4242427641437376,-0.1571,1.0,1.0,1.0,1.0,1.0,4.0,2.43,6.0,5.0,4.125
T,1,4111111492353738,-0.1882,1.0,1.0,1.0,1.0,0.0,4.0,2.6085,8.0,6.0,3.375
T,1,4242423210190108,0.0942,1.0,1.0,1.0,1.0,1.0,4.0,2.6085,7.0,4.0,2.6875
T,1,5105101664067724,-0.0804,1.0,1.0,1.0,1.0,3.0,5.0,2.7335,7.0,3.0,3.4375
T,1,4111111711596547,0.1157,1.0,1.0,1.0,1.0,0.0,4.0,2.125,6.0,8.0,3.4375
T,1,4242420196267009,0.2669,1.0,1.0,1.0,1.0,1.0,4.0,2.6556,7.0,4.0,3.625
T,1,4532010750466383,0.1117,1.0,1.0,1.0,1.0,2.0,4.0,3.0306,9.0,3.0,3.5625
T,1,4242425489445402,0.227,1.0,1.0,1.0,1.0,1.0,4.0,2.1468,6.0,7.0,3.9375
T,1,4242423690521400,-0.3459,1.0,1.0,1.0,1.0,1.0,4.0,2.7028,8.0,4.0,3.0
T,1,5555550765019429,0.0608,1.0,1.0,1.0,1.0,4.0,5.0,2.5218,8.0,7.0,4.5625
T,1,5105101929775822,0.1103,1.0,1.0,1.0,1.0,3.0,5.0,2.7335,7.0,3.0,4.0
T,1,6011008009991172,0.0115,1.0,1.0,1.0,1.0,5.0,6.0,2.4772,7.0,5.0,3.375
T,1,4111114001143145,0.6551,1.0,1.0,1.0,1.0,0.0,4.0,1.875,5.0,8.0,2.0
T,1,4111116755202845,-0.2271,1.0,1.0,1.0,1.0,0.0,4.0,2.7272,8.0,5.0,3.3125
T,1,4242427307804463,0.2866,1.0,1.0,1.0,1.0,1.0,4.0,2.6022,7.0,5.0,3.75
T,1,5105107692737162,-0.2522,1.0,1.0,1.0,1.0,3.0,5.0,2.9056,8.0,3.0,3.875
T,1,4111112572958115,0.0463,1.0,1.0,1.0,1.0,0.0,4.0,2.3496,7.0,7.0,3.375
T,1,4111118538463975,0.2348,1.0,1.0,1.0,1.0,0.0,4.0,2.7744,8.0,5.0,4.1875
T,1,6011009814625930,-0.0126,1.0,1.0,1.0,1.0,5.0,6.0,2.9528,9.0,4.0,3.4375
T,1,6011003478495235,-0.2378,1.0,1.0,1.0,1.0,5.0,6.0,3.2028,10.0,3.0,3.625
T,1,5105107480158092,-0.1191,1.0,1.0,1.0,1.0,3.0,5.0,2.7806,8.0,4.0,3.5
T,1,5105108159976210,-0.0135,1.0,1.0,1.0,1.0,3.0,5.0,2.7806,8.0,4.0,3.75
T,1,5105104762573817,-0.3049,1.0,1.0,1.0,1.0,3.0,5.0,2.9835,9.0,3.0,3.875
T,1,4111111669756770,-0.1208,1.0,1.0,1.0,1.0,0.0,4.0,2.4363,7.0,6.0,3.9375
T,1,5555557000080629,0.2981,1.0,1.0,1.0,1.0,4.0,5.0,2.305,7.0,6.0,3.875
T,1,5555556751614289,-0.1387,1.0,1.0,1.0,1.0,4.0,5.0,2.5218,8.0,7.0,4.9375
T,1,4532011288419746,0.0456,1.0,1.0,1.0,1.0,2.0,4.0,3.1556,10.0,3.0,4.0625
T,1,4111116391426667,-0.1215,1.0,1.0,1.0,1.0,0.0,4.0,2.4056,7.0,6.0,3.6875
T,1,4111115889614651,0.0467,1.0,1.0,1.0,1.0,0.0,4.0,2.2718,6.0,7.0,3.875
T,1,4111119214065324,-0.1026,1.0,1.0,1.0,1.0,0.0,4.0,2.6085,8.0,6.0,2.8125
T,1,5555552453700898,0.5585,1.0,1.0,1.0,1.0,4.0,5.0,2.5218,8.0,7.0,4.75
T,1,4111111069993684,0.4979,1.0,1.0,1.0,1.0,0.0,4.0,2.4835,7.0,6.0,4.0
T,1,5105106333471140,0.2841,1.0,1.0,1.0,1.0,3.0,5.0,2.6556,7.0,4.0,2.75
T,1,4242426413068997,0.2761,1.0,1.0,1.0,1.0,1.0,4.0,2.9528,9.0,4.0,4.4375
T,1,4532011397149432,0.1702,1.0,1.0,1.0,1.0,2.0,4.0,2.8585,8.0,3.0,3.625
T,1,4111112354061781,0.2017,1.0,1.0,1.0,1.0,0.0,4.0,2.6468,9.0,7.0,2.875
T,1,5555550292472273,0.0412,1.0,1.0,1.0,1.0,4.0,5.0,2.4056,7.0,6.0,4.25
T,1,4111119250205792,0.185,1.0,1.0,1.0,1.0,0.0,4.0,2.6022,7.0,5.0,3.125
T,1,4242422909624443,-0.0138,1.0,1.0,1.0,1.0,1.0,4.0,2.18,6.0,6.0,3.8125
T,1,4111114597741195,0.5719,1.0,1.0,1.0,1.0,0.0,4.0,2.0996,5.0,7.0,3.8125
T,1,6011004137349839,-0.0612,1.0,1.0,1.0,1.0,5.0,6.0,2.8585,8.0,3.0,3.6875
T,1,4111111347337399,0.347,1.0,1.0,1.0,1.0,0.0,4.0,2.1556,5.0,6.0,3.625
T,1,5555557887387782,1.3389,1.0,1.0,1.0,1.0,4.0,5.0,2.0306,5.0,6.0,5.9375
T,1,4111116801730195,-0.863,1.0,1.0,1.0,1.0,0.0,4.0,2.6468,9.0,7.0,3.0625
T,1,4242428233122350,-0.1962,1.0,1.0,1.0,1.0,1.0,4.0,2.4363,7.0,6.0,2.9375
T,1,4111113328449292,-0.1434,1.0,1.0,1.0,1.0,0.0,4.0,2.43,6.0,5.0,3.4375
T,1,4242420956419451,0.126,1.0,1.0,1.0,1.0,1.0,4.0,2.6022,7.0,5.0,3.875
T,1,4111114999572875,0.3874,1.0,1.0,1.0,1.0,0.0,4.0,2.6022,7.0,5.0,4.625
T,1,5105103313853546,-0.2616,1.0,1.0,1.0,1.0,3.0,5.0,2.5778,7.0,4.0,3.3125
T,1,4242425972989064,0.4834,1.0,1.0,1.0,1.0,1.0,4.0,2.7028,8.0,4.0,4.8125
T,1,4242427633541482,0.1026,1.0,1.0,1.0,1.0,1.0,4.0,2.6494,8.0,5.0,3.8125
T,1,4111112791549935,0.3146,1.0,1.0,1.0,1.0,0.0,4.0,2.4835,7.0,6.0,3.9375
T,1,4111117166928317,-0.1389,1.0,1.0,1.0,1.0,0.0,4.0,2.5218,8.0,7.0,3.6875
T,1,5105109828111205,-0.2829,1.0,1.0,1.0,1.0,3.0,5.0,2.43,6.0,5.0,3.0625
T,1,4111114975036788,0.5067,1.0,1.0,1.0,1.0,0.0,4.0,2.8994,9.0,5.0,4.125
T,1,4532014147957237,0.0853,1.0,1.0,1.0,1.0,2.0,4.0,2.9056,8.0,3.0,4.0
T,1,5555557483676869,0.807,1.0,1.0,1.0,1.0,4.0,5.0,2.4835,7.0,6.0,5.875
T,1,4242420283563856,0.248,1.0,1.0,1.0,1.0,1.0,4.0,2.7028,7.0,4.0,4.0
T,1,4242426440585492,0.01,1.0,1.0,1.0,1.0,1.0,4.0,2.4056,7.0,6.0,4.0625
T,1,5555559912172700,-0.0327,1.0,1.0,1.0,1.0,4.0,5.0,2.4056,6.0,6.0,4.25
T,1,4111116483320604,-0.0243,1.0,1.0,1.0,1.0,0.0,4.0,2.6022,7.0,5.0,2.8125
T,1,4111115170002467,0.2989,1.0,1.0,1.0,1.0,0.0,4.0,2.4835,7.0,6.0,2.5625
T,1,4242422252674102,-0.1996,1.0,1.0,1.0,1.0,1.0,4.0,2.2718,7.0,7.0,3.0625
T,1,4111116161359650,0.2325,1.0,1.0,1.0,1.0,0.0,4.0,2.3496,7.0,7.0,3.1875
T,1,5105102391646053,-0.2026,1.0,1.0,1.0,1.0,3.0,5.0,2.8585,8.0,3.0,3.1875
T,1,4111118639675790,0.235,1.0,1.0,1.0,1.0,0.0,4.0,2.8994,9.0,5.0,4.3125
T,1,4111118182203099,0.125,1.0,1.0,1.0,1.0,0.0,4.0,2.5306,7.0,6.0,3.1875
T,1,4111113110761953,-0.41,1.0,1.0,1.0,1.0,0.0,4.0,2.375,8.0,8.0,2.8125
T,1,5105107706534688,-0.1866,1.0,1.0,1.0,1.0,3.0,5.0,2.9056,8.0,3.0,4.125
T,1,4532018507917905,0.1852,1.0,1.0,1.0,1.0,2.0,4.0,3.0306,9.0,3.0,4.125
T,1,4242422606501936,-0.0199,1.0,1.0,1.0,1.0,1.0,4.0,2.7806,8.0,4.0,3.5
T,1,4532010062704935,0.1126,1.0,1.0,1.0,1.0,2.0,4.0,3.0,9.0,4.0,3.1875
T,1,4242420141000695,-0.1775,1.0,1.0,1.0,1.0,1.0,4.0,2.5778,7.0,4.0,2.75
T,1,5105103584797661,-0.2207,1.0,1.0,1.0,1.0,3.0,5.0,3.0306,9.0,3.0,4.25
T,1,5105101506904209,-0.6023,1.0,1.0,1.0,1.0,3.0,5.0,2.555,7.0,5.0,3.0
T,1,4111114991660611,0.1768,1.0,1.0,1.0,1.0,0.0,4.0,1.9528,5.0,8.0,3.25
T,1,4242421619031758,0.3062,1.0,1.0,1.0,1.0,1.0,4.0,3.1085,10.0,3.0,3.6875
T,1,4532014656003720,-0.2152,1.0,1.0,1.0,1.0,2.0,4.0,2.875,8.0,4.0,3.0
T,1,4242421863137400,-0.0323,1.0,1.0,1.0,1.0,1.0,4.0,2.8278,8.0,4.0,3.1875
T,1,5555555373189837,-0.0622,1.0,1.0,1.0,1.0,4.0,5.0,2.2246,6.0,7.0,5.25
T,1,4111118291232880,0.0124,1.0,1.0,1.0,1.0,0.0,4.0,2.4363,7.0,6.0,3.25
T,1,5555551195717376,0.6523,1.0,1.0,1.0,1.0,4.0,5.0,2.1774,6.0,7.0,4.8125
T,1,4111111952193780,-0.8383,1.0,1.0,1.0,1.0,0.0,4.0,2.6468,9.0,7.0,3.375
T,1,4242420331211953,0.0333,1.0,1.0,1.0,1.0,1.0,4.0,2.6085,7.0,4.0,2.875
T,1,5555551926792557,-1.058,1.0,1.0,1.0,1.0,4.0,5.0,2.125,6.0,8.0,5.1875
T,1,4532010209454337,-0.0946,1.0,1.0,1.0,1.0,2.0,4.0,2.8585,8.0,3.0,3.25
T,1,4111114934485944,0.0731,1.0,1.0,1.0,1.0,0.0,4.0,2.18,6.0,6.0,3.9375
T,1,4111113734321390,0.1618,1.0,1.0,1.0,1.0,0.0,4.0,2.4056,7.0,6.0,2.75
T,1,4532016762674831,0.152,1.0,1.0,1.0,1.0,2.0,4.0,3.0778,9.0,3.0,4.0625
T,1,4111111402754454,-0.0446,1.0,1.0,1.0,1.0,0.0,4.0,2.18,6.0,6.0,2.8125
T,1,5105103971567289,-0.3935,1.0,1.0,1.0,1.0,3.0,5.0,3.0306,9.0,3.0,4.3125
T,1,4111113424733052,-0.3799,1.0,1.0,1.0,1.0,0.0,4.0,2.555,7.0,5.0,2.625
T,1,4111115446419974,0.0237,1.0,1.0,1.0,1.0,0.0,4.0,2.18,6.0,6.0,3.875
T,1,6011004455307419,-0.3332,1.0,1.0,1.0,1.0,5.0,6.0,2.7806,8.0,4.0,3.125
T,1,5555551445222524,-0.8901,1.0,1.0,1.0,1.0,4.0,5.0,1.7028,4.0,8.0,3.8125
T,1,4111119156051191,0.1132,1.0,1.0,1.0,1.0,0.0,4.0,1.9669,6.0,9.0,2.9375
T,1,4242421171948548,0.0638,1.0,1.0,1.0,1.0,1.0,4.0,2.555,7.0,5.0,4.125
T,1,4111112680606093,-0.4952,1.0,1.0,1.0,1.0,0.0,4.0,2.68,8.0,5.0,3.0625
T,1,4111111374680984,0.0827,1.0,1.0,1.0,1.0,0.0,4.0,2.6085,8.0,6.0,3.6875
T,1,4111113416811684,0.1768,1.0,1.0,1.0,1.0,0.0,4.0,1.9528,5.0,8.0,3.1875
T,1,4111113250621603,0.1401,1.0,1.0,1.0,1.0,0.0,4.0,2.5306,7.0,6.0,2.3125
T,1,4532010479752725,-0.1188,1.0,1.0,1.0,1.0,2.0,4.0,2.8585,8.0,3.0,3.9375
T,1,4111112970925377,0.1624,1.0,1.0,1.0,1.0,0.0,4.0,2.7272,8.0,5.0,3.75
T,1,5105109401446598,-0.0297,1.0,1.0,1.0,1.0,3.0,5.0,2.6863,7.0,3.0,3.875
T,1,4532012445434800,-0.2827,1.0,1.0,1.0,1.0,2.0,4.0,2.6022,7.0,5.0,3.0625
T,1,4111117439760935,0.1255,1.0,1.0,1.0,1.0,0.0,4.0,2.7744,8.0,5.0,3.875
T,1,5555556960413986,-0.4725,1.0,1.0,1.0,1.0,4.0,5.0,2.6085,8.0,6.0,5.125
T,1,4532012377053339,0.1422,1.0,1.0,1.0,1.0,2.0,4.0,2.7744,8.0,5.0,3.5625
T,1,5105108450712819,-0.0582,1.0,1.0,1.0,1.0,3.0,5.0,2.7806,8.0,4.0,3.5625
T,1,5105105016750101,-1.0262,1.0,1.0,1.0,1.0,3.0,5.0,2.0488,5.0,5.0,2.375
T,1,4111112482391472,0.0124,1.0,1.0,1.0,1.0,0.0,4.0,2.4363,7.0,6.0,3.1875
T,1,5555559590044973,-0.0231,1.0,1.0,1.0,1.0,4.0,5.0,2.2246,6.0,7.0,5.0
T,1,4532018151880771,-0.1397,1.0,1.0,1.0,1.0,2.0,4.0,2.8278,8.0,4.0,3.8125
T,1,4242423832110708,0.1789,1.0,1.0,1.0,1.0,1.0,4.0,2.7028,7.0,4.0,3.1875
T,1,4111113729791375,0.2653,1.0,1.0,1.0,1.0,0.0,4.0,2.4835,7.0,6.0,3.875
T,1,4111114917567387,0.511,1.0,1.0,1.0,1.0,0.0,4.0,2.6085,8.0,6.0,4.125
T,1,4242420890833569,-0.258,1.0,1.0,1.0,1.0,1.0,4.0,2.9056,8.0,3.0,4.3125
T,1,4111117169995917,0.1996,1.0,1.0,1.0,1.0,0.0,4.0,2.1468,6.0,7.0,4.5
T,1,4532014589871342,0.2292,1.0,1.0,1.0,1.0,2.0,4.0,3.0778,9.0,3.0,4.125
T,1,4111116363725609,0.0155,1.0,1.0,1.0,1.0,0.0,4.0,2.8522,9.0,5.0,3.5
T,1,4111115792230207,-0.0231,1.0,1.0,1.0,1.0,0.0,4.0,2.7272,8.0,5.0,2.875
T,1,5105105686246554,0.1063,1.0,1.0,1.0,1.0,3.0,5.0,2.6022,7.0,5.0,3.9375
T,1,4111115896718594,0.3378,1.0,1.0,1.0,1.0,0.0,4.0,2.5306,7.0,6.0,4.4375
T,1,4532019576858095,1.0064,1.0,1.0,1.0,1.0,2.0,4.0,3.125,10.0,4.0,4.8125
T,1,4111114209109609,0.0367,1.0,1.0,1.0,1.0,0.0,4.0,2.3113,6.0,6.0,3.0625
T,1,5555559771219006,0.2056,1.0,1.0,1.0,1.0,4.0,5.0,2.5306,7.0,6.0,4.5
T,1,4111116166240129,-0.0245,1.0,1.0,1.0,1.0,0.0,4.0,2.2246,6.0,7.0,2.875
T,1,4111111672164798,0.1417,1.0,1.0,1.0,1.0,0.0,4.0,2.3968,7.0,7.0,3.75
T,1,4111113427091045,0.0031,1.0,1.0,1.0,1.0,0.0,4.0,2.6085,8.0,6.0,2.75
T,1,4111117531762284,-0.3462,1.0,1.0,1.0,1.0,0.0,4.0,2.6556,8.0,6.0,3.375
T,1,4242422729660411,0.0597,1.0,1.0,1.0,1.0,1.0,4.0,2.5244,7.0,5.0,3.5
T,1,4242423812388134,0.4242,1.0,1.0,1.0,1.0,1.0,4.0,2.2806,5.0,4.0,3.6875
T,1,4111110717797844,0.0407,1.0,1.0,1.0,1.0,0.0,4.0,2.2335,6.0,6.0,3.9375
T,1,4111117738205848,-0.0567,1.0,1.0,1.0,1.0,0.0,4.0,2.7272,8.0,5.0,3.8125
T,1,4242423892919550,-0.2383,1.0,1.0,1.0,1.0,1.0,4.0,2.7806,8.0,4.0,4.3125
T,1,4111114333158241,0.1,1.0,1.0,1.0,1.0,0.0,4.0,2.1774,6.0,7.0,2.6875
T,1,4111115828396477,0.4078,1.0,1.0,1.0,1.0,0.0,4.0,2.8994,9.0,5.0,4.25
T,1,4111119087561870,0.1125,1.0,1.0,1.0,1.0,0.0,4.0,2.6556,8.0,6.0,3.75
T,1,5555556879402534,-0.4644,1.0,1.0,1.0,1.0,4.0,5.0,2.6468,9.0,7.0,4.875
T,1,4111115049955036,0.0991,1.0,1.0,1.0,1.0,0.0,4.0,2.6022,7.0,5.0,3.4375
T,1,4242420727405045,0.8005,1.0,1.0,1.0,1.0,1.0,4.0,2.2272,5.0,5.0,3.25
T,1,4242424224255143,-0.4813,1.0,1.0,1.0,1.0,1.0,4.0,1.9363,5.0,6.0,3.125
T,1,4242428190136864,0.1408,1.0,1.0,1.0,1.0,1.0,4.0,2.8278,8.0,4.0,4.0
T,1,4532018241030734,0.046,1.0,1.0,1.0,1.0,2.0,4.0,2.8585,8.0,3.0,2.9375
T,1,5105108856640341,-0.0261,1.0,1.0,1.0,1.0,3.0,5.0,2.7335,7.0,3.0,3.5625
T,1,4532010878254760,0.1349,1.0,1.0,1.0,1.0,2.0,4.0,3.0778,9.0,3.0,3.875
T,1,4532011214664803,-0.0593,1.0,1.0,1.0,1.0,2.0,4.0,2.9056,8.0,3.0,3.125
T,1,5105109891660427,-0.4672,1.0,1.0,1.0,1.0,3.0,5.0,3.0306,9.0,3.0,4.0
T,1,4111110111432550,0.3195,1.0,1.0,1.0,1.0,0.0,4.0,2.125,6.0,8.0,1.9375
T,1,4111115312254273,0.1784,1.0,1.0,1.0,1.0,0.0,4.0,2.3585,6.0,6.0,2.6875
T,1,4242425969839348,-0.551,1.0,1.0,1.0,1.0,1.0,4.0,2.6556,7.0,4.0,5.125
T,1,4242426375095111,0.2288,1.0,1.0,1.0,1.0,1.0,4.0,2.9835,9.0,3.0,3.5
T,1,5555550313864425,0.2304,1.0,1.0,1.0,1.0,4.0,5.0,2.5218,8.0,7.0,4.125
T,1,5555554832042489,0.6084,1.0,1.0,1.0,1.0,4.0,5.0,2.4835,7.0,6.0,4.625
T,1,5105103245232579,-0.3919,1.0,1.0,1.0,1.0,3.0,5.0,2.8278,8.0,4.0,3.375
T,1,4532014301832507,-0.3559,1.0,1.0,1.0,1.0,2.0,4.0,2.9056,8.0,3.0,3.0
T,1,4242426323321023,0.0058,1.0,1.0,1.0,1.0,1.0,4.0,2.2335,6.0,6.0,2.6875
T,1,4111111514033094,-0.0954,1.0,1.0,1.0,1.0,0.0,4.0,2.2246,6.0,7.0,2.4375
T,1,4111110483633835,0.0737,1.0,1.0,1.0,1.0,0.0,4.0,2.5244,7.0,5.0,3.25
T,1,4111110554962493,-0.076,1.0,1.0,1.0,1.0,0.0,4.0,2.7272,8.0,5.0,3.5
T,1,4532018050608216,-0.0627,1.0,1.0,1.0,1.0,2.0,4.0,2.875,8.0,4.0,3.1875
T,1,4111119408194518,0.11,1.0,1.0,1.0,1.0,0.0,4.0,2.2246,6.0,7.0,3.625
T,1,4111119426647091,0.0948,1.0,1.0,1.0,1.0,0.0,4.0,2.4835,7.0,6.0,3.5625
T,1,4111112418628534,0.2421,1.0,1.0,1.0,1.0,0.0,4.0,2.4835,7.0,6.0,3.25
T,1,5555555970142619,0.2564,1.0,1.0,1.0,1.0,4.0,5.0,2.5218,8.0,7.0,4.625
T,1,4242427103299215,0.0606,1.0,1.0,1.0,1.0,1.0,4.0,2.7272,8.0,5.0,3.5625
T,1,4111111777077705,-0.175,1.0,1.0,1.0,1.0,0.0,4.0,1.9363,5.0,6.0,3.5625
T,1,4242425973831307,0.2486,1.0,1.0,1.0,1.0,1.0,4.0,2.9835,9.0,3.0,4.0
T,1,4532014143941706,-0.093,1.0,1.0,1.0,1.0,2.0,4.0,2.9528,9.0,4.0,3.375
T,1,4111111045530246,0.2248,1.0,1.0,1.0,1.0,0.0,4.0,2.4835,7.0,6.0,2.4375
T,1,5555550769213648,0.6014,1.0,1.0,1.0,1.0,4.0,5.0,2.9056,10.0,6.0,4.75
T,1,4242423320607066,0.1756,1.0,1.0,1.0,1.0,1.0,4.0,2.4835,6.0,4.0,3.1875
T,1,4111117580532505,-0.1677,1.0,1.0,1.0,1.0,0.0,4.0,2.6494,8.0,5.0,3.0625
T,1,4242424155874524,-0.0327,1.0,1.0,1.0,1.0,1.0,4.0,2.2335,6.0,6.0,3.9375
T,1,4111113526263701,0.0917,1.0,1.0,1.0,1.0,0.0,4.0,2.6556,8.0,6.0,2.75
T,1,4242420210937868,0.1041,1.0,1.0,1.0,1.0,1.0,4.0,2.9528,9.0,4.0,3.875
T,1,4242422983819794,-0.3021,1.0,1.0,1.0,1.0,1.0,4.0,2.5778,7.0,4.0,4.875
T,1,4242427191489280,0.2343,1.0,1.0,1.0,1.0,1.0,4.0,2.625,7.0,4.0,4.1875
T,1,4111111292687160,-0.2005,1.0,1.0,1.0,1.0,0.0,4.0,2.5218,8.0,7.0,3.1875
T,1,4532012712387533,0.0144,1.0,1.0,1.0,1.0,2.0,4.0,2.8278,8.0,4.0,3.5
T,1,4111110661586680,0.1393,1.0,1.0,1.0,1.0,0.0,4.0,2.2806,6.0,6.0,3.4375
T,1,4242422815712274,0.1467,1.0,1.0,1.0,1.0,1.0,4.0,2.2806,6.0,6.0,3.5625
T,1,4111119576279737,0.306,1.0,1.0,1.0,1.0,0.0,4.0,2.6494,8.0,5.0,4.4375
T,1,5555553975771458,-0.4871,1.0,1.0,1.0,1.0,4.0,5.0,2.2028,7.0,8.0,5.375
T,1,4242424609342581,0.2335,1.0,1.0,1.0,1.0,1.0,4.0,2.7744,9.0,5.0,3.75
T,1,4111113223131706,-0.0079,1.0,1.0,1.0,1.0,0.0,4.0,2.3496,7.0,7.0,2.3125
T,1,4111115589358237,0.1943,1.0,1.0,1.0,1.0,0.0,4.0,2.7272,8.0,5.0,4.0
T,1,4111115827336615,-0.3644,1.0,1.0,1.0,1.0,0.0,4.0,2.6556,8.0,6.0,3.4375
T,1,4111112632122033,-0.6788,1.0,1.0,1.0,1.0,0.0,4.0,2.2335,6.0,6.0,2.0625
T,1,4111114445844688,0.6089,1.0,1.0,1.0,1.0,0.0,4.0,2.0079,5.0,6.0,4.0
T,1,4111113901005065,-0.0123,1.0,1.0,1.0,1.0,0.0,4.0,2.4056,7.0,6.0,2.375
T,1,4111117504573403,-0.0398,1.0,1.0,1.0,1.0,0.0,4.0,2.4772,6.0,5.0,2.9375
T,1,4242427154678150,-0.0391,1.0,1.0,1.0,1.0,1.0,4.0,2.8278,8.0,4.0,3.875
T,1,4242426561145860,0.163,1.0,1.0,1.0,1.0,1.0,4.0,2.6556,7.0,4.0,3.75
T,1,5555552785368216,-0.2269,1.0,1.0,1.0,1.0,4.0,5.0,2.3968,7.0,7.0,4.875
T,1,4242422265611356,-0.1536,1.0,1.0,1.0,1.0,1.0,4.0,2.43,6.0,5.0,3.4375
T,1,4111117229480967,0.1255,1.0,1.0,1.0,1.0,0.0,4.0,2.7744,8.0,5.0,3.9375
T,1,4111114498200655,-0.0294,1.0,1.0,1.0,1.0,0.0,4.0,2.7272,8.0,5.0,3.25
T,1,4242424379751995,0.2503,1.0,1.0,1.0,1.0,1.0,4.0,2.6556,7.0,4.0,4.8125
T,1,4111113337796097,-0.0805,1.0,1.0,1.0,1.0,0.0,4.0,2.555,7.0,5.0,3.9375
T,1,4111113058261677,-0.3152,1.0,1.0,1.0,1.0,0.0,4.0,2.7806,9.0,6.0,3.375
T,1,4242423554203756,0.1261,1.0,1.0,1.0,1.0,1.0,4.0,2.5778,7.0,4.0,3.625
T,1,4111110708534917,-0.3649,1.0,1.0,1.0,1.0,0.0,4.0,2.6556,8.0,6.0,3.3125
T,1,4111118494561705,0.2898,1.0,1.0,1.0,1.0,0.0,4.0,2.6085,8.0,6.0,3.625
T,1,4111114344701070,-0.4395,1.0,1.0,1.0,1.0,0.0,4.0,2.1085,5.0,6.0,2.4375
T,1,4111116166558926,0.0456,1.0,1.0,1.0,1.0,0.0,4.0,2.4056,7.0,6.0,3.9375
T,1,4532012777164678,0.1735,1.0,1.0,1.0,1.0,2.0,4.0,3.0,9.0,4.0,4.375
T,1,4111110342862450,0.1297,1.0,1.0,1.0,1.0,0.0,4.0,2.7272,8.0,5.0,2.6875
T,1,5555555063430079,0.1201,1.0,1.0,1.0,1.0,4.0,5.0,2.3496,7.0,7.0,4.1875
T,1,6011004651612281,-0.2204,1.0,1.0,1.0,1.0,5.0,6.0,2.555,7.0,5.0,2.75
T,1,4532013250889864,0.183,1.0,1.0,1.0,1.0,2.0,4.0,3.0778,9.0,3.0,4.25
T,1,6011005009809123,-0.0911,1.0,1.0,1.0,1.0,5.0,6.0,2.6085,8.0,6.0,2.8125
T,1,4242422048700021,-0.2207,1.0,1.0,1.0,1.0,1.0,4.0,2.2744,6.0,5.0,2.625
T,1,4111119046954588,0.3427,1.0,1.0,1.0,1.0,0.0,4.0,2.6022,7.0,5.0,4.1875
T,1,4242422362365658,-0.0995,1.0,1.0,1.0,1.0,1.0,4.0,2.43,6.0,5.0,4.0
T,1,4242425662145084,-0.0634,1.0,1.0,1.0,1.0,1.0,4.0,2.5244,7.0,5.0,3.6875
T,1,6011005154395654,-0.0988,1.0,1.0,1.0,1.0,5.0,6.0,2.6556,7.0,4.0,3.4375
T,1,4111110521628243,-0.1294,1.0,1.0,1.0,1.0,0.0,4.0,2.6085,8.0,6.0,2.625
T,1,4242420187779616,-0.1987,1.0,1.0,1.0,1.0,1.0,4.0,2.8585,8.0,3.0,4.375
T,1,4111111665346386,0.0237,1.0,1.0,1.0,1.0,0.0,4.0,2.2806,6.0,6.0,3.5625
T,1,4111119851713202,0.1776,1.0,1.0,1.0,1.0,0.0,4.0,2.6468,9.0,7.0,2.9375
T,1,6011005617059582,-0.2036,1.0,1.0,1.0,1.0,5.0,6.0,2.7806,8.0,4.0,3.5
T,1,6011001745706236,-0.5311,1.0,1.0,1.0,1.0,5.0,6.0,2.7806,8.0,4.0,3.0625
T,1,5555556499038627,-0.4401,1.0,1.0,1.0,1.0,4.0,5.0,2.7806,9.0,6.0,5.25
T,1,4111110551785186,0.0281,1.0,1.0,1.0,1.0,0.0,4.0,2.3496,7.0,7.0,3.4375
T,1,4111113464357143,-0.2039,1.0,1.0,1.0,1.0,0.0,4.0,2.2335,6.0,6.0,3.0625
T,1,4111112385825881,0.0485,1.0,1.0,1.0,1.0,0.0,4.0,2.2806,6.0,6.0,3.6875
T,1,4111117891930497,0.4727,1.0,1.0,1.0,1.0,0.0,4.0,2.4835,7.0,6.0,4.125
T,1,5555552534872229,0.3616,1.0,1.0,1.0,1.0,4.0,5.0,2.2718,7.0,7.0,4.625
T,1,4532011497198461,0.2542,1.0,1.0,1.0,1.0,2.0,4.0,3.0778,10.0,4.0,4.0625
T,1,4532017478240289,0.1852,1.0,1.0,1.0,1.0,2.0,4.0,3.0306,9.0,3.0,4.125
T,1,4111113032210634,-0.2128,1.0,1.0,1.0,1.0,0.0,4.0,2.3585,6.0,6.0,2.0625
T,1,5555559291206889,0.2165,1.0,1.0,1.0,1.0,4.0,5.0,2.4835,7.0,6.0,5.25
T,1,5555558844658661,1.32,1.0,1.0,1.0,1.0,4.0,5.0,2.0524,5.0,7.0,5.375
T,1,4111113255112152,-1.0141,1.0,1.0,1.0,1.0,0.0,4.0,1.9056,5.0,8.0,2.25
T,1,4532011331158077,-0.0582,1.0,1.0,1.0,1.0,2.0,4.0,2.8278,8.0,4.0,3.1875
T,1,4111116039844529,-0.0165,1.0,1.0,1.0,1.0,0.0,4.0,2.8522,9.0,5.0,3.6875
T,1,4111113605176980,-0.3152,1.0,1.0,1.0,1.0,0.0,4.0,2.7806,9.0,6.0,3.375
T,1,4532013333503565,0.05,1.0,1.0,1.0,1.0,2.0,4.0,2.4056,7.0,6.0,3.1875
T,1,4111118703563013,-0.1026,1.0,1.0,1.0,1.0,0.0,4.0,2.6085,8.0,6.0,2.8125
T,1,4242422130707231,-0.0196,1.0,1.0,1.0,1.0,1.0,4.0,2.4772,6.0,5.0,2.75
T,1,4111115507632234,0.2491,1.0,1.0,1.0,1.0,0.0,4.0,2.7744,8.0,5.0,2.875
T,1,4111111505035363,0.3013,1.0,1.0,1.0,1.0,0.0,4.0,2.3113,6.0,6.0,2.5
T,1,4242421793455880,0.232,1.0,1.0,1.0,1.0,1.0,4.0,2.9528,9.0,4.0,4.25
T,1,4111112426702396,-0.0294,1.0,1.0,1.0,1.0,0.0,4.0,2.7272,8.0,5.0,3.125
T,1,4111115620774657,0.3133,1.0,1.0,1.0,1.0,0.0,4.0,2.6022,7.0,5.0,3.625
T,1,4242429119914753,0.2343,1.0,1.0,1.0,1.0,1.0,4.0,2.6085,7.0,4.0,4.1875
T,1,5555550089140828,-0.0223,1.0,1.0,1.0,1.0,4.0,5.0,2.4363,7.0,6.0,4.375
T,1,5555556668796831,-0.1007,1.0,1.0,1.0,1.0,4.0,5.0,2.4056,7.0,6.0,5.625
T,1,4111118013812662,0.0388,1.0,1.0,1.0,1.0,0.0,4.0,2.3968,7.0,7.0,2.875
T,1,4111119252301342,0.2248,1.0,1.0,1.0,1.0,0.0,4.0,2.4835,7.0,6.0,2.5
T,1,4111117525716569,0.2653,1.0,1.0,1.0,1.0,0.0,4.0,2.4835,7.0,6.0,3.875
T,1,4111114886190724,0.2898,1.0,1.0,1.0,1.0,0.0,4.0,2.6085,8.0,6.0,3.625
T,1,5105109945067132,0.1738,1.0,1.0,1.0,1.0,3.0,5.0,2.9835,9.0,3.0,3.625
T,1,4111115614710634,0.0916,1.0,1.0,1.0,1.0,0.0,4.0,2.3496,7.0,7.0,2.875
T,1,5555551300607959,0.0893,1.0,1.0,1.0,1.0,4.0,5.0,2.3496,7.0,7.0,4.375
T,1,4111111929699281,0.5416,1.0,1.0,1.0,1.0,0.0,4.0,2.1468,6.0,7.0,4.0625
T,1,4111119642450015,0.1862,1.0,1.0,1.0,1.0,0.0,4.0,2.4835,7.0,6.0,2.8125
T,1,4242425171332140,-0.3854,1.0,1.0,1.0,1.0,1.0,4.0,2.5778,7.0,4.0,2.8125
T,1,4242427580954282,-0.0918,1.0,1.0,1.0,1.0,1.0,4.0,2.5244,7.0,5.0,4.25
T,1,4111110126399513,-0.4827,1.0,1.0,1.0,1.0,0.0,4.0,2.5218,8.0,7.0,3.0
T,1,4242429050060574,-0.2022,1.0,1.0,1.0,1.0,1.0,4.0,2.5778,7.0,4.0,3.375
T,1,5105107544220490,-0.3312,1.0,1.0,1.0,1.0,3.0,5.0,2.6556,7.0,4.0,3.0625
T,1,4111117518595897,-0.062,1.0,1.0,1.0,1.0,0.0,4.0,2.3585,6.0,6.0,4.5625
T,1,4111113306308973,0.1081,1.0,1.0,1.0,1.0,0.0,4.0,2.6494,8.0,5.0,3.1875
T,1,5105101495263385,0.1729,1.0,1.0,1.0,1.0,3.0,5.0,2.9528,9.0,4.0,3.625
T,1,4242427669474293,-0.0981,1.0,1.0,1.0,1.0,1.0,4.0,2.3994,6.0,5.0,4.6875
T,1,4532019850414862,0.1349,1.0,1.0,1.0,1.0,2.0,4.0,3.0778,9.0,3.0,3.875
T,1,4111112416507730,0.0917,1.0,1.0,1.0,1.0,0.0,4.0,2.6556,8.0,6.0,2.75
T,1,4242427612796685,0.1692,1.0,1.0,1.0,1.0,1.0,4.0,2.7806,8.0,4.0,4.6875
T,1,4242429364812157,0.2606,1.0,1.0,1.0,1.0,1.0,4.0,2.875,9.0,4.0,4.0
T,1,4532011306874773,-0.1455,1.0,1.0,1.0,1.0,2.0,4.0,3.0306,9.0,3.0,3.8125
T,1,4532011658162124,-0.0582,1.0,1.0,1.0,1.0,2.0,4.0,2.8278,8.0,4.0,3.1875
T,1,6011009480728844,-0.1743,1.0,1.0,1.0,1.0,5.0,6.0,2.7806,8.0,4.0,3.875
T,1,4111110891764206,-0.1672,1.0,1.0,1.0,1.0,0.0,4.0,2.6556,8.0,6.0,3.25
T,1,4111111561160469,-0.259,1.0,1.0,1.0,1.0,0.0,4.0,2.0778,6.0,8.0,3.0
T,1,5555559226624800,0.3534,1.0,1.0,1.0,1.0,4.0,5.0,2.4835,7.0,6.0,4.3125
T,1,4242420991256702,-0.0897,1.0,1.0,1.0,1.0,1.0,4.0,2.7272,8.0,5.0,3.6875
T,1,4242421432888384,-0.264,1.0,1.0,1.0,1.0,1.0,4.0,2.1494,5.0,5.0,4.1875
T,1,4242426708868861,0.4394,1.0,1.0,1.0,1.0,1.0,4.0,2.6085,7.0,4.0,4.75
T,1,4111118355786607,0.3017,1.0,1.0,1.0,1.0,0.0,4.0,2.7744,8.0,5.0,4.0
T,1,4242426810984093,0.0961,1.0,1.0,1.0,1.0,1.0,4.0,2.8278,8.0,4.0,4.125
T,1,4242428289734009,0.1703,1.0,1.0,1.0,1.0,1.0,4.0,2.625,7.0,4.0,4.25
T,1,4532014456582303,-0.2953,1.0,1.0,1.0,1.0,2.0,4.0,2.8585,8.0,3.0,3.4375
T,1,4242428723566116,-0.0749,1.0,1.0,1.0,1.0,1.0,4.0,2.7806,8.0,4.0,3.9375
T,1,5105100436802103,0.0425,1.0,1.0,1.0,1.0,3.0,5.0,2.7272,8.0,5.0,2.4375
T,1,4242424586506281,0.1932,1.0,1.0,1.0,1.0,1.0,4.0,2.625,7.0,4.0,3.9375
T,1,4111116381096355,-0.3644,1.0,1.0,1.0,1.0,0.0,4.0,2.6556,8.0,6.0,3.4375
T,1,4532015197551937,-0.0116,1.0,1.0,1.0,1.0,2.0,4.0,2.8278,8.0,4.0,4.1875
T,1,4111115523476855,0.1422,1.0,1.0,1.0,1.0,0.0,4.0,2.6494,8.0,5.0,3.6875
T,1,5555551990526048,0.2564,1.0,1.0,1.0,1.0,4.0,5.0,2.5218,8.0,7.0,4.625
T,1,4532010793609312,-0.0721,1.0,1.0,1.0,1.0,2.0,4.0,3.0306,9.0,3.0,3.4375
T,1,4111112901194564,0.2063,1.0,1.0,1.0,1.0,0.0,4.0,2.3496,7.0,7.0,3.125
T,1,4111116237068558,-0.0381,1.0,1.0,1.0,1.0,0.0,4.0,2.8994,9.0,5.0,3.6875
T,1,4111119042433603,-0.1698,1.0,1.0,1.0,1.0,0.0,4.0,2.555,7.0,5.0,2.6875
T,1,4111119199693983,0.2788,1.0,1.0,1.0,1.0,0.0,4.0,2.18,6.0,6.0,4.6875
T,1,5105105527505291,0.4245,1.0,1.0,1.0,1.0,3.0,5.0,2.3113,6.0,6.0,3.3125
T,1,4242422176994487,0.1969,1.0,1.0,1.0,1.0,1.0,4.0,2.5244,7.0,5.0,4.6875
T,1,4242420844215327,-0.2685,1.0,1.0,1.0,1.0,1.0,4.0,2.5488,8.0,5.0,3.375
T,1,6011006268939429,0.4248,1.0,1.0,1.0,1.0,5.0,6.0,2.8585,8.0,3.0,4.125
T,1,5105100000090309,-0.2995,1.0,1.0,1.0,1.0,3.0,5.0,1.8419,5.0,9.0,2.0625
T,1,4111114396255926,0.4938,1.0,1.0,1.0,1.0,0.0,4.0,2.6494,7.0,5.0,3.75
T,1,4111118206785444,0.2175,1.0,1.0,1.0,1.0,0.0,4.0,2.6494,8.0,5.0,3.5625
T,1,5105104501189313,-0.4015,1.0,1.0,1.0,1.0,3.0,5.0,2.555,7.0,5.0,2.9375
T,1,4111113905531793,0.129,1.0,1.0,1.0,1.0,0.0,4.0,2.4835,7.0,6.0,3.375
T,1,4242424034204885,0.2044,1.0,1.0,1.0,1.0,1.0,4.0,2.2806,6.0,6.0,3.5
T,1,4111113329078876,0.1557,1.0,1.0,1.0,1.0,0.0,4.0,2.8994,9.0,5.0,3.875
T,1,4532011273848537,-0.0286,1.0,1.0,1.0,1.0,2.0,4.0,2.9528,8.0,3.0,3.9375
T,1,5555554148112034,0.1979,1.0,1.0,1.0,1.0,4.0,5.0,2.4363,7.0,6.0,3.625
T,1,4532015753248795,0.1735,1.0,1.0,1.0,1.0,2.0,4.0,3.0,9.0,4.0,4.375
T,1,5105103806618794,-0.4672,1.0,1.0,1.0,1.0,3.0,5.0,3.0306,9.0,3.0,4.0
T,1,6011000273303473,-0.2796,1.0,1.0,1.0,1.0,5.0,6.0,2.5244,7.0,5.0,2.5
T,1,4111117435850433,-0.0512,1.0,1.0,1.0,1.0,0.0,4.0,2.555,7.0,5.0,3.1875
T,1,4242425646302553,0.1582,1.0,1.0,1.0,1.0,1.0,4.0,2.4528,6.0,4.0,3.5625
T,1,4242424411801907,-0.1932,1.0,1.0,1.0,1.0,1.0,4.0,2.555,7.0,5.0,3.3125
T,1,4242420383116076,-0.3163,1.0,1.0,1.0,1.0,1.0,4.0,2.9056,8.0,3.0,3.3125
T,1,4242420239130396,-0.0739,1.0,1.0,1.0,1.0,1.0,4.0,2.6556,7.0,4.0,3.375
T,1,4111117540036167,-0.1314,1.0,1.0,1.0,1.0,0.0,4.0,2.5306,7.0,6.0,3.0
T,1,6011000334998337,-0.0691,1.0,1.0,1.0,1.0,5.0,6.0,2.75,8.0,4.0,3.5625
T,1,5555552451235756,0.6399,1.0,1.0,1.0,1.0,4.0,5.0,2.0919,7.0,9.0,4.375
T,1,4111111567205458,-0.0728,1.0,1.0,1.0,1.0,0.0,4.0,2.6085,8.0,6.0,3.25
T,1,4111110534037226,-0.2847,1.0,1.0,1.0,1.0,0.0,4.0,2.7744,8.0,5.0,2.5625
T,1,5105105861625432,-0.3919,1.0,1.0,1.0,1.0,3.0,5.0,2.8278,8.0,4.0,3.375
T,1,4242428597394355,0.1526,1.0,1.0,1.0,1.0,1.0,4.0,2.6556,7.0,4.0,4.75
T,1,4111112104900262,-0.0112,1.0,1.0,1.0,1.0,0.0,4.0,2.3113,6.0,6.0,2.1875
T,1,4532015035276366,0.1702,1.0,1.0,1.0,1.0,2.0,4.0,2.8585,8.0,3.0,3.625
T,1,4242422126624051,0.1093,1.0,1.0,1.0,1.0,1.0,4.0,2.2806,6.0,6.0,2.9375
T,1,4242420127844520,-0.0683,1.0,1.0,1.0,1.0,1.0,4.0,2.4238,7.0,5.0,3.1875
T,1,4532013094461433,-0.0284,1.0,1.0,1.0,1.0,2.0,4.0,2.75,8.0,4.0,3.25
T,1,4242423727347910,-0.2132,1.0,1.0,1.0,1.0,1.0,4.0,2.5778,7.0,4.0,3.8125
T,1,4111114245124661,0.0615,1.0,1.0,1.0,1.0,0.0,4.0,2.0218,5.0,7.0,2.75
T,1,4111110707677303,-0.1468,1.0,1.0,1.0,1.0,0.0,4.0,2.3522,6.0,5.0,3.0625
T,1,5105109079203610,-0.4458,1.0,1.0,1.0,1.0,3.0,5.0,2.7272,8.0,5.0,3.0625
T,1,4111112099689847,0.1273,1.0,1.0,1.0,1.0,0.0,4.0,2.7272,8.0,5.0,4.4375
T,1,5555556385233423,0.1155,1.0,1.0,1.0,1.0,4.0,5.0,2.1468,6.0,7.0,4.3125
T,1,6011004909855781,0.2861,1.0,1.0,1.0,1.0,5.0,6.0,2.8278,8.0,4.0,4.0
T,1,4111117499167963,0.0446,1.0,1.0,1.0,1.0,0.0,4.0,2.3585,6.0,6.0,4.375
T,1,5105104948161610,0.1449,1.0,1.0,1.0,1.0,3.0,5.0,2.6022,7.0,5.0,3.25
T,1,4242420848828661,-0.598,1.0,1.0,1.0,1.0,1.0,4.0,2.375,6.0,4.0,4.3125
T,1,5105106874094368,-0.1326,1.0,1.0,1.0,1.0,3.0,5.0,3.0778,9.0,3.0,4.1875
T,1,4242429521808734,0.2606,1.0,1.0,1.0,1.0,1.0,4.0,2.875,9.0,4.0,4.0625
T,1,4111111370616495,-0.2005,1.0,1.0,1.0,1.0,0.0,4.0,2.5218,8.0,7.0,3.1875
T,1,4242429328885711,-0.1806,1.0,1.0,1.0,1.0,1.0,4.0,2.7806,8.0,4.0,4.375
T,1,4532010651399535,-0.1397,1.0,1.0,1.0,1.0,2.0,4.0,2.8278,8.0,4.0,3.8125
T,1,4242429183859132,0.1215,1.0,1.0,1.0,1.0,1.0,4.0,2.7028,7.0,4.0,4.1875
T,1,4111113013183446,-0.0539,1.0,1.0,1.0,1.0,0.0,4.0,2.1774,6.0,7.0,2.625
T,1,4242420119882231,-0.1932,1.0,1.0,1.0,1.0,1.0,4.0,2.555,7.0,5.0,3.3125
T,1,5105101998166358,0.0467,1.0,1.0,1.0,1.0,3.0,5.0,2.7028,7.0,4.0,4.25
T,1,4242424821665447,0.01,1.0,1.0,1.0,1.0,1.0,4.0,2.4056,7.0,6.0,4.0625
T,1,4111113759427015,-0.1672,1.0,1.0,1.0,1.0,0.0,4.0,2.6556,8.0,6.0,3.25
T,1,4242426986168687,-0.1558,1.0,1.0,1.0,1.0,1.0,4.0,2.6085,7.0,4.0,5.1875
T,1,4532015612805280,-0.0946,1.0,1.0,1.0,1.0,2.0,4.0,2.8585,8.0,3.0,3.25
T,1,5555553531601397,0.1034,1.0,1.0,1.0,1.0,4.0,5.0,2.3496,7.0,7.0,4.25
T,1,4532014120856216,-0.0593,1.0,1.0,1.0,1.0,2.0,4.0,2.9056,8.0,3.0,3.125
T,1,5105107223473790,-0.1728,1.0,1.0,1.0,1.0,3.0,5.0,2.9056,8.0,3.0,3.5
T,1,4111119369027137,-0.1785,1.0,1.0,1.0,1.0,0.0,4.0,2.6556,8.0,6.0,3.5
T,1,5555551939991287,-0.3057,1.0,1.0,1.0,1.0,4.0,5.0,2.4056,7.0,6.0,5.5
T,1,4242422244593774,-0.0017,1.0,1.0,1.0,1.0,1.0,4.0,2.18,6.0,6.0,4.0625
T,1,4111118693131912,0.3666,1.0,1.0,1.0,1.0,0.0,4.0,2.25,7.0,8.0,3.25
T,1,5105107359528680,-0.123,1.0,1.0,1.0,1.0,3.0,5.0,2.9528,9.0,4.0,4.0625
T,1,4111114509876931,-0.0268,1.0,1.0,1.0,1.0,0.0,4.0,2.7806,9.0,6.0,3.8125
T,1,4242429984983586,0.4018,1.0,1.0,1.0,1.0,1.0,4.0,2.6085,7.0,4.0,5.4375
T,1,6011002391289600,-0.3089,1.0,1.0,1.0,1.0,5.0,6.0,2.6022,7.0,5.0,3.0
T,1,4111111706210435,-0.3497,1.0,1.0,1.0,1.0,0.0,4.0,2.5218,8.0,7.0,2.375
T,1,4111113343709027,0.0878,1.0,1.0,1.0,1.0,0.0,4.0,2.6022,7.0,5.0,2.9375
T,1,4111112675642525,-0.1439,1.0,1.0,1.0,1.0,0.0,4.0,2.43,6.0,5.0,3.3125
T,1,4111117391174117,1.3449,1.0,1.0,1.0,1.0,0.0,4.0,1.7947,5.0,9.0,3.125
T,1,4242427219215964,0.1115,1.0,1.0,1.0,1.0,1.0,4.0,2.5244,7.0,5.0,4.0
T,1,5105106143398988,-0.2638,1.0,1.0,1.0,1.0,3.0,5.0,2.9056,8.0,3.0,4.4375
T,1,4242426250755037,0.2669,1.0,1.0,1.0,1.0,1.0,4.0,2.6556,7.0,4.0,3.625
T,1,4111116024584262,-0.3291,1.0,1.0,1.0,1.0,0.0,4.0,2.555,7.0,5.0,3.0
T,1,5105102375499602,-0.2472,1.0,1.0,1.0,1.0,3.0,5.0,3.0306,9.0,3.0,3.6875
T,1,4111116584055117,0.2325,1.0,1.0,1.0,1.0,0.0,4.0,2.3496,7.0,7.0,3.1875
T,1,4242424134712167,0.0962,1.0,1.0,1.0,1.0,1.0,4.0,2.3522,6.0,5.0,3.375
T,1,4111119329457531,-0.0223,1.0,1.0,1.0,1.0,0.0,4.0,2.5306,7.0,6.0,3.5625
T,1,4111111768818653,0.0571,1.0,1.0,1.0,1.0,0.0,4.0,2.3496,7.0,7.0,3.875
T,1,4242424356430241,0.0238,1.0,1.0,1.0,1.0,1.0,4.0,2.4056,7.0,6.0,3.125
T,1,4532010086666417,0.124,1.0,1.0,1.0,1.0,2.0,4.0,2.9528,9.0,4.0,3.6875
T,1,5555558007622173,0.1401,1.0,1.0,1.0,1.0,4.0,5.0,2.6556,8.0,6.0,4.125
T,1,4532010632410815,-0.1454,1.0,1.0,1.0,1.0,2.0,4.0,2.9056,8.0,3.0,2.8125
T,1,4111118699612337,0.0403,1.0,1.0,1.0,1.0,0.0,4.0,2.6556,8.0,6.0,3.9375
T,1,4111118052301312,0.3595,1.0,1.0,1.0,1.0,0.0,4.0,2.3968,7.0,7.0,2.125
T,1,4111112422192600,0.1316,1.0,1.0,1.0,1.0,0.0,4.0,2.2806,6.0,6.0,2.3125
T,1,4111111290708174,-0.1616,1.0,1.0,1.0,1.0,0.0,4.0,2.3968,7.0,7.0,3.0
T,1,5105105790030571,-0.1108,1.0,1.0,1.0,1.0,3.0,5.0,2.3522,6.0,5.0,3.0625
T,1,6011006351320255,-0.8957,1.0,1.0,1.0,1.0,5.0,6.0,2.5306,6.0,4.0,2.5
T,1,4111112790045547,0.2326,1.0,1.0,1.0,1.0,0.0,4.0,2.6022,7.0,5.0,3.25
T,1,4111117415969278,0.1396,1.0,1.0,1.0,1.0,0.0,4.0,2.6556,8.0,6.0,4.1875
T,1,5105102396964527,-0.4232,1.0,1.0,1.0,1.0,3.0,5.0,3.0778,9.0,3.0,4.0625
T,1,5555558761260376,0.7049,1.0,1.0,1.0,1.0,4.0,5.0,2.6085,8.0,6.0,4.75
T,1,4242427931331396,0.0023,1.0,1.0,1.0,1.0,1.0,4.0,2.6556,7.0,4.0,3.9375
T,1,6011006035840629,0.1996,1.0,1.0,1.0,1.0,5.0,6.0,2.8522,9.0,5.0,3.1875
T,1,4111118180897967,0.3963,1.0,1.0,1.0,1.0,0.0,4.0,2.4835,7.0,6.0,4.5
T,1,4111113884366047,0.3133,1.0,1.0,1.0,1.0,0.0,4.0,2.6022,7.0,5.0,3.625
T,1,4242427632655135,-0.0724,1.0,1.0,1.0,1.0,1.0,4.0,2.6556,7.0,4.0,3.8125
T,1,4111115376216259,-0.3644,1.0,1.0,1.0,1.0,0.0,4.0,2.6556,8.0,6.0,3.4375
T,1,6011001096882438,-0.1427,1.0,1.0,1.0,1.0,5.0,6.0,2.7806,8.0,4.0,3.5625
T,1,4111114493703406,-0.2453,1.0,1.0,1.0,1.0,0.0,4.0,2.5244,7.0,5.0,3.0625
T,1,4111113347014747,0.0466,1.0,1.0,1.0,1.0,0.0,4.0,2.1085,5.0,6.0,3.0625
T,1,4242425001101624,-0.7123,1.0,1.0,1.0,1.0,1.0,4.0,2.4056,6.0,4.0,2.375
T,1,4111115441074931,0.1162,1.0,1.0,1.0,1.0,0.0,4.0,2.2718,7.0,7.0,2.9375
T,1,4111113703179472,0.2421,1.0,1.0,1.0,1.0,0.0,4.0,2.4835,7.0,6.0,3.25
T,1,5105103175007967,0.2046,1.0,1.0,1.0,1.0,3.0,5.0,2.6085,7.0,4.0,3.5625
T,1,4242424858049846,-0.0902,1.0,1.0,1.0,1.0,1.0,4.0,2.4363,7.0,6.0,4.625
T,1,4111119507332845,-0.2241,1.0,1.0,1.0,1.0,0.0,4.0,2.8994,9.0,5.0,3.4375
T,1,5555557932161505,0.0501,1.0,1.0,1.0,1.0,4.0,5.0,2.375,8.0,8.0,4.3125
T,1,4532016683866557,0.2623,1.0,1.0,1.0,1.0,2.0,4.0,2.9528,9.0,4.0,4.6875
T,1,4242421838678918,0.4908,1.0,1.0,1.0,1.0,1.0,4.0,2.7806,8.0,4.0,4.8125
T,1,4242429321940513,0.1561,1.0,1.0,1.0,1.0,1.0,4.0,2.625,7.0,4.0,3.4375
T,1,4111118247799271,0.223,1.0,1.0,1.0,1.0,0.0,4.0,2.3585,6.0,6.0,4.0625
T,1,4111116941265722,0.1103,1.0,1.0,1.0,1.0,0.0,4.0,2.4835,7.0,6.0,3.3125
T,1,4242420873307326,0.0334,1.0,1.0,1.0,1.0,1.0,4.0,2.6556,7.0,4.0,3.5625
T,1,4111115216730410,-0.3497,1.0,1.0,1.0,1.0,0.0,4.0,2.5218,8.0,7.0,2.375
T,1,4242426979591911,0.3816,1.0,1.0,1.0,1.0,1.0,4.0,2.6085,7.0,4.0,4.6875
T,1,5105101645012252,-0.4468,1.0,1.0,1.0,1.0,3.0,5.0,2.4056,6.0,4.0,2.5
T,1,4111112494860225,-0.1073,1.0,1.0,1.0,1.0,0.0,4.0,2.68,8.0,5.0,3.1875
T,1,4242427777267472,1.3716,1.0,1.0,1.0,1.0,1.0,4.0,1.805,4.0,6.0,4.625
T,1,4111110375008500,-0.48,1.0,1.0,1.0,1.0,0.0,4.0,2.4238,7.0,5.0,2.3125
T,1,4111110497825955,0.018,1.0,1.0,1.0,1.0,0.0,4.0,2.7272,8.0,5.0,3.9375
T,1,4111115761818644,-0.0971,1.0,1.0,1.0,1.0,0.0,4.0,2.2246,6.0,7.0,3.6875
T,1,4111118222741645,-0.0138,1.0,1.0,1.0,1.0,0.0,4.0,2.4363,7.0,6.0,3.125
T,1,5555555215113953,0.4685,1.0,1.0,1.0,1.0,4.0,5.0,1.7947,5.0,9.0,4.0625
T,1,4111113122342313,-0.7205,1.0,1.0,1.0,1.0,0.0,4.0,1.8496,4.0,7.0,2.0625
T,1,4111117520996646,0.018,1.0,1.0,1.0,1.0,0.0,4.0,2.7272,8.0,5.0,3.9375
T,1,4532013324887860,0.108,1.0,1.0,1.0,1.0,2.0,4.0,3.0306,9.0,3.0,4.0
T,1,4532012519047595,-0.0696,1.0,1.0,1.0,1.0,2.0,4.0,2.875,8.0,4.0,3.875
T,1,4242428359502302,0.0889,1.0,1.0,1.0,1.0,1.0,4.0,2.6022,7.0,5.0,3.4375
T,1,4242424653254047,0.1629,1.0,1.0,1.0,1.0,1.0,4.0,2.4056,7.0,6.0,3.625
T,1,4111114893093788,0.2787,1.0,1.0,1.0,1.0,0.0,4.0,2.6022,7.0,5.0,4.25
T,1,4111110283120140,-0.9175,1.0,1.0,1.0,1.0,0.0,4.0,2.2246,6.0,7.0,1.875
T,1,4242426942795797,-0.3304,1.0,1.0,1.0,1.0,1.0,4.0,2.4056,6.0,4.0,5.1875
T,1,6011001976195885,0.5732,1.0,1.0,1.0,1.0,5.0,6.0,2.7028,7.0,4.0,4.1875
T,1,4111117380460626,-0.0294,1.0,1.0,1.0,1.0,0.0,4.0,2.7272,8.0,5.0,3.1875
T,1,4242425848889860,0.067,1.0,1.0,1.0,1.0,1.0,4.0,2.4772,7.0,5.0,5.125
T,1,4111110026950464,-0.3081,1.0,1.0,1.0,1.0,0.0,4.0,2.555,7.0,5.0,2.8125
T,1,4111111962190503,-0.2822,1.0,1.0,1.0,1.0,0.0,4.0,2.5218,8.0,7.0,2.8125
T,1,5105105665483863,0.1577,1.0,1.0,1.0,1.0,3.0,5.0,2.7028,7.0,4.0,4.125
T,1,4111117038932596,0.0199,1.0,1.0,1.0,1.0,0.0,4.0,3.0244,10.0,5.0,3.8125
T,1,4242425805957957,-0.385,1.0,1.0,1.0,1.0,1.0,4.0,2.6556,7.0,4.0,4.875
T,1,6011001296830104,-0.2258,1.0,1.0,1.0,1.0,5.0,6.0,2.6494,8.0,5.0,2.625
T,1,4242429976270380,-0.2026,1.0,1.0,1.0,1.0,1.0,4.0,2.8278,8.0,4.0,4.3125
T,1,4242426868519213,0.0143,1.0,1.0,1.0,1.0,1.0,4.0,2.8278,8.0,4.0,4.1875
T,1,6011007763804464,-0.0165,1.0,1.0,1.0,1.0,5.0,6.0,2.6556,7.0,4.0,3.5625
T,1,4111118387593617,0.2043,1.0,1.0,1.0,1.0,0.0,4.0,2.6556,8.0,6.0,4.125
T,1,5555557433913412,0.4385,1.0,1.0,1.0,1.0,4.0,5.0,2.4835,7.0,6.0,4.1875
T,1,4532016003044919,-0.0582,1.0,1.0,1.0,1.0,2.0,4.0,2.8278,8.0,4.0,3.1875
T,1,4111117070138060,0.1688,1.0,1.0,1.0,1.0,0.0,4.0,2.4056,7.0,6.0,2.5625
T,1,5105102971099160,-0.1093,1.0,1.0,1.0,1.0,3.0,5.0,2.5778,7.0,4.0,3.5
T,1,4242421623851498,0.1786,1.0,1.0,1.0,1.0,1.0,4.0,2.75,8.0,4.0,4.0625
T,1,4242424067602112,-0.1972,1.0,1.0,1.0,1.0,1.0,4.0,2.3994,6.0,5.0,2.9375
T,1,6011006420824352,0.2648,1.0,1.0,1.0,1.0,5.0,6.0,2.8278,8.0,4.0,2.75
T,1,4111111080093902,0.1688,1.0,1.0,1.0,1.0,0.0,4.0,2.4056,7.0,6.0,2.5625
T,1,4242427029168684,-0.1648,1.0,1.0,1.0,1.0,1.0,4.0,2.75,8.0,4.0,4.3125
T,1,4111111046139450,0.1006,1.0,1.0,1.0,1.0,0.0,4.0,2.3496,7.0,7.0,2.625
T,1,4111112281805276,-0.0728,1.0,1.0,1.0,1.0,0.0,4.0,2.6085,8.0,6.0,3.125
T,1,5555552564157509,0.7142,1.0,1.0,1.0,1.0,4.0,5.0,2.2169,8.0,9.0,4.625
T,1,5555559361305322,0.2529,1.0,1.0,1.0,1.0,4.0,5.0,2.3496,7.0,7.0,4.0
T,1,4111110186536426,-0.0728,1.0,1.0,1.0,1.0,0.0,4.0,2.6085,8.0,6.0,3.125
T,1,4111116307576373,-0.1408,1.0,1.0,1.0,1.0,0.0,4.0,2.555,7.0,5.0,3.5
T,1,4111115111202184,-0.6412,1.0,1.0,1.0,1.0,0.0,4.0,1.9669,6.0,9.0,2.125
T,1,4242428411645529,-0.0291,1.0,1.0,1.0,1.0,1.0,4.0,2.5244,7.0,5.0,3.9375
T,1,4532012735227690,0.3727,1.0,1.0,1.0,1.0,2.0,4.0,3.0,9.0,4.0,3.625
T,1,4111112150870773,-0.3442,1.0,1.0,1.0,1.0,0.0,4.0,2.6085,8.0,6.0,3.0625
T,1,4111114807505257,0.2326,1.0,1.0,1.0,1.0,0.0,4.0,2.6022,7.0,5.0,3.25
T,1,4242421152546303,-0.1915,1.0,1.0,1.0,1.0,1.0,4.0,2.625,7.0,4.0,3.0
T,1,4111118886974730,-0.0896,1.0,1.0,1.0,1.0,0.0,4.0,2.7272,8.0,5.0,4.3125
T,1,4242428518589083,-0.2014,1.0,1.0,1.0,1.0,1.0,4.0,2.7806,8.0,4.0,4.5625
T,1,6011000815194661,-0.3805,1.0,1.0,1.0,1.0,5.0,6.0,2.4772,7.0,5.0,3.0625
T,1,4111117633215108,0.2017,1.0,1.0,1.0,1.0,0.0,4.0,2.6468,9.0,7.0,2.8125
T,1,4111112698008548,-0.0905,1.0,1.0,1.0,1.0,0.0,4.0,2.7272,8.0,5.0,3.6875
T,1,4111110763955833,0.1942,1.0,1.0,1.0,1.0,0.0,4.0,2.8522,9.0,5.0,3.625
T,1,4532015334286470,0.1117,1.0,1.0,1.0,1.0,2.0,4.0,3.0306,9.0,3.0,3.5625
T,1,4242425778567502,0.0101,1.0,1.0,1.0,1.0,1.0,4.0,2.6085,7.0,4.0,4.375
T,1,4111118366451852,-0.0223,1.0,1.0,1.0,1.0,0.0,4.0,2.5306,7.0,6.0,3.5625
T,1,4532014314192261,-0.2773,1.0,1.0,1.0,1.0,2.0,4.0,2.7806,8.0,4.0,3.0
T,1,4111116453274401,-0.1983,1.0,1.0,1.0,1.0,0.0,4.0,2.5306,8.0,6.0,2.8125
T,1,5555550814496198,-0.1019,1.0,1.0,1.0,1.0,4.0,5.0,2.5306,7.0,6.0,5.0
T,1,4111112933872179,0.2926,1.0,1.0,1.0,1.0,0.0,4.0,2.5306,7.0,6.0,3.75
T,1,4242425721196573,0.1408,1.0,1.0,1.0,1.0,1.0,4.0,2.8278,8.0,4.0,4.0
T,1,4111118990749192,0.0362,1.0,1.0,1.0,1.0,0.0,4.0,2.4056,7.0,6.0,4.1875
T,1,5555553263292068,0.5559,1.0,1.0,1.0,1.0,4.0,5.0,2.4835,7.0,6.0,4.4375
T,1,4111111387375358,-0.1122,1.0,1.0,1.0,1.0,0.0,4.0,2.3585,6.0,6.0,3.6875
T,1,4111119572211841,0.0172,1.0,1.0,1.0,1.0,0.0,4.0,2.25,7.0,8.0,3.0625
T,1,4111115166318240,-0.2822,1.0,1.0,1.0,1.0,0.0,4.0,2.5218,8.0,7.0,2.8125
T,1,4111111589391518,-0.0224,1.0,1.0,1.0,1.0,0.0,4.0,2.125,6.0,8.0,3.6875
T,1,4111113749945845,0.1477,1.0,1.0,1.0,1.0,0.0,4.0,2.5244,7.0,5.0,4.1875
T,1,4111115343315515,-1.3363,1.0,1.0,1.0,1.0,0.0,4.0,1.8496,4.0,7.0,2.75
T,1,4532017730985168,-1.151,1.0,1.0,1.0,1.0,2.0,4.0,3.25,10.0,2.0,4.3125
T,1,5555556410512494,0.1701,1.0,1.0,1.0,1.0,4.0,5.0,2.3496,7.0,7.0,4.125
T,1,6011003268886445,0.0574,1.0,1.0,1.0,1.0,5.0,6.0,2.8585,8.0,3.0,3.875
T,0,6011004428165522,0.0001,1.0,1.0,1.0,1.0,5.0,6.0,2.7335,7.0,3.0,2.9375
T,0,4242425761492742,-0.1523,1.0,1.0,1.0,1.0,1.0,4.0,2.4238,7.0,5.0,4.0625
T,0,4242426695475852,0.2222,1.0,1.0,1.0,1.0,1.0,4.0,2.5778,7.0,4.0,4.6875
T,0,4111114561470839,-0.0618,1.0,1.0,1.0,1.0,0.0,4.0,2.7335,9.0,6.0,3.5
T,0,6011001489139982,-0.1743,1.0,1.0,1.0,1.0,5.0,6.0,2.7806,8.0,4.0,3.875
T,0,4111119791343854,0.2653,1.0,1.0,1.0,1.0,0.0,4.0,2.4835,7.0,6.0,3.875
T,0,4111112603255192,0.0031,1.0,1.0,1.0,1.0,0.0,4.0,2.6085,8.0,6.0,2.75
T,0,4111112466164424,-0.4331,1.0,1.0,1.0,1.0,0.0,4.0,1.8829,4.0,6.0,3.0
T,0,5105107801267432,0.1218,1.0,1.0,1.0,1.0,3.0,5.0,3.0306,9.0,3.0,3.25
T,0,4111116591577848,0.2058,1.0,1.0,1.0,1.0,0.0,4.0,2.5306,7.0,6.0,4.3125
T,0,4242428568063963,-0.2095,1.0,1.0,1.0,1.0,1.0,4.0,2.8585,8.0,3.0,4.5
T,0,5555557154596248,-0.8999,1.0,1.0,1.0,1.0,4.0,5.0,2.375,8.0,8.0,5.0625
T,0,4111117630048528,0.024,1.0,1.0,1.0,1.0,0.0,4.0,2.8994,9.0,5.0,3.25
T,0,4242423795756570,-0.205,1.0,1.0,1.0,1.0,1.0,4.0,2.8113,8.0,3.0,4.5
T,0,4242424484292190,-0.0138,1.0,1.0,1.0,1.0,1.0,4.0,2.18,6.0,6.0,3.8125
T,0,4111112003132488,-0.0492,1.0,1.0,1.0,1.0,0.0,4.0,2.4056,6.0,6.0,2.5
T,0,5555554294650647,0.4122,1.0,1.0,1.0,1.0,4.0,5.0,2.3496,7.0,7.0,4.8125
T,0,5555554428231074,0.445,1.0,1.0,1.0,1.0,4.0,5.0,2.6085,8.0,6.0,4.0625
T,0,4532018774268727,0.0961,1.0,1.0,1.0,1.0,2.0,4.0,2.9528,9.0,4.0,4.5625
T,0,5105106714918420,-0.2842,1.0,1.0,1.0,1.0,3.0,5.0,2.9528,9.0,4.0,3.375
T,0,4532019402705288,0.0736,1.0,1.0,1.0,1.0,2.0,4.0,3.0306,9.0,3.0,3.75
T,0,4111113678576470,0.018,1.0,1.0,1.0,1.0,0.0,4.0,2.7272,8.0,5.0,3.875
T,0,4111117718868300,0.0948,1.0,1.0,1.0,1.0,0.0,4.0,2.4835,7.0,6.0,3.5625
T,0,4242429624763281,0.3125,1.0,1.0,1.0,1.0,1.0,4.0,2.6494,8.0,5.0,4.125
T,0,4111114614459839,-0.0037,1.0,1.0,1.0,1.0,0.0,4.0,2.4056,7.0,6.0,3.875
T,0,4532010265333375,-0.0755,1.0,1.0,1.0,1.0,2.0,4.0,2.7272,8.0,5.0,3.25
T,0,4532017230881487,-0.0286,1.0,1.0,1.0,1.0,2.0,4.0,2.9528,8.0,3.0,3.9375
T,0,4111112580347319,-0.0203,1.0,1.0,1.0,1.0,0.0,4.0,2.7806,9.0,6.0,3.1875
T,0,5105100206113301,-0.4066,1.0,1.0,1.0,1.0,3.0,5.0,2.2988,6.0,5.0,1.8125
T,0,4242426085820535,0.163,1.0,1.0,1.0,1.0,1.0,4.0,2.6556,7.0,4.0,3.75
T,0,4111117165314337,-0.1514,1.0,1.0,1.0,1.0,0.0,4.0,2.2246,6.0,7.0,3.0625
T,0,4242429576194352,-0.1648,1.0,1.0,1.0,1.0,1.0,4.0,2.75,8.0,4.0,4.3125
T,0,5555556416950771,0.4402,1.0,1.0,1.0,1.0,4.0,5.0,2.3968,7.0,7.0,4.75
T,0,4242426764444755,-0.0337,1.0,1.0,1.0,1.0,1.0,4.0,2.0996,5.0,7.0,4.375
T,0,4111111281832272,0.2362,1.0,1.0,1.0,1.0,0.0,4.0,2.1468,6.0,7.0,2.8125
T,0,4242422119047138,-0.2399,1.0,1.0,1.0,1.0,1.0,4.0,2.7028,8.0,4.0,3.375
T,0,6011003437763087,0.0412,1.0,1.0,1.0,1.0,5.0,6.0,2.6556,7.0,4.0,3.5
T,0,5105100163015838,0.2211,1.0,1.0,1.0,1.0,3.0,5.0,2.4528,6.0,4.0,2.9375
T,0,4111118016423822,0.1862,1.0,1.0,1.0,1.0,0.0,4.0,2.4835,7.0,6.0,2.8125
T,0,4111119454391661,-0.1219,1.0,1.0,1.0,1.0,0.0,4.0,2.2246,6.0,7.0,3.5625
T,0,4111112265276197,0.1525,1.0,1.0,1.0,1.0,0.0,4.0,2.4835,7.0,6.0,3.5
T,0,4242422900492543,0.238,1.0,1.0,1.0,1.0,1.0,4.0,2.2988,6.0,5.0,3.5
T,0,4532015043496709,-0.0437,1.0,1.0,1.0,1.0,2.0,4.0,3.0306,9.0,3.0,3.875
T,0,5555550651860274,0.0954,1.0,1.0,1.0,1.0,4.0,5.0,2.5218,8.0,7.0,4.3125
T,0,4242424702429590,0.2646,1.0,1.0,1.0,1.0,1.0,4.0,2.2988,6.0,5.0,3.75
T,0,4242420852484542,-0.0103,1.0,1.0,1.0,1.0,1.0,4.0,2.055,5.0,6.0,3.75
T,0,5555554697633299,0.4368,1.0,1.0,1.0,1.0,4.0,5.0,2.4835,7.0,6.0,5.5
T,0,4532015750726405,0.0144,1.0,1.0,1.0,1.0,2.0,4.0,2.8278,8.0,4.0,3.5
T,0,4111118355303163,0.0446,1.0,1.0,1.0,1.0,0.0,4.0,2.4056,7.0,6.0,2.875
T,0,4242421360755704,0.0402,1.0,1.0,1.0,1.0,1.0,4.0,2.8278,8.0,4.0,3.5
T,0,4111112241555136,0.1,1.0,1.0,1.0,1.0,0.0,4.0,2.2246,6.0,7.0,2.6875
T,0,4532015513236809,0.1117,1.0,1.0,1.0,1.0,2.0,4.0,3.0306,9.0,3.0,3.5625
T,0,4532012105535458,0.2385,1.0,1.0,1.0,1.0,2.0,4.0,2.6494,7.0,5.0,3.3125
T,0,4111117657334355,-0.2589,1.0,1.0,1.0,1.0,0.0,4.0,2.43,6.0,5.0,3.5625
T,0,4111114754989918,-0.0167,1.0,1.0,1.0,1.0,0.0,4.0,2.3113,6.0,6.0,4.5625
T,0,4242423098580073,-0.1676,1.0,1.0,1.0,1.0,1.0,4.0,2.8585,8.0,3.0,3.8125
T,0,5555555820098193,0.4402,1.0,1.0,1.0,1.0,4.0,5.0,2.3968,7.0,7.0,4.6875
T,0,4111117570889998,-0.3963,1.0,1.0,1.0,1.0,0.0,4.0,2.555,7.0,5.0,4.9375
T,0,5105104535624855,-0.2138,1.0,1.0,1.0,1.0,3.0,5.0,2.6556,8.0,6.0,3.6875
T,0,4532010329039158,-0.3088,1.0,1.0,1.0,1.0,2.0,4.0,2.9056,8.0,3.0,3.4375
T,0,4111113242555711,0.0927,1.0,1.0,1.0,1.0,0.0,4.0,2.2246,6.0,7.0,2.75
T,0,4111112831429734,0.2421,1.0,1.0,1.0,1.0,0.0,4.0,2.4835,7.0,6.0,3.25
T,0,4532010506279387,0.0954,1.0,1.0,1.0,1.0,2.0,4.0,3.2028,10.0,3.0,3.875
T,0,4242421643717711,0.048,1.0,1.0,1.0,1.0,1.0,4.0,2.4056,6.0,4.0,3.5
T,0,4111112819601320,-0.1696,1.0,1.0,1.0,1.0,0.0,4.0,2.5218,8.0,7.0,2.5625
T,0,4242423733733566,-0.0995,1.0,1.0,1.0,1.0,1.0,4.0,2.43,6.0,5.0,4.0
T,0,5555559636574827,0.6693,1.0,1.0,1.0,1.0,4.0,5.0,2.5218,8.0,7.0,5.4375
T,0,4111118921267751,-0.0788,1.0,1.0,1.0,1.0,0.0,4.0,2.5218,8.0,7.0,3.5625
T,0,4242425197172694,-0.0476,1.0,1.0,1.0,1.0,1.0,4.0,2.625,7.0,4.0,4.3125
T,0,4111114589005930,0.2326,1.0,1.0,1.0,1.0,0.0,4.0,2.6022,7.0,5.0,3.25
T,0,4242421730745658,0.3565,1.0,1.0,1.0,1.0,1.0,4.0,2.9528,9.0,4.0,4.0
T,0,5105104753749426,-0.5463,1.0,1.0,1.0,1.0,3.0,5.0,3.0306,9.0,3.0,3.9375
T,0,4242426506368593,-0.2564,1.0,1.0,1.0,1.0,1.0,4.0,2.8585,8.0,3.0,4.3125
T,0,4111116068385352,-0.1191,1.0,1.0,1.0,1.0,0.0,4.0,2.7744,8.0,5.0,3.4375
T,0,4111115065936142,-0.1672,1.0,1.0,1.0,1.0,0.0,4.0,2.6556,8.0,6.0,3.125
T,0,5105103113338821,-0.0714,1.0,1.0,1.0,1.0,3.0,5.0,2.3994,6.0,5.0,2.8125
T,0,4242425724835318,0.3608,1.0,1.0,1.0,1.0,1.0,4.0,2.625,7.0,4.0,4.0
T,0,4242429155994578,-0.2772,1.0,1.0,1.0,1.0,1.0,4.0,2.6085,7.0,4.0,5.0
T,0,4532013913605202,0.0701,1.0,1.0,1.0,1.0,2.0,4.0,2.8585,8.0,3.0,2.875
T,0,4242427359638371,0.1226,1.0,1.0,1.0,1.0,1.0,4.0,2.9835,9.0,3.0,4.375
T,0,4111110281775127,-0.117,1.0,1.0,1.0,1.0,0.0,4.0,2.3496,7.0,7.0,3.0625
T,0,4242420143653913,-0.3006,1.0,1.0,1.0,1.0,1.0,4.0,2.7806,8.0,4.0,3.3125
T,0,4111115398565394,0.3974,1.0,1.0,1.0,1.0,0.0,4.0,2.6022,7.0,5.0,4.125
T,0,4532011021610197,0.8784,1.0,1.0,1.0,1.0,2.0,4.0,2.8522,9.0,5.0,2.6875
T,0,4242420837175827,0.0604,1.0,1.0,1.0,1.0,1.0,4.0,2.7806,8.0,4.0,4.125
T,0,4111114605222576,-0.0453,1.0,1.0,1.0,1.0,0.0,4.0,2.6022,7.0,5.0,3.0
T,0,5105109978482653,-0.0577,1.0,1.0,1.0,1.0,3.0,5.0,3.2028,10.0,3.0,4.5625
T,0,4532013700916705,-0.2043,1.0,1.0,1.0,1.0,2.0,4.0,3.0,9.0,4.0,3.3125
T,0,5105102520647154,-0.2901,1.0,1.0,1.0,1.0,3.0,5.0,2.6556,7.0,4.0,3.0
T,0,6011000999996972,0.4324,1.0,1.0,1.0,1.0,5.0,6.0,2.2806,6.0,6.0,4.8125
T,0,4242425093258464,0.3572,1.0,1.0,1.0,1.0,1.0,4.0,2.6494,8.0,5.0,4.0
T,0,5105102826819432,-0.1954,1.0,1.0,1.0,1.0,3.0,5.0,3.0306,9.0,3.0,3.5625
T,0,5105100019774836,0.0924,1.0,1.0,1.0,1.0,3.0,5.0,2.9528,9.0,4.0,3.5625
T,0,4111114915335134,-0.011,1.0,1.0,1.0,1.0,0.0,4.0,2.0524,5.0,7.0,2.9375
T,0,4111117224487793,-0.0805,1.0,1.0,1.0,1.0,0.0,4.0,2.555,7.0,5.0,3.875
T,0,4111112635110043,0.3595,1.0,1.0,1.0,1.0,0.0,4.0,2.3968,7.0,7.0,2.125
T,0,4242428314493621,-0.0634,1.0,1.0,1.0,1.0,1.0,4.0,2.5244,7.0,5.0,3.6875
T,0,4111111049483970,0.129,1.0,1.0,1.0,1.0,0.0,4.0,2.4835,7.0,6.0,3.375
T,0,4242422842135275,-0.0706,1.0,1.0,1.0,1.0,1.0,4.0,2.4056,7.0,6.0,3.5625
T,0,4242428604011240,0.0734,1.0,1.0,1.0,1.0,1.0,4.0,2.3522,6.0,5.0,2.75
T,0,4242420520846619,-0.0356,1.0,1.0,1.0,1.0,1.0,4.0,2.75,8.0,4.0,3.6875
T,0,4111116736048440,0.0737,1.0,1.0,1.0,1.0,0.0,4.0,2.5244,7.0,5.0,3.1875
T,0,5105107583779380,-0.2633,1.0,1.0,1.0,1.0,3.0,5.0,2.7335,7.0,3.0,4.3125
T,0,5105102802843067,-0.11,1.0,1.0,1.0,1.0,3.0,5.0,3.0,9.0,4.0,3.25
T,0,4242428639114464,0.3818,1.0,1.0,1.0,1.0,1.0,4.0,2.4835,7.0,6.0,4.0
T,0,4111117037591880,-0.1175,1.0,1.0,1.0,1.0,0.0,4.0,2.6556,8.0,6.0,3.5625
T,0,4532017545910906,-0.1455,1.0,1.0,1.0,1.0,2.0,4.0,3.0306,9.0,3.0,3.8125
T,0,4111118540056783,-0.1191,1.0,1.0,1.0,1.0,0.0,4.0,2.7744,8.0,5.0,3.4375
T,0,4532018450732848,0.0853,1.0,1.0,1.0,1.0,2.0,4.0,2.9056,8.0,3.0,4.0
T,0,5555551574886065,-0.3964,1.0,1.0,1.0,1.0,4.0,5.0,2.25,7.0,8.0,5.0
T,0,4532019478579930,0.4202,1.0,1.0,1.0,1.0,2.0,4.0,3.0778,9.0,3.0,4.75
T,0,4111118740488430,0.0409,1.0,1.0,1.0,1.0,0.0,4.0,2.3522,6.0,5.0,3.4375
T,0,4532014987521697,-1.6354,1.0,1.0,1.0,1.0,2.0,4.0,3.25,10.0,2.0,4.5625
T,0,4242427040172475,0.078,1.0,1.0,1.0,1.0,1.0,4.0,2.3522,6.0,5.0,3.4375
T,0,4111118684488495,-0.5955,1.0,1.0,1.0,1.0,0.0,4.0,2.2744,6.0,5.0,4.5625
T,0,4532017957308144,0.2075,1.0,1.0,1.0,1.0,2.0,4.0,3.0778,9.0,3.0,3.9375
T,0,4242421406140028,0.0734,1.0,1.0,1.0,1.0,1.0,4.0,2.3522,6.0,5.0,2.75
T,0,4242425571872216,0.126,1.0,1.0,1.0,1.0,1.0,4.0,2.6022,7.0,5.0,3.875
T,0,5555551363182973,0.1984,1.0,1.0,1.0,1.0,4.0,5.0,2.6085,8.0,6.0,4.5625
T,0,5105108689861312,-0.0454,1.0,1.0,1.0,1.0,3.0,5.0,2.8278,8.0,4.0,4.0
T,0,4242423473303992,-0.3199,1.0,1.0,1.0,1.0,1.0,4.0,2.375,6.0,4.0,3.8125
T,0,4111117035194117,0.184,1.0,1.0,1.0,1.0,0.0,4.0,2.25,7.0,8.0,2.9375
T,0,4242420226735983,0.1178,1.0,1.0,1.0,1.0,1.0,4.0,2.8522,9.0,5.0,3.9375
T,0,5555557341229026,0.5046,1.0,1.0,1.0,1.0,4.0,5.0,2.7335,9.0,6.0,4.125
T,0,4111113420722893,-0.2214,1.0,1.0,1.0,1.0,0.0,4.0,2.7272,8.0,5.0,3.0625
T,0,4242425316417699,-0.2026,1.0,1.0,1.0,1.0,1.0,4.0,2.8278,8.0,4.0,4.3125
T,0,4242429607853232,0.1178,1.0,1.0,1.0,1.0,1.0,4.0,2.8522,9.0,5.0,3.9375
T,0,4242421108295591,-0.032,1.0,1.0,1.0,1.0,1.0,4.0,2.6556,7.0,4.0,3.6875
T,0,4111111877126139,-0.5144,1.0,1.0,1.0,1.0,0.0,4.0,2.375,8.0,8.0,3.375
T,0,4111119297632008,-0.2241,1.0,1.0,1.0,1.0,0.0,4.0,2.8994,9.0,5.0,3.4375
T,0,4111119749666877,-0.359,1.0,1.0,1.0,1.0,0.0,4.0,2.43,6.0,5.0,4.875
T,0,4242426770424452,-0.048,1.0,1.0,1.0,1.0,1.0,4.0,2.18,6.0,6.0,3.6875
T,0,6011009354926334,0.0097,1.0,1.0,1.0,1.0,5.0,6.0,2.9056,8.0,3.0,3.5
T,0,4111110595167102,-0.2822,1.0,1.0,1.0,1.0,0.0,4.0,2.5218,8.0,7.0,2.8125
T,0,4532014422687764,0.3565,1.0,1.0,1.0,1.0,2.0,4.0,2.9528,9.0,4.0,4.0625
T,0,4111114669354943,-0.0807,1.0,1.0,1.0,1.0,0.0,4.0,2.3994,6.0,5.0,3.875
T,0,4532017366151572,0.1944,1.0,1.0,1.0,1.0,2.0,4.0,2.9056,8.0,3.0,3.625
T,0,4111119041875606,-0.3644,1.0,1.0,1.0,1.0,0.0,4.0,2.6556,8.0,6.0,3.4375
T,0,5105103183391817,0.195,1.0,1.0,1.0,1.0,3.0,5.0,2.6022,7.0,5.0,3.5
T,0,4111118622001129,0.2158,1.0,1.0,1.0,1.0,0.0,4.0,2.3496,7.0,7.0,2.5
T,0,6011007370720285,-0.4415,1.0,1.0,1.0,1.0,5.0,6.0,2.7272,8.0,5.0,3.0625
T,0,5105109080873815,0.0988,1.0,1.0,1.0,1.0,3.0,5.0,2.6085,7.0,4.0,3.8125
T,0,4242423680538620,0.0461,1.0,1.0,1.0,1.0,1.0,4.0,2.7028,7.0,4.0,3.6875
T,0,4532013063715553,-0.1856,1.0,1.0,1.0,1.0,2.0,4.0,2.75,8.0,4.0,3.3125
T,0,5105109774504015,0.3451,1.0,1.0,1.0,1.0,3.0,5.0,2.4528,6.0,4.0,3.375
T,0,4111117572982908,0.2895,1.0,1.0,1.0,1.0,0.0,4.0,2.7744,8.0,5.0,4.125
T,0,5555559313716824,0.2752,1.0,1.0,1.0,1.0,4.0,5.0,2.7806,9.0,6.0,4.625
T,0,5105109018174799,0.0386,1.0,1.0,1.0,1.0,3.0,5.0,2.6556,7.0,4.0,4.1875
T,0,5555559846413204,0.6203,1.0,1.0,1.0,1.0,4.0,5.0,2.7335,9.0,6.0,4.4375
T,0,4242424662034075,-0.0678,1.0,1.0,1.0,1.0,1.0,4.0,2.5244,7.0,5.0,3.4375
T,0,5105102210641277,0.2841,1.0,1.0,1.0,1.0,3.0,5.0,2.6556,7.0,4.0,2.75
T,0,4532012149337531,-0.2663,1.0,1.0,1.0,1.0,2.0,4.0,2.8278,8.0,4.0,3.3125
T,0,4111119835786118,0.3022,1.0,1.0,1.0,1.0,0.0,4.0,2.4746,8.0,7.0,4.0625
T,0,4111112826825144,0.3342,1.0,1.0,1.0,1.0,0.0,4.0,2.3113,6.0,6.0,3.1875
T,0,4111110418982638,0.2898,1.0,1.0,1.0,1.0,0.0,4.0,2.6085,8.0,6.0,3.625
T,0,4242424469319489,0.2981,1.0,1.0,1.0,1.0,1.0,4.0,2.4363,7.0,6.0,4.6875
T,0,4111117588658732,0.0832,1.0,1.0,1.0,1.0,0.0,4.0,2.7272,8.0,5.0,4.25
T,0,4532012117588040,-0.1081,1.0,1.0,1.0,1.0,2.0,4.0,2.9056,8.0,3.0,3.1875
T,0,5555551556888261,0.5813,1.0,1.0,1.0,1.0,4.0,5.0,1.9528,5.0,8.0,5.0
T,0,4242422323391942,0.0023,1.0,1.0,1.0,1.0,1.0,4.0,2.1085,5.0,6.0,3.5
T,0,4111119506482542,-0.2084,1.0,1.0,1.0,1.0,0.0,4.0,2.7272,8.0,5.0,3.375
T,0,6011002236416343,-0.9708,1.0,1.0,1.0,1.0,5.0,6.0,2.5613,6.0,3.0,2.625
T,0,6011004329534727,0.3371,1.0,1.0,1.0,1.0,5.0,6.0,3.0778,9.0,3.0,3.375
T,0,4111118767912635,0.3611,1.0,1.0,1.0,1.0,0.0,4.0,2.7806,9.0,6.0,3.9375
T,0,4111116292139104,0.0388,1.0,1.0,1.0,1.0,0.0,4.0,2.3968,7.0,7.0,2.875
T,0,4111114156187004,0.0916,1.0,1.0,1.0,1.0,0.0,4.0,2.3496,7.0,7.0,2.8125
T,0,4111115536205127,-0.1026,1.0,1.0,1.0,1.0,0.0,4.0,2.6085,8.0,6.0,2.8125
T,0,4242423853623381,0.0221,1.0,1.0,1.0,1.0,1.0,4.0,2.5778,7.0,4.0,3.75
T,0,4111115112138379,-0.6515,1.0,1.0,1.0,1.0,0.0,4.0,2.375,8.0,8.0,3.0625
T,0,5105107377412362,-0.471,1.0,1.0,1.0,1.0,3.0,5.0,2.9056,8.0,3.0,3.375
T,0,5555557761191656,0.2684,1.0,1.0,1.0,1.0,4.0,5.0,2.0524,5.0,7.0,4.9375
T,0,4111113606980950,-0.2266,1.0,1.0,1.0,1.0,0.0,4.0,2.7272,8.0,5.0,3.4375
T,0,4111113035633733,0.2169,1.0,1.0,1.0,1.0,0.0,4.0,2.305,7.0,6.0,2.8125
T,0,4111116958562649,0.1059,1.0,1.0,1.0,1.0,0.0,4.0,2.6022,7.0,5.0,4.3125
T,0,4111118613774338,-0.1122,1.0,1.0,1.0,1.0,0.0,4.0,2.3585,6.0,6.0,3.6875
T,0,4111113167531010,-0.4932,1.0,1.0,1.0,1.0,0.0,4.0,2.25,7.0,8.0,2.25
T,0,6011005031589164,-0.2411,1.0,1.0,1.0,1.0,5.0,6.0,2.75,8.0,4.0,3.125
T,0,4111110198113248,0.0813,1.0,1.0,1.0,1.0,0.0,4.0,2.25,7.0,8.0,2.875
T,0,4242429704219329,0.1083,1.0,1.0,1.0,1.0,1.0,4.0,2.4772,7.0,5.0,4.0
T,0,4111116461073951,-0.2005,1.0,1.0,1.0,1.0,0.0,4.0,2.5218,8.0,7.0,3.1875
T,0,4111114998122797,0.0754,1.0,1.0,1.0,1.0,0.0,4.0,2.3585,6.0,6.0,4.1875
T,0,4242424518879988,0.1135,1.0,1.0,1.0,1.0,1.0,4.0,2.5778,7.0,4.0,5.3125
T,0,4111118287667784,-0.2166,1.0,1.0,1.0,1.0,0.0,4.0,2.43,6.0,5.0,4.5
T,0,4242424020284826,-0.1161,1.0,1.0,1.0,1.0,1.0,4.0,2.055,5.0,6.0,3.375
T,0,4111113167202273,0.1837,1.0,1.0,1.0,1.0,0.0,4.0,2.4835,7.0,6.0,2.625
T,0,6011001100304437,-1.344,1.0,1.0,1.0,1.0,5.0,6.0,2.2806,6.0,6.0,1.9375
T,0,4111117330987264,0.1725,1.0,1.0,1.0,1.0,0.0,4.0,2.8994,9.0,5.0,3.625
T,0,6011001704444282,-0.2222,1.0,1.0,1.0,1.0,5.0,6.0,2.5778,7.0,4.0,2.75
T,0,4111117658343082,-0.2241,1.0,1.0,1.0,1.0,0.0,4.0,2.8994,9.0,5.0,3.4375
T,0,4242420532329380,-0.1932,1.0,1.0,1.0,1.0,1.0,4.0,2.555,7.0,5.0,3.3125
T,0,4111115778975759,-0.4617,1.0,1.0,1.0,1.0,0.0,4.0,2.3522,6.0,5.0,4.875
T,0,4111117771922663,0.1196,1.0,1.0,1.0,1.0,0.0,4.0,2.4835,7.0,6.0,3.6875
T,0,5555553221282284,0.0742,1.0,1.0,1.0,1.0,4.0,5.0,2.18,6.0,6.0,4.0
T,0,4532017390981416,0.168,1.0,1.0,1.0,1.0,2.0,4.0,3.2028,10.0,3.0,3.9375
T,0,4242422016351203,-0.1067,1.0,1.0,1.0,1.0,1.0,4.0,2.6022,7.0,5.0,2.5625
T,0,4111110359749228,0.1725,1.0,1.0,1.0,1.0,0.0,4.0,2.8994,9.0,5.0,3.625
T,0,4111110741565258,-0.0728,1.0,1.0,1.0,1.0,0.0,4.0,2.6085,8.0,6.0,3.25
T,0,4111115790299709,0.2024,1.0,1.0,1.0,1.0,0.0,4.0,2.5244,7.0,5.0,4.125
T,0,4111115671822579,-0.1066,1.0,1.0,1.0,1.0,0.0,4.0,2.6556,8.0,6.0,3.8125
T,0,4111119364969143,0.4293,1.0,1.0,1.0,1.0,0.0,4.0,2.1863,5.0,6.0,3.9375
T,0,4242426745200276,-0.095,1.0,1.0,1.0,1.0,1.0,4.0,2.3994,6.0,5.0,3.5625
T,0,4111113705484151,0.1006,1.0,1.0,1.0,1.0,0.0,4.0,2.3496,7.0,7.0,2.9375
T,0,5555558301963000,0.2221,1.0,1.0,1.0,1.0,4.0,5.0,2.4056,7.0,6.0,3.75
T,0,4111114391840623,-0.3442,1.0,1.0,1.0,1.0,0.0,4.0,2.6085,8.0,6.0,3.0625
T,0,4532014877616813,0.2292,1.0,1.0,1.0,1.0,2.0,4.0,3.0778,9.0,3.0,4.125
T,0,6011003502377342,0.2648,1.0,1.0,1.0,1.0,5.0,6.0,2.8278,8.0,4.0,2.75
T,0,5555550357256033,-0.3428,1.0,1.0,1.0,1.0,4.0,5.0,2.0778,6.0,8.0,4.0
T,0,5105104332716938,-0.449,1.0,1.0,1.0,1.0,3.0,5.0,3.1556,10.0,3.0,3.625
T,0,4242422302650953,0.0884,1.0,1.0,1.0,1.0,1.0,4.0,2.6022,7.0,5.0,3.3125
T,0,4111110921152778,-0.2005,1.0,1.0,1.0,1.0,0.0,4.0,2.5218,8.0,7.0,3.1875
T,0,5105109464852039,-0.5492,1.0,1.0,1.0,1.0,3.0,5.0,3.0306,9.0,3.0,3.875
T,0,4242423051859175,0.0899,1.0,1.0,1.0,1.0,1.0,4.0,2.9835,9.0,3.0,3.875
T,0,4111119758331827,-0.0319,1.0,1.0,1.0,1.0,0.0,4.0,2.6556,8.0,6.0,3.875
T,0,5105104469675345,-0.0454,1.0,1.0,1.0,1.0,3.0,5.0,2.8278,8.0,4.0,4.0625
T,0,4532016549688740,0.2948,1.0,1.0,1.0,1.0,2.0,4.0,3.2028,10.0,3.0,4.5
T,0,4111117570063784,-0.076,1.0,1.0,1.0,1.0,0.0,4.0,2.7272,8.0,5.0,3.5
T,0,5555555992790734,-0.101,1.0,1.0,1.0,1.0,4.0,5.0,2.3496,7.0,7.0,5.3125
T,0,4242423822134874,0.2646,1.0,1.0,1.0,1.0,1.0,4.0,2.2988,6.0,5.0,3.75
T,0,4242429543315650,-0.1092,1.0,1.0,1.0,1.0,1.0,4.0,2.7806,8.0,4.0,3.6875
T,0,4111119589662085,0.2348,1.0,1.0,1.0,1.0,0.0,4.0,2.7744,8.0,5.0,4.1875
T,0,6011003419557002,0.7733,1.0,1.0,1.0,1.0,5.0,6.0,2.8522,9.0,5.0,2.75
T,0,4111114447062123,0.0537,1.0,1.0,1.0,1.0,0.0,4.0,2.4056,7.0,6.0,2.625
T,0,4111119732032897,0.017,1.0,1.0,1.0,1.0,0.0,4.0,2.7744,8.0,5.0,3.6875
T,0,6011003575711856,0.0412,1.0,1.0,1.0,1.0,5.0,6.0,2.6556,7.0,4.0,3.5
T,0,4111112253434782,-0.3702,1.0,1.0,1.0,1.0,0.0,4.0,2.555,7.0,5.0,3.0625
T,0,4242428687861248,-0.1583,1.0,1.0,1.0,1.0,1.0,4.0,2.375,6.0,4.0,4.75
T,0,4242420964452171,0.2932,1.0,1.0,1.0,1.0,1.0,4.0,2.6494,8.0,5.0,3.5625
T,0,5105101867500703,-0.6434,1.0,1.0,1.0,1.0,3.0,5.0,2.555,7.0,5.0,3.0625
T,0,4111118756902381,-0.0584,1.0,1.0,1.0,1.0,0.0,4.0,2.9056,10.0,6.0,3.625
T,0,5555559191629495,0.004,1.0,1.0,1.0,1.0,4.0,5.0,2.1468,6.0,7.0,5.3125
T,0,5105101498673192,-0.2537,1.0,1.0,1.0,1.0,3.0,5.0,3.125,10.0,4.0,3.875
T,0,4242424872904844,0.0142,1.0,1.0,1.0,1.0,1.0,4.0,2.1468,6.0,7.0,4.25
T,0,5105101618505738,-0.1093,1.0,1.0,1.0,1.0,3.0,5.0,2.5778,7.0,4.0,3.5
T,0,4532013085585513,0.3906,1.0,1.0,1.0,1.0,2.0,4.0,2.6022,7.0,5.0,3.625
T,0,6011004285869497,0.4829,1.0,1.0,1.0,1.0,5.0,6.0,3.0778,9.0,3.0,4.375
T,0,4242420384818464,-0.0514,1.0,1.0,1.0,1.0,1.0,4.0,2.4363,7.0,6.0,4.0
T,0,5105104703895931,-0.2841,1.0,1.0,1.0,1.0,3.0,5.0,2.8585,8.0,3.0,3.8125
T,0,6011008437248468,0.0574,1.0,1.0,1.0,1.0,5.0,6.0,2.8585,8.0,3.0,3.875
T,0,5555552127423638,0.2864,1.0,1.0,1.0,1.0,4.0,5.0,2.6085,8.0,6.0,4.25
T,0,4111113513068550,0.1862,1.0,1.0,1.0,1.0,0.0,4.0,2.4835,7.0,6.0,2.8125
T,0,4111119329893743,0.2123,1.0,1.0,1.0,1.0,0.0,4.0,2.555,7.0,5.0,4.125
T,0,4242424914178811,-0.056,1.0,1.0,1.0,1.0,1.0,4.0,2.3522,6.0,5.0,3.875
T,0,4242425871389770,0.2219,1.0,1.0,1.0,1.0,1.0,4.0,2.9835,9.0,3.0,4.5625
T,0,4111113804081932,0.045,1.0,1.0,1.0,1.0,0.0,4.0,2.5306,7.0,6.0,2.9375
T,0,4111117870459302,-0.2059,1.0,1.0,1.0,1.0,0.0,4.0,2.8994,9.0,5.0,3.375
T,0,4242429227816965,-0.1819,1.0,1.0,1.0,1.0,1.0,4.0,2.7272,8.0,5.0,4.5625
T,0,4532019048575350,0.0023,1.0,1.0,1.0,1.0,2.0,4.0,2.9528,9.0,4.0,3.8125
T,0,4242427797136343,0.1703,1.0,1.0,1.0,1.0,1.0,4.0,2.6085,7.0,4.0,4.25
T,0,4242429318944445,-0.1196,1.0,1.0,1.0,1.0,1.0,4.0,2.3496,7.0,7.0,4.3125
T,0,4111115852588676,-0.0468,1.0,1.0,1.0,1.0,0.0,4.0,2.555,7.0,5.0,4.3125
T,0,4242424930139193,0.291,1.0,1.0,1.0,1.0,1.0,4.0,2.4835,6.0,4.0,3.75
T,0,5105106554822658,0.2563,1.0,1.0,1.0,1.0,3.0,5.0,2.6494,7.0,5.0,3.9375
T,0,4111114235070791,-0.1886,1.0,1.0,1.0,1.0,0.0,4.0,2.6556,8.0,6.0,2.9375
T,0,4242421623058623,-0.1881,1.0,1.0,1.0,1.0,1.0,4.0,2.7272,8.0,5.0,3.375
T,0,4242424479556278,0.1969,1.0,1.0,1.0,1.0,1.0,4.0,2.5244,7.0,5.0,4.6875
T,0,4242421490608617,0.1215,1.0,1.0,1.0,1.0,1.0,4.0,2.8278,8.0,4.0,3.75
T,0,4242425388383399,0.5721,1.0,1.0,1.0,1.0,1.0,4.0,2.4835,6.0,4.0,4.8125
T,0,5555554914862242,-0.0155,1.0,1.0,1.0,1.0,4.0,5.0,2.4363,7.0,6.0,4.5
T,0,5105107620955837,-0.123,1.0,1.0,1.0,1.0,3.0,5.0,2.9528,9.0,4.0,4.0
T,0,4111119153315938,-0.0642,1.0,1.0,1.0,1.0,0.0,4.0,2.2246,6.0,7.0,3.5
T,0,4242421528276510,-0.2063,1.0,1.0,1.0,1.0,1.0,4.0,2.7272,8.0,5.0,3.4375
T,0,4242424371725385,0.1932,1.0,1.0,1.0,1.0,1.0,4.0,2.625,7.0,4.0,3.9375
T,0,4532014223012360,0.1755,1.0,1.0,1.0,1.0,2.0,4.0,2.6556,7.0,4.0,2.375
T,0,5105107201703150,-0.0896,1.0,1.0,1.0,1.0,3.0,5.0,2.3522,6.0,5.0,2.375
T,0,5105106003729041,0.8845,1.0,1.0,1.0,1.0,3.0,5.0,2.8522,9.0,5.0,2.75
T,0,4242429481686948,-0.0896,1.0,1.0,1.0,1.0,1.0,4.0,2.43,6.0,5.0,5.0625
T,0,5555559784460928,-0.3577,1.0,1.0,1.0,1.0,4.0,5.0,2.6556,8.0,6.0,5.4375
T,0,4111119862461403,-0.0728,1.0,1.0,1.0,1.0,0.0,4.0,2.6085,8.0,6.0,3.25
T,0,4111114428290933,0.0986,1.0,1.0,1.0,1.0,0.0,4.0,2.6022,7.0,5.0,3.3125
T,0,4242421199398361,0.0129,1.0,1.0,1.0,1.0,1.0,4.0,2.6863,7.0,3.0,4.25
T,0,4242426003474241,-0.3932,1.0,1.0,1.0,1.0,1.0,4.0,2.4056,7.0,6.0,3.0625
T,0,4242420764939120,-0.0356,1.0,1.0,1.0,1.0,1.0,4.0,2.75,8.0,4.0,3.6875
T,0,5555557331421765,0.0589,1.0,1.0,1.0,1.0,4.0,5.0,2.3968,7.0,7.0,4.3125
T,0,4111111469883071,-0.1397,1.0,1.0,1.0,1.0,0.0,4.0,2.5218,8.0,7.0,3.5
T,0,4242421064906124,0.0255,1.0,1.0,1.0,1.0,1.0,4.0,2.3994,6.0,5.0,3.1875
T,0,4242427620830997,-0.2026,1.0,1.0,1.0,1.0,1.0,4.0,2.8278,8.0,4.0,4.3125
T,0,4111117266157791,0.2295,1.0,1.0,1.0,1.0,0.0,4.0,2.3496,7.0,7.0,3.75
T,0,4532011028466544,-0.2635,1.0,1.0,1.0,1.0,2.0,4.0,2.875,8.0,4.0,3.4375
T,0,6011004365739222,0.5979,1.0,1.0,1.0,1.0,5.0,6.0,3.0306,9.0,3.0,3.1875
T,0,4242425574530787,-0.0476,1.0,1.0,1.0,1.0,1.0,4.0,2.6085,7.0,4.0,4.3125
T,0,4532015554292653,-0.156,1.0,1.0,1.0,1.0,2.0,4.0,2.7272,8.0,5.0,3.8125
T,0,4111110504329835,0.1221,1.0,1.0,1.0,1.0,0.0,4.0,2.7744,8.0,5.0,3.0
T,0,4242426129379530,0.1766,1.0,1.0,1.0,1.0,1.0,4.0,2.9528,9.0,4.0,3.9375
T,0,5105104741479037,0.2349,1.0,1.0,1.0,1.0,3.0,5.0,2.6863,7.0,3.0,3.625
T,0,6011004505500682,0.332,1.0,1.0,1.0,1.0,5.0,6.0,2.4835,7.0,6.0,2.6875
T,0,4242420749967600,0.0962,1.0,1.0,1.0,1.0,1.0,4.0,2.5306,6.0,4.0,4.125
T,0,5105101255785395,0.118,1.0,1.0,1.0,1.0,3.0,5.0,2.6085,8.0,6.0,3.875
T,0,4111113347629825,0.1725,1.0,1.0,1.0,1.0,0.0,4.0,2.8994,9.0,5.0,3.625
T,0,4111115012630574,-0.1241,1.0,1.0,1.0,1.0,0.0,4.0,2.6556,8.0,6.0,2.625
T,0,4532018207506735,0.0446,1.0,1.0,1.0,1.0,2.0,4.0,3.0306,9.0,3.0,3.625
T,0,4111114527038266,0.024,1.0,1.0,1.0,1.0,0.0,4.0,2.8994,9.0,5.0,3.25
T,0,4111110938018574,-0.3462,1.0,1.0,1.0,1.0,0.0,4.0,2.6556,8.0,6.0,3.375
T,0,4532014332267467,-0.1531,1.0,1.0,1.0,1.0,2.0,4.0,2.8585,8.0,3.0,3.6875
T,0,4532011691589267,-0.0085,1.0,1.0,1.0,1.0,2.0,4.0,3.2028,10.0,3.0,4.3125
T,0,5555555026146770,0.08,1.0,1.0,1.0,1.0,4.0,5.0,2.3968,7.0,7.0,4.25
T,0,5105105711403881,-0.2264,1.0,1.0,1.0,1.0,3.0,5.0,2.555,7.0,5.0,3.125
T,0,4532015873356718,0.139,1.0,1.0,1.0,1.0,2.0,4.0,3.0306,9.0,3.0,4.25
T,0,5555554346230091,-0.0674,1.0,1.0,1.0,1.0,4.0,5.0,2.6556,8.0,6.0,3.875
T,0,5105109760930752,0.005,1.0,1.0,1.0,1.0,3.0,5.0,2.8278,8.0,4.0,3.75
T,0,5105105189914302,-0.4348,1.0,1.0,1.0,1.0,3.0,5.0,2.7806,8.0,4.0,3.375
T,0,4111115989806371,0.5698,1.0,1.0,1.0,1.0,0.0,4.0,2.7806,9.0,6.0,4.0625
T,0,4242424044486852,0.227,1.0,1.0,1.0,1.0,1.0,4.0,2.1468,6.0,7.0,3.9375
T,0,4111110403400174,-1.2395,1.0,1.0,1.0,1.0,0.0,4.0,2.0306,5.0,6.0,2.0
T,0,4242428625409233,0.3379,1.0,1.0,1.0,1.0,1.0,4.0,2.6494,8.0,5.0,3.75
T,0,4532016317739329,0.2576,1.0,1.0,1.0,1.0,2.0,4.0,3.0,9.0,4.0,4.0625
T,0,4111112199301343,0.0927,1.0,1.0,1.0,1.0,0.0,4.0,2.2246,6.0,7.0,2.75
T,0,4242429285629052,0.3242,1.0,1.0,1.0,1.0,1.0,4.0,2.4835,7.0,6.0,4.125
T,0,4111116212007365,-0.009,1.0,1.0,1.0,1.0,0.0,4.0,2.6556,8.0,6.0,2.5625
T,0,4111110699705401,0.216,1.0,1.0,1.0,1.0,0.0,4.0,2.4835,7.0,6.0,3.125
T,0,5105102150064837,-0.1584,1.0,1.0,1.0,1.0,3.0,5.0,2.9056,9.0,4.0,3.0
T,0,4111116875694251,-0.0319,1.0,1.0,1.0,1.0,0.0,4.0,2.6556,8.0,6.0,3.875
T,0,5105106758146359,-0.1216,1.0,1.0,1.0,1.0,3.0,5.0,2.9528,9.0,4.0,4.125
T,0,4111116007169313,0.0388,1.0,1.0,1.0,1.0,0.0,4.0,2.3968,7.0,7.0,2.8125
T,0,4111118182922029,0.2706,1.0,1.0,1.0,1.0,0.0,4.0,2.2806,6.0,6.0,3.25
T,0,4242428481525924,-0.0947,1.0,1.0,1.0,1.0,1.0,4.0,2.2988,6.0,5.0,4.125
T,0,5105105948311220,-0.1973,1.0,1.0,1.0,1.0,3.0,5.0,2.7806,8.0,4.0,2.9375
T,0,5555553312699727,-0.2315,1.0,1.0,1.0,1.0,4.0,5.0,2.5306,7.0,6.0,4.9375
T,0,4532014164395600,-0.3163,1.0,1.0,1.0,1.0,2.0,4.0,2.9056,8.0,3.0,3.3125
T,0,4242427378067289,0.1692,1.0,1.0,1.0,1.0,1.0,4.0,2.7806,8.0,4.0,4.6875
T,0,4111111615961763,0.1917,1.0,1.0,1.0,1.0,0.0,4.0,2.2028,7.0,8.0,3.375
T,0,4532015613524781,0.1117,1.0,1.0,1.0,1.0,2.0,4.0,3.0306,9.0,3.0,3.5625
T,0,5105101421122093,-0.3611,1.0,1.0,1.0,1.0,3.0,5.0,2.555,7.0,5.0,2.3125
T,0,4111112555997759,-0.3193,1.0,1.0,1.0,1.0,0.0,4.0,2.3522,6.0,5.0,4.5
T,0,4111114396848126,0.4097,1.0,1.0,1.0,1.0,0.0,4.0,2.4835,7.0,6.0,3.75
T,0,4242425052837845,0.1563,1.0,1.0,1.0,1.0,1.0,4.0,2.5778,7.0,4.0,4.0625
T,0,5555552885183846,-0.3701,1.0,1.0,1.0,1.0,4.0,5.0,2.2718,7.0,7.0,5.1875
T,0,4111115362607206,-0.0231,1.0,1.0,1.0,1.0,0.0,4.0,2.7272,8.0,5.0,2.875
T,0,4111114603985844,0.3951,1.0,1.0,1.0,1.0,0.0,4.0,2.6494,8.0,5.0,3.75
T,0,4242428502411104,0.0734,1.0,1.0,1.0,1.0,1.0,4.0,2.3522,6.0,5.0,2.75
T,0,4111117560212169,-0.4827,1.0,1.0,1.0,1.0,0.0,4.0,2.5218,8.0,7.0,3.0
T,0,5105100769805699,-0.1034,1.0,1.0,1.0,1.0,3.0,5.0,2.6556,7.0,4.0,4.4375
T,0,4111118938909916,0.1514,1.0,1.0,1.0,1.0,0.0,4.0,2.4056,7.0,6.0,4.4375
T,0,5105107981438225,-0.6509,1.0,1.0,1.0,1.0,3.0,5.0,3.0306,9.0,3.0,3.8125
T,0,4111118352032948,-0.1196,1.0,1.0,1.0,1.0,0.0,4.0,2.7744,8.0,5.0,3.3125
T,0,4242426067260627,0.7535,1.0,1.0,1.0,1.0,1.0,4.0,2.2272,5.0,5.0,3.75
T,0,4242420915347751,0.1215,1.0,1.0,1.0,1.0,1.0,4.0,2.8278,8.0,4.0,3.75
T,0,4242426695528254,-0.4155,1.0,1.0,1.0,1.0,1.0,4.0,2.3522,6.0,5.0,4.375
T,0,4111115700738697,0.0025,1.0,1.0,1.0,1.0,0.0,4.0,2.8522,9.0,5.0,3.8125
T,0,4242420384306346,-0.1536,1.0,1.0,1.0,1.0,1.0,4.0,2.43,6.0,5.0,3.4375
T,0,4111114055613613,0.0613,1.0,1.0,1.0,1.0,0.0,4.0,2.2718,6.0,7.0,2.6875
T,0,5105100250774743,0.0637,1.0,1.0,1.0,1.0,3.0,5.0,2.6556,7.0,4.0,3.1875
T,0,5555553587296530,0.0317,1.0,1.0,1.0,1.0,4.0,5.0,2.375,8.0,8.0,4.875
T,0,4242426606594957,0.0561,1.0,1.0,1.0,1.0,1.0,4.0,2.6556,7.0,4.0,4.6875
T,0,4242423994447419,-0.1786,1.0,1.0,1.0,1.0,1.0,4.0,2.1774,6.0,7.0,4.5
T,0,4532012708509686,0.0984,1.0,1.0,1.0,1.0,2.0,4.0,3.2028,10.0,3.0,4.125
T,0,4111110728640561,-0.365,1.0,1.0,1.0,1.0,0.0,4.0,2.6556,8.0,6.0,3.0
T,0,4111113713759792,0.2653,1.0,1.0,1.0,1.0,0.0,4.0,2.4835,7.0,6.0,3.875
T,0,5105106407384765,-0.2522,1.0,1.0,1.0,1.0,3.0,5.0,2.9056,8.0,3.0,3.875
T,0,4532016440786783,0.183,1.0,1.0,1.0,1.0,2.0,4.0,3.0778,9.0,3.0,4.25
T,0,6011000120485275,-0.3925,1.0,1.0,1.0,1.0,5.0,6.0,2.7272,8.0,5.0,2.625
T,0,4242420477518864,-0.046,1.0,1.0,1.0,1.0,1.0,4.0,2.7272,8.0,5.0,4.25
T,0,4111113065547373,0.2326,1.0,1.0,1.0,1.0,0.0,4.0,2.6022,7.0,5.0,3.25
T,0,4111116362777353,0.0334,1.0,1.0,1.0,1.0,0.0,4.0,2.555,7.0,5.0,3.625
T,0,4532010844640357,0.243,1.0,1.0,1.0,1.0,2.0,4.0,2.9528,9.0,4.0,3.5
T,0,4242423908630431,-0.2931,1.0,1.0,1.0,1.0,1.0,4.0,2.7806,8.0,4.0,3.4375
T,0,4111117337827711,0.2544,1.0,1.0,1.0,1.0,0.0,4.0,2.1468,6.0,7.0,3.4375
T,0,4532011911313845,-0.0755,1.0,1.0,1.0,1.0,2.0,4.0,2.7272,8.0,5.0,3.1875
T,0,4111118738471307,-0.137,1.0,1.0,1.0,1.0,0.0,4.0,2.3585,6.0,6.0,3.5625
T,0,4242429239032783,0.1085,1.0,1.0,1.0,1.0,1.0,4.0,2.555,7.0,5.0,4.0
T,0,4111118667944936,0.136,1.0,1.0,1.0,1.0,0.0,4.0,2.555,7.0,5.0,4.4375
T,0,4111118971799836,0.9924,1.0,1.0,1.0,1.0,0.0,4.0,2.4835,7.0,6.0,4.75
T,0,4242428769802250,0.1245,1.0,1.0,1.0,1.0,1.0,4.0,2.7272,8.0,5.0,4.0625
T,0,4532014587125261,0.2288,1.0,1.0,1.0,1.0,2.0,4.0,2.9835,9.0,3.0,3.5
T,0,4111112142690727,-0.0554,1.0,1.0,1.0,1.0,0.0,4.0,2.4835,7.0,6.0,3.0625
T,0,5555557710289718,0.1327,1.0,1.0,1.0,1.0,4.0,5.0,2.4835,7.0,6.0,5.0
T,0,4242427955771436,-0.1741,1.0,1.0,1.0,1.0,1.0,4.0,2.7806,8.0,4.0,4.5
T,0,5105101799607527,0.1379,1.0,1.0,1.0,1.0,3.0,5.0,2.6863,7.0,3.0,4.0625
T,0,4111119246818856,0.4727,1.0,1.0,1.0,1.0,0.0,4.0,2.4835,7.0,6.0,4.125
T,0,4111115893057954,0.1943,1.0,1.0,1.0,1.0,0.0,4.0,2.7272,8.0,5.0,4.0
T,0,4111119635038157,-0.0907,1.0,1.0,1.0,1.0,0.0,4.0,2.7806,9.0,6.0,3.5
T,0,4242424042602138,-0.4918,1.0,1.0,1.0,1.0,1.0,4.0,2.4238,7.0,5.0,3.0
T,0,5555556133944099,0.1764,1.0,1.0,1.0,1.0,4.0,5.0,2.4835,7.0,6.0,4.875
T,0,4111115070775683,-0.0151,1.0,1.0,1.0,1.0,0.0,4.0,2.7272,8.0,5.0,3.5625
T,0,4532018354689763,0.1896,1.0,1.0,1.0,1.0,2.0,4.0,3.2028,10.0,3.0,4.625
T,0,5555550073717201,0.5062,1.0,1.0,1.0,1.0,4.0,5.0,2.3113,6.0,6.0,3.625
T,0,4242428795759722,-0.7355,1.0,1.0,1.0,1.0,1.0,4.0,2.43,6.0,5.0,4.9375
T,0,4532014882105737,-0.3367,1.0,1.0,1.0,1.0,2.0,4.0,3.0,8.0,2.0,3.75
T,0,4111115591578541,0.1636,1.0,1.0,1.0,1.0,0.0,4.0,2.1468,6.0,7.0,3.6875
T,0,4111119390220123,0.1224,1.0,1.0,1.0,1.0,0.0,4.0,2.3585,6.0,6.0,2.5
T,0,4532016026493770,0.2385,1.0,1.0,1.0,1.0,2.0,4.0,3.0778,9.0,3.0,3.6875
T,0,4242420151156478,-0.0199,1.0,1.0,1.0,1.0,1.0,4.0,2.7806,8.0,4.0,3.5
T,0,5105106067130763,0.1069,1.0,1.0,1.0,1.0,3.0,5.0,2.5306,6.0,4.0,3.1875
T,0,4242428666311413,0.1615,1.0,1.0,1.0,1.0,1.0,4.0,2.4835,6.0,4.0,3.5625
T,0,4111116684015821,0.1205,1.0,1.0,1.0,1.0,0.0,4.0,2.3968,7.0,7.0,3.125
T,0,5555558094663494,0.2633,1.0,1.0,1.0,1.0,4.0,5.0,2.4835,7.0,6.0,5.1875
T,0,5555556121263866,0.177,1.0,1.0,1.0,1.0,4.0,5.0,2.2806,6.0,6.0,4.4375
T,0,5105103935209531,0.3348,1.0,1.0,1.0,1.0,3.0,5.0,2.4835,6.0,4.0,3.25
T,0,4111111383389502,-0.0728,1.0,1.0,1.0,1.0,0.0,4.0,2.6085,8.0,6.0,3.1875
T,0,4532015234419551,-0.0739,1.0,1.0,1.0,1.0,2.0,4.0,2.6556,7.0,4.0,3.375
T,0,4111114959376242,0.1624,1.0,1.0,1.0,1.0,0.0,4.0,2.7272,8.0,5.0,3.75
T,0,4111112443800892,-0.0864,1.0,1.0,1.0,1.0,0.0,4.0,2.6022,7.0,5.0,3.0625
T,0,4242425686259457,0.2222,1.0,1.0,1.0,1.0,1.0,4.0,2.5778,7.0,4.0,4.6875
T,0,4242429409089068,0.204,1.0,1.0,1.0,1.0,1.0,4.0,2.4835,6.0,4.0,4.4375
T,0,4242421081618546,0.2669,1.0,1.0,1.0,1.0,1.0,4.0,2.6556,7.0,4.0,3.625
T,0,4111110007543510,0.0181,1.0,1.0,1.0,1.0,0.0,4.0,2.2806,6.0,6.0,2.125
T,0,5105103287738772,0.0608,1.0,1.0,1.0,1.0,3.0,5.0,2.75,7.0,4.0,4.125
T,0,4242424221270947,0.0598,1.0,1.0,1.0,1.0,1.0,4.0,2.18,6.0,6.0,3.5
T,0,4242428622691403,0.143,1.0,1.0,1.0,1.0,1.0,4.0,2.6494,8.0,5.0,3.6875
T,0,4242429394883095,0.1526,1.0,1.0,1.0,1.0,1.0,4.0,2.6556,7.0,4.0,4.75
T,0,4111118835718980,0.3545,1.0,1.0,1.0,1.0,0.0,4.0,2.5306,8.0,6.0,4.125
T,0,4532018277198314,0.152,1.0,1.0,1.0,1.0,2.0,4.0,3.0778,9.0,3.0,4.0625
T,0,4111117531494466,0.0856,1.0,1.0,1.0,1.0,0.0,4.0,2.4056,7.0,6.0,3.625
T,0,4532014918360553,0.06,1.0,1.0,1.0,1.0,2.0,4.0,3.0306,9.0,3.0,3.6875
T,0,5555551572115301,-0.5955,1.0,1.0,1.0,1.0,4.0,5.0,2.0,6.0,8.0,3.5
T,0,4242429632023496,-0.154,1.0,1.0,1.0,1.0,1.0,4.0,2.3994,6.0,5.0,3.875
T,0,4242425493700511,-0.2405,1.0,1.0,1.0,1.0,1.0,4.0,2.8278,8.0,4.0,3.3125
T,0,4111116365350927,-0.2241,1.0,1.0,1.0,1.0,0.0,4.0,2.8994,9.0,5.0,3.4375
T,0,4242423898645175,0.0536,1.0,1.0,1.0,1.0,1.0,4.0,2.9528,9.0,4.0,4.625
T,0,4111116943173965,0.1482,1.0,1.0,1.0,1.0,0.0,4.0,2.5306,7.0,6.0,3.875
T,0,4111111526874725,0.0354,1.0,1.0,1.0,1.0,0.0,4.0,2.5306,7.0,6.0,3.5
T,0,4111119158608444,0.0856,1.0,1.0,1.0,1.0,0.0,4.0,2.4056,7.0,6.0,3.625
T,0,4111118962527774,0.182,1.0,1.0,1.0,1.0,0.0,4.0,2.7272,8.0,5.0,4.125
T,0,5105101334284451,-0.0892,1.0,1.0,1.0,1.0,3.0,5.0,2.6556,7.0,4.0,2.9375
T,0,4532016716117366,-0.0615,1.0,1.0,1.0,1.0,2.0,4.0,2.75,8.0,4.0,3.6875
T,0,4532016558707167,0.1831,1.0,1.0,1.0,1.0,2.0,4.0,3.0306,9.0,3.0,4.1875
T,0,4111113457172053,0.0691,1.0,1.0,1.0,1.0,0.0,4.0,2.5306,7.0,6.0,2.875
T,0,4532010369091101,0.1267,1.0,1.0,1.0,1.0,2.0,4.0,2.75,8.0,4.0,2.8125
T,0,4242421809756750,0.1852,1.0,1.0,1.0,1.0,1.0,4.0,3.0306,9.0,3.0,4.125
T,0,4111119706505969,0.4421,1.0,1.0,1.0,1.0,0.0,4.0,2.6022,7.0,5.0,4.0625
T,0,6011008385911216,-0.1513,1.0,1.0,1.0,1.0,5.0,6.0,2.7272,8.0,5.0,3.25
T,0,4242420570800466,-0.2022,1.0,1.0,1.0,1.0,1.0,4.0,2.5778,7.0,4.0,3.375
T,0,5105102014164740,-0.5318,1.0,1.0,1.0,1.0,3.0,5.0,2.5778,7.0,4.0,2.5625
T,0,4242429269335809,-0.1741,1.0,1.0,1.0,1.0,1.0,4.0,2.7806,8.0,4.0,4.5
T,0,6011001462076268,-0.2481,1.0,1.0,1.0,1.0,5.0,6.0,2.5778,7.0,4.0,3.125
T,0,4242422299195947,-0.3134,1.0,1.0,1.0,1.0,1.0,4.0,2.2744,6.0,5.0,4.6875
T,0,4242424922359734,-0.0947,1.0,1.0,1.0,1.0,1.0,4.0,2.2988,6.0,5.0,4.125
T,0,4532014486256480,-0.0696,1.0,1.0,1.0,1.0,2.0,4.0,2.875,8.0,4.0,3.875
T,0,4111112094230589,0.078,1.0,1.0,1.0,1.0,0.0,4.0,2.7744,8.0,5.0,3.1875
T,0,4242420064497480,-0.0549,1.0,1.0,1.0,1.0,1.0,4.0,2.4363,7.0,6.0,3.75
T,0,4111119619049436,0.4042,1.0,1.0,1.0,1.0,0.0,4.0,2.3113,6.0,6.0,3.75
T,0,4532018881698584,0.4396,1.0,1.0,1.0,1.0,2.0,4.0,2.8994,9.0,5.0,5.0
T,0,4111119143914790,-0.0642,1.0,1.0,1.0,1.0,0.0,4.0,2.1774,6.0,7.0,3.5
T,0,4242428945188053,-0.2383,1.0,1.0,1.0,1.0,1.0,4.0,2.7806,8.0,4.0,4.3125
T,0,5555556494447666,0.6862,1.0,1.0,1.0,1.0,4.0,5.0,2.0306,5.0,6.0,5.375
T,0,4242424075459141,0.404,1.0,1.0,1.0,1.0,1.0,4.0,2.4835,7.0,6.0,3.625
T,0,4242429833493522,-0.1401,1.0,1.0,1.0,1.0,1.0,4.0,2.3522,6.0,5.0,4.125
T,0,4242427517276791,-0.1493,1.0,1.0,1.0,1.0,1.0,4.0,2.5778,7.0,4.0,4.375
T,0,5105105554381814,0.1651,1.0,1.0,1.0,1.0,3.0,5.0,2.3994,6.0,5.0,3.5
T,0,4242427998890359,-0.4094,1.0,1.0,1.0,1.0,1.0,4.0,2.7806,8.0,4.0,5.3125
T,0,4242420143591642,-0.0056,1.0,1.0,1.0,1.0,1.0,4.0,2.6494,8.0,5.0,3.3125
T,0,4111112342910180,0.122,1.0,1.0,1.0,1.0,0.0,4.0,2.3968,7.0,7.0,2.4375
T,0,4532011186323206,0.046,1.0,1.0,1.0,1.0,2.0,4.0,2.8585,8.0,3.0,2.9375
T,0,4242427737893730,-0.0174,1.0,1.0,1.0,1.0,1.0,4.0,2.6085,7.0,4.0,4.5
T,0,4111119101205066,0.1748,1.0,1.0,1.0,1.0,0.0,4.0,2.3496,7.0,7.0,2.4375
T,0,4242421713059226,-0.1006,1.0,1.0,1.0,1.0,1.0,4.0,2.8522,9.0,5.0,3.375
T,0,6011002286391727,-0.2409,1.0,1.0,1.0,1.0,5.0,6.0,2.8585,8.0,3.0,3.4375
T,0,4532011060679343,-0.0971,1.0,1.0,1.0,1.0,2.0,4.0,3.0306,9.0,3.0,3.375
T,0,5105109048485710,0.2472,1.0,1.0,1.0,1.0,3.0,5.0,2.6556,7.0,4.0,3.625
T,0,4242429686410391,0.1408,1.0,1.0,1.0,1.0,1.0,4.0,2.8278,8.0,4.0,4.0625
T,0,5105103627074722,-0.2026,1.0,1.0,1.0,1.0,3.0,5.0,2.8585,8.0,3.0,3.25
T,0,4111114555566022,-0.2429,1.0,1.0,1.0,1.0,0.0,4.0,2.3994,6.0,5.0,3.0625
T,0,4242427533884511,0.0804,1.0,1.0,1.0,1.0,1.0,4.0,2.7028,7.0,4.0,3.9375
T,0,4532011619984202,0.1117,1.0,1.0,1.0,1.0,2.0,4.0,3.0306,9.0,3.0,3.5625
T,0,4111119463134706,0.2421,1.0,1.0,1.0,1.0,0.0,4.0,2.4835,7.0,6.0,3.25
T,0,4111116543932141,0.1006,1.0,1.0,1.0,1.0,0.0,4.0,2.3496,7.0,7.0,2.9375
T,0,5555559021628048,-0.0704,1.0,1.0,1.0,1.0,4.0,5.0,2.6556,8.0,6.0,4.375
T,0,5555557981440115,0.0893,1.0,1.0,1.0,1.0,4.0,5.0,2.3496,7.0,7.0,4.375
T,0,5105108134413677,-0.0808,1.0,1.0,1.0,1.0,3.0,5.0,2.875,8.0,4.0,3.5
T,0,4532012606913626,0.0144,1.0,1.0,1.0,1.0,2.0,4.0,2.8278,8.0,4.0,3.5
T,0,4242429239110548,0.1593,1.0,1.0,1.0,1.0,1.0,4.0,2.75,8.0,4.0,3.75
T,0,5105100803707539,0.07,1.0,1.0,1.0,1.0,3.0,5.0,2.6022,7.0,5.0,3.375
T,0,4532011170546960,-0.0971,1.0,1.0,1.0,1.0,2.0,4.0,3.0306,9.0,3.0,3.375
T,0,5105104691756434,-0.2841,1.0,1.0,1.0,1.0,3.0,5.0,2.8585,8.0,3.0,3.8125
T,0,4242421062766595,0.105,1.0,1.0,1.0,1.0,1.0,4.0,2.7806,8.0,4.0,4.0625
T,0,4242426925718287,-0.1819,1.0,1.0,1.0,1.0,1.0,4.0,2.7272,8.0,5.0,4.5625
T,0,4242429618561030,0.1117,1.0,1.0,1.0,1.0,1.0,4.0,3.0306,9.0,3.0,3.5625
T,0,4242428079713130,0.0458,1.0,1.0,1.0,1.0,1.0,4.0,2.9056,8.0,3.0,3.5625
T,0,5105102308940771,-0.2667,1.0,1.0,1.0,1.0,3.0,5.0,2.9528,9.0,4.0,3.3125
T,0,4111118884731785,0.0405,1.0,1.0,1.0,1.0,0.0,4.0,2.2806,6.0,6.0,4.25
T,0,4242426554221173,-0.0496,1.0,1.0,1.0,1.0,1.0,4.0,2.5244,7.0,5.0,3.375
T,0,4242421938283403,-0.1728,1.0,1.0,1.0,1.0,1.0,4.0,2.5778,7.0,4.0,3.6875
T,0,4242423411855731,0.0911,1.0,1.0,1.0,1.0,1.0,4.0,2.6556,7.0,4.0,3.5
T,0,4242420728258419,0.3572,1.0,1.0,1.0,1.0,1.0,4.0,2.6494,8.0,5.0,4.0
T,0,4111119605399696,0.1439,1.0,1.0,1.0,1.0,0.0,4.0,2.4772,7.0,5.0,4.4375
T,0,4242427464167712,0.5649,1.0,1.0,1.0,1.0,1.0,4.0,2.2272,5.0,5.0,3.9375
T,0,4532016577685154,0.1158,1.0,1.0,1.0,1.0,2.0,4.0,3.0,9.0,4.0,4.3125
T,0,5105104045931964,0.0014,1.0,1.0,1.0,1.0,3.0,5.0,2.6863,7.0,3.0,3.5625
T,0,4532010851385318,0.0211,1.0,1.0,1.0,1.0,2.0,4.0,2.6863,7.0,3.0,3.5625
T,0,4532011162323287,0.1214,1.0,1.0,1.0,1.0,2.0,4.0,2.9056,9.0,4.0,3.125
T,0,4242422541151805,0.0563,1.0,1.0,1.0,1.0,1.0,4.0,2.4056,6.0,4.0,3.125
T,0,4111119375729262,-0.0567,1.0,1.0,1.0,1.0,0.0,4.0,2.7272,8.0,5.0,3.8125
T,0,4532016875784337,-0.0762,1.0,1.0,1.0,1.0,2.0,4.0,3.0306,9.0,3.0,4.5625
T,0,4111118071756082,-0.3649,1.0,1.0,1.0,1.0,0.0,4.0,2.6556,8.0,6.0,3.3125
T,0,4242428930180529,-0.0391,1.0,1.0,1.0,1.0,1.0,4.0,2.8278,8.0,4.0,3.9375
T,0,4111115995627316,-0.0319,1.0,1.0,1.0,1.0,0.0,4.0,2.6556,8.0,6.0,3.875
T,0,4111114960232541,-0.1026,1.0,1.0,1.0,1.0,0.0,4.0,2.6085,8.0,6.0,2.8125
T,0,4242426347266113,0.1582,1.0,1.0,1.0,1.0,1.0,4.0,2.4528,6.0,4.0,3.5625
T,0,4111113906663223,-0.3702,1.0,1.0,1.0,1.0,0.0,4.0,2.555,7.0,5.0,3.0625
T,0,4242423180232807,0.182,1.0,1.0,1.0,1.0,1.0,4.0,2.6022,7.0,5.0,3.25
T,0,4532011104918194,-0.2327,1.0,1.0,1.0,1.0,2.0,4.0,2.7272,8.0,5.0,3.3125
T,0,4242425902662047,-0.0634,1.0,1.0,1.0,1.0,1.0,4.0,2.5244,7.0,5.0,3.6875
T,0,4111115396461588,0.3807,1.0,1.0,1.0,1.0,0.0,4.0,2.5306,7.0,6.0,4.0
T,0,4111113601140840,-0.4506,1.0,1.0,1.0,1.0,0.0,4.0,2.1774,6.0,7.0,2.25
T,0,4111112200318450,1.0228,1.0,1.0,1.0,1.0,0.0,4.0,2.4835,7.0,6.0,2.125
T,0,4532010571472214,-0.0939,1.0,1.0,1.0,1.0,2.0,4.0,2.7335,7.0,3.0,3.0
T,0,4111115575399351,0.0936,1.0,1.0,1.0,1.0,0.0,4.0,2.2806,6.0,6.0,3.8125
T,0,4242429213378210,-0.1881,1.0,1.0,1.0,1.0,1.0,4.0,2.7272,8.0,5.0,3.375
T,0,4242424803135526,-0.1523,1.0,1.0,1.0,1.0,1.0,4.0,2.75,8.0,4.0,3.4375
T,0,4111112085919356,-0.0298,1.0,1.0,1.0,1.0,0.0,4.0,2.7806,9.0,6.0,3.5625
T,0,4532019455994615,-0.2,1.0,1.0,1.0,1.0,2.0,4.0,2.7806,8.0,4.0,4.5
T,0,4532019644308396,0.1831,1.0,1.0,1.0,1.0,2.0,4.0,3.0306,9.0,3.0,4.1875
T,0,4242424887077669,-0.5537,1.0,1.0,1.0,1.0,1.0,4.0,2.6556,7.0,4.0,5.0
T,0,4111115508452137,-0.3442,1.0,1.0,1.0,1.0,0.0,4.0,2.6085,8.0,6.0,3.0625
T,0,6011008448365434,0.0357,1.0,1.0,1.0,1.0,5.0,6.0,2.7028,7.0,4.0,3.5625
T,0,4242424544794813,-0.0697,1.0,1.0,1.0,1.0,1.0,4.0,2.4746,8.0,7.0,4.1875
T,0,4111118252973852,0.1624,1.0,1.0,1.0,1.0,0.0,4.0,2.7272,8.0,5.0,3.75
T,0,4111116151873512,-0.6104,1.0,1.0,1.0,1.0,0.0,4.0,2.375,8.0,8.0,3.0
T,0,4111118816542078,0.2898,1.0,1.0,1.0,1.0,0.0,4.0,2.6085,8.0,6.0,3.625
T,0,5555552868989946,-0.2519,1.0,1.0,1.0,1.0,4.0,5.0,2.3113,6.0,6.0,6.1875
T,0,4111114885326519,0.1125,1.0,1.0,1.0,1.0,0.0,4.0,2.6556,8.0,6.0,3.75
T,0,4532018291103035,0.046,1.0,1.0,1.0,1.0,2.0,4.0,2.8585,8.0,3.0,2.9375
T,0,4111111217241473,-0.5633,1.0,1.0,1.0,1.0,0.0,4.0,1.9528,5.0,8.0,2.5625
T,0,4242424300911999,0.0992,1.0,1.0,1.0,1.0,1.0,4.0,2.4528,6.0,4.0,3.9375
T,0,4242421406936409,0.2866,1.0,1.0,1.0,1.0,1.0,4.0,2.6022,7.0,5.0,3.75
T,0,4532016792402799,0.0239,1.0,1.0,1.0,1.0,2.0,4.0,3.0306,9.0,3.0,4.375
T,0,4111119950403143,0.0298,1.0,1.0,1.0,1.0,0.0,4.0,2.3585,6.0,6.0,2.9375
T,0,4111111706598219,-0.5418,1.0,1.0,1.0,1.0,0.0,4.0,2.6468,9.0,7.0,3.5625
T,0,4111115167901275,-0.2005,1.0,1.0,1.0,1.0,0.0,4.0,2.5218,8.0,7.0,3.25
T,0,4532017623479725,0.1831,1.0,1.0,1.0,1.0,2.0,4.0,3.0306,9.0,3.0,4.1875
T,0,4111117648060572,-0.101,1.0,1.0,1.0,1.0,0.0,4.0,2.7744,8.0,5.0,3.375
T,0,4242424120218831,-0.2547,1.0,1.0,1.0,1.0,1.0,4.0,2.3522,6.0,5.0,3.0
T,0,4242424803379199,-0.0215,1.0,1.0,1.0,1.0,1.0,4.0,2.7806,8.0,4.0,4.4375
T,0,5555555055906094,0.5261,1.0,1.0,1.0,1.0,4.0,5.0,1.7947,5.0,9.0,4.5625
T,0,4532019636326588,0.1656,1.0,1.0,1.0,1.0,2.0,4.0,3.0306,9.0,3.0,4.4375
T,0,4242424658987153,0.0536,1.0,1.0,1.0,1.0,1.0,4.0,2.9528,9.0,4.0,4.625
T,0,4242427262238319,0.0803,1.0,1.0,1.0,1.0,1.0,4.0,2.6085,8.0,6.0,3.8125
T,0,5105104547431935,0.0137,1.0,1.0,1.0,1.0,3.0,5.0,2.6556,7.0,4.0,3.5625
T,0,4242428303860616,-0.0459,1.0,1.0,1.0,1.0,1.0,4.0,2.7335,7.0,3.0,3.6875
T,0,4242422846898787,0.0988,1.0,1.0,1.0,1.0,1.0,4.0,2.375,6.0,4.0,5.3125
T,0,5555557841239525,0.5401,1.0,1.0,1.0,1.0,4.0,5.0,2.375,8.0,8.0,4.75
T,0,4111113342284832,0.2403,1.0,1.0,1.0,1.0,0.0,4.0,2.2579,5.0,5.0,3.0
T,0,4242427359052888,-0.2014,1.0,1.0,1.0,1.0,1.0,4.0,2.7806,8.0,4.0,4.5625
T,0,4532019609069793,0.0961,1.0,1.0,1.0,1.0,2.0,4.0,2.9528,9.0,4.0,4.5625
T,0,4242423828772420,0.0202,1.0,1.0,1.0,1.0,1.0,4.0,2.2806,6.0,6.0,3.8125
T,0,4111112826127673,0.1103,1.0,1.0,1.0,1.0,0.0,4.0,2.4835,7.0,6.0,3.3125
T,0,4111118092652211,-0.3591,1.0,1.0,1.0,1.0,0.0,4.0,2.4746,8.0,7.0,2.8125
T,0,4111113029298261,-0.0728,1.0,1.0,1.0,1.0,0.0,4.0,2.6085,8.0,6.0,3.1875
T,0,4242423215222690,-0.2975,1.0,1.0,1.0,1.0,1.0,4.0,2.4746,8.0,7.0,3.125
T,0,4111111213995098,-0.2539,1.0,1.0,1.0,1.0,0.0,4.0,2.4746,8.0,7.0,3.5
T,0,4532016833769107,0.103,1.0,1.0,1.0,1.0,2.0,4.0,3.2028,10.0,3.0,4.0625
T,0,4532012996064360,0.0128,1.0,1.0,1.0,1.0,2.0,4.0,2.9056,8.0,3.0,3.75
T,0,4532019720305696,0.1349,1.0,1.0,1.0,1.0,2.0,4.0,3.0778,9.0,3.0,3.875
T,0,4111111341885294,0.0463,1.0,1.0,1.0,1.0,0.0,4.0,2.3496,7.0,7.0,3.375
T,0,4111115894795305,0.1943,1.0,1.0,1.0,1.0,0.0,4.0,2.7272,8.0,5.0,4.0
T,0,4111119895152367,0.5374,1.0,1.0,1.0,1.0,0.0,4.0,2.7806,9.0,6.0,4.0
T,0,4111116623565480,-0.2084,1.0,1.0,1.0,1.0,0.0,4.0,2.7272,8.0,5.0,3.375
T,0,4242421518050453,0.0532,1.0,1.0,1.0,1.0,1.0,4.0,2.6556,7.0,4.0,3.125
T,0,4242423108711239,-0.3006,1.0,1.0,1.0,1.0,1.0,4.0,2.7806,8.0,4.0,3.3125
T,0,4242427459368796,-0.2534,1.0,1.0,1.0,1.0,1.0,4.0,2.8278,8.0,4.0,5.125
T,0,4111116528559836,0.182,1.0,1.0,1.0,1.0,0.0,4.0,2.7272,8.0,5.0,4.125
T,0,4111114425747778,0.0065,1.0,1.0,1.0,1.0,0.0,4.0,2.2744,6.0,5.0,4.0
T,0,4242422362187037,0.0606,1.0,1.0,1.0,1.0,1.0,4.0,2.7272,8.0,5.0,3.5625
T,0,4242424061959716,0.0961,1.0,1.0,1.0,1.0,1.0,4.0,2.8278,8.0,4.0,4.125
T,0,4532018893242298,-0.1708,1.0,1.0,1.0,1.0,2.0,4.0,2.8278,8.0,4.0,4.375
T,0,4111111361673307,-0.0245,1.0,1.0,1.0,1.0,0.0,4.0,2.2246,6.0,7.0,2.875
T,0,6011005835337968,0.3486,1.0,1.0,1.0,1.0,5.0,6.0,2.9056,8.0,3.0,4.0625
T,0,4532011690828005,-0.2218,1.0,1.0,1.0,1.0,2.0,4.0,3.0,9.0,4.0,3.375
T,0,6011005498374563,0.1024,1.0,1.0,1.0,1.0,5.0,6.0,3.0778,9.0,3.0,3.875
T,0,4532010675742116,-0.2382,1.0,1.0,1.0,1.0,2.0,4.0,2.9528,8.0,3.0,3.375
T,0,4242427415544498,-0.1196,1.0,1.0,1.0,1.0,1.0,4.0,2.3496,7.0,7.0,4.3125
T,0,4242422794457388,0.1969,1.0,1.0,1.0,1.0,1.0,4.0,2.5244,7.0,5.0,4.6875
T,0,6011003543831216,0.1894,1.0,1.0,1.0,1.0,5.0,6.0,2.7806,8.0,4.0,2.75
T,0,6011007520587741,-0.5567,1.0,1.0,1.0,1.0,5.0,6.0,2.7806,8.0,4.0,3.375
T,0,5105104432645516,0.0637,1.0,1.0,1.0,1.0,3.0,5.0,2.6556,7.0,4.0,3.25
T,0,4111114051584669,0.0948,1.0,1.0,1.0,1.0,0.0,4.0,2.4835,7.0,6.0,3.5625
T,0,4111112430387580,0.081,1.0,1.0,1.0,1.0,0.0,4.0,2.7744,8.0,5.0,3.0625
T,0,4532012283145955,-0.0993,1.0,1.0,1.0,1.0,2.0,4.0,2.8278,8.0,4.0,3.6875
T,0,4111113052625521,0.0691,1.0,1.0,1.0,1.0,0.0,4.0,2.4363,7.0,6.0,2.5
T,0,4111110069956956,0.0165,1.0,1.0,1.0,1.0,0.0,4.0,2.43,6.0,5.0,4.0
T,0,4111118041367531,-0.3063,1.0,1.0,1.0,1.0,0.0,4.0,2.5218,8.0,7.0,2.9375
T,0,5105104151745133,0.0118,1.0,1.0,1.0,1.0,3.0,5.0,2.3994,6.0,5.0,2.875
T,0,4111119716647397,0.0587,1.0,1.0,1.0,1.0,0.0,4.0,2.3585,6.0,6.0,4.25
T,0,4111117615753852,0.2898,1.0,1.0,1.0,1.0,0.0,4.0,2.6085,8.0,6.0,3.625
T,0,5105104572425307,0.116,1.0,1.0,1.0,1.0,3.0,5.0,2.7028,7.0,4.0,3.1875
T,0,5105105864676051,0.3341,1.0,1.0,1.0,1.0,3.0,5.0,2.6085,7.0,4.0,3.75
T,0,4111116678825300,-0.2059,1.0,1.0,1.0,1.0,0.0,4.0,2.8994,9.0,5.0,3.375
T,0,4111114507544879,0.0443,1.0,1.0,1.0,1.0,0.0,4.0,2.5244,7.0,5.0,3.875
T,0,4111111948705556,0.0827,1.0,1.0,1.0,1.0,0.0,4.0,2.6085,8.0,6.0,3.6875
T,0,5105107569054972,-0.0901,1.0,1.0,1.0,1.0,3.0,5.0,2.8278,8.0,4.0,4.125
T,0,4111116222548739,0.0764,1.0,1.0,1.0,1.0,0.0,4.0,2.8522,9.0,5.0,3.5625
T,0,4242423980507267,0.3565,1.0,1.0,1.0,1.0,1.0,4.0,2.9528,9.0,4.0,4.0625
T,0,4111111304362521,-0.267,1.0,1.0,1.0,1.0,0.0,4.0,2.3968,7.0,7.0,2.25
T,0,4111112278108429,0.2421,1.0,1.0,1.0,1.0,0.0,4.0,2.4835,7.0,6.0,3.25
T,0,4242425778718931,-0.1885,1.0,1.0,1.0,1.0,1.0,4.0,2.8585,8.0,3.0,4.625
T,0,4532015780882475,-0.258,1.0,1.0,1.0,1.0,2.0,4.0,2.9056,8.0,3.0,4.3125
T,0,4532018025328478,-0.0946,1.0,1.0,1.0,1.0,2.0,4.0,2.9056,8.0,3.0,3.875
T,0,4242421565610407,0.0217,1.0,1.0,1.0,1.0,1.0,4.0,2.7028,7.0,4.0,3.3125
T,0,5105102798203532,-0.4108,1.0,1.0,1.0,1.0,3.0,5.0,2.8585,8.0,3.0,3.3125
T,0,5555559332833105,0.1865,1.0,1.0,1.0,1.0,4.0,5.0,2.2718,7.0,7.0,4.1875
T,0,4111110154745090,0.35,1.0,1.0,1.0,1.0,0.0,4.0,2.3113,6.0,6.0,2.75
T,0,4242428675004645,0.126,1.0,1.0,1.0,1.0,1.0,4.0,2.6022,7.0,5.0,3.9375
T,0,4242421566696561,-0.4433,1.0,1.0,1.0,1.0,1.0,4.0,2.43,6.0,5.0,4.3125
T,0,6011005910525438,0.3675,1.0,1.0,1.0,1.0,5.0,6.0,2.9056,9.0,4.0,3.125
T,0,4111110882202315,0.2248,1.0,1.0,1.0,1.0,0.0,4.0,2.4835,7.0,6.0,2.5
T,0,4532017366015611,-0.0582,1.0,1.0,1.0,1.0,2.0,4.0,2.8278,8.0,4.0,3.1875
T,0,4242425094282125,-0.0129,1.0,1.0,1.0,1.0,1.0,4.0,2.4056,7.0,6.0,3.5
T,0,4111118135114906,-0.434,1.0,1.0,1.0,1.0,0.0,4.0,2.375,8.0,8.0,2.9375
T,0,4111118028978391,0.5232,1.0,1.0,1.0,1.0,0.0,4.0,2.6085,8.0,6.0,4.0
T,0,4242424717277364,-0.1923,1.0,1.0,1.0,1.0,1.0,4.0,2.2744,6.0,5.0,4.125
T,0,4111118017606839,-0.1175,1.0,1.0,1.0,1.0,0.0,4.0,2.6556,8.0,6.0,3.5625
T,0,4111112094496529,-0.189,1.0,1.0,1.0,1.0,0.0,4.0,2.555,7.0,5.0,3.6875
T,0,4242427640143470,0.1188,1.0,1.0,1.0,1.0,1.0,4.0,2.4835,7.0,6.0,3.375
T,0,4111119069507313,-0.1672,1.0,1.0,1.0,1.0,0.0,4.0,2.6556,8.0,6.0,3.25
T,0,4111111740657161,0.1374,1.0,1.0,1.0,1.0,0.0,4.0,2.125,6.0,8.0,2.9375
T,0,4532017792097662,0.0239,1.0,1.0,1.0,1.0,2.0,4.0,3.0306,9.0,3.0,4.375
T,0,4111118408096939,0.4421,1.0,1.0,1.0,1.0,0.0,4.0,2.6022,7.0,5.0,4.0625
T,0,4111111957688826,0.3287,1.0,1.0,1.0,1.0,0.0,4.0,2.6085,8.0,6.0,4.3125
T,0,4111113369600688,0.3133,1.0,1.0,1.0,1.0,0.0,4.0,2.6022,7.0,5.0,3.625
T,0,4532016786223714,0.0331,1.0,1.0,1.0,1.0,2.0,4.0,3.0778,9.0,3.0,3.8125
T,0,4242429603728115,0.3544,1.0,1.0,1.0,1.0,1.0,4.0,3.0778,10.0,4.0,3.75
T,0,4242424162149480,-0.0706,1.0,1.0,1.0,1.0,1.0,4.0,2.4056,7.0,6.0,3.5625
T,0,4532015939959190,0.1287,1.0,1.0,1.0,1.0,2.0,4.0,2.6022,7.0,5.0,4.625
T,0,4242422496986015,0.008,1.0,1.0,1.0,1.0,1.0,4.0,2.75,8.0,4.0,4.25
T,0,4242426037748099,0.0143,1.0,1.0,1.0,1.0,1.0,4.0,2.8278,8.0,4.0,4.4375
T,0,4111116753071549,-0.1785,1.0,1.0,1.0,1.0,0.0,4.0,2.6556,8.0,6.0,3.5
T,0,4111119377302555,-0.2266,1.0,1.0,1.0,1.0,0.0,4.0,2.7272,8.0,5.0,3.4375
T,0,5105106602741611,-0.3774,1.0,1.0,1.0,1.0,3.0,5.0,2.555,7.0,5.0,2.875
T,0,4532010036057964,-0.1968,1.0,1.0,1.0,1.0,2.0,4.0,3.0,9.0,4.0,3.4375
T,0,5555553076999677,-0.4648,1.0,1.0,1.0,1.0,4.0,5.0,2.3113,6.0,6.0,5.8125
T,0,5555552845193182,0.0453,1.0,1.0,1.0,1.0,4.0,5.0,2.3968,7.0,7.0,4.5625
T,0,4111115350198465,-0.2063,1.0,1.0,1.0,1.0,0.0,4.0,2.6085,8.0,6.0,3.4375
T,0,4111119992958724,-0.0538,1.0,1.0,1.0,1.0,0.0,4.0,2.5244,7.0,5.0,4.5625
T,0,4242421679983732,-0.1657,1.0,1.0,1.0,1.0,1.0,4.0,2.8278,8.0,4.0,4.5625
T,0,4532013374783423,-0.1156,1.0,1.0,1.0,1.0,2.0,4.0,2.7272,8.0,5.0,3.6875
T,0,4242429572856756,-0.385,1.0,1.0,1.0,1.0,1.0,4.0,2.6556,7.0,4.0,4.875
T,0,4111115403432325,-0.4745,1.0,1.0,1.0,1.0,0.0,4.0,2.43,6.0,5.0,2.5
T,0,5105102690456253,-0.3919,1.0,1.0,1.0,1.0,3.0,5.0,2.8278,8.0,4.0,3.375
T,0,4242427304106235,-0.2004,1.0,1.0,1.0,1.0,1.0,4.0,2.75,8.0,4.0,3.0625
T,0,4242424084965807,-0.2188,1.0,1.0,1.0,1.0,1.0,4.0,2.7272,8.0,5.0,4.3125
T,0,5555552927088433,0.3488,1.0,1.0,1.0,1.0,4.0,5.0,2.6556,8.0,6.0,4.75
T,0,4532016800001393,0.6875,1.0,1.0,1.0,1.0,2.0,4.0,2.8522,9.0,5.0,2.8125
T,0,4242422476888835,0.3216,1.0,1.0,1.0,1.0,1.0,4.0,2.5,7.0,4.0,4.8125
T,0,4111112509631975,-0.0907,1.0,1.0,1.0,1.0,0.0,4.0,2.7806,9.0,6.0,3.5
T,0,4242420273586131,-0.093,1.0,1.0,1.0,1.0,1.0,4.0,2.9528,9.0,4.0,3.375
T,0,4242427744234068,-0.0278,1.0,1.0,1.0,1.0,1.0,4.0,2.4056,7.0,6.0,3.9375
T,0,4242422645794898,-0.4255,1.0,1.0,1.0,1.0,1.0,4.0,2.5244,7.0,5.0,5.0
T,0,5105107704752209,-0.0686,1.0,1.0,1.0,1.0,3.0,5.0,2.6556,7.0,4.0,3.4375
T,0,6011001274798794,0.4248,1.0,1.0,1.0,1.0,5.0,6.0,2.8585,8.0,3.0,4.125
T,0,4111111495833918,0.219,1.0,1.0,1.0,1.0,0.0,4.0,2.2718,6.0,7.0,3.75
T,0,4111113731978036,0.0818,1.0,1.0,1.0,1.0,0.0,4.0,2.6085,8.0,6.0,3.5
T,0,6011005586424197,0.2943,1.0,1.0,1.0,1.0,5.0,6.0,3.0306,9.0,3.0,3.6875
T,0,5555551957276579,-0.0605,1.0,1.0,1.0,1.0,4.0,5.0,2.0778,6.0,8.0,5.5
T,0,5105108231795851,-0.1753,1.0,1.0,1.0,1.0,3.0,5.0,2.75,8.0,4.0,3.8125
T,0,4111110544182947,-0.3003,1.0,1.0,1.0,1.0,0.0,4.0,2.5306,8.0,6.0,3.3125
T,0,4111116353241344,-0.0225,1.0,1.0,1.0,1.0,0.0,4.0,2.2335,6.0,6.0,2.75
T,0,4242429425856250,0.1083,1.0,1.0,1.0,1.0,1.0,4.0,2.4772,7.0,5.0,4.0
T,0,4111111283363854,0.2421,1.0,1.0,1.0,1.0,0.0,4.0,2.4835,7.0,6.0,3.25
T,0,4111111749308956,-0.0268,1.0,1.0,1.0,1.0,0.0,4.0,2.7806,9.0,6.0,3.8125
T,0,4111117385461991,0.0068,1.0,1.0,1.0,1.0,0.0,4.0,2.5218,8.0,7.0,3.875
T,0,6011004435075078,-0.1807,1.0,1.0,1.0,1.0,5.0,6.0,2.7744,8.0,5.0,3.1875
T,0,4242421153471899,0.0604,1.0,1.0,1.0,1.0,1.0,4.0,2.7806,8.0,4.0,4.125
T,0,4111110848266776,0.1994,1.0,1.0,1.0,1.0,0.0,4.0,2.6022,7.0,5.0,3.9375
T,0,4242424967897630,0.624,1.0,1.0,1.0,1.0,1.0,4.0,2.8278,8.0,4.0,4.8125
T,0,4111110447550968,-0.0151,1.0,1.0,1.0,1.0,0.0,4.0,2.7272,8.0,5.0,3.5625
T,0,4111119516968852,0.2269,1.0,1.0,1.0,1.0,0.0,4.0,2.5306,7.0,6.0,4.25
T,0,4111116273422974,-0.1825,1.0,1.0,1.0,1.0,0.0,4.0,2.555,7.0,5.0,3.4375
T,0,5105101163787079,-0.2488,1.0,1.0,1.0,1.0,3.0,5.0,2.7806,8.0,4.0,3.8125
T,0,4242426028944921,-0.2478,1.0,1.0,1.0,1.0,1.0,4.0,2.4238,7.0,5.0,3.9375
T,0,4242423462749809,0.0516,1.0,1.0,1.0,1.0,1.0,4.0,2.6494,8.0,5.0,4.375
T,0,4242429274979831,0.3126,1.0,1.0,1.0,1.0,1.0,4.0,2.5778,7.0,4.0,4.8125
T,0,4111111731820240,-0.0607,1.0,1.0,1.0,1.0,0.0,4.0,2.3968,7.0,7.0,2.3125
T,0,5555559228728708,-0.1749,1.0,1.0,1.0,1.0,4.0,5.0,2.3113,6.0,6.0,5.1875
T,0,5555558161111344,0.1701,1.0,1.0,1.0,1.0,4.0,5.0,2.18,6.0,6.0,3.75
T,0,4111110447971222,0.2542,1.0,1.0,1.0,1.0,0.0,4.0,2.3113,6.0,6.0,2.9375
T,0,4242426659118514,0.1699,1.0,1.0,1.0,1.0,1.0,4.0,2.6556,7.0,4.0,4.0
T,0,4111117730328465,-0.2059,1.0,1.0,1.0,1.0,0.0,4.0,2.8994,9.0,5.0,3.375
T,0,4111117825243421,-0.0676,1.0,1.0,1.0,1.0,0.0,4.0,2.4363,7.0,6.0,2.9375
T,0,5105109130603428,-0.0851,1.0,1.0,1.0,1.0,3.0,5.0,2.9528,9.0,4.0,3.0
T,0,4242426791305235,0.124,1.0,1.0,1.0,1.0,1.0,4.0,2.9528,9.0,4.0,3.6875
T,0,4242420659681118,-0.0929,1.0,1.0,1.0,1.0,1.0,4.0,2.8585,8.0,3.0,3.9375
T,0,4111116193019629,0.0281,1.0,1.0,1.0,1.0,0.0,4.0,2.3496,7.0,7.0,3.4375
T,0,4242429853887108,0.1872,1.0,1.0,1.0,1.0,1.0,4.0,2.9056,9.0,4.0,4.6875
T,0,5105102259416508,-0.4348,1.0,1.0,1.0,1.0,3.0,5.0,2.7806,8.0,4.0,3.375
T,0,4111111945236514,-0.117,1.0,1.0,1.0,1.0,0.0,4.0,2.3496,7.0,7.0,3.0625
T,0,5105100009722399,0.0513,1.0,1.0,1.0,1.0,3.0,5.0,2.6022,7.0,5.0,3.3125
T,0,4111119153620808,-0.0203,1.0,1.0,1.0,1.0,0.0,4.0,2.7806,9.0,6.0,3.1875
T,0,4111113881397508,0.1537,1.0,1.0,1.0,1.0,0.0,4.0,2.6085,8.0,6.0,3.8125
T,0,4111113767783474,0.0912,1.0,1.0,1.0,1.0,0.0,4.0,2.3522,6.0,5.0,4.0625
T,0,4532012910177579,-0.0946,1.0,1.0,1.0,1.0,2.0,4.0,2.9056,8.0,3.0,3.9375
T,0,4532017219844985,0.057,1.0,1.0,1.0,1.0,2.0,4.0,3.0778,9.0,3.0,4.5
T,0,4111119676795053,0.2895,1.0,1.0,1.0,1.0,0.0,4.0,2.7744,8.0,5.0,4.125
T,0,5105105875559429,-0.0131,1.0,1.0,1.0,1.0,3.0,5.0,2.6556,8.0,6.0,4.4375
T,0,4242427983458436,0.1598,1.0,1.0,1.0,1.0,1.0,4.0,2.7272,8.0,5.0,4.6875
T,0,4111110588495130,0.125,1.0,1.0,1.0,1.0,0.0,4.0,2.5306,7.0,6.0,3.25
T,0,4532012390824088,-0.1531,1.0,1.0,1.0,1.0,2.0,4.0,2.8585,8.0,3.0,3.6875
T,0,4532018431689893,-0.1814,1.0,1.0,1.0,1.0,2.0,4.0,3.0306,9.0,3.0,4.625
T,0,4111110799385047,0.0508,1.0,1.0,1.0,1.0,0.0,4.0,2.7744,8.0,5.0,3.8125
T,0,4111116580634469,0.0953,1.0,1.0,1.0,1.0,0.0,4.0,2.68,8.0,5.0,3.75
T,0,4111115919498851,0.3175,1.0,1.0,1.0,1.0,0.0,4.0,2.0996,5.0,7.0,4.25
T,0,5105100477502224,-0.1852,1.0,1.0,1.0,1.0,3.0,5.0,2.5306,6.0,4.0,2.8125
T,0,4111117548767524,0.2246,1.0,1.0,1.0,1.0,0.0,4.0,2.555,7.0,5.0,4.0
T,0,5555555218031749,-0.3682,1.0,1.0,1.0,1.0,4.0,5.0,2.6468,9.0,7.0,4.375
T,0,4532014869440768,0.5301,1.0,1.0,1.0,1.0,2.0,4.0,3.125,10.0,4.0,4.4375
T,0,4532015543581406,0.0144,1.0,1.0,1.0,1.0,2.0,4.0,2.8278,8.0,4.0,3.5
T,0,4111116257816928,0.0403,1.0,1.0,1.0,1.0,0.0,4.0,2.6556,8.0,6.0,3.9375
T,0,5105108613255102,-0.4624,1.0,1.0,1.0,1.0,3.0,5.0,2.5778,7.0,4.0,2.8125
T,0,5105102768249051,0.0323,1.0,1.0,1.0,1.0,3.0,5.0,2.9835,9.0,3.0,3.5
T,0,4111115820610842,0.0691,1.0,1.0,1.0,1.0,0.0,4.0,2.5306,7.0,6.0,2.8125
T,0,5105106979223672,-0.2966,1.0,1.0,1.0,1.0,3.0,5.0,2.9528,8.0,3.0,4.0625
T,0,4111113173772657,-0.1463,1.0,1.0,1.0,1.0,0.0,4.0,2.4056,7.0,6.0,3.5625
T,0,4111118558570949,0.1059,1.0,1.0,1.0,1.0,0.0,4.0,2.6022,7.0,5.0,4.3125
T,0,4242421056070400,-0.2155,1.0,1.0,1.0,1.0,1.0,4.0,2.4772,7.0,5.0,2.5625
T,0,4242427449570816,0.0004,1.0,1.0,1.0,1.0,1.0,4.0,2.8522,9.0,5.0,4.3125
T,0,4242424608740561,-0.0897,1.0,1.0,1.0,1.0,1.0,4.0,2.7272,8.0,5.0,3.6875
T,0,6011007681911821,0.2332,1.0,1.0,1.0,1.0,5.0,6.0,2.4835,7.0,6.0,3.25
T,0,4242420855900080,-0.1541,1.0,1.0,1.0,1.0,1.0,4.0,2.43,6.0,5.0,3.3125
T,0,4242421066660877,0.1699,1.0,1.0,1.0,1.0,1.0,4.0,2.6556,7.0,4.0,4.0625
T,0,4532014041156944,-0.2327,1.0,1.0,1.0,1.0,2.0,4.0,2.7272,8.0,5.0,3.3125
T,0,4111113384377973,0.0174,1.0,1.0,1.0,1.0,0.0,4.0,2.3522,6.0,5.0,3.9375
T,0,5555557596623311,0.0453,1.0,1.0,1.0,1.0,4.0,5.0,2.3968,7.0,7.0,4.5625
T,0,6011009794547112,-0.1183,1.0,1.0,1.0,1.0,5.0,6.0,2.8278,8.0,4.0,3.5625
T,0,4111113242575958,-0.0905,1.0,1.0,1.0,1.0,0.0,4.0,2.7272,8.0,5.0,3.6875
T,0,4242425481819406,0.1245,1.0,1.0,1.0,1.0,1.0,4.0,2.7272,8.0,5.0,4.0
T,0,4111119264281490,0.129,1.0,1.0,1.0,1.0,0.0,4.0,2.4835,7.0,6.0,3.375
T,0,4532016835354296,0.1852,1.0,1.0,1.0,1.0,2.0,4.0,3.0306,9.0,3.0,4.125
T,0,4111116346189048,0.3267,1.0,1.0,1.0,1.0,0.0,4.0,2.4835,7.0,6.0,3.625
T,0,4111114716305005,0.2248,1.0,1.0,1.0,1.0,0.0,4.0,2.4835,7.0,6.0,2.5
T,0,5105106432360970,-0.11,1.0,1.0,1.0,1.0,3.0,5.0,3.0,9.0,4.0,3.25
T,0,4242422441880420,-0.0434,1.0,1.0,1.0,1.0,1.0,4.0,2.055,5.0,6.0,3.1875
T,0,5105105557003282,-0.3057,1.0,1.0,1.0,1.0,3.0,5.0,2.5244,7.0,5.0,3.0625
T,0,4242423578815015,-0.1676,1.0,1.0,1.0,1.0,1.0,4.0,2.8585,8.0,3.0,3.8125
T,0,4111112484178729,-0.0139,1.0,1.0,1.0,1.0,0.0,4.0,2.3585,6.0,6.0,3.8125
T,0,6011007589236958,0.4829,1.0,1.0,1.0,1.0,5.0,6.0,3.0778,9.0,3.0,4.375
T,0,5105105262176001,-0.4206,1.0,1.0,1.0,1.0,3.0,5.0,2.4528,6.0,4.0,2.625
T,0,4242425022602261,0.1137,1.0,1.0,1.0,1.0,1.0,4.0,2.2246,6.0,7.0,2.75
T,0,4532015164352236,0.0891,1.0,1.0,1.0,1.0,2.0,4.0,2.7335,7.0,3.0,3.25
T,0,4111116432458166,-0.1008,1.0,1.0,1.0,1.0,0.0,4.0,2.4363,7.0,6.0,3.375
T,0,6011005709725884,-0.0666,1.0,1.0,1.0,1.0,5.0,6.0,3.0,9.0,4.0,3.9375
T,0,4111118886345188,-0.0987,1.0,1.0,1.0,1.0,0.0,4.0,2.18,6.0,6.0,4.25
T,0,4111117661407965,0.4097,1.0,1.0,1.0,1.0,0.0,4.0,2.4835,7.0,6.0,3.75
T,0,4242424568584926,-0.0981,1.0,1.0,1.0,1.0,1.0,4.0,2.3994,6.0,5.0,4.6875
T,0,4111119553376183,0.0827,1.0,1.0,1.0,1.0,0.0,4.0,2.6085,8.0,6.0,3.6875
T,0,4111110926961900,0.3342,1.0,1.0,1.0,1.0,0.0,4.0,2.3113,6.0,6.0,3.1875
T,0,4242425102610440,-0.3095,1.0,1.0,1.0,1.0,1.0,4.0,2.3522,6.0,5.0,2.5625
T,0,5555551473414951,-0.1128,1.0,1.0,1.0,1.0,4.0,5.0,2.1774,6.0,7.0,4.3125
T,0,4242426313656578,-0.0836,1.0,1.0,1.0,1.0,1.0,4.0,2.8585,8.0,3.0,4.25
T,0,4111118735134866,0.2926,1.0,1.0,1.0,1.0,0.0,4.0,2.5306,7.0,6.0,3.75
T,0,5555553869156279,0.4875,1.0,1.0,1.0,1.0,4.0,5.0,2.5218,8.0,7.0,5.375
T,0,4111112208031022,-0.6323,1.0,1.0,1.0,1.0,0.0,4.0,2.2335,6.0,6.0,1.8125
T,0,4242427586215456,0.0299,1.0,1.0,1.0,1.0,1.0,4.0,2.5778,7.0,4.0,4.1875
T,0,4111113033256198,0.0789,1.0,1.0,1.0,1.0,0.0,4.0,2.7335,9.0,6.0,3.0625
T,0,4111117410303721,-0.1609,1.0,1.0,1.0,1.0,0.0,4.0,2.2718,6.0,7.0,2.3125
T,0,4242429612529959,-0.0644,1.0,1.0,1.0,1.0,1.0,4.0,2.3522,6.0,5.0,4.6875
T,0,6011005952030065,0.332,1.0,1.0,1.0,1.0,5.0,6.0,2.4835,7.0,6.0,2.6875
T,0,4111117020222485,-0.1651,1.0,1.0,1.0,1.0,0.0,4.0,2.5244,7.0,5.0,2.5625
T,0,4242420873689228,-0.1731,1.0,1.0,1.0,1.0,1.0,4.0,2.68,8.0,5.0,4.4375
T,0,4242428537141114,-0.0425,1.0,1.0,1.0,1.0,1.0,4.0,2.4772,7.0,5.0,3.3125
T,0,4242427333280845,-0.2132,1.0,1.0,1.0,1.0,1.0,4.0,2.5778,7.0,4.0,3.8125
T,0,4111117758127682,0.2653,1.0,1.0,1.0,1.0,0.0,4.0,2.4835,7.0,6.0,3.875
T,0,4111115797599267,0.364,1.0,1.0,1.0,1.0,0.0,4.0,2.555,7.0,5.0,4.6875
T,0,4242429414355561,-0.2286,1.0,1.0,1.0,1.0,1.0,4.0,2.555,7.0,5.0,3.8125
T,0,4242423081497111,-0.2224,1.0,1.0,1.0,1.0,1.0,4.0,2.7028,8.0,4.0,3.3125
T,0,4111111020678994,-0.3644,1.0,1.0,1.0,1.0,0.0,4.0,2.6556,8.0,6.0,3.4375
T,0,4111119555419551,0.7679,1.0,1.0,1.0,1.0,0.0,4.0,1.7962,4.0,7.0,3.625
T,0,4111119424641112,-0.5123,1.0,1.0,1.0,1.0,0.0,4.0,1.875,5.0,8.0,2.6875
T,0,4242429271843873,0.0101,1.0,1.0,1.0,1.0,1.0,4.0,2.625,7.0,4.0,4.375
T,0,4242425470351957,0.105,1.0,1.0,1.0,1.0,1.0,4.0,2.7806,8.0,4.0,4.0
T,0,5555550036088419,0.233,1.0,1.0,1.0,1.0,4.0,5.0,2.6085,8.0,6.0,4.3125
T,0,4111119928970355,0.5283,1.0,1.0,1.0,1.0,0.0,4.0,2.8522,9.0,5.0,4.125
T,0,5555554568942795,-1.0591,1.0,1.0,1.0,1.0,4.0,5.0,2.25,7.0,8.0,5.5625
T,0,4111118121188302,-0.3083,1.0,1.0,1.0,1.0,0.0,4.0,2.0778,6.0,8.0,2.6875
T,0,4111119223684016,-0.1672,1.0,1.0,1.0,1.0,0.0,4.0,2.6556,8.0,6.0,3.125
T,0,4111115015788395,0.3728,1.0,1.0,1.0,1.0,0.0,4.0,2.6085,8.0,6.0,3.75
T,0,4242422203143264,-0.1258,1.0,1.0,1.0,1.0,1.0,4.0,2.18,6.0,6.0,2.8125
T,0,4111114260070583,0.7534,1.0,1.0,1.0,1.0,0.0,4.0,2.8522,9.0,5.0,2.75
T,0,5555552325744488,0.6523,1.0,1.0,1.0,1.0,4.0,5.0,2.2246,6.0,7.0,4.8125
T,0,4111113071492523,-0.014,1.0,1.0,1.0,1.0,0.0,4.0,2.6556,8.0,6.0,2.8125
T,0,4111119731772741,0.1389,1.0,1.0,1.0,1.0,0.0,4.0,2.1468,6.0,7.0,3.5625
T,0,4532017995520445,0.1149,1.0,1.0,1.0,1.0,2.0,4.0,2.8278,8.0,4.0,4.0625
T,0,5105106522668886,-0.1092,1.0,1.0,1.0,1.0,3.0,5.0,2.5306,6.0,4.0,4.3125
T,0,5105100803660365,-0.2829,1.0,1.0,1.0,1.0,3.0,5.0,2.43,6.0,5.0,3.0625
T,0,4111112631279438,-0.3462,1.0,1.0,1.0,1.0,0.0,4.0,2.6556,8.0,6.0,3.375
T,0,4242423145263459,0.1316,1.0,1.0,1.0,1.0,1.0,4.0,2.5244,7.0,5.0,3.75
T,0,4242422079575219,0.2936,1.0,1.0,1.0,1.0,1.0,4.0,2.6022,7.0,5.0,4.0625
T,0,4532012400551838,-0.0257,1.0,1.0,1.0,1.0,2.0,4.0,2.7806,7.0,3.0,3.1875
T,0,4111115073521712,0.0478,1.0,1.0,1.0,1.0,0.0,4.0,2.3968,7.0,7.0,2.625
T,0,4111116280757727,0.3951,1.0,1.0,1.0,1.0,0.0,4.0,2.6494,8.0,5.0,3.75
T,0,5105105438887721,-0.0992,1.0,1.0,1.0,1.0,3.0,5.0,2.8585,8.0,3.0,4.0625
T,0,4242423309809592,0.1252,1.0,1.0,1.0,1.0,1.0,4.0,2.6556,7.0,4.0,4.125
T,0,4111112607053494,0.1645,1.0,1.0,1.0,1.0,0.0,4.0,2.8522,9.0,5.0,3.0625
T,0,4111119188636910,0.1417,1.0,1.0,1.0,1.0,0.0,4.0,2.3968,7.0,7.0,3.75
T,0,5555550619682703,0.345,1.0,1.0,1.0,1.0,4.0,5.0,2.7806,9.0,6.0,4.5
T,0,4111119714769797,0.0073,1.0,1.0,1.0,1.0,0.0,4.0,2.1085,5.0,6.0,4.6875
T,0,5105102053671985,0.1384,1.0,1.0,1.0,1.0,3.0,5.0,2.9056,9.0,4.0,3.625
T,0,6011008848592702,-0.0338,1.0,1.0,1.0,1.0,5.0,6.0,2.9528,9.0,4.0,3.8125
T,0,5105103002086705,0.05,1.0,1.0,1.0,1.0,3.0,5.0,2.6085,8.0,6.0,2.6875
T,0,4242425411257081,-0.0933,1.0,1.0,1.0,1.0,1.0,4.0,2.5778,7.0,4.0,3.25
T,0,4532019298471490,0.139,1.0,1.0,1.0,1.0,2.0,4.0,3.0306,9.0,3.0,4.25
T,0,4242424112189750,0.0017,1.0,1.0,1.0,1.0,1.0,4.0,2.7028,8.0,4.0,3.5
T,0,4242421800785717,-0.0116,1.0,1.0,1.0,1.0,1.0,4.0,2.7335,7.0,3.0,3.875
T,0,4242427482034191,0.2932,1.0,1.0,1.0,1.0,1.0,4.0,2.6494,8.0,5.0,3.5625
T,0,4111114817704528,0.1108,1.0,1.0,1.0,1.0,0.0,4.0,2.4835,7.0,6.0,3.4375
T,0,4111110085240252,-0.5806,1.0,1.0,1.0,1.0,0.0,4.0,2.43,6.0,5.0,2.3125
T,0,5105106363219237,-0.471,1.0,1.0,1.0,1.0,3.0,5.0,2.9056,8.0,3.0,3.375
T,0,4242423808621779,0.0592,1.0,1.0,1.0,1.0,1.0,4.0,2.9528,9.0,4.0,4.3125
T,0,4111118669397273,0.0179,1.0,1.0,1.0,1.0,0.0,4.0,2.7744,8.0,5.0,4.3125
T,0,4532019316892198,0.1656,1.0,1.0,1.0,1.0,2.0,4.0,3.0306,9.0,3.0,4.4375
T,0,4242427834409661,0.2991,1.0,1.0,1.0,1.0,1.0,4.0,2.8522,9.0,5.0,4.125
T,0,4111113744554303,0.0274,1.0,1.0,1.0,1.0,0.0,4.0,2.3522,6.0,5.0,2.9375
T,0,4242422294912056,0.1629,1.0,1.0,1.0,1.0,1.0,4.0,2.4056,7.0,6.0,3.625
T,0,4532018264931495,0.2292,1.0,1.0,1.0,1.0,2.0,4.0,3.0778,9.0,3.0,4.125
T,0,4111118968174449,0.0194,1.0,1.0,1.0,1.0,0.0,4.0,2.2806,6.0,6.0,4.3125
T,0,4242426272895738,0.1598,1.0,1.0,1.0,1.0,1.0,4.0,2.7272,8.0,5.0,4.6875
T,0,6011001829072992,0.1744,1.0,1.0,1.0,1.0,5.0,6.0,2.6085,7.0,4.0,3.5625
T,0,4111119508097645,0.1255,1.0,1.0,1.0,1.0,0.0,4.0,2.7744,8.0,5.0,3.875
T,0,4111112587168056,-0.1175,1.0,1.0,1.0,1.0,0.0,4.0,2.6556,8.0,6.0,3.5625
T,0,4242420719508269,0.3565,1.0,1.0,1.0,1.0,1.0,4.0,2.9528,9.0,4.0,4.0625
T,0,5555556510645590,-0.3271,1.0,1.0,1.0,1.0,4.0,5.0,1.9669,6.0,9.0,4.4375
T,0,4242423792601282,0.2574,1.0,1.0,1.0,1.0,1.0,4.0,2.7335,9.0,6.0,3.625
T,0,4242428168249004,0.1316,1.0,1.0,1.0,1.0,1.0,4.0,2.5244,7.0,5.0,3.75
T,0,4242420281174532,0.088,1.0,1.0,1.0,1.0,1.0,4.0,2.6494,8.0,5.0,3.1875
T,0,4242428966321872,-0.1612,1.0,1.0,1.0,1.0,1.0,4.0,2.7272,8.0,5.0,4.375
T,0,4111110028325830,-0.1046,1.0,1.0,1.0,1.0,0.0,4.0,2.6022,7.0,5.0,2.5
T,0,4111115136265554,0.2706,1.0,1.0,1.0,1.0,0.0,4.0,2.2806,6.0,6.0,3.1875
T,0,4111112704719864,0.1428,1.0,1.0,1.0,1.0,0.0,4.0,2.6085,8.0,6.0,3.5625
T,0,4242428685277736,0.2503,1.0,1.0,1.0,1.0,1.0,4.0,2.6556,7.0,4.0,4.8125
T,0,4242423131807608,-0.3088,1.0,1.0,1.0,1.0,1.0,4.0,2.9056,8.0,3.0,3.4375
T,0,4111112298723744,-0.1985,1.0,1.0,1.0,1.0,0.0,4.0,2.555,7.0,5.0,3.5625
T,0,4111116241353822,0.1862,1.0,1.0,1.0,1.0,0.0,4.0,2.4835,7.0,6.0,2.8125
T,0,4111111583613404,0.2088,1.0,1.0,1.0,1.0,0.0,4.0,2.3496,7.0,7.0,2.75
T,0,4242424091215386,0.1783,1.0,1.0,1.0,1.0,1.0,4.0,2.875,9.0,4.0,3.5625
T,0,4242424773866217,-0.2069,1.0,1.0,1.0,1.0,1.0,4.0,2.5778,7.0,4.0,4.3125
T,0,4242422098746833,0.008,1.0,1.0,1.0,1.0,1.0,4.0,2.75,8.0,4.0,4.25
T,0,4111116664524305,-0.0988,1.0,1.0,1.0,1.0,0.0,4.0,2.555,7.0,5.0,3.125
T,0,4242426855322274,-0.0771,1.0,1.0,1.0,1.0,1.0,4.0,2.4056,7.0,6.0,3.875
T,0,4111113796539962,0.0832,1.0,1.0,1.0,1.0,0.0,4.0,2.7272,8.0,5.0,4.25
T,0,4532017429246005,-0.0898,1.0,1.0,1.0,1.0,2.0,4.0,2.9835,9.0,3.0,3.375
T,0,4111119029855216,-0.1785,1.0,1.0,1.0,1.0,0.0,4.0,2.6556,8.0,6.0,3.5
T,0,4111114797353619,0.1975,1.0,1.0,1.0,1.0,0.0,4.0,2.5306,7.0,6.0,3.9375
T,0,4111118404970269,0.1319,1.0,1.0,1.0,1.0,0.0,4.0,2.7272,8.0,5.0,3.625
T,0,4111114880082182,0.3466,1.0,1.0,1.0,1.0,0.0,4.0,2.1556,5.0,6.0,3.125
T,0,4111115010353633,0.1741,1.0,1.0,1.0,1.0,0.0,4.0,2.2806,6.0,6.0,2.375
T,0,4111112347816713,0.1467,1.0,1.0,1.0,1.0,0.0,4.0,2.3968,7.0,7.0,3.1875
T,0,4111117042215384,-0.1026,1.0,1.0,1.0,1.0,0.0,4.0,2.6085,8.0,6.0,2.8125
T,0,5105106317420972,-0.2334,1.0,1.0,1.0,1.0,3.0,5.0,3.0306,9.0,3.0,3.3125
T,0,4111114172012657,0.156,1.0,1.0,1.0,1.0,0.0,4.0,2.3968,7.0,7.0,2.75
T,0,6011004855925166,-0.3421,1.0,1.0,1.0,1.0,5.0,6.0,2.8113,8.0,3.0,3.6875
T,0,5555550934208077,0.2399,1.0,1.0,1.0,1.0,4.0,5.0,2.6085,8.0,6.0,4.375
T,0,4242429938882652,-0.3176,1.0,1.0,1.0,1.0,1.0,4.0,2.555,7.0,5.0,4.875
T,0,4242426746158572,-0.0476,1.0,1.0,1.0,1.0,1.0,4.0,2.625,7.0,4.0,4.3125
T,0,4111115110348210,-0.4004,1.0,1.0,1.0,1.0,0.0,4.0,2.25,7.0,8.0,2.125
T,0,4111112316327197,0.1205,1.0,1.0,1.0,1.0,0.0,4.0,2.3968,7.0,7.0,3.125
T,0,4111115392876771,0.5663,1.0,1.0,1.0,1.0,0.0,4.0,2.7335,9.0,6.0,4.0
T,0,4242425094963914,-0.1132,1.0,1.0,1.0,1.0,1.0,4.0,2.68,8.0,5.0,4.25
T,0,5555555010434356,0.0154,1.0,1.0,1.0,1.0,4.0,5.0,2.125,6.0,8.0,3.8125
T,0,4242421507841219,0.0017,1.0,1.0,1.0,1.0,1.0,4.0,2.7028,8.0,4.0,3.5
T,0,5105100575976742,-0.0639,1.0,1.0,1.0,1.0,3.0,5.0,2.7806,8.0,4.0,4.0
T,0,4111110215422267,0.1688,1.0,1.0,1.0,1.0,0.0,4.0,2.4056,7.0,6.0,2.5
T,0,5555555543036520,-0.8951,1.0,1.0,1.0,1.0,4.0,5.0,1.9669,6.0,9.0,3.9375
T,0,5105100487421381,-0.1174,1.0,1.0,1.0,1.0,3.0,5.0,2.8278,8.0,4.0,3.125
T,0,4111119249880002,0.105,1.0,1.0,1.0,1.0,0.0,4.0,2.4772,6.0,5.0,3.1875
T,0,4111113755859062,0.3039,1.0,1.0,1.0,1.0,0.0,4.0,2.9772,10.0,5.0,3.6875
T,0,5555556929736840,-0.4401,1.0,1.0,1.0,1.0,4.0,5.0,2.7806,9.0,6.0,5.25
T,0,4242421085810222,-0.0987,1.0,1.0,1.0,1.0,1.0,4.0,2.3585,6.0,6.0,2.9375
T,0,4532015324623815,-0.3203,1.0,1.0,1.0,1.0,2.0,4.0,2.8585,8.0,3.0,3.375
T,0,4242427546124186,-0.0291,1.0,1.0,1.0,1.0,1.0,4.0,2.5244,7.0,5.0,3.875
T,0,4532017744928824,0.1169,1.0,1.0,1.0,1.0,2.0,4.0,2.9528,9.0,4.0,4.375
T,0,4242425351598122,-0.1882,1.0,1.0,1.0,1.0,1.0,4.0,2.555,7.0,5.0,3.6875
T,0,5105100472059477,0.0137,1.0,1.0,1.0,1.0,3.0,5.0,2.6556,7.0,4.0,3.5625
T,0,4242429714516417,-0.1539,1.0,1.0,1.0,1.0,1.0,4.0,2.555,7.0,5.0,3.9375
T,0,5105108569876570,-0.1271,1.0,1.0,1.0,1.0,3.0,5.0,2.7028,7.0,4.0,4.5625
T,0,4111116251021178,-0.401,1.0,1.0,1.0,1.0,0.0,4.0,2.375,8.0,8.0,2.625
T,0,5105102321838853,-0.263,1.0,1.0,1.0,1.0,3.0,5.0,2.5613,6.0,3.0,3.4375
T,0,5105105057305294,0.0077,1.0,1.0,1.0,1.0,3.0,5.0,2.6494,8.0,5.0,3.25
T,0,5555550459495760,-0.6098,1.0,1.0,1.0,1.0,4.0,5.0,2.125,6.0,8.0,4.9375
T,0,4532014409990371,-0.1935,1.0,1.0,1.0,1.0,2.0,4.0,2.8585,8.0,3.0,3.8125
T,0,4111112910413054,0.0347,1.0,1.0,1.0,1.0,0.0,4.0,2.3496,7.0,7.0,2.375
T,0,4111115459262626,-0.2013,1.0,1.0,1.0,1.0,0.0,4.0,2.43,6.0,5.0,3.5
T,0,4111117006234686,-0.0294,1.0,1.0,1.0,1.0,0.0,4.0,2.7272,8.0,5.0,3.1875
T,0,4111116050130964,0.2992,1.0,1.0,1.0,1.0,0.0,4.0,2.4835,7.0,6.0,2.6875
T,0,5105100047675005,0.2729,1.0,1.0,1.0,1.0,3.0,5.0,2.2806,6.0,6.0,2.875
T,0,4111117758901045,-0.0063,1.0,1.0,1.0,1.0,0.0,4.0,2.5306,7.0,6.0,3.4375
T,0,5555559734974663,-0.1354,1.0,1.0,1.0,1.0,4.0,5.0,2.4056,6.0,6.0,5.5
T,0,5555554420810818,0.0676,1.0,1.0,1.0,1.0,4.0,5.0,2.3585,6.0,6.0,4.125
T,0,5105106222111989,0.0513,1.0,1.0,1.0,1.0,3.0,5.0,2.6022,7.0,5.0,3.3125
T,0,4111112030233564,-0.2165,1.0,1.0,1.0,1.0,0.0,4.0,2.6022,7.0,5.0,2.3125
T,0,5555558716443721,-0.1119,1.0,1.0,1.0,1.0,4.0,5.0,2.6556,8.0,6.0,4.5625
T,0,4242428105635497,0.3314,1.0,1.0,1.0,1.0,1.0,4.0,3.0778,10.0,4.0,4.125
T,0,4242423531408759,0.1766,1.0,1.0,1.0,1.0,1.0,4.0,2.9528,9.0,4.0,3.9375
T,0,4242428137327402,-0.0678,1.0,1.0,1.0,1.0,1.0,4.0,2.5244,7.0,5.0,3.4375
T,0,4242426062286213,-0.111,1.0,1.0,1.0,1.0,1.0,4.0,2.4363,7.0,6.0,3.375
T,0,6011008158255056,0.074,1.0,1.0,1.0,1.0,5.0,6.0,2.4528,6.0,4.0,3.3125
T,0,4242421877684579,0.07,1.0,1.0,1.0,1.0,1.0,4.0,2.7806,8.0,4.0,5.0
T,0,4111119619357128,-0.1566,1.0,1.0,1.0,1.0,0.0,4.0,2.6468,9.0,7.0,3.75
T,0,4242422783933613,-0.0533,1.0,1.0,1.0,1.0,1.0,4.0,2.7028,8.0,4.0,3.9375
T,0,4111119543068890,0.0508,1.0,1.0,1.0,1.0,0.0,4.0,2.7744,8.0,5.0,3.8125
T,0,4111112141153545,-0.3082,1.0,1.0,1.0,1.0,0.0,4.0,1.9056,5.0,8.0,2.5
T,0,4111112264696577,0.1994,1.0,1.0,1.0,1.0,0.0,4.0,2.6022,7.0,5.0,3.9375
T,0,4111113740494371,0.2706,1.0,1.0,1.0,1.0,0.0,4.0,2.2806,6.0,6.0,3.1875
T,0,5555553660083029,0.4385,1.0,1.0,1.0,1.0,4.0,5.0,2.4835,7.0,6.0,4.1875
T,0,4242420105970917,0.0195,1.0,1.0,1.0,1.0,1.0,4.0,2.7335,7.0,3.0,3.5625
T,0,5555558954412776,-0.3912,1.0,1.0,1.0,1.0,4.0,5.0,2.5218,8.0,7.0,5.1875
T,0,4111111028912940,-0.0633,1.0,1.0,1.0,1.0,0.0,4.0,2.2718,6.0,7.0,2.8125
T,0,4111115930551878,0.3728,1.0,1.0,1.0,1.0,0.0,4.0,2.6085,8.0,6.0,3.75
T,0,4111116743750640,0.2326,1.0,1.0,1.0,1.0,0.0,4.0,2.6022,7.0,5.0,3.1875
T,0,4532012459939033,0.0545,1.0,1.0,1.0,1.0,2.0,4.0,2.7028,7.0,4.0,3.875
T,0,5105109749099315,0.1654,1.0,1.0,1.0,1.0,3.0,5.0,2.6085,7.0,4.0,4.25
T,0,5105100449966945,-0.1549,1.0,1.0,1.0,1.0,3.0,5.0,2.5613,6.0,3.0,4.25
T,0,4242421307409399,0.0023,1.0,1.0,1.0,1.0,1.0,4.0,2.6556,7.0,4.0,3.9375
T,0,4111115585625142,0.2706,1.0,1.0,1.0,1.0,0.0,4.0,2.2806,6.0,6.0,3.25
T,0,4111110255949328,0.0314,1.0,1.0,1.0,1.0,0.0,4.0,2.7744,8.0,5.0,3.5
T,0,4111113495065228,-0.2246,1.0,1.0,1.0,1.0,0.0,4.0,2.8994,9.0,5.0,3.3125
T,0,4111116008195929,0.2898,1.0,1.0,1.0,1.0,0.0,4.0,2.6085,8.0,6.0,3.625
T,0,4111113769745299,-0.0319,1.0,1.0,1.0,1.0,0.0,4.0,2.7272,8.0,5.0,4.375
T,0,4532017445691317,-0.0437,1.0,1.0,1.0,1.0,2.0,4.0,3.0306,9.0,3.0,3.875
T,0,6011005115761390,-0.0948,1.0,1.0,1.0,1.0,5.0,6.0,2.5244,7.0,5.0,2.875
T,0,4242426892117828,-0.1647,1.0,1.0,1.0,1.0,1.0,4.0,2.555,7.0,5.0,4.375
T,0,4111119179878166,0.3035,1.0,1.0,1.0,1.0,0.0,4.0,2.2718,6.0,7.0,4.4375
T,0,4532018580041771,-0.0152,1.0,1.0,1.0,1.0,2.0,4.0,2.9056,8.0,3.0,3.5
T,0,4111117315639898,0.0955,1.0,1.0,1.0,1.0,0.0,4.0,2.6556,8.0,6.0,4.25
T,0,4111118633809353,0.2175,1.0,1.0,1.0,1.0,0.0,4.0,2.6494,8.0,5.0,3.5625
T,0,4242428210496934,0.3572,1.0,1.0,1.0,1.0,1.0,4.0,2.6494,8.0,5.0,4.0
T,0,4111115592388312,-0.0063,1.0,1.0,1.0,1.0,0.0,4.0,2.5306,7.0,6.0,3.4375
T,0,4111117638170795,0.1769,1.0,1.0,1.0,1.0,0.0,4.0,2.7335,9.0,6.0,3.875
T,0,6011002617220629,-0.4603,1.0,1.0,1.0,1.0,5.0,6.0,2.4056,6.0,4.0,2.8125
T,0,4242429360810213,-0.0323,1.0,1.0,1.0,1.0,1.0,4.0,2.8278,8.0,4.0,3.1875
T,0,4111115671522955,-0.0886,1.0,1.0,1.0,1.0,0.0,4.0,2.4056,7.0,6.0,3.5
T,0,4532011629230893,0.0446,1.0,1.0,1.0,1.0,2.0,4.0,3.0306,9.0,3.0,3.625
T,0,6011004588508156,0.3745,1.0,1.0,1.0,1.0,5.0,6.0,2.4835,6.0,4.0,3.625
T,0,4242420759772031,-0.1092,1.0,1.0,1.0,1.0,1.0,4.0,2.7806,8.0,4.0,3.6875
T,0,4532010596817203,-0.3093,1.0,1.0,1.0,1.0,2.0,4.0,3.2028,10.0,3.0,3.5
T,0,5555558216309570,-0.2666,1.0,1.0,1.0,1.0,4.0,5.0,2.6468,9.0,7.0,4.4375
T,0,4532016402090497,0.243,1.0,1.0,1.0,1.0,2.0,4.0,2.9528,9.0,4.0,3.5
T,0,4111116066762024,-0.2017,1.0,1.0,1.0,1.0,0.0,4.0,2.3994,6.0,5.0,3.0
T,0,4242421978415014,0.142,1.0,1.0,1.0,1.0,1.0,4.0,2.68,8.0,5.0,3.625
T,0,4111114229424962,-0.0913,1.0,1.0,1.0,1.0,0.0,4.0,2.1494,5.0,5.0,3.3125
T,0,6011003535358707,-0.1412,1.0,1.0,1.0,1.0,5.0,6.0,2.6556,7.0,4.0,3.375
T,0,4532013119858712,0.2541,1.0,1.0,1.0,1.0,2.0,4.0,3.0,9.0,4.0,3.75
T,0,4111113962140900,0.2992,1.0,1.0,1.0,1.0,0.0,4.0,2.4835,7.0,6.0,2.6875
T,0,4111119327039521,-0.1672,1.0,1.0,1.0,1.0,0.0,4.0,2.6556,8.0,6.0,3.125
T,0,4111114807009284,-0.0512,1.0,1.0,1.0,1.0,0.0,4.0,2.555,7.0,5.0,3.1875
T,0,5105106128244710,-0.1034,1.0,1.0,1.0,1.0,3.0,5.0,2.8278,8.0,4.0,2.9375
T,0,4111116004380046,-0.1437,1.0,1.0,1.0,1.0,0.0,4.0,2.3522,6.0,5.0,2.5
T,0,5555555912259794,-0.3399,1.0,1.0,1.0,1.0,4.0,5.0,2.0778,6.0,8.0,5.1875
T,0,4111110214267713,0.0478,1.0,1.0,1.0,1.0,0.0,4.0,2.3968,7.0,7.0,2.625
T,0,4111113735821711,0.184,1.0,1.0,1.0,1.0,0.0,4.0,2.25,7.0,8.0,2.9375
T,0,5105100177397032,0.0637,1.0,1.0,1.0,1.0,3.0,5.0,2.6556,7.0,4.0,3.1875
T,0,4111115695140404,0.1906,1.0,1.0,1.0,1.0,0.0,4.0,2.2806,6.0,6.0,2.9375
T,0,5555552053559736,1.0133,1.0,1.0,1.0,1.0,4.0,5.0,2.0919,7.0,9.0,4.6875
T,0,4532017856127710,0.06,1.0,1.0,1.0,1.0,2.0,4.0,3.0306,9.0,3.0,3.6875
T,0,4532010327427504,-0.135,1.0,1.0,1.0,1.0,2.0,4.0,2.7335,7.0,3.0,3.0625
T,0,4111114865954488,-0.24,1.0,1.0,1.0,1.0,0.0,4.0,2.3522,6.0,5.0,4.375
T,0,4111111526895597,0.511,1.0,1.0,1.0,1.0,0.0,4.0,2.6085,8.0,6.0,4.125
T,0,4242428505551872,0.1563,1.0,1.0,1.0,1.0,1.0,4.0,2.5778,7.0,4.0,4.0
T,0,4242427650383420,0.0537,1.0,1.0,1.0,1.0,1.0,4.0,2.75,8.0,4.0,3.5
T,0,4111115375343757,0.5563,1.0,1.0,1.0,1.0,0.0,4.0,2.2579,5.0,5.0,3.625
T,0,4242429279768205,-0.1819,1.0,1.0,1.0,1.0,1.0,4.0,2.7272,8.0,5.0,4.5625
T,0,4532015973951095,-0.0557,1.0,1.0,1.0,1.0,2.0,4.0,2.8278,8.0,4.0,4.25
T,0,4111115302831668,-0.1672,1.0,1.0,1.0,1.0,0.0,4.0,2.6556,8.0,6.0,3.1875
T,0,4111118315821999,0.1818,1.0,1.0,1.0,1.0,0.0,4.0,2.3496,7.0,7.0,4.0
T,0,4242428943427578,0.1969,1.0,1.0,1.0,1.0,1.0,4.0,2.5244,7.0,5.0,4.6875
T,0,4242426708263683,0.0434,1.0,1.0,1.0,1.0,1.0,4.0,2.6556,7.0,4.0,4.1875
T,0,4532019400946991,0.0345,1.0,1.0,1.0,1.0,2.0,4.0,2.7806,8.0,4.0,4.125
T,0,4111115091271910,0.1985,1.0,1.0,1.0,1.0,0.0,4.0,2.25,7.0,8.0,2.75
T,0,5105102385505935,0.3472,1.0,1.0,1.0,1.0,3.0,5.0,2.4835,7.0,6.0,3.5625
T,0,4532018383767804,-0.0338,1.0,1.0,1.0,1.0,2.0,4.0,3.0306,9.0,3.0,4.3125
T,0,4242422504119245,0.3008,1.0,1.0,1.0,1.0,1.0,4.0,2.2988,6.0,5.0,3.1875
T,0,4111110809208932,0.185,1.0,1.0,1.0,1.0,0.0,4.0,2.6022,7.0,5.0,3.125
T,0,5105105737853648,-0.2057,1.0,1.0,1.0,1.0,3.0,5.0,2.875,8.0,4.0,4.25
T,0,4111114708750804,-0.0121,1.0,1.0,1.0,1.0,0.0,4.0,2.43,6.0,5.0,3.25
T,0,4111118013891914,0.1152,1.0,1.0,1.0,1.0,0.0,4.0,2.125,6.0,8.0,3.3125
T,0,4111112442979358,0.018,1.0,1.0,1.0,1.0,0.0,4.0,2.7272,8.0,5.0,3.875
T,0,6011009299225941,0.3353,1.0,1.0,1.0,1.0,5.0,6.0,2.6085,7.0,4.0,3.75
T,0,5555554882309564,-0.1387,1.0,1.0,1.0,1.0,4.0,5.0,2.5218,8.0,7.0,4.9375
T,0,4111117417346327,0.2024,1.0,1.0,1.0,1.0,0.0,4.0,2.3113,6.0,6.0,3.3125
T,0,4111110937274855,-0.0381,1.0,1.0,1.0,1.0,0.0,4.0,2.8994,9.0,5.0,3.6875
T,0,4242427654170369,0.3579,1.0,1.0,1.0,1.0,1.0,4.0,2.9528,9.0,4.0,4.125
T,0,4242425597060218,0.0023,1.0,1.0,1.0,1.0,1.0,4.0,2.9528,9.0,4.0,3.8125
T,0,5555551210857314,-0.0053,1.0,1.0,1.0,1.0,4.0,5.0,2.4746,8.0,7.0,3.875
T,0,4242427753658728,0.1526,1.0,1.0,1.0,1.0,1.0,4.0,2.6556,7.0,4.0,4.75
T,0,5105108708477876,-0.1723,1.0,1.0,1.0,1.0,3.0,5.0,2.6556,7.0,4.0,4.625
T,0,5105104899813011,0.195,1.0,1.0,1.0,1.0,3.0,5.0,2.6022,7.0,5.0,3.5
T,0,4111115976566814,0.4727,1.0,1.0,1.0,1.0,0.0,4.0,2.4835,7.0,6.0,4.125
T,0,5105109587696115,-0.0525,1.0,1.0,1.0,1.0,3.0,5.0,2.625,7.0,4.0,4.3125
T,0,4111111289611132,1.2836,1.0,1.0,1.0,1.0,0.0,4.0,2.0919,7.0,9.0,2.6875
T,0,5105100592285754,-0.1784,1.0,1.0,1.0,1.0,3.0,5.0,2.7272,8.0,5.0,3.6875
T,0,6011007229963664,-0.1743,1.0,1.0,1.0,1.0,5.0,6.0,2.8278,8.0,4.0,3.875
T,0,4532014563073469,-0.0437,1.0,1.0,1.0,1.0,2.0,4.0,3.0306,9.0,3.0,3.875
T,0,4242421666161797,0.0676,1.0,1.0,1.0,1.0,1.0,4.0,2.4835,6.0,4.0,4.25
T,0,4111111951901928,0.1917,1.0,1.0,1.0,1.0,0.0,4.0,2.2028,7.0,8.0,3.375
T,0,4242421669853309,0.139,1.0,1.0,1.0,1.0,1.0,4.0,3.0306,9.0,3.0,4.25
T,0,4242426135573571,-0.0863,1.0,1.0,1.0,1.0,1.0,4.0,2.7335,7.0,3.0,3.8125
T,0,4111116068411216,-0.3156,1.0,1.0,1.0,1.0,0.0,4.0,2.0778,6.0,8.0,2.75
T,0,4111115787702384,0.1624,1.0,1.0,1.0,1.0,0.0,4.0,2.7272,8.0,5.0,3.75
T,0,5555559555575805,-1.456,1.0,1.0,1.0,1.0,4.0,5.0,1.3113,5.0,12.0,5.25
T,0,4111119597516877,0.369,1.0,1.0,1.0,1.0,0.0,4.0,2.4835,7.0,6.0,4.5625
T,0,4111115251483768,0.0295,1.0,1.0,1.0,1.0,0.0,4.0,2.6556,8.0,6.0,3.625
T,0,4111113972487853,0.3342,1.0,1.0,1.0,1.0,0.0,4.0,2.7744,8.0,5.0,4.0625
T,0,4242429339101082,0.0042,1.0,1.0,1.0,1.0,1.0,4.0,2.7028,7.0,4.0,3.375
T,0,4111114782893330,-0.076,1.0,1.0,1.0,1.0,0.0,4.0,2.7272,8.0,5.0,3.5
T,0,4532019461619255,-0.0946,1.0,1.0,1.0,1.0,2.0,4.0,2.9056,8.0,3.0,3.9375
T,0,4111114298624823,-0.1985,1.0,1.0,1.0,1.0,0.0,4.0,2.555,7.0,5.0,3.5625
T,0,6011009778179379,0.3286,1.0,1.0,1.0,1.0,5.0,6.0,2.6085,7.0,4.0,4.6875
T,0,4111119803531215,-0.2822,1.0,1.0,1.0,1.0,0.0,4.0,2.5218,8.0,7.0,2.875
T,0,4111112654863142,0.216,1.0,1.0,1.0,1.0,0.0,4.0,2.4835,7.0,6.0,3.125
T,0,4242420739115038,-0.0721,1.0,1.0,1.0,1.0,1.0,4.0,3.0306,9.0,3.0,3.4375
T,0,4111113121408917,-0.41,1.0,1.0,1.0,1.0,0.0,4.0,2.375,8.0,8.0,2.8125
T,0,5105105989931076,-0.4232,1.0,1.0,1.0,1.0,3.0,5.0,2.8113,8.0,3.0,4.3125
T,0,6011000550445062,-0.5054,1.0,1.0,1.0,1.0,5.0,6.0,2.3585,6.0,6.0,2.4375
T,0,4111112187208963,-0.3333,1.0,1.0,1.0,1.0,0.0,4.0,2.7806,9.0,6.0,3.4375
T,0,4242429170679444,0.1744,1.0,1.0,1.0,1.0,1.0,4.0,2.4835,7.0,6.0,4.3125
T,0,4242426368896004,-0.0007,1.0,1.0,1.0,1.0,1.0,4.0,2.6556,7.0,4.0,4.25
T,0,4532013920544006,-0.1662,1.0,1.0,1.0,1.0,2.0,4.0,2.8278,8.0,4.0,3.0
T,0,5555558362935889,0.217,1.0,1.0,1.0,1.0,4.0,5.0,2.2246,6.0,7.0,5.6875
T,0,4242422504981982,0.0539,1.0,1.0,1.0,1.0,1.0,4.0,2.5244,7.0,5.0,4.125
T,0,5105109628395669,-0.144,1.0,1.0,1.0,1.0,3.0,5.0,2.8585,8.0,3.0,4.6875
T,0,4242421971239122,0.24,1.0,1.0,1.0,1.0,1.0,4.0,2.3113,6.0,6.0,3.4375
T,0,6011003559493083,-0.1183,1.0,1.0,1.0,1.0,5.0,6.0,2.8278,8.0,4.0,3.5625
T,0,4111119471080073,-0.0142,1.0,1.0,1.0,1.0,0.0,4.0,2.4835,7.0,6.0,3.0
T,0,5105104706509935,0.0601,1.0,1.0,1.0,1.0,3.0,5.0,2.75,8.0,4.0,3.75
T,0,5105107872663758,-0.2638,1.0,1.0,1.0,1.0,3.0,5.0,2.9056,8.0,3.0,4.4375
T,0,4111118595321751,-0.4817,1.0,1.0,1.0,1.0,0.0,4.0,2.4746,8.0,7.0,3.4375
T,0,4242429530500702,-0.5682,1.0,1.0,1.0,1.0,1.0,4.0,2.5778,7.0,4.0,3.0625
T,0,6011001978989244,0.1409,1.0,1.0,1.0,1.0,5.0,6.0,2.8585,8.0,3.0,4.3125
T,0,4111112248784770,-0.027,1.0,1.0,1.0,1.0,0.0,4.0,2.43,6.0,5.0,3.625
T,0,5555555527363635,0.8877,1.0,1.0,1.0,1.0,4.0,5.0,1.7947,5.0,9.0,4.6875
T,0,4532014300693553,-0.3265,1.0,1.0,1.0,1.0,2.0,4.0,2.7806,8.0,4.0,3.3125
T,0,4111110223906756,0.0205,1.0,1.0,1.0,1.0,0.0,4.0,2.8994,9.0,5.0,3.0625
T,0,4532017654407256,-0.1693,1.0,1.0,1.0,1.0,2.0,4.0,2.9056,8.0,3.0,3.8125
T,0,5555559025298509,0.4633,1.0,1.0,1.0,1.0,4.0,5.0,1.9528,5.0,8.0,4.9375
T,0,4111118215453414,0.2362,1.0,1.0,1.0,1.0,0.0,4.0,2.1468,6.0,7.0,2.875
T,0,5555551562591172,-0.413,1.0,1.0,1.0,1.0,4.0,5.0,2.0778,6.0,8.0,4.3125
T,0,4111116435244647,-0.1308,1.0,1.0,1.0,1.0,0.0,4.0,2.4238,7.0,5.0,3.375
T,0,4242429521076233,0.1545,1.0,1.0,1.0,1.0,1.0,4.0,2.8522,9.0,5.0,3.5
T,0,4111110270236107,0.2572,1.0,1.0,1.0,1.0,0.0,4.0,2.4835,7.0,6.0,2.3125
T,0,4242426324010054,-0.0178,1.0,1.0,1.0,1.0,1.0,4.0,2.4772,7.0,5.0,2.6875
T,0,4532015876301265,0.2232,1.0,1.0,1.0,1.0,2.0,4.0,3.0778,9.0,3.0,3.625
T,0,4111112065798549,0.4728,1.0,1.0,1.0,1.0,0.0,4.0,2.8994,9.0,5.0,4.0
T,0,4111116339528004,0.0205,1.0,1.0,1.0,1.0,0.0,4.0,2.8994,9.0,5.0,3.0625
T,0,5105106905711634,-0.4348,1.0,1.0,1.0,1.0,3.0,5.0,2.7806,8.0,4.0,3.375
T,0,4242422482973480,-0.1523,1.0,1.0,1.0,1.0,1.0,4.0,2.4238,7.0,5.0,4.0625
T,0,4242422752358941,0.3572,1.0,1.0,1.0,1.0,1.0,4.0,2.6494,8.0,5.0,4.0
T,0,4111110213056679,0.0238,1.0,1.0,1.0,1.0,0.0,4.0,2.7806,9.0,6.0,3.0
T,0,4111116185685890,0.5303,1.0,1.0,1.0,1.0,0.0,4.0,2.4835,7.0,6.0,4.0625
T,0,4242421645075647,0.126,1.0,1.0,1.0,1.0,1.0,4.0,2.6022,7.0,5.0,3.9375
T,0,4242429766728902,0.1287,1.0,1.0,1.0,1.0,1.0,4.0,2.6022,7.0,5.0,4.625
T,0,4111110385271155,-0.3591,1.0,1.0,1.0,1.0,0.0,4.0,2.4746,8.0,7.0,2.875
T,0,4111114447045607,0.2566,1.0,1.0,1.0,1.0,0.0,4.0,2.2988,6.0,5.0,3.125
T,0,4111110504894812,0.216,1.0,1.0,1.0,1.0,0.0,4.0,2.4835,7.0,6.0,3.125
T,0,4111119551078344,-0.2063,1.0,1.0,1.0,1.0,0.0,4.0,2.6085,8.0,6.0,3.4375
T,0,4111117626402747,-0.1252,1.0,1.0,1.0,1.0,0.0,4.0,2.43,6.0,5.0,3.375
T,0,6011000577849619,0.2861,1.0,1.0,1.0,1.0,5.0,6.0,2.8278,8.0,4.0,4.0
T,0,4111111370068366,-0.0554,1.0,1.0,1.0,1.0,0.0,4.0,2.4835,7.0,6.0,3.0625
T,0,4111118941488379,0.0899,1.0,1.0,1.0,1.0,0.0,4.0,2.3113,6.0,6.0,4.375
T,0,4242426619798983,-0.9059,1.0,1.0,1.0,1.0,1.0,4.0,2.8585,8.0,3.0,5.25
T,0,5105103635915312,-0.2179,1.0,1.0,1.0,1.0,3.0,5.0,2.5778,7.0,4.0,3.125
T,0,4111118181186055,-0.2163,1.0,1.0,1.0,1.0,0.0,4.0,2.0778,6.0,8.0,3.25
T,0,4242420478850456,0.2936,1.0,1.0,1.0,1.0,1.0,4.0,2.6022,7.0,5.0,4.0625
T,0,4111115093129512,0.0388,1.0,1.0,1.0,1.0,0.0,4.0,2.3968,7.0,7.0,2.875
T,0,6011008168031018,-1.1824,1.0,1.0,1.0,1.0,5.0,6.0,2.1266,5.0,5.0,2.75
T,0,4532017876835680,-0.0322,1.0,1.0,1.0,1.0,2.0,4.0,3.0778,9.0,3.0,4.5625
T,0,4111110512267373,-0.014,1.0,1.0,1.0,1.0,0.0,4.0,2.6556,8.0,6.0,2.8125
T,0,4242427103486465,0.0452,1.0,1.0,1.0,1.0,1.0,4.0,2.8522,9.0,5.0,3.875
T,0,4111112695941006,0.125,1.0,1.0,1.0,1.0,0.0,4.0,2.5306,7.0,6.0,3.1875
T,0,6011000667579191,0.066,1.0,1.0,1.0,1.0,5.0,6.0,2.4528,6.0,4.0,3.6875
T,0,4242421107825596,0.1041,1.0,1.0,1.0,1.0,1.0,4.0,2.9528,9.0,4.0,3.875
T,0,5555552306832146,0.1847,1.0,1.0,1.0,1.0,4.0,5.0,2.6556,8.0,6.0,4.0625
T,0,4111113271700188,0.0388,1.0,1.0,1.0,1.0,0.0,4.0,2.3968,7.0,7.0,2.875
T,0,5555559895448184,1.6062,1.0,1.0,1.0,1.0,4.0,5.0,2.0524,5.0,7.0,5.625
T,0,6011005856249050,-0.1513,1.0,1.0,1.0,1.0,5.0,6.0,2.7272,8.0,5.0,3.25
T,0,4111117046818035,-0.1672,1.0,1.0,1.0,1.0,0.0,4.0,2.6556,8.0,6.0,3.1875
T,0,4242429225757922,0.1449,1.0,1.0,1.0,1.0,1.0,4.0,2.0996,5.0,7.0,4.25
T,0,5105100141041310,-1.4462,1.0,1.0,1.0,1.0,3.0,5.0,2.055,5.0,6.0,1.6875
T,0,4242428654272064,-0.2478,1.0,1.0,1.0,1.0,1.0,4.0,2.4238,7.0,5.0,3.875
T,0,6011004485928960,-0.1384,1.0,1.0,1.0,1.0,5.0,6.0,2.875,8.0,4.0,3.9375
T,0,4532019135992807,0.183,1.0,1.0,1.0,1.0,2.0,4.0,3.0778,9.0,3.0,4.25
T,0,4242421315272664,-0.0678,1.0,1.0,1.0,1.0,1.0,4.0,2.5244,7.0,5.0,3.4375
T,0,4532015791161505,-0.1817,1.0,1.0,1.0,1.0,2.0,4.0,2.875,9.0,4.0,3.4375
T,0,4111112343175783,0.2421,1.0,1.0,1.0,1.0,0.0,4.0,2.4835,7.0,6.0,3.25
T,0,4242422461091890,0.4578,1.0,1.0,1.0,1.0,1.0,4.0,2.625,7.0,4.0,3.625
T,0,4532015128580674,0.0331,1.0,1.0,1.0,1.0,2.0,4.0,3.0778,9.0,3.0,3.8125
T,0,4532017556966284,0.0633,1.0,1.0,1.0,1.0,2.0,4.0,3.1556,10.0,3.0,4.5625
T,0,4242425004359187,0.2658,1.0,1.0,1.0,1.0,1.0,4.0,2.9528,9.0,4.0,3.75
T,0,4242422967718392,-0.1546,1.0,1.0,1.0,1.0,1.0,4.0,2.7272,8.0,5.0,4.5
T,0,4242428016037270,-0.1433,1.0,1.0,1.0,1.0,1.0,4.0,2.7806,8.0,4.0,3.25
T,0,5555555619471718,-0.5636,1.0,1.0,1.0,1.0,4.0,5.0,2.3496,7.0,7.0,4.9375
T,0,4242420354666778,-0.1806,1.0,1.0,1.0,1.0,1.0,4.0,2.7806,8.0,4.0,4.375
T,0,4242420014701130,-0.94,1.0,1.0,1.0,1.0,1.0,4.0,2.4056,6.0,4.0,2.1875
T,0,6011002536093560,-0.1176,1.0,1.0,1.0,1.0,5.0,6.0,2.6022,7.0,5.0,2.9375
T,0,4532017338792727,0.0193,1.0,1.0,1.0,1.0,2.0,4.0,2.9056,9.0,4.0,4.375
T,0,4111117766698435,-0.0319,1.0,1.0,1.0,1.0,0.0,4.0,2.7272,8.0,5.0,4.375
T,0,4111110936420418,-0.1026,1.0,1.0,1.0,1.0,0.0,4.0,2.6085,8.0,6.0,2.875
T,0,4242423248910618,0.1593,1.0,1.0,1.0,1.0,1.0,4.0,2.75,8.0,4.0,3.75
T,0,4242427783475101,-0.1496,1.0,1.0,1.0,1.0,1.0,4.0,2.7806,8.0,4.0,3.8125
T,0,4242420051139723,-0.1815,1.0,1.0,1.0,1.0,1.0,4.0,2.8278,8.0,4.0,3.0625
T,0,5105101088620389,-0.0582,1.0,1.0,1.0,1.0,3.0,5.0,2.7806,8.0,4.0,3.5625
T,0,4111113212498561,-0.2005,1.0,1.0,1.0,1.0,0.0,4.0,2.5218,8.0,7.0,3.125
T,0,4111110682281535,-0.4061,1.0,1.0,1.0,1.0,0.0,4.0,2.6556,8.0,6.0,3.0625
T,0,4111113059642057,0.1399,1.0,1.0,1.0,1.0,0.0,4.0,2.8994,9.0,5.0,3.125
T,0,4111119387175330,-0.2063,1.0,1.0,1.0,1.0,0.0,4.0,2.6085,8.0,6.0,3.4375
T,0,4532015428802000,0.108,1.0,1.0,1.0,1.0,2.0,4.0,2.6022,7.0,5.0,2.75
T,0,4242424936306432,0.2818,1.0,1.0,1.0,1.0,1.0,4.0,2.3522,6.0,5.0,3.625
T,0,4111111298372429,0.1525,1.0,1.0,1.0,1.0,0.0,4.0,2.4835,7.0,6.0,3.5
T,0,6011006467518115,-0.2089,1.0,1.0,1.0,1.0,5.0,6.0,2.555,7.0,5.0,3.25
T,0,4242421922092075,0.1007,1.0,1.0,1.0,1.0,1.0,4.0,2.4835,7.0,6.0,3.4375
T,0,4111110788887847,-0.3977,1.0,1.0,1.0,1.0,0.0,4.0,2.1266,5.0,5.0,4.625
T,0,4111114554190121,-0.4628,1.0,1.0,1.0,1.0,0.0,4.0,2.0778,6.0,8.0,2.5625
T,0,4111119244970238,-0.0151,1.0,1.0,1.0,1.0,0.0,4.0,2.7272,8.0,5.0,3.5625
T,0,4111110120414748,0.2063,1.0,1.0,1.0,1.0,0.0,4.0,2.1468,6.0,7.0,2.5
T,0,5105106232322485,-0.3153,1.0,1.0,1.0,1.0,3.0,5.0,2.8278,8.0,4.0,3.0625
T,0,4111114097728122,0.2421,1.0,1.0,1.0,1.0,0.0,4.0,2.4835,7.0,6.0,3.1875
T,0,4111115836893820,0.0025,1.0,1.0,1.0,1.0,0.0,4.0,2.8522,9.0,5.0,3.8125
T,0,4111111768690086,0.4097,1.0,1.0,1.0,1.0,0.0,4.0,2.4835,7.0,6.0,3.75
T,0,4111114520533990,0.0808,1.0,1.0,1.0,1.0,0.0,4.0,2.6494,7.0,5.0,3.0625
T,0,4242424426770725,-0.295,1.0,1.0,1.0,1.0,1.0,4.0,2.2516,6.0,5.0,3.875
T,0,5555550422691115,0.0793,1.0,1.0,1.0,1.0,4.0,5.0,2.3496,7.0,7.0,3.8125
T,0,4532017254304127,-0.003,1.0,1.0,1.0,1.0,2.0,4.0,2.7806,7.0,3.0,3.125
T,0,4111116104883709,-0.3644,1.0,1.0,1.0,1.0,0.0,4.0,2.6556,8.0,6.0,3.4375
T,0,4242423207356274,0.002,1.0,1.0,1.0,1.0,1.0,4.0,2.5244,7.0,5.0,3.5625
T,0,6011004534512559,-0.382,1.0,1.0,1.0,1.0,5.0,6.0,2.7806,8.0,4.0,3.1875
T,0,4532019288141657,0.0984,1.0,1.0,1.0,1.0,2.0,4.0,3.2028,10.0,3.0,4.125
T,0,4111112208960030,-0.2872,1.0,1.0,1.0,1.0,0.0,4.0,2.6494,8.0,5.0,2.4375
T,0,4111110273481262,0.0031,1.0,1.0,1.0,1.0,0.0,4.0,2.6085,8.0,6.0,2.75
T,0,4532012865290757,0.041,1.0,1.0,1.0,1.0,2.0,4.0,3.1556,10.0,3.0,4.125
T,0,4111115708341635,-0.1672,1.0,1.0,1.0,1.0,0.0,4.0,2.6556,8.0,6.0,3.1875
T,0,4111114908970913,0.1196,1.0,1.0,1.0,1.0,0.0,4.0,2.4835,7.0,6.0,3.6875
T,0,4111113589492387,0.2348,1.0,1.0,1.0,1.0,0.0,4.0,2.7744,8.0,5.0,4.1875
T,0,4111114715373384,0.221,1.0,1.0,1.0,1.0,0.0,4.0,2.3113,6.0,6.0,3.375
T,0,6011004921200487,0.1012,1.0,1.0,1.0,1.0,5.0,6.0,2.7272,8.0,5.0,2.8125
T,0,4532010696222536,0.0144,1.0,1.0,1.0,1.0,2.0,4.0,2.8278,8.0,4.0,3.5
T,0,4532016683011519,-0.1968,1.0,1.0,1.0,1.0,2.0,4.0,3.0,9.0,4.0,3.4375
T,0,4111116964940268,-0.0805,1.0,1.0,1.0,1.0,0.0,4.0,2.555,7.0,5.0,3.9375
T,0,4111119363884129,0.1482,1.0,1.0,1.0,1.0,0.0,4.0,2.5306,7.0,6.0,3.875
T,0,4111116948175205,-0.0907,1.0,1.0,1.0,1.0,0.0,4.0,2.7806,9.0,6.0,3.5
T,0,4242427494881076,-0.1546,1.0,1.0,1.0,1.0,1.0,4.0,2.7272,8.0,5.0,4.5
T,0,4242420006093629,0.1182,1.0,1.0,1.0,1.0,1.0,4.0,2.4528,6.0,4.0,3.3125
T,0,5555555195378139,-0.806,1.0,1.0,1.0,1.0,4.0,5.0,2.125,6.0,8.0,5.0625
T,0,5105103432212004,-0.0284,1.0,1.0,1.0,1.0,3.0,5.0,2.5306,6.0,4.0,2.0625
T,0,4242426478364091,0.2991,1.0,1.0,1.0,1.0,1.0,4.0,2.8522,9.0,5.0,4.125
T,0,4532010983515956,0.3348,1.0,1.0,1.0,1.0,2.0,4.0,3.0,9.0,4.0,4.125
T,0,5105104943697626,-0.1767,1.0,1.0,1.0,1.0,3.0,5.0,3.0778,9.0,3.0,4.25
T,0,4111112038669348,0.2394,1.0,1.0,1.0,1.0,0.0,4.0,2.7744,8.0,5.0,3.625
T,0,4111110541291428,0.0916,1.0,1.0,1.0,1.0,0.0,4.0,2.3496,7.0,7.0,2.8125
T,0,4532016296392892,0.2761,1.0,1.0,1.0,1.0,2.0,4.0,2.9528,9.0,4.0,4.4375
T,0,5105103003646200,0.2631,1.0,1.0,1.0,1.0,3.0,5.0,2.5306,7.0,6.0,2.25
T,0,4242426465112289,-0.0291,1.0,1.0,1.0,1.0,1.0,4.0,2.5244,7.0,5.0,3.875
T,0,4242426429492454,-0.3063,1.0,1.0,1.0,1.0,1.0,4.0,1.9212,5.0,7.0,4.1875
T,0,4111118750230292,0.6061,1.0,1.0,1.0,1.0,0.0,4.0,2.8522,9.0,5.0,2.9375
T,0,4242421587944842,-0.1432,1.0,1.0,1.0,1.0,1.0,4.0,2.4056,7.0,6.0,4.375
T,0,4111114801049740,-0.1397,1.0,1.0,1.0,1.0,0.0,4.0,2.2335,6.0,6.0,2.875
T,0,4242422290549811,-0.0634,1.0,1.0,1.0,1.0,1.0,4.0,2.5244,7.0,5.0,3.6875
T,0,4111111592740180,-0.2822,1.0,1.0,1.0,1.0,0.0,4.0,2.5218,8.0,7.0,2.875
T,0,5105107889412496,-0.2919,1.0,1.0,1.0,1.0,3.0,5.0,3.0778,9.0,3.0,4.375
T,0,4242429725832910,0.2977,1.0,1.0,1.0,1.0,1.0,4.0,2.8522,9.0,5.0,4.0
T,0,4242422680685753,-0.0298,1.0,1.0,1.0,1.0,1.0,4.0,2.8278,8.0,4.0,4.25
T,0,4111110743203379,0.0878,1.0,1.0,1.0,1.0,0.0,4.0,2.6022,7.0,5.0,2.9375
T,0,4242427910384093,-0.0391,1.0,1.0,1.0,1.0,1.0,4.0,2.8278,8.0,4.0,3.875
T,0,4242424431572777,-0.1095,1.0,1.0,1.0,1.0,1.0,4.0,2.2744,6.0,5.0,4.0625
T,0,5105107225093182,-0.2224,1.0,1.0,1.0,1.0,3.0,5.0,2.8113,8.0,3.0,3.1875
T,0,4111116154252383,-0.1314,1.0,1.0,1.0,1.0,0.0,4.0,2.5306,7.0,6.0,3.0
T,0,4111118623572821,-0.2068,1.0,1.0,1.0,1.0,0.0,4.0,2.6085,8.0,6.0,3.3125
T,0,5555556772052030,0.0569,1.0,1.0,1.0,1.0,4.0,5.0,2.2246,6.0,7.0,3.875
T,0,4111112575173340,0.0691,1.0,1.0,1.0,1.0,0.0,4.0,2.5306,7.0,6.0,2.875
T,0,4111111631818930,0.0172,1.0,1.0,1.0,1.0,0.0,4.0,2.25,7.0,8.0,3.0625
T,0,5555550260311735,0.3096,1.0,1.0,1.0,1.0,4.0,5.0,2.3968,7.0,7.0,3.625
T,0,6011003993682952,0.3486,1.0,1.0,1.0,1.0,5.0,6.0,2.9056,8.0,3.0,4.0
T,0,4532015737478260,0.2546,1.0,1.0,1.0,1.0,2.0,4.0,3.0778,9.0,3.0,4.0
T,0,5555551375860111,0.2866,1.0,1.0,1.0,1.0,4.0,5.0,2.2718,7.0,7.0,3.9375
T,0,6011003334793831,-0.2033,1.0,1.0,1.0,1.0,5.0,6.0,2.68,8.0,5.0,3.25
T,0,5105108360128189,0.0905,1.0,1.0,1.0,1.0,3.0,5.0,2.7806,8.0,4.0,3.625
T,0,4242428571778896,-0.7083,1.0,1.0,1.0,1.0,1.0,4.0,2.8113,8.0,3.0,5.25
T,0,4111118610210682,0.0613,1.0,1.0,1.0,1.0,0.0,4.0,2.2718,6.0,7.0,2.6875
T,0,5105104050148850,0.6482,1.0,1.0,1.0,1.0,3.0,5.0,2.2272,5.0,5.0,2.9375
T,0,4242420293645115,-0.1773,1.0,1.0,1.0,1.0,1.0,4.0,2.75,8.0,4.0,3.375
T,0,4111114574097736,-0.1239,1.0,1.0,1.0,1.0,0.0,4.0,2.68,8.0,5.0,3.8125
T,0,6011002766568687,0.4079,1.0,1.0,1.0,1.0,5.0,6.0,2.6022,7.0,5.0,4.3125
T,0,4242423293457390,-0.1385,1.0,1.0,1.0,1.0,1.0,4.0,2.5778,7.0,4.0,3.9375
T,0,4111110527584747,0.0334,1.0,1.0,1.0,1.0,0.0,4.0,2.555,7.0,5.0,3.625
T,0,4111111106171559,1.212,1.0,1.0,1.0,1.0,0.0,4.0,2.0919,7.0,9.0,2.8125
T,0,4111117942183963,-0.1066,1.0,1.0,1.0,1.0,0.0,4.0,2.6556,8.0,6.0,3.8125
T,0,4242421305579565,0.259,1.0,1.0,1.0,1.0,1.0,4.0,2.9056,9.0,4.0,4.0
T,0,5555558815930263,0.4557,1.0,1.0,1.0,1.0,4.0,5.0,2.5218,8.0,7.0,4.6875
T,0,4111118520767953,0.0199,1.0,1.0,1.0,1.0,0.0,4.0,3.0244,10.0,5.0,3.8125
T,0,4242421222282947,-0.6613,1.0,1.0,1.0,1.0,1.0,4.0,2.0,6.0,8.0,3.5625
T,0,4111115606246670,0.0737,1.0,1.0,1.0,1.0,0.0,4.0,2.5244,7.0,5.0,3.1875
T,0,4111111372171465,0.0813,1.0,1.0,1.0,1.0,0.0,4.0,2.25,7.0,8.0,2.875
T,0,4532019867253402,-0.1539,1.0,1.0,1.0,1.0,2.0,4.0,3.2028,10.0,3.0,3.8125
T,0,5105102108698439,-0.5492,1.0,1.0,1.0,1.0,3.0,5.0,3.0306,9.0,3.0,3.875
T,0,4111117288132012,0.2161,1.0,1.0,1.0,1.0,0.0,4.0,2.3496,7.0,7.0,2.6875
T,0,4242426107349109,0.2498,1.0,1.0,1.0,1.0,1.0,4.0,2.8278,8.0,4.0,3.625
T,0,4111111922954790,0.0948,1.0,1.0,1.0,1.0,0.0,4.0,2.4835,7.0,6.0,3.5625
T,0,5555554536142494,0.1933,1.0,1.0,1.0,1.0,4.0,5.0,2.2718,7.0,7.0,4.5
T,0,4242426156769629,0.2222,1.0,1.0,1.0,1.0,1.0,4.0,2.5778,7.0,4.0,4.6875
T,0,4111112176676147,0.0443,1.0,1.0,1.0,1.0,0.0,4.0,2.0524,5.0,7.0,3.5
T,0,5555554436371490,0.3415,1.0,1.0,1.0,1.0,4.0,5.0,2.6085,8.0,6.0,4.4375
T,0,4242429600975073,0.087,1.0,1.0,1.0,1.0,1.0,4.0,2.8585,8.0,3.0,4.0
T,0,4111118889086490,-0.3313,1.0,1.0,1.0,1.0,0.0,4.0,2.3994,6.0,5.0,4.3125
T,0,4532012787816457,0.0679,1.0,1.0,1.0,1.0,2.0,4.0,3.0778,9.0,3.0,4.375
T,0,4242423495157491,0.2489,1.0,1.0,1.0,1.0,1.0,4.0,2.6022,7.0,5.0,4.125
T,0,6011000116539473,-0.2367,1.0,1.0,1.0,1.0,5.0,6.0,2.75,8.0,4.0,2.9375
T,0,4111113246875602,0.024,1.0,1.0,1.0,1.0,0.0,4.0,2.8994,9.0,5.0,3.25
T,0,4532011675447466,0.1149,1.0,1.0,1.0,1.0,2.0,4.0,2.8278,8.0,4.0,4.0625
T,0,4242429779879742,0.9591,1.0,1.0,1.0,1.0,1.0,4.0,2.2028,5.0,4.0,5.4375
T,0,5555551206012262,0.5148,1.0,1.0,1.0,1.0,4.0,5.0,2.1556,5.0,6.0,3.25
T,0,4111117959420589,0.1273,1.0,1.0,1.0,1.0,0.0,4.0,2.7272,8.0,5.0,4.1875
T,0,4532018873352414,0.0128,1.0,1.0,1.0,1.0,2.0,4.0,2.9056,8.0,3.0,3.75
T,0,4111119420032571,-0.1241,1.0,1.0,1.0,1.0,0.0,4.0,2.6556,8.0,6.0,2.625
T,0,4111110037603763,-0.1633,1.0,1.0,1.0,1.0,0.0,4.0,2.43,6.0,5.0,2.75
T,0,5105102492075277,0.0014,1.0,1.0,1.0,1.0,3.0,5.0,2.6863,7.0,3.0,3.5625
T,0,5105105886666122,0.0792,1.0,1.0,1.0,1.0,3.0,5.0,2.5306,6.0,4.0,3.875
T,0,4111110131741626,0.1455,1.0,1.0,1.0,1.0,0.0,4.0,2.25,7.0,8.0,2.5
T,0,4111117316687623,0.3267,1.0,1.0,1.0,1.0,0.0,4.0,2.4835,7.0,6.0,3.625
T,0,4111111945395401,0.1719,1.0,1.0,1.0,1.0,0.0,4.0,2.2246,6.0,7.0,3.125
T,0,4111118338432535,-0.0557,1.0,1.0,1.0,1.0,0.0,4.0,2.3994,6.0,5.0,3.3125
T,0,4532015038456619,0.1349,1.0,1.0,1.0,1.0,2.0,4.0,3.0778,9.0,3.0,3.875
T,0,5555552437399619,-0.4725,1.0,1.0,1.0,1.0,4.0,5.0,2.6085,8.0,6.0,5.1875
T,0,4111112777223521,-0.0371,1.0,1.0,1.0,1.0,0.0,4.0,2.2335,6.0,6.0,2.9375
T,0,5105101732672356,-0.2481,1.0,1.0,1.0,1.0,3.0,5.0,2.7806,7.0,3.0,3.375
T,0,5105107714667629,-0.2108,1.0,1.0,1.0,1.0,3.0,5.0,2.8585,8.0,3.0,4.1875
T,0,4532012838311458,0.2271,1.0,1.0,1.0,1.0,2.0,4.0,2.7335,7.0,3.0,3.625
T,0,4242420372597450,0.3538,1.0,1.0,1.0,1.0,1.0,4.0,2.625,7.0,4.0,3.75
T,0,4532010714540703,0.0711,1.0,1.0,1.0,1.0,2.0,4.0,2.7028,7.0,4.0,2.875
T,0,4111117711858258,0.0586,1.0,1.0,1.0,1.0,0.0,4.0,2.2246,6.0,7.0,3.8125
T,0,4242423907877447,-0.0161,1.0,1.0,1.0,1.0,1.0,4.0,2.4772,7.0,5.0,4.625
T,0,4111114868650901,0.0354,1.0,1.0,1.0,1.0,0.0,4.0,2.5306,7.0,6.0,3.5
T,0,4242422814822389,-0.0341,1.0,1.0,1.0,1.0,1.0,4.0,2.2335,6.0,6.0,4.0625
T,0,4532012323542211,-0.6875,1.0,1.0,1.0,1.0,2.0,4.0,2.43,6.0,5.0,2.5
T,0,4242421383090063,-0.0885,1.0,1.0,1.0,1.0,1.0,4.0,2.8113,8.0,3.0,3.1875
T,0,4111114242028972,-0.2195,1.0,1.0,1.0,1.0,0.0,4.0,2.4772,7.0,5.0,3.0625
T,0,4111116759449525,0.257,1.0,1.0,1.0,1.0,0.0,4.0,2.555,7.0,5.0,4.0625
T,0,6011005152267145,-0.0329,1.0,1.0,1.0,1.0,5.0,6.0,2.6556,7.0,4.0,2.875
T,0,4242424100606294,0.1212,1.0,1.0,1.0,1.0,1.0,4.0,2.3522,6.0,5.0,3.125
T,0,4532017770230723,0.1487,1.0,1.0,1.0,1.0,2.0,4.0,2.6085,7.0,4.0,3.3125
T,0,5105102450898694,-0.2536,1.0,1.0,1.0,1.0,3.0,5.0,2.9056,8.0,3.0,4.1875
T,0,4242424393920592,-0.0573,1.0,1.0,1.0,1.0,1.0,4.0,2.3522,6.0,5.0,4.0
T,0,4111117246880314,-0.0728,1.0,1.0,1.0,1.0,0.0,4.0,2.6085,8.0,6.0,3.25
T,0,4111118295779118,0.2091,1.0,1.0,1.0,1.0,0.0,4.0,2.3968,7.0,7.0,4.125
T,0,4111118782853277,0.2123,1.0,1.0,1.0,1.0,0.0,4.0,2.555,7.0,5.0,4.125
T,0,4111118018841492,0.0118,1.0,1.0,1.0,1.0,0.0,4.0,2.1774,6.0,7.0,3.375
T,0,4111115913791418,0.0467,1.0,1.0,1.0,1.0,0.0,4.0,2.25,7.0,8.0,3.5625
T,0,4242426228901770,0.1053,1.0,1.0,1.0,1.0,1.0,4.0,2.7272,8.0,5.0,3.75
T,0,4111114548016614,0.1504,1.0,1.0,1.0,1.0,0.0,4.0,2.1468,6.0,7.0,3.0
T,0,4242427849905497,-0.4156,1.0,1.0,1.0,1.0,1.0,4.0,2.555,7.0,5.0,5.0
T,0,4111119042524245,0.0184,1.0,1.0,1.0,1.0,0.0,4.0,2.3522,6.0,5.0,2.875
T,0,4242429478501555,0.0001,1.0,1.0,1.0,1.0,1.0,4.0,2.7028,8.0,4.0,4.1875
T,0,4242421758692147,0.008,1.0,1.0,1.0,1.0,1.0,4.0,2.75,8.0,4.0,4.25
T,0,5555557763946198,-0.6675,1.0,1.0,1.0,1.0,4.0,5.0,2.6556,8.0,6.0,5.625
T,0,4242426184538707,0.2761,1.0,1.0,1.0,1.0,1.0,4.0,2.9528,9.0,4.0,4.1875
T,0,4111113143692712,0.0148,1.0,1.0,1.0,1.0,0.0,4.0,2.3968,7.0,7.0,2.9375
T,0,5105107484370982,-0.3205,1.0,1.0,1.0,1.0,3.0,5.0,3.0778,9.0,3.0,4.0
T,0,4532014285808762,0.108,1.0,1.0,1.0,1.0,2.0,4.0,3.0306,9.0,3.0,4.0625
T,0,4111119391865538,0.3556,1.0,1.0,1.0,1.0,0.0,4.0,2.5306,7.0,6.0,4.125
T,0,4242422305978872,-0.2188,1.0,1.0,1.0,1.0,1.0,4.0,2.7272,8.0,5.0,4.3125
T,0,4111112071935085,-0.0173,1.0,1.0,1.0,1.0,0.0,4.0,2.7806,9.0,6.0,3.0625
T,0,4111118689826137,0.4462,1.0,1.0,1.0,1.0,0.0,4.0,2.6085,8.0,6.0,4.1875
T,0,5105108522740558,0.3708,1.0,1.0,1.0,1.0,3.0,5.0,2.6022,7.0,5.0,3.625
T,0,5105105290810159,0.0572,1.0,1.0,1.0,1.0,3.0,5.0,2.375,6.0,4.0,3.25
T,0,6011000271352787,-0.3332,1.0,1.0,1.0,1.0,5.0,6.0,2.7806,8.0,4.0,3.125
T,0,4111112328103099,0.0691,1.0,1.0,1.0,1.0,0.0,4.0,2.5306,7.0,6.0,2.875
T,0,5105106824702748,-0.0835,1.0,1.0,1.0,1.0,3.0,5.0,2.9528,8.0,3.0,3.75
T,0,4242429026204306,0.1212,1.0,1.0,1.0,1.0,1.0,4.0,2.3522,6.0,5.0,3.125
T,0,5105102114150896,-0.6938,1.0,1.0,1.0,1.0,3.0,5.0,2.68,8.0,5.0,3.0625
T,0,4242425087293576,0.1169,1.0,1.0,1.0,1.0,1.0,4.0,2.9528,9.0,4.0,4.375
T,0,4111114874076927,-0.0492,1.0,1.0,1.0,1.0,0.0,4.0,2.68,8.0,5.0,3.9375
T,0,4242422872419201,-0.0227,1.0,1.0,1.0,1.0,1.0,4.0,2.4056,7.0,6.0,3.375
T,0,5105102922854093,-0.13,1.0,1.0,1.0,1.0,3.0,5.0,2.8585,8.0,3.0,3.5
T,0,5555550346494299,-0.3499,1.0,1.0,1.0,1.0,4.0,5.0,2.4363,7.0,6.0,5.0
T,0,5555551354032195,0.3543,1.0,1.0,1.0,1.0,4.0,5.0,2.25,7.0,8.0,3.9375
T,0,4242420960164044,0.3308,1.0,1.0,1.0,1.0,1.0,4.0,2.3113,6.0,6.0,3.25
T,0,4242420479467052,-0.0291,1.0,1.0,1.0,1.0,1.0,4.0,2.5244,7.0,5.0,3.875
T,0,4242425536806929,0.0143,1.0,1.0,1.0,1.0,1.0,4.0,2.8278,8.0,4.0,4.4375
T,0,4242426662324174,-0.2561,1.0,1.0,1.0,1.0,1.0,4.0,2.2516,6.0,5.0,3.6875
T,0,6011000072260239,0.2362,1.0,1.0,1.0,1.0,5.0,6.0,2.4835,7.0,6.0,2.4375
T,0,5555552842634881,0.8435,1.0,1.0,1.0,1.0,4.0,5.0,2.4835,7.0,6.0,4.75
T,0,4242423757155134,-0.0211,1.0,1.0,1.0,1.0,1.0,4.0,2.5306,6.0,4.0,3.6875
T,0,5105107773918822,-0.1866,1.0,1.0,1.0,1.0,3.0,5.0,2.9056,8.0,3.0,4.125
T,0,4111119209051040,0.1967,1.0,1.0,1.0,1.0,0.0,4.0,2.2806,6.0,6.0,2.4375
T,0,4111113058609479,0.2106,1.0,1.0,1.0,1.0,0.0,4.0,2.8994,9.0,5.0,3.75
T,0,4111110665193533,0.216,1.0,1.0,1.0,1.0,0.0,4.0,2.4835,7.0,6.0,3.125
T,0,4242423817059011,-0.0723,1.0,1.0,1.0,1.0,1.0,4.0,2.9835,9.0,3.0,3.3125
T,0,4242424397942956,0.2725,1.0,1.0,1.0,1.0,1.0,4.0,2.4772,7.0,5.0,4.75
T,0,4111113099511056,-0.1616,1.0,1.0,1.0,1.0,0.0,4.0,2.3968,7.0,7.0,3.0
T,0,4242424062215621,0.1093,1.0,1.0,1.0,1.0,1.0,4.0,2.2806,6.0,6.0,2.9375
T,0,5105107395711456,0.0601,1.0,1.0,1.0,1.0,3.0,5.0,2.75,8.0,4.0,3.75
T,0,4242425283059771,0.3565,1.0,1.0,1.0,1.0,1.0,4.0,2.9528,9.0,4.0,4.0625
T,0,4111117460853468,0.1624,1.0,1.0,1.0,1.0,0.0,4.0,2.7272,8.0,5.0,3.75
T,0,4242422052143134,0.2002,1.0,1.0,1.0,1.0,1.0,4.0,2.2988,6.0,5.0,2.6875
T,0,6011001361664248,-0.6754,1.0,1.0,1.0,1.0,5.0,6.0,2.5778,7.0,4.0,3.0625
T,0,4111119235728363,0.0764,1.0,1.0,1.0,1.0,0.0,4.0,2.8522,9.0,5.0,3.5625
T,0,4111110560742319,0.6526,1.0,1.0,1.0,1.0,0.0,4.0,2.7806,9.0,6.0,2.875
T,0,4111112888488625,-0.0177,1.0,1.0,1.0,1.0,0.0,4.0,2.2988,6.0,5.0,4.25
T,0,4111110693632353,-0.1677,1.0,1.0,1.0,1.0,0.0,4.0,2.6494,8.0,5.0,3.0625
T,0,4242422095713240,0.088,1.0,1.0,1.0,1.0,1.0,4.0,2.6494,8.0,5.0,3.1875
T,0,4111112836228495,0.1319,1.0,1.0,1.0,1.0,0.0,4.0,2.7272,8.0,5.0,3.625
T,0,4111116233222589,0.1081,1.0,1.0,1.0,1.0,0.0,4.0,2.6494,8.0,5.0,3.1875
T,0,4111110453600947,-0.321,1.0,1.0,1.0,1.0,0.0,4.0,2.68,8.0,5.0,2.9375
T,0,4111119534605783,-0.0381,1.0,1.0,1.0,1.0,0.0,4.0,2.8994,9.0,5.0,3.6875
T,0,5555558705655715,-0.4233,1.0,1.0,1.0,1.0,4.0,5.0,1.7988,6.0,10.0,4.9375
T,0,4111114442148935,0.1865,1.0,1.0,1.0,1.0,0.0,4.0,2.305,7.0,6.0,3.3125
T,0,4111114369551590,0.1525,1.0,1.0,1.0,1.0,0.0,4.0,2.4835,7.0,6.0,3.5
T,0,6011001069092031,-0.3428,1.0,1.0,1.0,1.0,5.0,6.0,2.2806,6.0,6.0,2.4375
T,0,4532010073473918,0.1117,1.0,1.0,1.0,1.0,2.0,4.0,3.0306,9.0,3.0,3.5625
T,0,4111119406995452,-0.0805,1.0,1.0,1.0,1.0,0.0,4.0,2.555,7.0,5.0,3.875
T,0,4111119833483437,-0.0573,1.0,1.0,1.0,1.0,0.0,4.0,2.3522,6.0,5.0,3.8125
T,0,6011002825854318,-0.2833,1.0,1.0,1.0,1.0,5.0,6.0,2.8585,8.0,3.0,3.375
T,0,4242423607457383,0.105,1.0,1.0,1.0,1.0,1.0,4.0,2.7806,8.0,4.0,4.0
T,0,5555559337467941,0.0287,1.0,1.0,1.0,1.0,4.0,5.0,2.5306,7.0,6.0,5.1875
T,0,4532010206210245,0.0532,1.0,1.0,1.0,1.0,2.0,4.0,2.625,7.0,4.0,2.3125
T,0,4242420305781031,0.096,1.0,1.0,1.0,1.0,1.0,4.0,2.8585,8.0,3.0,2.875
T,0,4111118769374438,0.2787,1.0,1.0,1.0,1.0,0.0,4.0,2.6022,7.0,5.0,4.25
T,0,4111114079594054,-0.113,1.0,1.0,1.0,1.0,0.0,4.0,2.3994,6.0,5.0,3.5
T,0,6011005044019993,-0.2089,1.0,1.0,1.0,1.0,5.0,6.0,2.555,7.0,5.0,3.25
T,0,4242423389159561,-0.0852,1.0,1.0,1.0,1.0,1.0,4.0,2.9056,8.0,3.0,4.25
T,0,6011006631611291,-0.3588,1.0,1.0,1.0,1.0,5.0,6.0,2.2335,6.0,6.0,2.75
T,0,4111112442807575,0.0986,1.0,1.0,1.0,1.0,0.0,4.0,2.6022,7.0,5.0,3.3125
T,0,4242420485163695,0.3565,1.0,1.0,1.0,1.0,1.0,4.0,2.9528,9.0,4.0,4.0625
T,0,5105107097693564,-0.2977,1.0,1.0,1.0,1.0,3.0,5.0,2.9056,8.0,3.0,4.25
T,0,4532013340276296,0.1117,1.0,1.0,1.0,1.0,2.0,4.0,3.0306,9.0,3.0,3.5625
T,0,4111113729164292,0.129,1.0,1.0,1.0,1.0,0.0,4.0,2.4835,7.0,6.0,3.375
T,0,4111118188486151,-0.1478,1.0,1.0,1.0,1.0,0.0,4.0,1.875,5.0,8.0,3.6875
T,0,5105108030997815,-0.0174,1.0,1.0,1.0,1.0,3.0,5.0,2.6556,7.0,4.0,3.875
T,0,4111116809447644,-0.2491,1.0,1.0,1.0,1.0,0.0,4.0,2.4238,7.0,5.0,3.8125
T,0,4111114357504403,-0.0635,1.0,1.0,1.0,1.0,0.0,4.0,2.3994,6.0,5.0,2.75
T,0,4242426180070887,0.0159,1.0,1.0,1.0,1.0,1.0,4.0,2.6863,7.0,3.0,3.9375
T,0,4532014547371500,0.0891,1.0,1.0,1.0,1.0,2.0,4.0,2.7335,7.0,3.0,3.1875
T,0,4111116622338699,0.1994,1.0,1.0,1.0,1.0,0.0,4.0,2.6022,7.0,5.0,3.9375
T,0,4111110352823897,-0.0062,1.0,1.0,1.0,1.0,0.0,4.0,2.8994,9.0,5.0,3.5
T,0,4242424860170598,0.3579,1.0,1.0,1.0,1.0,1.0,4.0,2.9528,9.0,4.0,4.125
T,0,4532013840107736,-0.0971,1.0,1.0,1.0,1.0,2.0,4.0,3.0306,9.0,3.0,3.375
T,0,4111117722408499,0.1247,1.0,1.0,1.0,1.0,0.0,4.0,2.6022,7.0,5.0,3.8125
T,0,5105102497139888,-0.1869,1.0,1.0,1.0,1.0,3.0,5.0,3.0306,9.0,3.0,4.4375
T,0,4532016388670387,0.1656,1.0,1.0,1.0,1.0,2.0,4.0,3.0306,9.0,3.0,4.4375
T,0,5105106318073234,-0.1858,1.0,1.0,1.0,1.0,3.0,5.0,2.9835,9.0,3.0,3.0625
T,0,4111117563584952,0.3182,1.0,1.0,1.0,1.0,0.0,4.0,2.8522,9.0,5.0,3.9375
T,0,4532010783551425,-0.2635,1.0,1.0,1.0,1.0,2.0,4.0,2.875,8.0,4.0,3.4375
T,0,4532017482919605,-0.3898,1.0,1.0,1.0,1.0,2.0,4.0,3.25,10.0,2.0,4.125
T,0,4242420099858045,0.0962,1.0,1.0,1.0,1.0,1.0,4.0,2.5306,6.0,4.0,4.125
T,0,4111113794822246,-0.1432,1.0,1.0,1.0,1.0,0.0,4.0,2.68,8.0,5.0,3.5
T,0,4242421612484301,-0.3747,1.0,1.0,1.0,1.0,1.0,4.0,2.4772,7.0,5.0,3.0
T,0,4532015023591479,0.0964,1.0,1.0,1.0,1.0,2.0,4.0,2.9528,8.0,3.0,3.75
T,0,5555552457078390,0.4557,1.0,1.0,1.0,1.0,4.0,5.0,2.5218,8.0,7.0,4.6875
T,0,4111113191028769,-0.8565,1.0,1.0,1.0,1.0,0.0,4.0,2.6468,9.0,7.0,3.4375
T,0,4111112554864711,0.2325,1.0,1.0,1.0,1.0,0.0,4.0,2.3496,7.0,7.0,3.25
T,0,6011006768080609,0.2089,1.0,1.0,1.0,1.0,5.0,6.0,2.2806,6.0,6.0,3.625
T,0,4242425508805941,0.0023,1.0,1.0,1.0,1.0,1.0,4.0,2.6556,7.0,4.0,3.9375
T,0,5105102105543331,-0.4063,1.0,1.0,1.0,1.0,3.0,5.0,2.4056,6.0,4.0,2.4375
T,0,4532018867482532,0.139,1.0,1.0,1.0,1.0,2.0,4.0,3.0306,9.0,3.0,4.25
T,0,4242429516645679,0.1526,1.0,1.0,1.0,1.0,1.0,4.0,2.6556,7.0,4.0,4.75
T,0,4111118452517533,0.2421,1.0,1.0,1.0,1.0,0.0,4.0,2.4835,7.0,6.0,3.25
T,0,4242425424156320,-0.1159,1.0,1.0,1.0,1.0,1.0,4.0,2.4238,7.0,5.0,3.125
T,0,4111116545188379,0.249,1.0,1.0,1.0,1.0,0.0,4.0,2.6556,8.0,6.0,4.0625
T,0,4532018610772411,-0.0033,1.0,1.0,1.0,1.0,2.0,4.0,3.0,9.0,4.0,3.25
T,0,4242429182085283,0.0574,1.0,1.0,1.0,1.0,1.0,4.0,2.68,8.0,5.0,4.0
T,0,5105106118097110,0.1011,1.0,1.0,1.0,1.0,3.0,5.0,2.4056,7.0,6.0,2.875
T,0,4111110603106902,-0.2612,1.0,1.0,1.0,1.0,0.0,4.0,2.4056,7.0,6.0,2.25
T,0,4242423836416812,0.1715,1.0,1.0,1.0,1.0,1.0,4.0,2.5,6.0,4.0,3.75
T,0,4111118179066400,0.216,1.0,1.0,1.0,1.0,0.0,4.0,2.4835,7.0,6.0,3.125
T,0,4111112797579670,0.296,1.0,1.0,1.0,1.0,0.0,4.0,2.6494,8.0,5.0,4.25
T,0,4111115428711729,-0.0577,1.0,1.0,1.0,1.0,0.0,4.0,2.3968,7.0,7.0,3.4375
T,0,5105104924874335,-0.6509,1.0,1.0,1.0,1.0,3.0,5.0,3.0306,9.0,3.0,3.8125
T,0,4532018074577462,0.108,1.0,1.0,1.0,1.0,2.0,4.0,3.0306,9.0,3.0,4.0625
T,0,4111117450792684,0.0025,1.0,1.0,1.0,1.0,0.0,4.0,2.8522,9.0,5.0,3.8125
T,0,5105107818777514,0.4412,1.0,1.0,1.0,1.0,3.0,5.0,2.4528,6.0,4.0,4.1875
T,0,4242423300044504,-0.8275,1.0,1.0,1.0,1.0,1.0,4.0,2.1085,5.0,6.0,2.5625
T,0,4111114614943295,-0.0886,1.0,1.0,1.0,1.0,0.0,4.0,2.4056,7.0,6.0,3.5
T,0,4242424059619629,-0.2069,1.0,1.0,1.0,1.0,1.0,4.0,2.5778,7.0,4.0,4.3125
T,0,4242422154477802,0.0447,1.0,1.0,1.0,1.0,1.0,4.0,2.4238,7.0,5.0,3.625
T,0,4111112193875987,0.0955,1.0,1.0,1.0,1.0,0.0,4.0,2.6556,8.0,6.0,4.25
T,0,4111116720526708,0.078,1.0,1.0,1.0,1.0,0.0,4.0,2.7744,8.0,5.0,3.25
T,0,4111116679960148,0.5303,1.0,1.0,1.0,1.0,0.0,4.0,2.4835,7.0,6.0,4.0625
T,0,4532016019386981,0.2292,1.0,1.0,1.0,1.0,2.0,4.0,3.0778,9.0,3.0,4.125
T,0,4111113984718741,0.0586,1.0,1.0,1.0,1.0,0.0,4.0,2.2246,6.0,7.0,3.8125
T,0,4532018311507058,-0.3027,1.0,1.0,1.0,1.0,2.0,4.0,2.8585,8.0,3.0,3.3125
T,0,4242425001366987,-0.0015,1.0,1.0,1.0,1.0,1.0,4.0,3.1556,10.0,3.0,3.9375
T,0,4532010812582730,-0.1081,1.0,1.0,1.0,1.0,2.0,4.0,2.9056,8.0,3.0,3.1875
T,0,4532012453064481,-0.0627,1.0,1.0,1.0,1.0,2.0,4.0,2.875,8.0,4.0,3.25
T,0,4532015654663571,-0.065,1.0,1.0,1.0,1.0,2.0,4.0,2.8278,8.0,4.0,3.9375
T,0,4111114473005301,-0.0112,1.0,1.0,1.0,1.0,0.0,4.0,2.3113,6.0,6.0,2.25
T,0,4242428129885680,-0.1799,1.0,1.0,1.0,1.0,1.0,4.0,2.7028,8.0,4.0,4.5625
T,0,5555558485914720,0.0213,1.0,1.0,1.0,1.0,4.0,5.0,2.5218,8.0,7.0,4.875
T,0,4242421435029283,-0.0051,1.0,1.0,1.0,1.0,1.0,4.0,2.6494,8.0,5.0,3.4375
T,0,4242427413870770,-0.1385,1.0,1.0,1.0,1.0,1.0,4.0,2.5778,7.0,4.0,3.875
T,0,4111116987961069,-0.1034,1.0,1.0,1.0,1.0,0.0,4.0,2.4363,7.0,6.0,4.375
T,0,4242427307752357,0.2759,1.0,1.0,1.0,1.0,1.0,4.0,2.4528,6.0,4.0,4.0
T,0,5105105805351822,0.1817,1.0,1.0,1.0,1.0,3.0,5.0,2.43,6.0,5.0,3.1875
T,0,4242426841050138,-0.258,1.0,1.0,1.0,1.0,1.0,4.0,2.8278,8.0,4.0,3.375
T,0,4532017285918820,0.108,1.0,1.0,1.0,1.0,2.0,4.0,3.0306,9.0,3.0,4.0625
T,0,4242425298036509,0.1408,1.0,1.0,1.0,1.0,1.0,4.0,2.8278,8.0,4.0,4.0625
T,0,6011004352962878,-0.3657,1.0,1.0,1.0,1.0,5.0,6.0,3.2028,10.0,3.0,3.875
T,0,4111110859374634,0.1942,1.0,1.0,1.0,1.0,0.0,4.0,2.8522,9.0,5.0,3.625
T,0,4111114659628801,0.0295,1.0,1.0,1.0,1.0,0.0,4.0,2.6556,8.0,6.0,3.625
T,0,5555557267228663,-0.3052,1.0,1.0,1.0,1.0,4.0,5.0,2.3113,6.0,6.0,4.9375
T,0,4111116154583340,-0.0142,1.0,1.0,1.0,1.0,0.0,4.0,2.4835,7.0,6.0,3.0
T,0,5105103688999668,-0.8636,1.0,1.0,1.0,1.0,3.0,5.0,2.7335,7.0,3.0,5.25
T,0,4111118270874140,0.0837,1.0,1.0,1.0,1.0,0.0,4.0,2.3585,6.0,6.0,3.125
T,0,5555558043714505,0.2543,1.0,1.0,1.0,1.0,4.0,5.0,2.25,7.0,8.0,4.1875
T,0,5555554675369460,-0.4339,1.0,1.0,1.0,1.0,4.0,5.0,2.3496,7.0,7.0,5.0
T,0,4532014815333315,-0.1018,1.0,1.0,1.0,1.0,2.0,4.0,2.555,7.0,5.0,3.1875
T,0,4532018376730504,0.0446,1.0,1.0,1.0,1.0,2.0,4.0,3.0306,9.0,3.0,3.625
T,0,4111118534688310,0.1108,1.0,1.0,1.0,1.0,0.0,4.0,2.4835,7.0,6.0,3.4375
T,0,4242422412102580,0.3146,1.0,1.0,1.0,1.0,1.0,4.0,2.2806,6.0,6.0,2.6875
T,0,4111116277373082,-0.2084,1.0,1.0,1.0,1.0,0.0,4.0,2.7272,8.0,5.0,3.375
T,0,5105106484700735,-0.0762,1.0,1.0,1.0,1.0,3.0,5.0,2.8278,8.0,4.0,3.5
T,0,5105107355407848,0.0348,1.0,1.0,1.0,1.0,3.0,5.0,2.7028,7.0,4.0,3.9375
T,0,5555550907831244,0.3717,1.0,1.0,1.0,1.0,4.0,5.0,2.7806,9.0,6.0,4.25
T,0,6011002557917945,0.0574,1.0,1.0,1.0,1.0,5.0,6.0,2.8585,8.0,3.0,3.875
T,0,4242428704277469,-0.1844,1.0,1.0,1.0,1.0,1.0,4.0,2.4772,7.0,5.0,4.5
T,0,5555557484239295,-0.2907,1.0,1.0,1.0,1.0,4.0,5.0,2.3968,7.0,7.0,5.1875
T,0,5555551999517725,1.1369,1.0,1.0,1.0,1.0,4.0,5.0,1.9528,5.0,8.0,5.3125
T,0,5555558080268357,0.4122,1.0,1.0,1.0,1.0,4.0,5.0,2.3496,7.0,7.0,4.8125
T,0,4532018156901242,0.0361,1.0,1.0,1.0,1.0,2.0,4.0,3.0306,9.0,3.0,3.3125
T,0,5555559381756777,-0.1739,1.0,1.0,1.0,1.0,4.0,5.0,2.2718,7.0,7.0,5.625
T,0,4532018729861279,0.1896,1.0,1.0,1.0,1.0,2.0,4.0,3.2028,10.0,3.0,4.625
T,0,4111115268903220,0.6301,1.0,1.0,1.0,1.0,0.0,4.0,2.8522,9.0,5.0,2.875
T,0,5555552215940675,0.2408,1.0,1.0,1.0,1.0,4.0,5.0,2.375,8.0,8.0,4.4375
T,0,4111111783812988,0.2482,1.0,1.0,1.0,1.0,0.0,4.0,2.2718,7.0,7.0,4.0
T,0,4532012210845107,0.0858,1.0,1.0,1.0,1.0,2.0,4.0,2.8585,8.0,3.0,2.8125
T,0,4242421957894544,0.4161,1.0,1.0,1.0,1.0,1.0,4.0,2.4835,7.0,6.0,4.625
T,0,4242428308828188,-0.3742,1.0,1.0,1.0,1.0,1.0,4.0,2.2335,6.0,6.0,4.5
T,0,4242427631104978,0.3565,1.0,1.0,1.0,1.0,1.0,4.0,2.9528,9.0,4.0,4.0
T,0,5105102384781966,-0.441,1.0,1.0,1.0,1.0,3.0,5.0,3.2028,10.0,3.0,4.125
T,0,4111117302622840,0.1297,1.0,1.0,1.0,1.0,0.0,4.0,2.7272,8.0,5.0,2.6875
T,0,4111111278755148,-0.0979,1.0,1.0,1.0,1.0,0.0,4.0,2.2718,6.0,7.0,3.5625
T,0,5105100620517004,0.0593,1.0,1.0,1.0,1.0,3.0,5.0,2.4363,7.0,6.0,2.3125
T,0,5105106758578999,-0.7856,1.0,1.0,1.0,1.0,3.0,5.0,2.7028,7.0,4.0,5.3125
T,0,4242427015791424,0.2355,1.0,1.0,1.0,1.0,1.0,4.0,2.5244,7.0,5.0,3.625
T,0,4242423373827603,0.0221,1.0,1.0,1.0,1.0,1.0,4.0,2.5778,7.0,4.0,3.75
T,0,5555555137655024,0.1682,1.0,1.0,1.0,1.0,4.0,5.0,2.2169,8.0,9.0,4.25
T,0,4242424188310074,0.1071,1.0,1.0,1.0,1.0,1.0,4.0,2.6022,7.0,5.0,3.375
T,0,4242426084015145,0.182,1.0,1.0,1.0,1.0,1.0,4.0,2.6022,7.0,5.0,3.25
T,0,4242424372317455,-0.1604,1.0,1.0,1.0,1.0,1.0,4.0,2.3994,6.0,5.0,3.6875
T,0,4111119697923312,0.4097,1.0,1.0,1.0,1.0,0.0,4.0,2.4835,7.0,6.0,3.75
T,0,4111111930924892,0.1525,1.0,1.0,1.0,1.0,0.0,4.0,2.4835,7.0,6.0,3.5
T,0,4242423277477562,-0.2908,1.0,1.0,1.0,1.0,1.0,4.0,2.2744,6.0,5.0,4.25
T,0,4242429589252577,0.1017,1.0,1.0,1.0,1.0,1.0,4.0,2.43,6.0,5.0,4.8125
T,0,5555554682275742,0.6523,1.0,1.0,1.0,1.0,4.0,5.0,2.2246,6.0,7.0,4.8125
T,0,6011005013574879,0.3591,1.0,1.0,1.0,1.0,5.0,6.0,2.9528,9.0,4.0,3.5625
T,0,6011007394223787,0.3393,1.0,1.0,1.0,1.0,5.0,6.0,3.0306,9.0,3.0,3.75
T,0,4111114856766552,-0.0805,1.0,1.0,1.0,1.0,0.0,4.0,2.555,7.0,5.0,3.9375
T,0,4111110679094040,-0.1057,1.0,1.0,1.0,1.0,0.0,4.0,2.3522,6.0,5.0,3.0
T,0,4111114242748868,0.0174,1.0,1.0,1.0,1.0,0.0,4.0,2.3522,6.0,5.0,3.875
T,0,6011007971880934,0.2861,1.0,1.0,1.0,1.0,5.0,6.0,2.8278,8.0,4.0,4.0
T,0,4111117475435699,0.2787,1.0,1.0,1.0,1.0,0.0,4.0,2.6022,7.0,5.0,4.25
T,0,5555555091736836,0.0213,1.0,1.0,1.0,1.0,4.0,5.0,2.5218,8.0,7.0,4.875
T,0,5105101793335893,-0.0174,1.0,1.0,1.0,1.0,3.0,5.0,2.6556,7.0,4.0,3.9375
T,0,4111113313372350,0.3001,1.0,1.0,1.0,1.0,0.0,4.0,2.305,7.0,6.0,2.4375
T,0,4532012843390687,0.103,1.0,1.0,1.0,1.0,2.0,4.0,3.2028,10.0,3.0,4.0625
T,0,5555550168613448,0.3214,1.0,1.0,1.0,1.0,4.0,5.0,2.5306,7.0,6.0,4.4375
T,0,4242427653610639,0.2486,1.0,1.0,1.0,1.0,1.0,4.0,2.9835,9.0,3.0,4.0
T,0,4532014167926369,0.183,1.0,1.0,1.0,1.0,2.0,4.0,3.0778,9.0,3.0,4.25
T,0,4242424401612827,-0.1596,1.0,1.0,1.0,1.0,1.0,4.0,2.4238,7.0,5.0,3.3125
T,0,4111117656660149,-0.1215,1.0,1.0,1.0,1.0,0.0,4.0,2.4056,7.0,6.0,3.6875
T,0,4242424675794327,-0.1844,1.0,1.0,1.0,1.0,1.0,4.0,2.4772,7.0,5.0,4.5
T,0,4111118822628143,0.2024,1.0,1.0,1.0,1.0,0.0,4.0,2.3113,6.0,6.0,3.3125
T,0,4111112705342161,-0.2436,1.0,1.0,1.0,1.0,0.0,4.0,2.5218,8.0,7.0,2.5
T,0,4532015408332697,0.0954,1.0,1.0,1.0,1.0,2.0,4.0,3.2028,10.0,3.0,3.875
T,0,4111112204567557,0.2326,1.0,1.0,1.0,1.0,0.0,4.0,2.6022,7.0,5.0,3.25
T,0,4242429065242993,-0.0311,1.0,1.0,1.0,1.0,1.0,4.0,2.4772,7.0,5.0,4.1875
T,0,6011001863097251,0.2561,1.0,1.0,1.0,1.0,5.0,6.0,2.875,9.0,4.0,3.125
T,0,4242424422960809,0.076,1.0,1.0,1.0,1.0,1.0,4.0,2.2988,6.0,5.0,3.875
T,0,4111117886801232,-0.1882,1.0,1.0,1.0,1.0,0.0,4.0,2.6085,8.0,6.0,3.375
T,0,4242420491498788,0.2646,1.0,1.0,1.0,1.0,1.0,4.0,2.555,7.0,5.0,4.75
T,0,4111118295169260,-0.1175,1.0,1.0,1.0,1.0,0.0,4.0,2.6556,8.0,6.0,3.5625
T,0,4111110891690567,0.1125,1.0,1.0,1.0,1.0,0.0,4.0,2.6556,8.0,6.0,3.75
T,0,4111114743062249,0.0866,1.0,1.0,1.0,1.0,0.0,4.0,2.6494,8.0,5.0,3.125
T,0,4242421141719805,-0.2149,1.0,1.0,1.0,1.0,1.0,4.0,2.7028,8.0,4.0,3.4375
T,0,4111115457504573,0.059,1.0,1.0,1.0,1.0,0.0,4.0,2.3522,6.0,5.0,3.375
T,0,4111113333185618,0.4326,1.0,1.0,1.0,1.0,0.0,4.0,2.1468,6.0,7.0,3.125
T,0,4242426976634359,0.1526,1.0,1.0,1.0,1.0,1.0,4.0,2.6556,7.0,4.0,4.75
T,0,4111119988167306,0.2043,1.0,1.0,1.0,1.0,0.0,4.0,2.6556,8.0,6.0,4.125
T,0,4242426072493304,0.0597,1.0,1.0,1.0,1.0,1.0,4.0,2.5244,7.0,5.0,3.5
T,0,4111118144143458,-0.0363,1.0,1.0,1.0,1.0,0.0,4.0,1.9212,5.0,7.0,3.1875
T,0,4111112838537844,-0.1552,1.0,1.0,1.0,1.0,0.0,4.0,2.555,7.0,5.0,3.8125
T,0,4242425518299408,-0.0476,1.0,1.0,1.0,1.0,1.0,4.0,2.625,7.0,4.0,4.3125
T,0,4242424077731471,-0.0171,1.0,1.0,1.0,1.0,1.0,4.0,2.3522,6.0,5.0,3.6875
T,0,4111118285037477,0.1624,1.0,1.0,1.0,1.0,0.0,4.0,2.7272,8.0,5.0,3.75
T,0,5555551901215434,0.3147,1.0,1.0,1.0,1.0,4.0,5.0,2.3496,7.0,7.0,3.75
T,0,4532017219883132,0.1098,1.0,1.0,1.0,1.0,2.0,4.0,2.9835,9.0,3.0,3.6875
T,0,4242424548092131,-0.0051,1.0,1.0,1.0,1.0,1.0,4.0,2.6494,8.0,5.0,3.4375
T,0,4532010741720237,-0.0939,1.0,1.0,1.0,1.0,2.0,4.0,2.7335,7.0,3.0,3.0
T,0,4242423565067174,-0.0391,1.0,1.0,1.0,1.0,1.0,4.0,2.8278,8.0,4.0,3.875
T,0,4532012928384217,-0.003,1.0,1.0,1.0,1.0,2.0,4.0,3.0,9.0,4.0,3.8125
T,0,4242426078972814,-0.1071,1.0,1.0,1.0,1.0,1.0,4.0,2.75,8.0,4.0,4.375
T,0,4242422132476652,-0.0129,1.0,1.0,1.0,1.0,1.0,4.0,2.4056,7.0,6.0,3.5
T,0,4242424689731596,0.647,1.0,1.0,1.0,1.0,1.0,4.0,2.9528,9.0,4.0,4.75
T,0,4532019034779016,0.0331,1.0,1.0,1.0,1.0,2.0,4.0,3.0778,9.0,3.0,3.8125
T,0,4532016652064879,0.1643,1.0,1.0,1.0,1.0,2.0,4.0,3.2028,10.0,3.0,4.25
T,0,5105103808130194,-0.2698,1.0,1.0,1.0,1.0,3.0,5.0,2.625,7.0,4.0,3.0625
T,0,4111113038161575,-0.4827,1.0,1.0,1.0,1.0,0.0,4.0,2.5218,8.0,7.0,3.0
T,0,4111114000827839,-0.0294,1.0,1.0,1.0,1.0,0.0,4.0,2.7272,8.0,5.0,3.125
T,0,4242420727191983,0.1408,1.0,1.0,1.0,1.0,1.0,4.0,2.8278,8.0,4.0,4.0625
T,0,4111116918263247,-0.1175,1.0,1.0,1.0,1.0,0.0,4.0,2.6556,8.0,6.0,3.5625
T,0,4532017428153020,-0.1852,1.0,1.0,1.0,1.0,2.0,4.0,2.9056,8.0,3.0,2.9375
T,0,5105105827358581,0.049,1.0,1.0,1.0,1.0,3.0,5.0,2.555,7.0,5.0,4.0
T,0,4532011822782443,0.0144,1.0,1.0,1.0,1.0,2.0,4.0,2.8278,8.0,4.0,3.5
T,0,5105107685349900,-0.3029,1.0,1.0,1.0,1.0,3.0,5.0,2.9528,9.0,4.0,3.9375
T,0,5555553663368765,0.4938,1.0,1.0,1.0,1.0,4.0,5.0,1.9746,5.0,7.0,5.1875
T,0,4111116820273136,-0.1886,1.0,1.0,1.0,1.0,0.0,4.0,2.6556,8.0,6.0,2.9375
T,0,4111114223673911,0.0148,1.0,1.0,1.0,1.0,0.0,4.0,2.3968,7.0,7.0,2.9375
T,0,4111110695446513,0.2421,1.0,1.0,1.0,1.0,0.0,4.0,2.4835,7.0,6.0,3.25
T,0,4532013789293638,0.3398,1.0,1.0,1.0,1.0,2.0,4.0,3.125,10.0,4.0,4.5625
T,0,4532010746513942,-0.1266,1.0,1.0,1.0,1.0,2.0,4.0,3.0778,9.0,3.0,3.5
T,0,4111119790900761,0.0873,1.0,1.0,1.0,1.0,0.0,4.0,2.3113,6.0,6.0,3.5625
T,0,4111115080686573,0.0924,1.0,1.0,1.0,1.0,0.0,4.0,2.7744,8.0,5.0,3.5625
T,0,5105103523101348,-0.3211,1.0,1.0,1.0,1.0,3.0,5.0,2.6085,7.0,4.0,2.625
T,0,4532015819627453,0.103,1.0,1.0,1.0,1.0,2.0,4.0,3.2028,10.0,3.0,4.0625
T,0,4111111586341524,-0.0758,1.0,1.0,1.0,1.0,0.0,4.0,2.3496,7.0,7.0,3.0
T,0,4242424673872737,-0.6197,1.0,1.0,1.0,1.0,1.0,4.0,2.375,6.0,4.0,4.5
T,0,6011003181759174,-0.1058,1.0,1.0,1.0,1.0,5.0,6.0,2.8522,9.0,5.0,3.375
T,0,5105102846620976,-0.5492,1.0,1.0,1.0,1.0,3.0,5.0,3.0306,9.0,3.0,3.875
T,0,5555551592628226,0.1848,1.0,1.0,1.0,1.0,4.0,5.0,2.1468,6.0,7.0,4.5625
T,0,4111113573777207,-0.2645,1.0,1.0,1.0,1.0,0.0,4.0,2.4238,7.0,5.0,3.5625
T,0,4111117330929530,-0.0294,1.0,1.0,1.0,1.0,0.0,4.0,2.7272,8.0,5.0,3.125
T,0,4242421511619312,-0.3747,1.0,1.0,1.0,1.0,1.0,4.0,2.4772,7.0,5.0,3.0
T,0,4111117802824755,0.2315,1.0,1.0,1.0,1.0,0.0,4.0,2.6494,7.0,5.0,3.5625
T,0,5105105998380422,-0.2522,1.0,1.0,1.0,1.0,3.0,5.0,2.9056,8.0,3.0,3.875
T,0,5555557867826973,0.6285,1.0,1.0,1.0,1.0,4.0,5.0,2.4835,7.0,6.0,5.8125
T,0,4242428430481070,-0.1932,1.0,1.0,1.0,1.0,1.0,4.0,2.555,7.0,5.0,3.3125
T,0,4242427310172858,0.1215,1.0,1.0,1.0,1.0,1.0,4.0,2.8278,8.0,4.0,3.75
T,0,4532017675847563,-0.0762,1.0,1.0,1.0,1.0,2.0,4.0,3.0306,9.0,3.0,4.5625
T,0,4242427974874161,-0.1922,1.0,1.0,1.0,1.0,1.0,4.0,2.555,7.0,5.0,4.5
T,0,5105102995042139,0.059,1.0,1.0,1.0,1.0,3.0,5.0,2.6863,7.0,3.0,3.5
T,0,6011005565727354,-0.1183,1.0,1.0,1.0,1.0,5.0,6.0,2.8278,8.0,4.0,3.5625
T,0,5105105132211731,0.0763,1.0,1.0,1.0,1.0,3.0,5.0,2.3585,6.0,6.0,2.375
T,0,4111111924778759,0.344,1.0,1.0,1.0,1.0,0.0,4.0,2.4835,7.0,6.0,4.25
T,0,6011002409382744,0.4408,1.0,1.0,1.0,1.0,5.0,6.0,2.9528,9.0,4.0,3.1875
T,0,4242422047505660,0.1182,1.0,1.0,1.0,1.0,1.0,4.0,2.4528,6.0,4.0,3.3125
T,0,4242424134308867,-0.0554,1.0,1.0,1.0,1.0,1.0,4.0,2.7272,8.0,5.0,3.875
T,0,5555551258209550,-1.05,1.0,1.0,1.0,1.0,4.0,5.0,1.9669,6.0,9.0,4.1875
T,0,4242423011105248,-0.1918,1.0,1.0,1.0,1.0,1.0,4.0,2.5778,7.0,4.0,2.6875
T,0,4111119380209268,0.0314,1.0,1.0,1.0,1.0,0.0,4.0,2.7744,8.0,5.0,3.5
T,0,4111116958346357,0.3342,1.0,1.0,1.0,1.0,0.0,4.0,2.7744,8.0,5.0,4.0625
T,0,4111112871732419,-0.0582,1.0,1.0,1.0,1.0,0.0,4.0,2.3968,7.0,7.0,3.3125
T,0,4242424206490494,0.6405,1.0,1.0,1.0,1.0,1.0,4.0,2.0218,5.0,7.0,3.75
T,0,4111113678991786,0.1578,1.0,1.0,1.0,1.0,0.0,4.0,2.5306,7.0,6.0,4.5625
T,0,4242423990164026,0.4578,1.0,1.0,1.0,1.0,1.0,4.0,2.625,7.0,4.0,3.625
T,0,6011001249601305,-0.1032,1.0,1.0,1.0,1.0,5.0,6.0,2.6494,8.0,5.0,2.4375
T,0,4111110791164374,0.2325,1.0,1.0,1.0,1.0,0.0,4.0,2.3496,7.0,7.0,3.1875
T,0,4111116566487890,0.0832,1.0,1.0,1.0,1.0,0.0,4.0,2.7272,8.0,5.0,4.25
T,0,4242420409169018,0.0911,1.0,1.0,1.0,1.0,1.0,4.0,2.6556,7.0,4.0,3.5
T,0,6011001311929048,0.0637,1.0,1.0,1.0,1.0,5.0,6.0,2.6494,8.0,5.0,2.875
T,0,4242421354287730,0.2632,1.0,1.0,1.0,1.0,1.0,4.0,2.75,8.0,4.0,3.625
T,0,4111112582979697,-0.0527,1.0,1.0,1.0,1.0,0.0,4.0,2.7272,8.0,5.0,4.5625
T,0,4242429084296558,0.1508,1.0,1.0,1.0,1.0,1.0,4.0,2.625,7.0,4.0,4.625
T,0,4242423291132201,0.0231,1.0,1.0,1.0,1.0,1.0,4.0,2.3113,6.0,6.0,2.625
T,0,4111111217785115,0.1132,1.0,1.0,1.0,1.0,0.0,4.0,1.9669,6.0,9.0,2.9375
T,0,5105107076685599,-0.0162,1.0,1.0,1.0,1.0,3.0,5.0,2.7028,7.0,4.0,4.625
T,0,4111114247527481,0.1387,1.0,1.0,1.0,1.0,0.0,4.0,2.2806,6.0,6.0,3.3125
T,0,4111111381792426,-0.2005,1.0,1.0,1.0,1.0,0.0,4.0,2.5218,8.0,7.0,3.25
T,0,4111110710598124,-0.2822,1.0,1.0,1.0,1.0,0.0,4.0,2.5218,8.0,7.0,2.875
T,0,4242427796863368,-0.0994,1.0,1.0,1.0,1.0,1.0,4.0,2.7335,7.0,3.0,5.0625
T,0,4111118317853768,0.5303,1.0,1.0,1.0,1.0,0.0,4.0,2.4835,7.0,6.0,4.0625
T,0,4111114493862863,0.1994,1.0,1.0,1.0,1.0,0.0,4.0,2.6022,7.0,5.0,3.875
T,0,5555553197434315,-0.0032,1.0,1.0,1.0,1.0,4.0,5.0,2.2246,6.0,7.0,4.375
T,0,4242421022822256,-0.0795,1.0,1.0,1.0,1.0,1.0,4.0,2.2028,7.0,8.0,3.0
T,0,4242423978461733,-0.2383,1.0,1.0,1.0,1.0,1.0,4.0,2.7806,8.0,4.0,4.3125
T,0,4242426417741284,0.0949,1.0,1.0,1.0,1.0,1.0,4.0,2.2806,6.0,6.0,3.875
T,0,4111113534355101,-0.5647,1.0,1.0,1.0,1.0,0.0,4.0,2.0524,5.0,7.0,2.4375
T,0,4242429886155200,-0.0391,1.0,1.0,1.0,1.0,1.0,4.0,2.8278,8.0,4.0,3.875
T,0,5555554626025104,0.2247,1.0,1.0,1.0,1.0,4.0,5.0,2.2718,6.0,7.0,3.75
T,0,4242421786213759,0.2761,1.0,1.0,1.0,1.0,1.0,4.0,2.9528,9.0,4.0,4.1875
T,0,5555552174860575,0.4642,1.0,1.0,1.0,1.0,4.0,5.0,2.375,8.0,8.0,4.6875
T,0,4111111558001585,0.4584,1.0,1.0,1.0,1.0,0.0,4.0,2.0218,5.0,7.0,2.9375
T,0,5555557047592420,0.0851,1.0,1.0,1.0,1.0,4.0,5.0,2.2718,6.0,7.0,4.375
T,0,5105103325745326,-0.1662,1.0,1.0,1.0,1.0,3.0,5.0,2.8278,8.0,4.0,3.25
T,0,5555552765978620,-0.2907,1.0,1.0,1.0,1.0,4.0,5.0,2.3968,7.0,7.0,5.125
T,0,4111111962147982,0.0587,1.0,1.0,1.0,1.0,0.0,4.0,2.3968,7.0,7.0,3.625
T,0,6011009646531017,-0.1884,1.0,1.0,1.0,1.0,5.0,6.0,2.7028,8.0,4.0,3.125
T,0,4532019413625145,-0.2953,1.0,1.0,1.0,1.0,2.0,4.0,2.8585,8.0,3.0,3.4375
T,0,4532015375890875,0.18,1.0,1.0,1.0,1.0,2.0,4.0,3.0,9.0,4.0,4.5
T,0,4242421910495173,0.1897,1.0,1.0,1.0,1.0,1.0,4.0,2.7806,8.0,4.0,3.625
T,0,4111110305335510,-0.0534,1.0,1.0,1.0,1.0,0.0,4.0,2.1391,5.0,6.0,2.125
T,0,4111116523043745,-0.1802,1.0,1.0,1.0,1.0,0.0,4.0,2.7272,8.0,5.0,3.0
T,0,4111114524239867,-0.0165,1.0,1.0,1.0,1.0,0.0,4.0,2.8522,9.0,5.0,3.6875
T,0,5555552072892035,0.1034,1.0,1.0,1.0,1.0,4.0,5.0,2.3496,7.0,7.0,4.25
T,0,4111112994031624,-0.0554,1.0,1.0,1.0,1.0,0.0,4.0,2.4835,7.0,6.0,3.0625
T,0,4111118482130786,0.0818,1.0,1.0,1.0,1.0,0.0,4.0,2.6085,8.0,6.0,3.5
T,0,5105107702470770,0.3945,1.0,1.0,1.0,1.0,3.0,5.0,2.2988,6.0,5.0,3.3125
T,0,4242420910044858,-0.1228,1.0,1.0,1.0,1.0,1.0,4.0,2.555,7.0,5.0,3.5625
T,0,4242429098950414,-0.018,1.0,1.0,1.0,1.0,1.0,4.0,2.555,7.0,5.0,4.1875
T,0,4111114028702642,-0.2024,1.0,1.0,1.0,1.0,0.0,4.0,2.555,7.0,5.0,2.75
T,0,4532011349101655,-0.0094,1.0,1.0,1.0,1.0,2.0,4.0,2.8278,8.0,4.0,3.125
T,0,4532010348627546,0.2522,1.0,1.0,1.0,1.0,2.0,4.0,3.0778,9.0,3.0,3.75
T,0,5105104277987163,-0.4984,1.0,1.0,1.0,1.0,3.0,5.0,3.1556,10.0,3.0,4.125
T,0,5105108440313066,0.0099,1.0,1.0,1.0,1.0,3.0,5.0,2.7028,7.0,4.0,2.9375
T,0,5105106674527039,-0.6509,1.0,1.0,1.0,1.0,3.0,5.0,3.0306,9.0,3.0,3.8125
T,0,5555558989218727,-0.6951,1.0,1.0,1.0,1.0,4.0,5.0,2.3585,6.0,6.0,5.6875
T,0,5105103080364180,-0.137,1.0,1.0,1.0,1.0,3.0,5.0,2.6022,7.0,5.0,2.8125
T,0,5555557067117637,0.469,1.0,1.0,1.0,1.0,4.0,5.0,2.2806,6.0,6.0,4.6875
T,0,5105107086221096,-0.3744,1.0,1.0,1.0,1.0,3.0,5.0,2.8278,8.0,4.0,3.3125
T,0,4532014678945668,0.7957,1.0,1.0,1.0,1.0,2.0,4.0,3.1556,10.0,3.0,4.875
T,0,4532019532381455,0.0956,1.0,1.0,1.0,1.0,2.0,4.0,2.8278,8.0,4.0,3.75
T,0,4532017226979444,0.0592,1.0,1.0,1.0,1.0,2.0,4.0,2.9528,9.0,4.0,4.3125
T,0,4242426010774617,0.0443,1.0,1.0,1.0,1.0,1.0,4.0,2.5306,6.0,4.0,3.5625
T,0,4532015632484041,-0.0627,1.0,1.0,1.0,1.0,2.0,4.0,2.875,8.0,4.0,3.25
T,0,4532012579689088,1.0771,1.0,1.0,1.0,1.0,2.0,4.0,3.2028,10.0,3.0,4.8125
T,0,6011003445749003,-0.2091,1.0,1.0,1.0,1.0,5.0,6.0,2.7272,8.0,5.0,2.9375
T,0,4532013084079252,-0.0721,1.0,1.0,1.0,1.0,2.0,4.0,3.0306,9.0,3.0,3.4375
T,0,4111114278830150,-0.1886,1.0,1.0,1.0,1.0,0.0,4.0,2.6556,8.0,6.0,2.9375
T,0,4111112806055936,-0.2246,1.0,1.0,1.0,1.0,0.0,4.0,2.8994,9.0,5.0,3.3125
T,0,4111114692356618,0.0827,1.0,1.0,1.0,1.0,0.0,4.0,2.6085,8.0,6.0,3.6875
T,0,5555556395101842,-0.3751,1.0,1.0,1.0,1.0,4.0,5.0,2.6468,9.0,7.0,4.3125
T,0,5555556060978979,-0.6951,1.0,1.0,1.0,1.0,4.0,5.0,2.3585,6.0,6.0,5.6875
T,0,4532014687619239,-1.7207,1.0,1.0,1.0,1.0,2.0,4.0,3.25,10.0,2.0,4.375
T,0,4111113633001986,-0.0142,1.0,1.0,1.0,1.0,0.0,4.0,2.4835,7.0,6.0,3.0
T,0,4242420653917989,0.3106,1.0,1.0,1.0,1.0,1.0,4.0,3.1085,10.0,3.0,4.6875
T,0,5105108461727715,-0.0135,1.0,1.0,1.0,1.0,3.0,5.0,2.7806,8.0,4.0,3.75
T,0,4111119553977907,0.0109,1.0,1.0,1.0,1.0,0.0,4.0,2.555,7.0,5.0,4.375
T,0,4532011187712472,-0.319,1.0,1.0,1.0,1.0,2.0,4.0,2.7806,8.0,4.0,3.4375
T,0,5105104706637140,0.0683,1.0,1.0,1.0,1.0,3.0,5.0,2.7028,7.0,4.0,3.125
T,0,4111111400583228,0.0666,1.0,1.0,1.0,1.0,0.0,4.0,2.5306,7.0,6.0,2.625
T,0,4242425011782496,-0.0936,1.0,1.0,1.0,1.0,1.0,4.0,2.875,9.0,4.0,3.8125
T,0,4111113448695154,0.0856,1.0,1.0,1.0,1.0,0.0,4.0,2.4056,7.0,6.0,3.625
T,0,4242423732397231,0.2818,1.0,1.0,1.0,1.0,1.0,4.0,2.3522,6.0,5.0,3.625
T,0,5555557010613047,0.299,1.0,1.0,1.0,1.0,4.0,5.0,2.4835,7.0,6.0,3.6875
T,0,6011000206673018,-0.1662,1.0,1.0,1.0,1.0,5.0,6.0,2.4363,7.0,6.0,2.5625
T,0,4532012046937904,0.06,1.0,1.0,1.0,1.0,2.0,4.0,3.0306,9.0,3.0,3.6875
T,0,6011009567663963,0.5807,1.0,1.0,1.0,1.0,5.0,6.0,2.6022,7.0,5.0,4.25
T,0,4532018006849047,0.1353,1.0,1.0,1.0,1.0,2.0,4.0,3.0778,10.0,4.0,3.8125
T,0,4532011789653918,0.2948,1.0,1.0,1.0,1.0,2.0,4.0,3.2028,10.0,3.0,4.5
T,0,4111114060212518,-0.0181,1.0,1.0,1.0,1.0,0.0,4.0,2.3968,7.0,7.0,2.375
T,0,4111115441861998,0.1474,1.0,1.0,1.0,1.0,0.0,4.0,2.2246,6.0,7.0,4.0
T,0,4242428581548578,0.0507,1.0,1.0,1.0,1.0,1.0,4.0,2.4056,6.0,4.0,4.8125
T,0,4242425710964569,-0.1449,1.0,1.0,1.0,1.0,1.0,4.0,2.8278,8.0,4.0,4.375
T,0,4111119949257204,0.0639,1.0,1.0,1.0,1.0,0.0,4.0,2.555,7.0,5.0,3.75
T,0,4242429160036126,0.1009,1.0,1.0,1.0,1.0,1.0,4.0,2.6556,7.0,4.0,3.25
T,0,4111114062611972,0.0148,1.0,1.0,1.0,1.0,0.0,4.0,2.3968,7.0,7.0,2.9375
T,0,4111111587691414,0.1735,1.0,1.0,1.0,1.0,0.0,4.0,2.2028,7.0,8.0,3.4375
T,0,4242422576503789,0.1169,1.0,1.0,1.0,1.0,1.0,4.0,2.9528,9.0,4.0,4.375
T,0,5555555491452000,-0.2573,1.0,1.0,1.0,1.0,4.0,5.0,2.0778,6.0,8.0,3.75
T,0,4532012762291437,0.3727,1.0,1.0,1.0,1.0,2.0,4.0,3.0,9.0,4.0,3.625
T,0,6011005164455977,-0.0176,1.0,1.0,1.0,1.0,5.0,6.0,2.7335,7.0,3.0,3.8125
T,0,4242428601249025,-0.0051,1.0,1.0,1.0,1.0,1.0,4.0,2.6494,8.0,5.0,3.4375
T,0,4111114994310008,0.2542,1.0,1.0,1.0,1.0,0.0,4.0,2.3113,6.0,6.0,2.9375
T,0,4242428379581468,0.7447,1.0,1.0,1.0,1.0,1.0,4.0,2.9056,9.0,4.0,4.8125
T,0,4242426136280838,0.0023,1.0,1.0,1.0,1.0,1.0,4.0,2.6556,7.0,4.0,3.9375
T,0,4532019172486697,-1.7406,1.0,1.0,1.0,1.0,2.0,4.0,3.25,10.0,2.0,4.625
T,0,4111114730990451,0.2421,1.0,1.0,1.0,1.0,0.0,4.0,2.4835,7.0,6.0,3.1875
T,0,4111117661593178,0.0068,1.0,1.0,1.0,1.0,0.0,4.0,2.5218,8.0,7.0,3.875
T,0,4111112428857610,-0.1672,1.0,1.0,1.0,1.0,0.0,4.0,2.6556,8.0,6.0,3.25
T,0,4532010854704820,-0.2663,1.0,1.0,1.0,1.0,2.0,4.0,2.8278,8.0,4.0,3.3125
T,0,5555557817101261,0.1654,1.0,1.0,1.0,1.0,4.0,5.0,2.4056,7.0,6.0,4.0
T,0,4532018778961293,-1.5889,1.0,1.0,1.0,1.0,2.0,4.0,3.25,10.0,2.0,4.6875
T,0,4242421399758257,-0.0547,1.0,1.0,1.0,1.0,1.0,4.0,2.8278,8.0,4.0,4.625
T,0,4242421878006939,-0.0338,1.0,1.0,1.0,1.0,1.0,4.0,3.0306,9.0,3.0,4.3125
T,0,4532018908684229,0.1656,1.0,1.0,1.0,1.0,2.0,4.0,3.0306,9.0,3.0,4.4375
T,0,4111110034855416,0.1862,1.0,1.0,1.0,1.0,0.0,4.0,2.4835,7.0,6.0,2.8125
T,0,4242427621112700,-0.3446,1.0,1.0,1.0,1.0,1.0,4.0,2.43,6.0,5.0,2.8125
T,0,5105101129521083,-0.2527,1.0,1.0,1.0,1.0,3.0,5.0,2.555,7.0,5.0,2.75
T,0,4111117139766703,0.3267,1.0,1.0,1.0,1.0,0.0,4.0,2.4835,7.0,6.0,3.625
T,0,4532019166271568,0.041,1.0,1.0,1.0,1.0,2.0,4.0,3.1556,10.0,3.0,4.125
T,0,4111118140224625,0.0694,1.0,1.0,1.0,1.0,0.0,4.0,2.4363,7.0,6.0,2.6875
T,0,4111118623172226,-0.1558,1.0,1.0,1.0,1.0,0.0,4.0,2.4056,7.0,6.0,3.0
T,0,4532016543817048,0.0331,1.0,1.0,1.0,1.0,2.0,4.0,3.0778,9.0,3.0,3.8125
T,0,4242429508821106,0.2498,1.0,1.0,1.0,1.0,1.0,4.0,2.8278,8.0,4.0,3.625
T,0,4242426224091071,-0.0246,1.0,1.0,1.0,1.0,1.0,4.0,2.5244,7.0,5.0,3.125
T,0,5105102184885611,-0.1247,1.0,1.0,1.0,1.0,3.0,5.0,2.555,7.0,5.0,3.5
T,0,4111117428681324,0.129,1.0,1.0,1.0,1.0,0.0,4.0,2.4835,7.0,6.0,3.375
T,0,5105105178962908,-0.2108,1.0,1.0,1.0,1.0,3.0,5.0,2.8585,8.0,3.0,4.1875
T,0,4111118691937401,-0.0788,1.0,1.0,1.0,1.0,0.0,4.0,2.5218,8.0,7.0,3.5625
T,0,4111117602403016,0.2998,1.0,1.0,1.0,1.0,0.0,4.0,2.4835,7.0,6.0,2.375
T,0,5555550697848804,0.2165,1.0,1.0,1.0,1.0,4.0,5.0,2.4835,7.0,6.0,5.25
T,0,4242421219351341,-0.5616,1.0,1.0,1.0,1.0,1.0,4.0,2.375,6.0,4.0,3.0
T,0,4242428569997052,0.0606,1.0,1.0,1.0,1.0,1.0,4.0,2.7806,8.0,4.0,4.875
T,0,4111110573950313,0.1862,1.0,1.0,1.0,1.0,0.0,4.0,2.4835,7.0,6.0,2.8125
T,0,4532010623827027,0.1327,1.0,1.0,1.0,1.0,2.0,4.0,2.9528,9.0,4.0,3.25
T,0,4111113534072573,-0.0453,1.0,1.0,1.0,1.0,0.0,4.0,2.6022,7.0,5.0,3.0
T,0,4111113831295000,-0.0883,1.0,1.0,1.0,1.0,0.0,4.0,2.6085,8.0,6.0,2.5
T,0,4242421511701193,-0.3716,1.0,1.0,1.0,1.0,1.0,4.0,2.68,8.0,5.0,2.9375
T,0,4242422760208815,0.0606,1.0,1.0,1.0,1.0,1.0,4.0,2.7272,8.0,5.0,3.5625
T,0,4111115359987066,0.452,1.0,1.0,1.0,1.0,0.0,4.0,2.8994,9.0,5.0,4.1875
T,0,4111116117175770,-0.3507,1.0,1.0,1.0,1.0,0.0,4.0,2.0,6.0,8.0,3.1875
T,0,4242422295928002,0.0011,1.0,1.0,1.0,1.0,1.0,4.0,2.2246,6.0,7.0,3.5625
T,0,4111119087362246,-0.0062,1.0,1.0,1.0,1.0,0.0,4.0,2.8994,9.0,5.0,3.5
T,0,4242421067179414,0.1106,1.0,1.0,1.0,1.0,1.0,4.0,2.555,7.0,5.0,3.625
T,0,4242421863934400,-0.0004,1.0,1.0,1.0,1.0,1.0,4.0,2.7272,8.0,5.0,3.5
T,0,5555555076148668,-0.3676,1.0,1.0,1.0,1.0,4.0,5.0,2.3496,7.0,7.0,5.0625
T,0,4242423674726751,0.1116,1.0,1.0,1.0,1.0,1.0,4.0,2.5778,7.0,4.0,4.125
T,0,5105107982316735,-0.5463,1.0,1.0,1.0,1.0,3.0,5.0,3.0306,9.0,3.0,3.9375
T,0,4242425870128740,0.3538,1.0,1.0,1.0,1.0,1.0,4.0,2.625,7.0,4.0,3.75
T,0,4111117593453913,0.0949,1.0,1.0,1.0,1.0,0.0,4.0,2.3585,6.0,6.0,3.625
T,0,4242426826126952,-0.0514,1.0,1.0,1.0,1.0,1.0,4.0,2.4363,7.0,6.0,4.0625
T,0,6011001053818565,0.1178,1.0,1.0,1.0,1.0,5.0,6.0,2.4528,6.0,4.0,3.125
T,0,4111115018572309,-0.0173,1.0,1.0,1.0,1.0,0.0,4.0,2.7806,9.0,6.0,3.0625
T,0,5105100197616551,0.2625,1.0,1.0,1.0,1.0,3.0,5.0,2.3522,6.0,5.0,3.3125
T,0,4111111534270403,0.2998,1.0,1.0,1.0,1.0,0.0,4.0,2.4835,7.0,6.0,2.375
T,0,4111111349567480,-0.0618,1.0,1.0,1.0,1.0,0.0,4.0,2.7335,9.0,6.0,3.5
T,0,4532013630131771,-0.0144,1.0,1.0,1.0,1.0,2.0,4.0,2.75,8.0,4.0,2.9375
T,0,4242424823897600,0.1786,1.0,1.0,1.0,1.0,1.0,4.0,2.75,8.0,4.0,4.0625
T,0,5555558681143744,0.8435,1.0,1.0,1.0,1.0,4.0,5.0,2.4835,7.0,6.0,4.75
T,0,4532010921361216,0.0286,1.0,1.0,1.0,1.0,2.0,4.0,2.8278,8.0,4.0,2.875
T,0,4111117561546383,-0.0223,1.0,1.0,1.0,1.0,0.0,4.0,2.5306,7.0,6.0,3.5625
T,0,4242423571155724,0.3917,1.0,1.0,1.0,1.0,1.0,4.0,2.4528,6.0,4.0,3.625
T,0,5555552896412929,-0.2775,1.0,1.0,1.0,1.0,4.0,5.0,2.4363,7.0,6.0,5.125
T,0,4242423915954634,0.1671,1.0,1.0,1.0,1.0,1.0,4.0,2.6022,7.0,5.0,4.1875
T,0,4111117257682104,-0.1672,1.0,1.0,1.0,1.0,0.0,4.0,2.6556,8.0,6.0,3.1875
T,0,5105101051747474,0.8626,1.0,1.0,1.0,1.0,3.0,5.0,2.3113,5.0,4.0,3.25
T,0,4111118632766448,-0.0805,1.0,1.0,1.0,1.0,0.0,4.0,2.555,7.0,5.0,3.9375
T,0,4242429430313339,0.106,1.0,1.0,1.0,1.0,1.0,4.0,2.3522,6.0,5.0,3.5
T,0,4111113048964471,-0.2998,1.0,1.0,1.0,1.0,0.0,4.0,2.5306,8.0,6.0,3.4375
T,0,5105102907398843,-0.4232,1.0,1.0,1.0,1.0,3.0,5.0,3.0778,9.0,3.0,4.0625
T,0,4111119258292982,0.0912,1.0,1.0,1.0,1.0,0.0,4.0,2.3522,6.0,5.0,4.0625
T,0,4242421944031382,-0.0683,1.0,1.0,1.0,1.0,1.0,4.0,2.5244,7.0,5.0,3.3125
T,0,4111113358885522,-0.027,1.0,1.0,1.0,1.0,0.0,4.0,2.43,6.0,5.0,3.625
T,0,4111116890165394,0.1125,1.0,1.0,1.0,1.0,0.0,4.0,2.6556,8.0,6.0,3.75
T,0,4242427567173195,-0.2564,1.0,1.0,1.0,1.0,1.0,4.0,2.8585,8.0,3.0,4.3125
T,0,4111117213868045,-0.3338,1.0,1.0,1.0,1.0,0.0,4.0,2.7806,9.0,6.0,3.3125
T,0,5105100135482207,0.2489,1.0,1.0,1.0,1.0,3.0,5.0,2.7806,8.0,4.0,2.75
T,0,4242427362422599,-0.1123,1.0,1.0,1.0,1.0,1.0,4.0,2.4056,7.0,6.0,4.1875
T,0,4111115288115995,0.0227,1.0,1.0,1.0,1.0,0.0,4.0,2.2246,6.0,7.0,3.875
T,0,4532017810557242,-0.0152,1.0,1.0,1.0,1.0,2.0,4.0,2.9056,8.0,3.0,3.5
T,0,4242425419182638,0.1786,1.0,1.0,1.0,1.0,1.0,4.0,2.75,8.0,4.0,4.0625
T,0,4242421148372962,0.1026,1.0,1.0,1.0,1.0,1.0,4.0,2.6494,8.0,5.0,3.8125
T,0,4242426344065203,0.0255,1.0,1.0,1.0,1.0,1.0,4.0,2.3994,6.0,5.0,3.1875
T,0,5555557775244194,-0.3196,1.0,1.0,1.0,1.0,4.0,5.0,2.1774,6.0,7.0,5.0
T,0,4111117678829284,0.1636,1.0,1.0,1.0,1.0,0.0,4.0,2.6022,7.0,5.0,4.375
T,0,4242425422210780,-0.3932,1.0,1.0,1.0,1.0,1.0,4.0,2.4056,7.0,6.0,3.0625
T,0,5105108229429745,-0.142,1.0,1.0,1.0,1.0,3.0,5.0,2.9056,8.0,3.0,4.0
T,0,4111115924394632,0.1391,1.0,1.0,1.0,1.0,0.0,4.0,2.6022,7.0,5.0,3.5
T,0,4532017826111570,-0.2043,1.0,1.0,1.0,1.0,2.0,4.0,3.0,9.0,4.0,3.3125
T,0,4111114574973530,0.1391,1.0,1.0,1.0,1.0,0.0,4.0,2.6022,7.0,5.0,3.5
T,0,4242420483417093,0.0606,1.0,1.0,1.0,1.0,1.0,4.0,2.7272,8.0,5.0,3.5625
T,0,4111113848395058,0.1994,1.0,1.0,1.0,1.0,0.0,4.0,2.6022,7.0,5.0,3.875
T,0,4111110209821789,-0.0063,1.0,1.0,1.0,1.0,0.0,4.0,2.5306,7.0,6.0,3.4375
T,0,4111118234671509,-0.3827,1.0,1.0,1.0,1.0,0.0,4.0,2.9056,10.0,6.0,3.375
T,0,4111116408806133,-0.1503,1.0,1.0,1.0,1.0,0.0,4.0,2.4056,6.0,6.0,3.0
T,0,5555553140148772,0.0901,1.0,1.0,1.0,1.0,4.0,5.0,2.6556,8.0,6.0,4.1875
T,0,5555554163242112,0.3304,1.0,1.0,1.0,1.0,4.0,5.0,2.3113,6.0,6.0,3.5
T,0,4111112301105202,-0.319,1.0,1.0,1.0,1.0,0.0,4.0,2.1774,6.0,7.0,1.5625
T,0,4532015108932432,-0.1081,1.0,1.0,1.0,1.0,2.0,4.0,2.9056,8.0,3.0,3.25
T,0,5105106942676535,-0.123,1.0,1.0,1.0,1.0,3.0,5.0,2.9528,9.0,4.0,4.0625
T,0,5105107735032456,-0.3919,1.0,1.0,1.0,1.0,3.0,5.0,2.8278,8.0,4.0,3.375
T,0,4242424313176770,0.0334,1.0,1.0,1.0,1.0,1.0,4.0,2.6556,7.0,4.0,3.5625
T,0,4111116515713032,-0.2847,1.0,1.0,1.0,1.0,0.0,4.0,2.5218,8.0,7.0,2.625
T,0,4111112461566599,0.0608,1.0,1.0,1.0,1.0,0.0,4.0,2.3585,6.0,6.0,3.875
T,0,4111119706201411,0.1455,1.0,1.0,1.0,1.0,0.0,4.0,2.25,7.0,8.0,2.5
T,0,4532010753170909,0.0098,1.0,1.0,1.0,1.0,2.0,4.0,2.875,8.0,4.0,3.5
T,0,4242425945622909,-0.4732,1.0,1.0,1.0,1.0,1.0,4.0,2.3522,6.0,5.0,4.3125
T,0,4111112777577066,-0.1744,1.0,1.0,1.0,1.0,0.0,4.0,2.4238,7.0,5.0,3.9375
T,0,4111110397844999,0.1439,1.0,1.0,1.0,1.0,0.0,4.0,2.4772,7.0,5.0,4.4375
T,0,4532012180841581,-0.0042,1.0,1.0,1.0,1.0,2.0,4.0,2.7028,7.0,4.0,3.3125
T,0,4242424253125258,-0.0006,1.0,1.0,1.0,1.0,1.0,4.0,2.2335,6.0,6.0,3.4375
T,0,6011009749654641,-0.1509,1.0,1.0,1.0,1.0,5.0,6.0,2.6863,7.0,3.0,3.9375
T,0,4242423876983234,-0.0241,1.0,1.0,1.0,1.0,1.0,4.0,2.5778,7.0,4.0,4.4375
T,0,4111111671619198,-0.2318,1.0,1.0,1.0,1.0,0.0,4.0,1.9669,6.0,9.0,3.625
T,0,4111116700996699,-0.24,1.0,1.0,1.0,1.0,0.0,4.0,2.3522,6.0,5.0,4.375
T,0,4242421825135591,0.4578,1.0,1.0,1.0,1.0,1.0,4.0,2.6085,7.0,4.0,3.625
T,0,4111116518156536,-0.0063,1.0,1.0,1.0,1.0,0.0,4.0,2.1774,6.0,7.0,3.4375
T,0,4242423939169268,-0.1747,1.0,1.0,1.0,1.0,1.0,4.0,2.6556,7.0,4.0,4.625
T,0,6011008968278330,-0.1743,1.0,1.0,1.0,1.0,5.0,6.0,2.8278,8.0,4.0,3.875
T,0,6011008685243096,0.1792,1.0,1.0,1.0,1.0,5.0,6.0,2.9528,9.0,4.0,3.6875
T,0,4242425955540561,-0.0685,1.0,1.0,1.0,1.0,1.0,4.0,2.4772,7.0,5.0,3.9375
T,0,4532014309235547,0.0215,1.0,1.0,1.0,1.0,2.0,4.0,2.8585,8.0,3.0,3.5625
T,0,4242426243319131,0.104,1.0,1.0,1.0,1.0,1.0,4.0,2.4056,6.0,4.0,3.1875
T,0,5105106028094637,0.1,1.0,1.0,1.0,1.0,3.0,5.0,3.125,10.0,4.0,3.5625
T,0,5105101066611830,0.2584,1.0,1.0,1.0,1.0,3.0,5.0,2.3522,6.0,5.0,2.75
T,0,4111116681753754,0.0735,1.0,1.0,1.0,1.0,0.0,4.0,2.5306,7.0,6.0,3.8125
T,0,5555550988503563,0.763,1.0,1.0,1.0,1.0,4.0,5.0,2.125,6.0,8.0,4.8125
T,0,4111116283788034,0.1319,1.0,1.0,1.0,1.0,0.0,4.0,2.7272,8.0,5.0,3.625
T,0,4111111957643813,-0.1397,1.0,1.0,1.0,1.0,0.0,4.0,2.5218,8.0,7.0,3.5
T,0,5555553455831434,-0.4593,1.0,1.0,1.0,1.0,4.0,5.0,1.9056,5.0,8.0,4.375
T,0,5105103521292594,-0.111,1.0,1.0,1.0,1.0,3.0,5.0,2.6556,7.0,4.0,3.375
T,0,4242420073173999,0.1113,1.0,1.0,1.0,1.0,1.0,4.0,2.7335,7.0,3.0,4.125
T,0,5105100030370176,0.0989,1.0,1.0,1.0,1.0,3.0,5.0,2.3585,6.0,6.0,2.4375
T,0,4242425839378576,0.6663,1.0,1.0,1.0,1.0,1.0,4.0,2.9056,8.0,3.0,4.9375
T,0,4111112888888055,-0.1198,1.0,1.0,1.0,1.0,0.0,4.0,2.18,6.0,6.0,4.3125
T,0,4242426932898320,0.1031,1.0,1.0,1.0,1.0,1.0,4.0,2.6022,7.0,5.0,4.25
T,0,4532011481256291,-0.093,1.0,1.0,1.0,1.0,2.0,4.0,2.9528,9.0,4.0,3.375
T,0,5105103412916202,-0.7654,1.0,1.0,1.0,1.0,3.0,5.0,2.7806,8.0,4.0,2.625
T,0,4111119414992533,0.3192,1.0,1.0,1.0,1.0,0.0,4.0,2.3113,6.0,6.0,3.625
T,0,4111111634596293,-0.0223,1.0,1.0,1.0,1.0,0.0,4.0,2.5306,7.0,6.0,3.5625
T,0,4111114457705256,-0.1643,1.0,1.0,1.0,1.0,0.0,4.0,2.555,7.0,5.0,3.375
T,0,4111118105213365,-0.1692,1.0,1.0,1.0,1.0,0.0,4.0,2.5218,8.0,7.0,2.6875
T,0,5555553360702290,0.3561,1.0,1.0,1.0,1.0,4.0,5.0,2.4835,7.0,6.0,3.875
T,0,5555558405423570,0.1563,1.0,1.0,1.0,1.0,4.0,5.0,2.25,7.0,8.0,4.25
T,0,4242424804614057,0.2184,1.0,1.0,1.0,1.0,1.0,4.0,2.6085,8.0,6.0,3.5625
T,0,4242429077189703,-0.2564,1.0,1.0,1.0,1.0,1.0,4.0,2.8585,8.0,3.0,4.3125
T,0,4111116253032975,0.1399,1.0,1.0,1.0,1.0,0.0,4.0,2.8994,9.0,5.0,3.1875
T,0,4111114959713642,0.0827,1.0,1.0,1.0,1.0,0.0,4.0,2.6085,8.0,6.0,3.6875
T,0,5555556964237803,0.4598,1.0,1.0,1.0,1.0,4.0,5.0,2.7806,9.0,6.0,4.875
T,0,4242424831084720,-0.0678,1.0,1.0,1.0,1.0,1.0,4.0,2.5244,7.0,5.0,3.4375
T,0,4111112482247880,-0.2135,1.0,1.0,1.0,1.0,0.0,4.0,2.3829,6.0,5.0,3.375
T,0,4532012484825777,-0.2823,1.0,1.0,1.0,1.0,2.0,4.0,2.8585,8.0,3.0,4.3125
T,0,4242424674358173,0.0799,1.0,1.0,1.0,1.0,1.0,4.0,2.7272,8.0,5.0,4.125
T,0,4111110916357531,-0.5238,1.0,1.0,1.0,1.0,0.0,4.0,2.5218,8.0,7.0,3.0625
T,0,4242424972906434,-0.0475,1.0,1.0,1.0,1.0,1.0,4.0,2.4056,7.0,6.0,4.125
T,0,5105100956770953,0.1735,1.0,1.0,1.0,1.0,3.0,5.0,2.625,7.0,4.0,3.9375
T,0,4532015141326329,-0.0946,1.0,1.0,1.0,1.0,2.0,4.0,2.8585,8.0,3.0,3.1875
T,0,6011002110223443,-1.2947,1.0,1.0,1.0,1.0,5.0,6.0,2.4528,6.0,4.0,1.875
T,0,5555556919243666,-0.334,1.0,1.0,1.0,1.0,4.0,5.0,2.4056,7.0,6.0,5.125
T,0,4111119120449166,0.198,1.0,1.0,1.0,1.0,0.0,4.0,2.2246,6.0,7.0,3.1875
T,0,4111113328060362,-0.1456,1.0,1.0,1.0,1.0,0.0,4.0,2.6022,7.0,5.0,2.625
T,0,5555552288982893,0.3498,1.0,1.0,1.0,1.0,4.0,5.0,2.1085,5.0,6.0,5.5625
T,0,4242420260719794,0.1932,1.0,1.0,1.0,1.0,1.0,4.0,2.625,7.0,4.0,3.9375
T,0,5105108775028222,0.0404,1.0,1.0,1.0,1.0,3.0,5.0,2.5306,6.0,4.0,3.4375
T,0,4111119879177356,0.4608,1.0,1.0,1.0,1.0,0.0,4.0,2.6085,8.0,6.0,4.4375
T,0,4111119610143998,-0.0626,1.0,1.0,1.0,1.0,0.0,4.0,2.3496,7.0,7.0,3.6875
T,0,4111113699782339,0.016,1.0,1.0,1.0,1.0,0.0,4.0,2.68,8.0,5.0,4.25
T,0,4111113904938221,0.0989,1.0,1.0,1.0,1.0,0.0,4.0,2.5306,7.0,6.0,3.125
T,0,4242421653309078,0.0432,1.0,1.0,1.0,1.0,1.0,4.0,3.1556,10.0,3.0,3.75
T,0,4111115856047356,0.1319,1.0,1.0,1.0,1.0,0.0,4.0,2.7272,8.0,5.0,3.625
T,0,4242425152806369,0.1766,1.0,1.0,1.0,1.0,1.0,4.0,2.9528,9.0,4.0,3.9375
T,0,4111113097996523,0.1774,1.0,1.0,1.0,1.0,0.0,4.0,2.8522,9.0,5.0,3.875
T,0,4532010901986131,-0.0755,1.0,1.0,1.0,1.0,2.0,4.0,2.9528,9.0,4.0,3.3125
T,0,4532010755064795,0.1766,1.0,1.0,1.0,1.0,2.0,4.0,2.9528,9.0,4.0,3.9375
T,0,4532016387802916,-1.5096,1.0,1.0,1.0,1.0,2.0,4.0,3.25,10.0,2.0,4.0625
T,0,4111113009709121,0.2158,1.0,1.0,1.0,1.0,0.0,4.0,2.3496,7.0,7.0,2.5625
T,0,4242429624813730,-0.0936,1.0,1.0,1.0,1.0,1.0,4.0,2.875,9.0,4.0,3.8125
T,0,4111111632892298,0.1196,1.0,1.0,1.0,1.0,0.0,4.0,2.4835,7.0,6.0,3.6875
T,0,4242427852685325,-0.2224,1.0,1.0,1.0,1.0,1.0,4.0,2.555,7.0,5.0,4.3125
T,0,4111113177287868,0.0395,1.0,1.0,1.0,1.0,0.0,4.0,2.4363,7.0,6.0,4.125
T,0,4242428124378426,-0.2478,1.0,1.0,1.0,1.0,1.0,4.0,2.4238,7.0,5.0,3.9375
T,0,5555555687567348,-0.7143,1.0,1.0,1.0,1.0,4.0,5.0,2.125,6.0,8.0,5.5625
T,0,4111118709306771,0.1428,1.0,1.0,1.0,1.0,0.0,4.0,2.6085,8.0,6.0,3.5625
T,0,4242428529266895,-0.2676,1.0,1.0,1.0,1.0,1.0,4.0,2.4772,6.0,5.0,4.875
T,0,6011002882226160,-0.5057,1.0,1.0,1.0,1.0,5.0,6.0,2.2806,5.0,4.0,2.8125
T,0,4532010037023221,-0.0006,1.0,1.0,1.0,1.0,2.0,4.0,2.5778,7.0,4.0,2.1875
T,0,4111117317540128,-0.3063,1.0,1.0,1.0,1.0,0.0,4.0,2.5218,8.0,7.0,2.9375
T,0,4242423053702142,-0.2588,1.0,1.0,1.0,1.0,1.0,4.0,2.5244,7.0,5.0,2.8125
T,0,4111114185128482,0.3173,1.0,1.0,1.0,1.0,0.0,4.0,2.0524,5.0,7.0,3.25
T,0,4111111351507150,-0.9623,1.0,1.0,1.0,1.0,0.0,4.0,2.0778,6.0,8.0,2.3125
T,0,4111111719448451,-0.5556,1.0,1.0,1.0,1.0,0.0,4.0,2.0,6.0,8.0,3.3125
T,0,4111112222333842,-0.4665,1.0,1.0,1.0,1.0,0.0,4.0,2.1266,5.0,5.0,2.5
T,0,5105103085273089,-0.0153,1.0,1.0,1.0,1.0,3.0,5.0,2.8278,8.0,4.0,3.5625
T,0,4111119352617217,-0.2005,1.0,1.0,1.0,1.0,0.0,4.0,2.5218,8.0,7.0,3.25
T,0,4111112822608916,0.1103,1.0,1.0,1.0,1.0,0.0,4.0,2.4835,7.0,6.0,3.3125
T,0,4111116646951642,0.0787,1.0,1.0,1.0,1.0,0.0,4.0,2.2335,6.0,6.0,3.625
T,0,4111112435892600,0.1395,1.0,1.0,1.0,1.0,0.0,4.0,2.8994,9.0,5.0,3.0
T,0,5555553779667761,0.2181,1.0,1.0,1.0,1.0,4.0,5.0,2.2335,6.0,6.0,5.5625
T,0,4111116239792122,0.1006,1.0,1.0,1.0,1.0,0.0,4.0,2.4056,7.0,6.0,3.25
T,0,5555550194588721,0.4557,1.0,1.0,1.0,1.0,4.0,5.0,2.5218,8.0,7.0,4.6875
T,0,4242424085477562,0.0539,1.0,1.0,1.0,1.0,1.0,4.0,2.5244,7.0,5.0,4.125
T,0,4111119640424400,-0.5867,1.0,1.0,1.0,1.0,0.0,4.0,2.2516,6.0,5.0,2.625
T,0,4242429682287223,-0.0818,1.0,1.0,1.0,1.0,1.0,4.0,2.3496,7.0,7.0,4.1875
T,0,4532011441438567,0.3844,1.0,1.0,1.0,1.0,2.0,4.0,2.9528,9.0,4.0,3.625
T,0,4111117288051972,0.0295,1.0,1.0,1.0,1.0,0.0,4.0,2.6556,8.0,6.0,3.625
T,0,4111117658628029,0.1557,1.0,1.0,1.0,1.0,0.0,4.0,2.8994,9.0,5.0,3.875
T,0,4111119955455940,0.3388,1.0,1.0,1.0,1.0,0.0,4.0,2.18,5.0,5.0,4.0
T,0,4111110034300223,-0.4111,1.0,1.0,1.0,1.0,0.0,4.0,2.2272,5.0,5.0,1.625
T,0,5105100354238116,0.041,1.0,1.0,1.0,1.0,3.0,5.0,2.7806,8.0,4.0,2.8125
T,0,5105102271789858,-0.2633,1.0,1.0,1.0,1.0,3.0,5.0,2.7335,7.0,3.0,4.3125
T,0,4532013721557819,0.0289,1.0,1.0,1.0,1.0,2.0,4.0,3.0306,9.0,3.0,3.9375
T,0,4111116762514299,0.2926,1.0,1.0,1.0,1.0,0.0,4.0,2.5306,7.0,6.0,3.75
T,0,4242429644128838,-0.0317,1.0,1.0,1.0,1.0,1.0,4.0,2.4772,7.0,5.0,4.4375
T,0,4111116270278981,-0.1776,1.0,1.0,1.0,1.0,0.0,4.0,2.6556,8.0,6.0,3.6875
T,0,4111115492029313,0.045,1.0,1.0,1.0,1.0,0.0,4.0,2.5306,7.0,6.0,2.9375
T,0,4111113330760694,0.185,1.0,1.0,1.0,1.0,0.0,4.0,2.6022,7.0,5.0,3.125
T,0,4111117396550378,0.1557,1.0,1.0,1.0,1.0,0.0,4.0,2.8994,9.0,5.0,3.875
T,0,4111118470892900,0.1391,1.0,1.0,1.0,1.0,0.0,4.0,2.6022,7.0,5.0,3.5
T,0,4242427280174066,0.1589,1.0,1.0,1.0,1.0,1.0,4.0,2.625,7.0,4.0,3.6875
T,0,4532016829479901,0.0492,1.0,1.0,1.0,1.0,2.0,4.0,3.2028,10.0,3.0,4.375
T,0,4111114016405299,-0.0554,1.0,1.0,1.0,1.0,0.0,4.0,2.4835,7.0,6.0,3.0625
T,0,4242423289893210,0.126,1.0,1.0,1.0,1.0,1.0,4.0,2.6022,7.0,5.0,3.9375
T,0,4242425922141410,-0.3437,1.0,1.0,1.0,1.0,1.0,4.0,2.2516,6.0,5.0,2.9375
T,0,4111112781351896,-0.4957,1.0,1.0,1.0,1.0,0.0,4.0,2.6468,9.0,7.0,3.6875
T,0,4532010858874702,0.0853,1.0,1.0,1.0,1.0,2.0,4.0,2.9056,8.0,3.0,4.0
T,0,4111115933003257,-0.0231,1.0,1.0,1.0,1.0,0.0,4.0,2.7272,8.0,5.0,2.875
T,0,4111113949888951,-0.0167,1.0,1.0,1.0,1.0,0.0,4.0,2.3113,6.0,6.0,4.5625
T,0,4111116696633728,0.4594,1.0,1.0,1.0,1.0,0.0,4.0,2.6494,8.0,5.0,4.0625
T,0,6011004095065807,-0.2375,1.0,1.0,1.0,1.0,5.0,6.0,2.6556,8.0,6.0,3.25
T,0,4111119832091512,-0.5238,1.0,1.0,1.0,1.0,0.0,4.0,2.5218,8.0,7.0,3.0625
T,0,4242421068976834,0.1169,1.0,1.0,1.0,1.0,1.0,4.0,2.9528,9.0,4.0,4.375
T,0,4111116915584777,0.344,1.0,1.0,1.0,1.0,0.0,4.0,2.4835,7.0,6.0,4.25
T,0,4111117159402114,0.2799,1.0,1.0,1.0,1.0,0.0,4.0,2.2028,7.0,8.0,2.6875
T,0,4111111774240116,-0.4623,1.0,1.0,1.0,1.0,0.0,4.0,2.0778,6.0,8.0,2.625
T,0,4111116204287199,-0.1175,1.0,1.0,1.0,1.0,0.0,4.0,2.6556,8.0,6.0,3.5625
T,0,5555552786322048,0.2257,1.0,1.0,1.0,1.0,4.0,5.0,2.6085,8.0,6.0,4.5
T,0,4111119981157346,0.0068,1.0,1.0,1.0,1.0,0.0,4.0,2.5218,8.0,7.0,3.875
T,0,4532019651511825,0.2718,1.0,1.0,1.0,1.0,2.0,4.0,2.875,9.0,4.0,3.625
T,0,4111118646506897,0.0832,1.0,1.0,1.0,1.0,0.0,4.0,2.7272,8.0,5.0,4.25
T,0,5105104328155471,-0.1192,1.0,1.0,1.0,1.0,3.0,5.0,2.75,8.0,4.0,3.25
T,0,4242421691353369,0.1559,1.0,1.0,1.0,1.0,1.0,4.0,2.7335,7.0,3.0,4.0
T,0,4111117007402951,0.2919,1.0,1.0,1.0,1.0,0.0,4.0,2.4835,7.0,6.0,2.75
T,0,4111118999778747,0.9084,1.0,1.0,1.0,1.0,0.0,4.0,2.2272,5.0,5.0,5.25
T,0,4111117712790039,0.129,1.0,1.0,1.0,1.0,0.0,4.0,2.4835,7.0,6.0,3.375
T,0,4532011066144516,-0.2941,1.0,1.0,1.0,1.0,2.0,4.0,2.6556,7.0,4.0,3.0625
T,0,4111119055924183,-0.3644,1.0,1.0,1.0,1.0,0.0,4.0,2.6556,8.0,6.0,3.4375
T,0,4111112342535318,0.0539,1.0,1.0,1.0,1.0,0.0,4.0,2.3585,6.0,6.0,2.8125
T,0,5105107241136452,-0.1034,1.0,1.0,1.0,1.0,3.0,5.0,2.8278,8.0,4.0,2.9375
T,0,4111119644611283,0.0276,1.0,1.0,1.0,1.0,0.0,4.0,2.3496,7.0,7.0,3.3125
T,0,4532016445979169,0.0272,1.0,1.0,1.0,1.0,2.0,4.0,3.0306,9.0,3.0,4.6875
T,0,4111111555149544,-0.5981,1.0,1.0,1.0,1.0,0.0,4.0,1.7718,4.0,7.0,3.25
T,0,4111115156528717,-0.0297,1.0,1.0,1.0,1.0,0.0,4.0,2.3496,7.0,7.0,3.5
T,0,4532011317934541,-0.3265,1.0,1.0,1.0,1.0,2.0,4.0,2.7806,8.0,4.0,3.3125
T,0,5105104265166689,-0.0639,1.0,1.0,1.0,1.0,3.0,5.0,2.7806,8.0,4.0,4.0625
T,0,5555553855093874,-0.8791,1.0,1.0,1.0,1.0,4.0,5.0,2.25,7.0,8.0,5.125
T,0,4532019384987490,0.3895,1.0,1.0,1.0,1.0,2.0,4.0,3.0306,9.0,3.0,4.75
T,0,4111118170398745,-0.1066,1.0,1.0,1.0,1.0,0.0,4.0,2.6556,8.0,6.0,3.8125
T,0,4111113605150027,-0.3387,1.0,1.0,1.0,1.0,0.0,4.0,2.6085,8.0,6.0,2.375
T,0,5105104130526166,-0.0038,1.0,1.0,1.0,1.0,3.0,5.0,2.6085,7.0,4.0,2.875
T,0,5105102378616954,-0.5409,1.0,1.0,1.0,1.0,3.0,5.0,3.1556,10.0,3.0,3.9375
T,0,4111115679459358,-0.0319,1.0,1.0,1.0,1.0,0.0,4.0,2.7272,8.0,5.0,4.375
T,0,5105104817956934,-0.2207,1.0,1.0,1.0,1.0,3.0,5.0,3.0306,9.0,3.0,4.25
T,0,4532019521566751,0.1041,1.0,1.0,1.0,1.0,2.0,4.0,2.9528,9.0,4.0,3.875
T,0,4111112907378013,-0.4061,1.0,1.0,1.0,1.0,0.0,4.0,2.6556,8.0,6.0,3.0625
T,0,4242429142038968,0.008,1.0,1.0,1.0,1.0,1.0,4.0,2.75,8.0,4.0,4.25
T,0,4242425503636382,-0.032,1.0,1.0,1.0,1.0,1.0,4.0,2.6556,7.0,4.0,3.6875
T,0,4532015155333534,0.3008,1.0,1.0,1.0,1.0,2.0,4.0,2.2988,6.0,5.0,3.25
T,0,4242420704401082,0.2217,1.0,1.0,1.0,1.0,1.0,4.0,2.2744,6.0,5.0,2.75
T,0,4111115934763248,0.2323,1.0,1.0,1.0,1.0,0.0,4.0,2.8522,9.0,5.0,3.75
T,0,4242425958258930,-0.2583,1.0,1.0,1.0,1.0,1.0,4.0,2.6556,7.0,4.0,4.5
T,0,4532012737912240,-0.0627,1.0,1.0,1.0,1.0,2.0,4.0,2.875,8.0,4.0,3.25
T,0,4111114216272986,0.1525,1.0,1.0,1.0,1.0,0.0,4.0,2.4835,7.0,6.0,3.5
T,0,4111110279573815,-0.0907,1.0,1.0,1.0,1.0,0.0,4.0,2.7806,9.0,6.0,3.5
T,0,4111110482124562,0.0694,1.0,1.0,1.0,1.0,0.0,4.0,2.4363,7.0,6.0,2.6875
T,0,5555557886387239,0.4598,1.0,1.0,1.0,1.0,4.0,5.0,2.4835,7.0,6.0,5.6875
T,0,4242422807367632,0.126,1.0,1.0,1.0,1.0,1.0,4.0,2.6022,7.0,5.0,3.875
T,0,4111112092608752,0.1616,1.0,1.0,1.0,1.0,0.0,4.0,2.8522,9.0,5.0,3.125
T,0,4242422156863678,-0.1806,1.0,1.0,1.0,1.0,1.0,4.0,2.7806,8.0,4.0,4.375
T,0,4111110695378203,0.3068,1.0,1.0,1.0,1.0,0.0,4.0,3.0244,10.0,5.0,3.25
T,0,5555557694619096,0.2866,1.0,1.0,1.0,1.0,4.0,5.0,2.4363,7.0,6.0,5.4375
T,0,4111117557355724,-0.0652,1.0,1.0,1.0,1.0,0.0,4.0,2.3522,6.0,5.0,3.6875
T,0,4242421373502077,-0.0564,1.0,1.0,1.0,1.0,1.0,4.0,2.6556,7.0,4.0,3.3125
T,0,4111117984242719,0.0608,1.0,1.0,1.0,1.0,0.0,4.0,2.3585,6.0,6.0,3.875
T,0,4111116144193747,0.2544,1.0,1.0,1.0,1.0,0.0,4.0,2.1468,6.0,7.0,3.4375
T,0,4242427160198060,-0.0135,1.0,1.0,1.0,1.0,1.0,4.0,2.8585,8.0,3.0,3.5
T,0,4532015721599089,0.0239,1.0,1.0,1.0,1.0,2.0,4.0,3.0306,9.0,3.0,4.375
T,0,4111114242127188,0.2369,1.0,1.0,1.0,1.0,0.0,4.0,2.0524,5.0,7.0,3.0
T,0,5105108045974932,-0.5463,1.0,1.0,1.0,1.0,3.0,5.0,3.0306,9.0,3.0,3.9375
T,0,4242428471458300,0.2092,1.0,1.0,1.0,1.0,1.0,4.0,2.7272,8.0,5.0,3.625
T,0,6011005753089419,0.1792,1.0,1.0,1.0,1.0,5.0,6.0,2.9528,9.0,4.0,3.6875
T,0,4111118732748890,0.2267,1.0,1.0,1.0,1.0,0.0,4.0,2.7272,8.0,5.0,4.0625
T,0,4242425547922137,-0.0291,1.0,1.0,1.0,1.0,1.0,4.0,2.5244,7.0,5.0,3.9375
T,0,4111116819783186,0.2325,1.0,1.0,1.0,1.0,0.0,4.0,2.3496,7.0,7.0,4.125
T,0,5105104921115989,-0.2882,1.0,1.0,1.0,1.0,3.0,5.0,2.555,7.0,5.0,3.8125
T,0,4532016373605034,-0.0582,1.0,1.0,1.0,1.0,2.0,4.0,2.8278,8.0,4.0,3.25
T,0,4111112494876692,0.3974,1.0,1.0,1.0,1.0,0.0,4.0,2.6022,7.0,5.0,4.125
T,0,4242423791124682,0.1026,1.0,1.0,1.0,1.0,1.0,4.0,2.6494,8.0,5.0,3.8125
T,0,4242425023893463,-0.128,1.0,1.0,1.0,1.0,1.0,4.0,2.7028,8.0,4.0,3.8125
T,0,4111113549773686,0.2348,1.0,1.0,1.0,1.0,0.0,4.0,2.7744,8.0,5.0,4.1875
T,0,4111114610122431,-0.783,1.0,1.0,1.0,1.0,0.0,4.0,2.0778,6.0,8.0,2.0625
T,0,5555556010991684,0.3739,1.0,1.0,1.0,1.0,4.0,5.0,2.5306,7.0,6.0,4.625
T,0,4242423143236481,0.0775,1.0,1.0,1.0,1.0,1.0,4.0,2.3522,6.0,5.0,3.3125
T,0,4242421736603836,-0.163,1.0,1.0,1.0,1.0,1.0,4.0,2.8113,8.0,3.0,3.8125
T,0,4111117541646832,-0.2063,1.0,1.0,1.0,1.0,0.0,4.0,2.6085,8.0,6.0,3.4375
T,0,5555553405526761,0.0501,1.0,1.0,1.0,1.0,4.0,5.0,2.375,8.0,8.0,4.3125
T,0,4111117808142442,-0.0269,1.0,1.0,1.0,1.0,0.0,4.0,2.2806,6.0,6.0,3.0625
T,0,4111119261624981,-0.0979,1.0,1.0,1.0,1.0,0.0,4.0,2.2718,6.0,7.0,3.5625
T,0,5555558670993075,-0.4161,1.0,1.0,1.0,1.0,4.0,5.0,2.3968,7.0,7.0,5.25
T,0,4111111232415391,0.0676,1.0,1.0,1.0,1.0,0.0,4.0,2.125,6.0,8.0,2.5
T,0,4242421928772910,0.2936,1.0,1.0,1.0,1.0,1.0,4.0,2.6022,7.0,5.0,4.0
T,0,4111111228556356,0.2421,1.0,1.0,1.0,1.0,0.0,4.0,2.4835,7.0,6.0,3.25
T,0,4532014893433375,0.2718,1.0,1.0,1.0,1.0,2.0,4.0,2.8522,9.0,5.0,4.0
T,0,4111112299556358,0.018,1.0,1.0,1.0,1.0,0.0,4.0,2.7272,8.0,5.0,3.9375
T,0,4242421030420028,-0.2247,1.0,1.0,1.0,1.0,1.0,4.0,2.2744,6.0,5.0,2.375
T,0,4532014902267210,-0.048,1.0,1.0,1.0,1.0,2.0,4.0,2.9528,9.0,4.0,3.0
T,0,4111118018297356,-0.0584,1.0,1.0,1.0,1.0,0.0,4.0,2.9056,10.0,6.0,3.625
T,0,4111118619755315,-0.2531,1.0,1.0,1.0,1.0,0.0,4.0,2.4746,8.0,7.0,3.6875
T,0,4111119026169983,0.2284,1.0,1.0,1.0,1.0,0.0,4.0,2.6085,8.0,6.0,3.875
T,0,6011001392265262,0.0285,1.0,1.0,1.0,1.0,5.0,6.0,2.6085,7.0,4.0,2.875
T,0,4242421455349363,-0.2286,1.0,1.0,1.0,1.0,1.0,4.0,2.555,7.0,5.0,3.8125
T,0,4111117435581830,-0.0068,1.0,1.0,1.0,1.0,0.0,4.0,2.5306,7.0,6.0,3.3125
T,0,4111115343531210,-0.4506,1.0,1.0,1.0,1.0,0.0,4.0,2.2246,6.0,7.0,2.25
T,0,4111117162661722,0.1958,1.0,1.0,1.0,1.0,0.0,4.0,2.0524,5.0,7.0,3.0625
T,0,4242420363398819,-0.0836,1.0,1.0,1.0,1.0,1.0,4.0,2.8585,8.0,3.0,4.25
T,0,4242425872748438,-0.3266,1.0,1.0,1.0,1.0,1.0,4.0,2.3522,6.0,5.0,4.625
T,0,4242421526741986,0.0521,1.0,1.0,1.0,1.0,1.0,4.0,2.75,8.0,4.0,4.1875
T,0,6011001421016579,0.0871,1.0,1.0,1.0,1.0,5.0,6.0,2.6494,8.0,5.0,2.75
T,0,5105104709076551,-0.1093,1.0,1.0,1.0,1.0,3.0,5.0,2.5778,7.0,4.0,3.5
T,0,5555550048261178,0.0901,1.0,1.0,1.0,1.0,4.0,5.0,2.6556,8.0,6.0,4.1875
T,0,4111113010682929,-0.4061,1.0,1.0,1.0,1.0,0.0,4.0,2.6556,8.0,6.0,3.0625
T,0,4242421082045004,-0.2207,1.0,1.0,1.0,1.0,1.0,4.0,2.2744,6.0,5.0,2.625
T,0,4532018157225716,0.1098,1.0,1.0,1.0,1.0,2.0,4.0,2.9835,9.0,3.0,3.6875
T,0,4111111935685589,0.344,1.0,1.0,1.0,1.0,0.0,4.0,2.4835,7.0,6.0,4.25
T,0,4111117380592436,0.0181,1.0,1.0,1.0,1.0,0.0,4.0,3.0244,10.0,5.0,3.5
T,0,4242427890262442,0.1427,1.0,1.0,1.0,1.0,1.0,4.0,2.305,7.0,6.0,3.875
T,0,5105108012898676,-0.2108,1.0,1.0,1.0,1.0,3.0,5.0,2.8585,8.0,3.0,4.1875
T,0,4242425229759179,-0.2239,1.0,1.0,1.0,1.0,1.0,4.0,2.43,6.0,5.0,4.625
T,0,4111112936198309,0.0827,1.0,1.0,1.0,1.0,0.0,4.0,2.6085,8.0,6.0,3.6875
T,0,4111115406531784,-0.0728,1.0,1.0,1.0,1.0,0.0,4.0,2.6085,8.0,6.0,3.25
T,0,6011009289767621,0.4257,1.0,1.0,1.0,1.0,5.0,6.0,2.7335,7.0,3.0,4.0625
T,0,4242429018542465,0.1773,1.0,1.0,1.0,1.0,1.0,4.0,2.6494,8.0,5.0,3.875
T,0,4242420825535446,0.1201,1.0,1.0,1.0,1.0,1.0,4.0,2.4772,7.0,5.0,3.75
T,0,4111111431212078,-0.2443,1.0,1.0,1.0,1.0,0.0,4.0,2.25,7.0,8.0,2.375
T,0,4111114950000247,-0.1393,1.0,1.0,1.0,1.0,0.0,4.0,2.4772,7.0,5.0,2.5
T,0,4111116249050768,-0.0062,1.0,1.0,1.0,1.0,0.0,4.0,2.8994,9.0,5.0,3.5
T,0,4242420821594751,0.1593,1.0,1.0,1.0,1.0,1.0,4.0,2.75,8.0,4.0,3.75
T,0,4242427967998134,-0.1426,1.0,1.0,1.0,1.0,1.0,4.0,2.7806,8.0,4.0,5.0625
T,0,5555557307924842,0.3488,1.0,1.0,1.0,1.0,4.0,5.0,2.6556,8.0,6.0,4.75
T,0,5555551779417369,0.2165,1.0,1.0,1.0,1.0,4.0,5.0,2.4835,7.0,6.0,5.25
T,0,4111116559956182,0.5303,1.0,1.0,1.0,1.0,0.0,4.0,2.4835,7.0,6.0,4.0625
T,0,4242429594571789,-0.551,1.0,1.0,1.0,1.0,1.0,4.0,2.6556,7.0,4.0,5.125
T,0,4242423631745209,0.2977,1.0,1.0,1.0,1.0,1.0,4.0,2.875,9.0,4.0,3.625
T,0,4242422936925664,-0.4155,1.0,1.0,1.0,1.0,1.0,4.0,2.3522,6.0,5.0,4.375
T,0,4111114559310963,0.0119,1.0,1.0,1.0,1.0,0.0,4.0,2.5306,7.0,6.0,3.375
T,0,4111112600378781,-0.1672,1.0,1.0,1.0,1.0,0.0,4.0,2.6556,8.0,6.0,3.1875
T,0,5105105374917060,-0.4348,1.0,1.0,1.0,1.0,3.0,5.0,2.7806,8.0,4.0,3.375
T,0,4532015864465643,0.0345,1.0,1.0,1.0,1.0,2.0,4.0,2.7806,8.0,4.0,4.125
T,0,4111112510043947,0.0031,1.0,1.0,1.0,1.0,0.0,4.0,2.6085,8.0,6.0,2.75
T,0,4532014622318384,-0.0394,1.0,1.0,1.0,1.0,2.0,4.0,2.8585,8.0,3.0,3.5
T,0,4532015581408215,-0.0217,1.0,1.0,1.0,1.0,2.0,4.0,2.7028,7.0,4.0,3.375
T,0,4242422080412204,-0.5967,1.0,1.0,1.0,1.0,1.0,4.0,2.0079,5.0,6.0,2.5625
T,0,4242424554700445,0.0644,1.0,1.0,1.0,1.0,1.0,4.0,2.0524,5.0,7.0,3.5
T,0,4532014603211475,-0.3559,1.0,1.0,1.0,1.0,2.0,4.0,2.9056,8.0,3.0,3.0
T,0,4111114723866742,0.3133,1.0,1.0,1.0,1.0,0.0,4.0,2.6022,7.0,5.0,3.625
T,0,5555550840030177,0.2221,1.0,1.0,1.0,1.0,4.0,5.0,2.4056,7.0,6.0,3.75
T,0,4242428597473035,-0.2026,1.0,1.0,1.0,1.0,1.0,4.0,2.8278,8.0,4.0,4.3125
T,0,6011007646251594,0.1134,1.0,1.0,1.0,1.0,5.0,6.0,2.8585,8.0,3.0,3.5625
T,0,4111112445722763,-0.0512,1.0,1.0,1.0,1.0,0.0,4.0,2.555,7.0,5.0,3.1875
T,0,4242420733563571,0.196,1.0,1.0,1.0,1.0,1.0,4.0,2.8585,8.0,3.0,3.625
T,0,5105100858730352,0.1116,1.0,1.0,1.0,1.0,3.0,5.0,2.625,7.0,4.0,3.3125
T,0,4242428805216929,-0.046,1.0,1.0,1.0,1.0,1.0,4.0,2.7272,8.0,5.0,4.25
T,0,4111116853234757,0.017,1.0,1.0,1.0,1.0,0.0,4.0,2.7744,8.0,5.0,3.6875
T,0,4242425461892324,-0.0212,1.0,1.0,1.0,1.0,1.0,4.0,2.5488,8.0,5.0,3.875
T,0,4111115886299662,0.1636,1.0,1.0,1.0,1.0,0.0,4.0,2.6022,7.0,5.0,4.375
T,0,4532012853533754,0.1334,1.0,1.0,1.0,1.0,2.0,4.0,2.75,8.0,4.0,3.75
T,0,4111117277630059,-0.2024,1.0,1.0,1.0,1.0,0.0,4.0,2.8522,9.0,5.0,3.4375
T,0,4242429642116587,0.0521,1.0,1.0,1.0,1.0,1.0,4.0,2.75,8.0,4.0,4.1875
T,0,4111116219969898,0.5476,1.0,1.0,1.0,1.0,0.0,4.0,2.2806,6.0,6.0,4.75
T,0,4111113987848370,0.3974,1.0,1.0,1.0,1.0,0.0,4.0,2.6022,7.0,5.0,4.125
T,0,4242420627553894,0.1802,1.0,1.0,1.0,1.0,1.0,4.0,2.875,9.0,4.0,4.1875
T,0,6011009086030512,-0.1015,1.0,1.0,1.0,1.0,5.0,6.0,2.6085,8.0,6.0,2.625
T,0,4242422433838758,-0.4215,1.0,1.0,1.0,1.0,1.0,4.0,2.4056,6.0,4.0,4.3125
T,0,4111114985566162,0.1906,1.0,1.0,1.0,1.0,0.0,4.0,2.4835,7.0,6.0,3.8125
T,0,4242426406121696,-0.3068,1.0,1.0,1.0,1.0,1.0,4.0,2.375,6.0,4.0,3.6875
T,0,4111111043930760,0.1837,1.0,1.0,1.0,1.0,0.0,4.0,2.4835,7.0,6.0,2.625
T,0,4242426747039961,-0.1449,1.0,1.0,1.0,1.0,1.0,4.0,2.8278,8.0,4.0,4.375
T,0,4111115503671970,-0.1672,1.0,1.0,1.0,1.0,0.0,4.0,2.6556,8.0,6.0,3.25
T,0,4111119507912612,-0.2005,1.0,1.0,1.0,1.0,0.0,4.0,2.5218,8.0,7.0,3.1875
T,0,4111110009560405,-0.0877,1.0,1.0,1.0,1.0,0.0,4.0,2.2988,6.0,5.0,2.375
T,0,4111112168966548,0.4979,1.0,1.0,1.0,1.0,0.0,4.0,2.4835,7.0,6.0,4.0
T,0,4242428016370689,0.1852,1.0,1.0,1.0,1.0,1.0,4.0,3.0306,9.0,3.0,4.125
T,0,5555554289497194,0.2866,1.0,1.0,1.0,1.0,4.0,5.0,2.4363,7.0,6.0,5.4375
T,0,4111114622116694,0.2912,1.0,1.0,1.0,1.0,0.0,4.0,2.0524,5.0,7.0,3.125
T,0,4242422919718813,0.0434,1.0,1.0,1.0,1.0,1.0,4.0,2.6556,7.0,4.0,4.1875
T,0,4532016015830651,-0.0458,1.0,1.0,1.0,1.0,2.0,4.0,2.8585,8.0,3.0,3.125
T,0,4242423200577645,0.2243,1.0,1.0,1.0,1.0,1.0,4.0,2.625,7.0,4.0,3.5625
T,0,5555552301576599,0.5726,1.0,1.0,1.0,1.0,4.0,5.0,2.375,8.0,8.0,4.8125
T,0,4242423850077722,-0.1882,1.0,1.0,1.0,1.0,1.0,4.0,2.555,7.0,5.0,3.6875
T,0,4242426892577062,-0.1612,1.0,1.0,1.0,1.0,1.0,4.0,2.7272,8.0,5.0,4.375
T,0,4242428144573709,0.2991,1.0,1.0,1.0,1.0,1.0,4.0,2.8522,9.0,5.0,4.125
T,0,5105103546194148,-0.0582,1.0,1.0,1.0,1.0,3.0,5.0,2.7806,8.0,4.0,3.5625
T,0,4111111383660332,0.1618,1.0,1.0,1.0,1.0,0.0,4.0,2.4056,7.0,6.0,2.75
T,0,4242423755981523,0.0604,1.0,1.0,1.0,1.0,1.0,4.0,2.7806,8.0,4.0,4.125
T,0,4242426255198209,0.1245,1.0,1.0,1.0,1.0,1.0,4.0,2.7272,8.0,5.0,4.0625
T,0,4242425834808668,-0.0085,1.0,1.0,1.0,1.0,1.0,4.0,2.5778,7.0,4.0,4.625
T,0,4532013778436107,-0.1455,1.0,1.0,1.0,1.0,2.0,4.0,3.0306,9.0,3.0,3.8125
T,0,4242422482254683,-0.0497,1.0,1.0,1.0,1.0,1.0,4.0,2.18,6.0,6.0,3.875
T,0,4111118849263247,0.018,1.0,1.0,1.0,1.0,0.0,4.0,2.7272,8.0,5.0,3.875
T,0,4111114008890458,-0.2317,1.0,1.0,1.0,1.0,0.0,4.0,2.3829,6.0,5.0,3.4375
T,0,4532017694390975,-0.1374,1.0,1.0,1.0,1.0,2.0,4.0,3.0778,9.0,3.0,4.625
T,0,5105103618225929,-0.2437,1.0,1.0,1.0,1.0,3.0,5.0,2.8585,8.0,3.0,3.6875
T,0,4242429687965682,-0.74,1.0,1.0,1.0,1.0,1.0,4.0,2.6556,7.0,4.0,5.25
T,0,4532019873142508,0.2489,1.0,1.0,1.0,1.0,2.0,4.0,3.125,9.0,2.0,3.875
T,0,5555556021056162,0.5604,1.0,1.0,1.0,1.0,4.0,5.0,2.0996,5.0,7.0,3.6875
T,0,4111112683851779,0.5698,1.0,1.0,1.0,1.0,0.0,4.0,2.7806,9.0,6.0,4.0625
T,0,5555552816473282,0.1984,1.0,1.0,1.0,1.0,4.0,5.0,2.6085,8.0,6.0,4.5625
T,0,4532014546933268,0.108,1.0,1.0,1.0,1.0,2.0,4.0,3.0306,9.0,3.0,4.0625
T,0,4242429071373543,0.0858,1.0,1.0,1.0,1.0,1.0,4.0,2.7806,8.0,4.0,3.75
T,0,4111114984296993,-0.0088,1.0,1.0,1.0,1.0,0.0,4.0,2.4772,7.0,5.0,4.5
T,0,4111111008427786,0.125,1.0,1.0,1.0,1.0,0.0,4.0,2.5306,7.0,6.0,3.25
T,0,5555551018429936,0.3177,1.0,1.0,1.0,1.0,4.0,5.0,2.7806,9.0,6.0,4.5625
T,0,5555553512211638,0.0569,1.0,1.0,1.0,1.0,4.0,5.0,2.2246,6.0,7.0,3.875
T,0,5105106854456975,-0.0414,1.0,1.0,1.0,1.0,3.0,5.0,2.7744,8.0,5.0,4.4375
T,0,4111116888664143,0.5697,1.0,1.0,1.0,1.0,0.0,4.0,2.1391,5.0,6.0,3.9375
T,0,4111114905555899,-0.063,1.0,1.0,1.0,1.0,0.0,4.0,2.3522,6.0,5.0,4.25
T,0,4111112009181448,-0.0245,1.0,1.0,1.0,1.0,0.0,4.0,2.2246,6.0,7.0,2.875
T,0,4111119664814312,0.0276,1.0,1.0,1.0,1.0,0.0,4.0,2.3496,7.0,7.0,3.3125
T,0,4532017450939270,-0.1033,1.0,1.0,1.0,1.0,2.0,4.0,2.9528,8.0,3.0,3.8125
T,0,5555558197578755,0.3115,1.0,1.0,1.0,1.0,4.0,5.0,1.7947,5.0,9.0,5.75
T,0,6011001438710370,-0.3206,1.0,1.0,1.0,1.0,5.0,6.0,2.5244,7.0,5.0,2.625
T,0,6011003960152930,-0.0215,1.0,1.0,1.0,1.0,5.0,6.0,2.6022,7.0,5.0,2.875
T,0,4242421638664936,-0.1493,1.0,1.0,1.0,1.0,1.0,4.0,2.5778,7.0,4.0,4.375
T,0,4111115030846848,-0.1825,1.0,1.0,1.0,1.0,0.0,4.0,2.555,7.0,5.0,3.4375
T,0,4242426880781569,0.7102,1.0,1.0,1.0,1.0,1.0,4.0,2.9835,9.0,3.0,4.75
T,0,5105109603854136,-0.0691,1.0,1.0,1.0,1.0,3.0,5.0,2.8585,8.0,3.0,3.5625
T,0,5555558374606593,-0.3497,1.0,1.0,1.0,1.0,4.0,5.0,2.5218,8.0,7.0,5.0625
T,0,5105100438377559,-0.2253,1.0,1.0,1.0,1.0,3.0,5.0,2.8278,8.0,4.0,3.9375
T,0,4111117339159931,-0.0971,1.0,1.0,1.0,1.0,0.0,4.0,2.1774,6.0,7.0,3.6875
T,0,4111113843747659,0.2267,1.0,1.0,1.0,1.0,0.0,4.0,2.7272,8.0,5.0,4.0625
T,0,5105103001020234,-0.5544,1.0,1.0,1.0,1.0,3.0,5.0,2.3585,6.0,6.0,1.6875
T,0,4532018920630614,0.3992,1.0,1.0,1.0,1.0,2.0,4.0,3.0778,9.0,3.0,3.375
T,0,4111110461940418,0.2362,1.0,1.0,1.0,1.0,0.0,4.0,2.1468,6.0,7.0,2.875
T,0,5105103138240358,-0.4536,1.0,1.0,1.0,1.0,3.0,5.0,2.6863,7.0,3.0,3.0625
T,0,4242423219432121,-0.6748,1.0,1.0,1.0,1.0,1.0,4.0,2.1085,5.0,6.0,2.875
T,0,4242422724457821,0.1389,1.0,1.0,1.0,1.0,1.0,4.0,2.18,6.0,6.0,3.75
T,0,4242426377930943,-0.2186,1.0,1.0,1.0,1.0,1.0,4.0,2.6556,7.0,4.0,4.3125
T,0,4242425544666307,0.1085,1.0,1.0,1.0,1.0,1.0,4.0,2.555,7.0,5.0,4.0
T,0,4532013300604669,-0.1692,1.0,1.0,1.0,1.0,2.0,4.0,2.7806,8.0,4.0,3.25
T,0,4532017164691340,0.0508,1.0,1.0,1.0,1.0,2.0,4.0,3.0306,9.0,3.0,3.5
T,0,5105102874833095,-0.6509,1.0,1.0,1.0,1.0,3.0,5.0,3.0306,9.0,3.0,3.8125
T,0,4242423724806520,-0.0051,1.0,1.0,1.0,1.0,1.0,4.0,2.6494,8.0,5.0,3.4375
T,0,5105109080154422,-0.0892,1.0,1.0,1.0,1.0,3.0,5.0,2.6556,7.0,4.0,2.9375
T,0,4111117327104451,0.2161,1.0,1.0,1.0,1.0,0.0,4.0,2.3496,7.0,7.0,2.6875
T,0,4111111997158459,0.1333,1.0,1.0,1.0,1.0,0.0,4.0,2.2246,6.0,7.0,4.1875
T,0,4111119360643635,-0.1643,1.0,1.0,1.0,1.0,0.0,4.0,2.555,7.0,5.0,3.375
T,0,4242429729223884,-0.2015,1.0,1.0,1.0,1.0,1.0,4.0,2.2806,6.0,6.0,4.5
T,0,4111111341556184,-0.2518,1.0,1.0,1.0,1.0,0.0,4.0,2.0778,6.0,8.0,2.9375
T,0,4111114001601837,0.1748,1.0,1.0,1.0,1.0,0.0,4.0,2.3496,7.0,7.0,2.4375
T,0,4242428451869435,-0.002,1.0,1.0,1.0,1.0,1.0,4.0,2.7272,8.0,5.0,4.4375
T,0,4111111719174875,-0.6744,1.0,1.0,1.0,1.0,0.0,4.0,2.0778,6.0,8.0,3.6875
T,0,4242428047330678,0.248,1.0,1.0,1.0,1.0,1.0,4.0,2.7028,7.0,4.0,4.0
T,0,4532011072705136,-0.1852,1.0,1.0,1.0,1.0,2.0,4.0,2.9056,8.0,3.0,2.9375
T,0,4111112657805546,-0.0151,1.0,1.0,1.0,1.0,0.0,4.0,2.7272,8.0,5.0,3.5625
T,0,5105107232785176,-0.102,1.0,1.0,1.0,1.0,3.0,5.0,2.8585,8.0,3.0,3.75
T,0,6011001929913939,-0.2903,1.0,1.0,1.0,1.0,5.0,6.0,2.3522,6.0,5.0,3.9375
T,0,4111116945562546,-0.3319,1.0,1.0,1.0,1.0,0.0,4.0,2.3829,6.0,5.0,3.8125
T,0,4242420239934987,-0.1768,1.0,1.0,1.0,1.0,1.0,4.0,2.5778,7.0,4.0,4.5
T,0,4242421116913185,-0.266,1.0,1.0,1.0,1.0,1.0,4.0,2.68,8.0,5.0,3.375
T,0,4532012803439680,0.0446,1.0,1.0,1.0,1.0,2.0,4.0,3.0306,9.0,3.0,3.625
T,0,5555551643062805,0.288,1.0,1.0,1.0,1.0,4.0,5.0,2.5218,8.0,7.0,4.0625
T,0,4111115233512668,0.0989,1.0,1.0,1.0,1.0,0.0,4.0,2.5306,7.0,6.0,3.125
T,0,4242429240293994,-0.5257,1.0,1.0,1.0,1.0,1.0,4.0,2.0488,5.0,5.0,4.3125
T,0,4111110885998414,0.2684,1.0,1.0,1.0,1.0,0.0,4.0,2.3113,6.0,6.0,4.0625
T,0,5555551826550519,0.6824,1.0,1.0,1.0,1.0,4.0,5.0,2.0919,7.0,9.0,4.5
T,0,5105104355656284,0.1135,1.0,1.0,1.0,1.0,3.0,5.0,2.7744,8.0,5.0,3.75
T,0,4242420818629396,-0.1449,1.0,1.0,1.0,1.0,1.0,4.0,2.8278,8.0,4.0,4.375
T,0,4111115442690701,-0.1266,1.0,1.0,1.0,1.0,0.0,4.0,2.6085,8.0,6.0,2.9375
T,0,4111112853919810,-0.4048,1.0,1.0,1.0,1.0,0.0,4.0,2.5218,8.0,7.0,3.4375
T,0,4111116526895273,0.1557,1.0,1.0,1.0,1.0,0.0,4.0,2.8994,9.0,5.0,3.875
T,0,4242422626883132,-0.1115,1.0,1.0,1.0,1.0,1.0,4.0,2.3585,6.0,6.0,3.6875
T,0,5555558843595054,-0.2958,1.0,1.0,1.0,1.0,4.0,5.0,1.9669,6.0,9.0,5.0625
T,0,4111115079140855,0.1103,1.0,1.0,1.0,1.0,0.0,4.0,2.4835,7.0,6.0,3.3125
T,0,4111117264793167,0.1906,1.0,1.0,1.0,1.0,0.0,4.0,2.4835,7.0,6.0,3.8125
T,0,5555554734045838,0.5148,1.0,1.0,1.0,1.0,4.0,5.0,2.2246,6.0,7.0,4.75
T,0,6011007171344939,0.0934,1.0,1.0,1.0,1.0,5.0,6.0,2.7028,7.0,4.0,3.5
T,0,5555559385446797,-0.0813,1.0,1.0,1.0,1.0,4.0,5.0,2.3968,7.0,7.0,5.75
T,0,6011003975149384,-0.0024,1.0,1.0,1.0,1.0,5.0,6.0,3.0306,9.0,3.0,3.8125
T,0,4242420228898938,-0.0644,1.0,1.0,1.0,1.0,1.0,4.0,2.3522,6.0,5.0,4.6875
T,0,4532017881890639,0.1896,1.0,1.0,1.0,1.0,2.0,4.0,3.2028,10.0,3.0,4.625
T,0,4111112422928748,-0.0746,1.0,1.0,1.0,1.0,0.0,4.0,2.3522,6.0,5.0,3.5625
T,0,5555558865053149,-0.1909,1.0,1.0,1.0,1.0,4.0,5.0,2.375,8.0,8.0,4.9375
T,0,4111116209845983,0.2966,1.0,1.0,1.0,1.0,0.0,4.0,2.8994,9.0,5.0,3.9375
T,0,5555554345083350,0.1721,1.0,1.0,1.0,1.0,4.0,5.0,1.9528,5.0,8.0,4.0625
T,0,5105104651471891,0.1205,1.0,1.0,1.0,1.0,3.0,5.0,2.7272,8.0,5.0,3.625
T,0,4111112167566745,0.0949,1.0,1.0,1.0,1.0,0.0,4.0,2.3585,6.0,6.0,3.625
T,0,4111110232567987,0.0103,1.0,1.0,1.0,1.0,0.0,4.0,3.0244,10.0,5.0,3.625
T,0,4111119873492611,-0.1389,1.0,1.0,1.0,1.0,0.0,4.0,2.5218,8.0,7.0,3.6875
T,0,4242425464201226,0.0965,1.0,1.0,1.0,1.0,1.0,4.0,2.18,6.0,6.0,3.125
T,0,4111112403582167,0.6286,1.0,1.0,1.0,1.0,0.0,4.0,2.7806,9.0,6.0,2.9375
T,0,5105109996866234,-0.5339,1.0,1.0,1.0,1.0,3.0,5.0,3.0306,9.0,3.0,4.625
T,0,4111114319064835,-0.0728,1.0,1.0,1.0,1.0,0.0,4.0,2.6085,8.0,6.0,3.25
T,0,4242427189362416,0.1786,1.0,1.0,1.0,1.0,1.0,4.0,2.75,8.0,4.0,4.0625
T,0,4111112662876847,0.2623,1.0,1.0,1.0,1.0,0.0,4.0,2.4772,6.0,5.0,4.0625
T,0,6011004136093206,-0.5458,1.0,1.0,1.0,1.0,5.0,6.0,2.555,7.0,5.0,2.625
T,0,5555551704528959,-0.0123,1.0,1.0,1.0,1.0,4.0,5.0,2.375,8.0,8.0,5.0
T,0,4111114465624416,0.7462,1.0,1.0,1.0,1.0,0.0,4.0,2.0079,5.0,6.0,3.1875
T,0,4111111587275564,0.1196,1.0,1.0,1.0,1.0,0.0,4.0,2.4835,7.0,6.0,3.6875
T,0,4532011252658519,0.0089,1.0,1.0,1.0,1.0,2.0,4.0,2.9056,9.0,4.0,3.6875
T,0,4111110008470705,-0.0242,1.0,1.0,1.0,1.0,0.0,4.0,2.2988,6.0,5.0,2.5
T,0,4532010153003346,-0.2599,1.0,1.0,1.0,1.0,2.0,4.0,2.625,7.0,4.0,2.5
T,0,4242423909067138,0.108,1.0,1.0,1.0,1.0,1.0,4.0,3.0306,9.0,3.0,4.0
T,0,4532014909313140,-0.4165,1.0,1.0,1.0,1.0,2.0,4.0,2.6863,7.0,3.0,3.0625
T,0,6011004239071620,-0.3925,1.0,1.0,1.0,1.0,5.0,6.0,2.7272,8.0,5.0,2.625
T,0,4532010386078776,0.1831,1.0,1.0,1.0,1.0,2.0,4.0,3.0306,9.0,3.0,4.1875
T,0,5105101207703173,0.3473,1.0,1.0,1.0,1.0,3.0,5.0,2.4528,6.0,4.0,2.6875
T,0,5105105553251885,0.1534,1.0,1.0,1.0,1.0,3.0,5.0,2.2246,6.0,7.0,3.6875
T,0,4111114245067803,0.2056,1.0,1.0,1.0,1.0,0.0,4.0,2.8522,9.0,5.0,3.0
T,0,4242426899837386,-0.3662,1.0,1.0,1.0,1.0,1.0,4.0,2.7335,7.0,3.0,5.3125
T,0,4111113325297025,-0.0472,1.0,1.0,1.0,1.0,0.0,4.0,2.7272,8.0,5.0,2.9375
T,0,4532014330805391,-0.0582,1.0,1.0,1.0,1.0,2.0,4.0,2.8278,8.0,4.0,3.1875
T,0,5555555855114212,0.4685,1.0,1.0,1.0,1.0,4.0,5.0,1.7947,5.0,9.0,4.0
T,0,4242425124390278,0.0385,1.0,1.0,1.0,1.0,1.0,4.0,2.7744,9.0,5.0,3.6875
T,0,4111111988495910,0.072,1.0,1.0,1.0,1.0,0.0,4.0,2.2246,6.0,7.0,3.9375
T,0,4111119572477699,0.2348,1.0,1.0,1.0,1.0,0.0,4.0,2.555,7.0,5.0,4.625
T,0,5105105774556658,0.1449,1.0,1.0,1.0,1.0,3.0,5.0,2.5306,7.0,6.0,4.375
T,0,4111115483868984,-0.0088,1.0,1.0,1.0,1.0,0.0,4.0,2.4772,7.0,5.0,4.5
T,0,4111119824842286,-0.2572,1.0,1.0,1.0,1.0,0.0,4.0,2.3829,6.0,5.0,3.875
T,0,4242423394807410,0.0606,1.0,1.0,1.0,1.0,1.0,4.0,2.7272,8.0,5.0,3.5625
T,0,4111111652679120,-0.4827,1.0,1.0,1.0,1.0,0.0,4.0,2.5218,8.0,7.0,3.0
T,0,4111112019777383,0.0818,1.0,1.0,1.0,1.0,0.0,4.0,2.6085,8.0,6.0,3.5
T,0,5105103835871778,-0.2953,1.0,1.0,1.0,1.0,3.0,5.0,2.5613,6.0,3.0,4.3125
T,0,4111118651363424,0.2421,1.0,1.0,1.0,1.0,0.0,4.0,2.4835,7.0,6.0,3.1875
T,0,5105106080908229,0.3451,1.0,1.0,1.0,1.0,3.0,5.0,2.6494,7.0,5.0,3.5
T,0,4111118122009945,-0.1725,1.0,1.0,1.0,1.0,0.0,4.0,2.5306,7.0,6.0,3.0625
T,0,4111115337768729,0.5283,1.0,1.0,1.0,1.0,0.0,4.0,2.8522,9.0,5.0,4.125
T,0,4111119558013229,-0.3649,1.0,1.0,1.0,1.0,0.0,4.0,2.6556,8.0,6.0,3.3125
T,0,4111111184634874,0.2544,1.0,1.0,1.0,1.0,0.0,4.0,2.1468,6.0,7.0,3.4375
T,0,4242427296344323,-0.2591,1.0,1.0,1.0,1.0,1.0,4.0,2.2516,6.0,5.0,3.8125
T,0,4111119789220726,-0.0567,1.0,1.0,1.0,1.0,0.0,4.0,2.7272,8.0,5.0,3.8125
T,0,4111116919711996,0.0534,1.0,1.0,1.0,1.0,0.0,4.0,1.875,5.0,8.0,4.1875
T,0,4242428673230390,-0.1092,1.0,1.0,1.0,1.0,1.0,4.0,2.7806,8.0,4.0,3.6875
T,0,4111117515092088,-0.3462,1.0,1.0,1.0,1.0,0.0,4.0,2.6556,8.0,6.0,3.375
T,0,4242420001086578,-0.3006,1.0,1.0,1.0,1.0,1.0,4.0,2.7806,8.0,4.0,3.3125
T,0,4111110589908958,-0.2101,1.0,1.0,1.0,1.0,0.0,4.0,2.43,6.0,5.0,4.375
T,0,4242427161380543,0.243,1.0,1.0,1.0,1.0,1.0,4.0,2.9528,9.0,4.0,3.5
T,0,4532019091869478,0.7035,1.0,1.0,1.0,1.0,2.0,4.0,3.2028,10.0,3.0,4.75
T,0,4111110264970554,-0.0294,1.0,1.0,1.0,1.0,0.0,4.0,2.7272,8.0,5.0,3.1875
T,0,4111115507370876,-0.0151,1.0,1.0,1.0,1.0,0.0,4.0,2.7272,8.0,5.0,3.5625
T,0,4111111195328870,-0.857,1.0,1.0,1.0,1.0,0.0,4.0,2.6468,9.0,7.0,3.3125
T,0,5105105057050676,0.8255,1.0,1.0,1.0,1.0,3.0,5.0,2.1738,5.0,5.0,3.3125
T,0,4242420579977687,-0.3285,1.0,1.0,1.0,1.0,1.0,4.0,2.7806,8.0,4.0,5.1875
T,0,4111116419993888,0.2621,1.0,1.0,1.0,1.0,0.0,4.0,2.3113,6.0,6.0,4.625
T,0,4532012128095076,0.6465,1.0,1.0,1.0,1.0,2.0,4.0,3.1556,10.0,3.0,3.4375
T,0,4242427414099361,-0.0554,1.0,1.0,1.0,1.0,1.0,4.0,2.7272,8.0,5.0,3.875
T,0,4111111360548468,0.129,1.0,1.0,1.0,1.0,0.0,4.0,2.4835,7.0,6.0,3.375
T,0,4532012688356694,0.057,1.0,1.0,1.0,1.0,2.0,4.0,3.0778,9.0,3.0,4.5
T,0,4532010407554771,-0.0439,1.0,1.0,1.0,1.0,2.0,4.0,2.6863,7.0,3.0,3.4375
T,0,4111115646099188,0.4132,1.0,1.0,1.0,1.0,0.0,4.0,2.5306,7.0,6.0,4.0625
T,0,5105107842452464,0.1333,1.0,1.0,1.0,1.0,3.0,5.0,2.8278,8.0,4.0,3.625
T,0,4111112511944275,-0.1514,1.0,1.0,1.0,1.0,0.0,4.0,2.2246,6.0,7.0,3.0625
T,0,4111118375196472,-0.0268,1.0,1.0,1.0,1.0,0.0,4.0,2.7806,9.0,6.0,3.8125
T,0,4532018292728962,0.1301,1.0,1.0,1.0,1.0,2.0,4.0,3.0244,10.0,5.0,4.375
T,0,5105104770285032,-0.1174,1.0,1.0,1.0,1.0,3.0,5.0,2.8278,8.0,4.0,3.125
T,0,4242424774236105,0.2932,1.0,1.0,1.0,1.0,1.0,4.0,2.6494,8.0,5.0,3.5625
T,0,4111118898897861,-0.3369,1.0,1.0,1.0,1.0,0.0,4.0,2.18,6.0,6.0,5.0625
T,0,4532012894432537,0.0899,1.0,1.0,1.0,1.0,2.0,4.0,2.9835,9.0,3.0,3.875
T,0,4111115992302897,0.3182,1.0,1.0,1.0,1.0,0.0,4.0,2.8522,9.0,5.0,3.9375
T,0,4111111299583974,0.511,1.0,1.0,1.0,1.0,0.0,4.0,2.6085,8.0,6.0,4.125
T,0,4111113777408336,-0.1985,1.0,1.0,1.0,1.0,0.0,4.0,2.555,7.0,5.0,3.5625
T,0,4111115728931621,-0.857,1.0,1.0,1.0,1.0,0.0,4.0,2.6468,9.0,7.0,3.3125
T,0,6011006537757156,0.1332,1.0,1.0,1.0,1.0,5.0,6.0,2.5141,6.0,3.0,3.75
T,0,4111112152096443,-0.1026,1.0,1.0,1.0,1.0,0.0,4.0,2.6085,8.0,6.0,2.8125
T,0,4111111058050918,-0.0245,1.0,1.0,1.0,1.0,0.0,4.0,2.2246,6.0,7.0,2.875
T,0,5105103041708319,-0.276,1.0,1.0,1.0,1.0,3.0,5.0,2.75,8.0,4.0,3.0
T,0,4242428959331532,0.1252,1.0,1.0,1.0,1.0,1.0,4.0,2.6556,7.0,4.0,4.125
T,0,4242424087600187,-0.032,1.0,1.0,1.0,1.0,1.0,4.0,2.6556,7.0,4.0,3.6875
T,0,4532011946222250,-0.0221,1.0,1.0,1.0,1.0,2.0,4.0,2.7744,8.0,5.0,3.0
T,0,4242426520198760,0.1041,1.0,1.0,1.0,1.0,1.0,4.0,2.9528,9.0,4.0,3.875
T,0,4242421144112578,0.1167,1.0,1.0,1.0,1.0,1.0,4.0,2.2744,6.0,5.0,3.25
T,0,4111110694093381,0.125,1.0,1.0,1.0,1.0,0.0,4.0,2.5306,7.0,6.0,3.25
T,0,4532015873739194,0.2096,1.0,1.0,1.0,1.0,2.0,4.0,3.0778,9.0,3.0,4.4375
T,0,4532018076760710,0.3039,1.0,1.0,1.0,1.0,2.0,4.0,2.9528,9.0,4.0,3.5625
T,0,5555557903301346,0.4004,1.0,1.0,1.0,1.0,4.0,5.0,2.6085,8.0,6.0,4.125
T,0,4111113637495440,-0.0073,1.0,1.0,1.0,1.0,0.0,4.0,2.6494,8.0,5.0,3.375
T,0,4111118019474343,0.1006,1.0,1.0,1.0,1.0,0.0,4.0,2.4056,7.0,6.0,3.25
T,0,5555558208924261,0.2257,1.0,1.0,1.0,1.0,4.0,5.0,2.6085,8.0,6.0,4.5
T,0,4111115589796030,-0.0191,1.0,1.0,1.0,1.0,0.0,4.0,2.8994,9.0,5.0,3.8125
T,0,4111118303763591,-0.2189,1.0,1.0,1.0,1.0,0.0,4.0,2.7335,9.0,6.0,3.375
T,0,4111117966462152,0.0948,1.0,1.0,1.0,1.0,0.0,4.0,2.4835,7.0,6.0,3.5625
T,0,4242427390817828,-0.0215,1.0,1.0,1.0,1.0,1.0,4.0,2.7806,8.0,4.0,4.4375
T,0,4111111898076495,0.2043,1.0,1.0,1.0,1.0,0.0,4.0,2.6556,8.0,6.0,4.125
T,0,4242426892725539,-0.0709,1.0,1.0,1.0,1.0,1.0,4.0,2.7272,8.0,5.0,4.625
T,0,4242424360458493,0.4071,1.0,1.0,1.0,1.0,1.0,4.0,2.6085,8.0,6.0,4.0
T,0,4532017741322120,0.3961,1.0,1.0,1.0,1.0,2.0,4.0,2.7028,7.0,4.0,2.75
T,0,4111111957574091,-0.0979,1.0,1.0,1.0,1.0,0.0,4.0,2.2718,6.0,7.0,3.5625
T,0,4111115687746226,0.1994,1.0,1.0,1.0,1.0,0.0,4.0,2.6022,7.0,5.0,3.875
T,0,4242420186252904,-0.0051,1.0,1.0,1.0,1.0,1.0,4.0,2.6494,8.0,5.0,3.4375
T,0,4111111063130820,-0.2369,1.0,1.0,1.0,1.0,0.0,4.0,2.3496,7.0,7.0,2.0625
T,0,4111116201944412,0.2068,1.0,1.0,1.0,1.0,0.0,4.0,2.1468,6.0,7.0,2.625
T,0,5555551788302156,0.2039,1.0,1.0,1.0,1.0,4.0,5.0,2.5218,8.0,7.0,4.4375
T,0,4111114995598890,0.0591,1.0,1.0,1.0,1.0,0.0,4.0,2.3994,6.0,5.0,4.6875
T,0,5555553914065095,0.5341,1.0,1.0,1.0,1.0,4.0,5.0,2.25,7.0,8.0,4.5
T,0,4532010528469891,0.7233,1.0,1.0,1.0,1.0,2.0,4.0,3.125,9.0,2.0,4.1875
T,0,4242421354546382,-0.0634,1.0,1.0,1.0,1.0,1.0,4.0,2.5244,7.0,5.0,3.6875
T,0,5105109057516587,0.049,1.0,1.0,1.0,1.0,3.0,5.0,2.555,7.0,5.0,4.0625
T,0,6011000178655035,-0.6325,1.0,1.0,1.0,1.0,5.0,6.0,2.555,7.0,5.0,3.0
T,0,4242422748985526,-0.0338,1.0,1.0,1.0,1.0,1.0,4.0,2.5244,7.0,5.0,4.625
T,0,4242424290581950,0.1185,1.0,1.0,1.0,1.0,1.0,4.0,2.625,7.0,4.0,3.8125
T,0,5555551144700515,0.2673,1.0,1.0,1.0,1.0,4.0,5.0,1.9528,5.0,8.0,3.625
T,0,5105101933140823,-0.0761,1.0,1.0,1.0,1.0,3.0,5.0,2.7806,8.0,4.0,2.875
T,0,4111116986249250,0.2699,1.0,1.0,1.0,1.0,0.0,4.0,2.7744,8.0,5.0,3.75
T,0,4242427549450315,-0.1973,1.0,1.0,1.0,1.0,1.0,4.0,2.68,8.0,5.0,3.8125
T,0,5555550073466007,0.2201,1.0,1.0,1.0,1.0,4.0,5.0,2.2806,6.0,6.0,3.9375
T,0,4242421069133583,0.2897,1.0,1.0,1.0,1.0,1.0,4.0,2.9835,9.0,3.0,3.5625
T,0,4111114044635594,-0.1495,1.0,1.0,1.0,1.0,0.0,4.0,2.4238,7.0,5.0,3.3125
T,0,4111113657825922,0.1942,1.0,1.0,1.0,1.0,0.0,4.0,2.8522,9.0,5.0,3.625
T,0,4111117326559556,0.2507,1.0,1.0,1.0,1.0,0.0,4.0,2.6494,8.0,5.0,3.875
T,0,4532011525798290,0.0289,1.0,1.0,1.0,1.0,2.0,4.0,3.0306,9.0,3.0,3.9375
T,0,4242425978246865,-0.1634,1.0,1.0,1.0,1.0,1.0,4.0,2.625,7.0,4.0,4.875
T,0,4242421246742264,-0.0972,1.0,1.0,1.0,1.0,1.0,4.0,1.9363,5.0,6.0,3.5
T,0,4242421560303891,-0.0971,1.0,1.0,1.0,1.0,1.0,4.0,3.0306,9.0,3.0,3.375
T,0,5105102548338794,-0.4232,1.0,1.0,1.0,1.0,3.0,5.0,3.0778,9.0,3.0,4.0625
T,0,4111116487319917,0.1332,1.0,1.0,1.0,1.0,0.0,4.0,2.3968,7.0,7.0,4.0
T,0,4111116357901042,0.6526,1.0,1.0,1.0,1.0,0.0,4.0,2.7806,9.0,6.0,2.875
T,0,4111110974017662,0.125,1.0,1.0,1.0,1.0,0.0,4.0,2.5306,7.0,6.0,3.1875
T,0,5555552328610728,0.233,1.0,1.0,1.0,1.0,4.0,5.0,2.6085,8.0,6.0,4.3125
T,0,5105109604230690,-0.0588,1.0,1.0,1.0,1.0,3.0,5.0,2.7744,8.0,5.0,3.1875
T,0,4532013963972825,-0.178,1.0,1.0,1.0,1.0,2.0,4.0,3.1556,10.0,3.0,4.3125
T,0,4111118559880818,-0.1198,1.0,1.0,1.0,1.0,0.0,4.0,2.18,6.0,6.0,4.3125
T,0,4111113125655190,-0.3591,1.0,1.0,1.0,1.0,0.0,4.0,2.4746,8.0,7.0,2.875
T,0,4242427513126552,-0.1927,1.0,1.0,1.0,1.0,1.0,4.0,2.555,7.0,5.0,3.4375
T,0,4532012190072573,-0.1081,1.0,1.0,1.0,1.0,2.0,4.0,2.9056,8.0,3.0,3.1875
T,0,4111112540866994,0.018,1.0,1.0,1.0,1.0,0.0,4.0,2.7272,8.0,5.0,3.875
T,0,4242429404112055,-0.4392,1.0,1.0,1.0,1.0,1.0,4.0,2.3994,6.0,5.0,3.0625
T,0,4111119373483722,0.0814,1.0,1.0,1.0,1.0,0.0,4.0,2.6022,7.0,5.0,3.5625
T,0,4242421848503031,0.1789,1.0,1.0,1.0,1.0,1.0,4.0,2.7028,7.0,4.0,3.1875
T,0,4532010647524683,0.2522,1.0,1.0,1.0,1.0,2.0,4.0,3.0778,9.0,3.0,3.75
T,0,4242428228703800,-0.2139,1.0,1.0,1.0,1.0,1.0,4.0,2.3829,6.0,5.0,3.5
T,0,4532011108101490,-0.2854,1.0,1.0,1.0,1.0,2.0,4.0,2.6494,8.0,5.0,2.5
T,0,5105105031363286,-0.4536,1.0,1.0,1.0,1.0,3.0,5.0,2.6863,7.0,3.0,3.0625
T,0,4111111930821692,-0.2005,1.0,1.0,1.0,1.0,0.0,4.0,2.5218,8.0,7.0,3.125
T,0,4111113406072131,-0.267,1.0,1.0,1.0,1.0,0.0,4.0,2.3968,7.0,7.0,2.25
T,0,4242428871061605,0.0128,1.0,1.0,1.0,1.0,1.0,4.0,2.9056,8.0,3.0,3.75
T,0,4532015000809118,-0.1236,1.0,1.0,1.0,1.0,2.0,4.0,2.7272,8.0,5.0,2.9375
T,0,4242427244162389,0.1317,1.0,1.0,1.0,1.0,1.0,4.0,2.5488,8.0,5.0,4.0
T,0,5555558059542402,-0.0341,1.0,1.0,1.0,1.0,4.0,5.0,2.125,6.0,8.0,4.3125
T,0,4532014048415103,0.1133,1.0,1.0,1.0,1.0,2.0,4.0,2.6556,7.0,4.0,2.8125
T,0,4532018108828154,0.2152,1.0,1.0,1.0,1.0,2.0,4.0,2.7028,7.0,4.0,3.75
T,0,4111110492670604,-0.196,1.0,1.0,1.0,1.0,0.0,4.0,2.555,7.0,5.0,2.9375
T,0,5555554288085719,-0.4022,1.0,1.0,1.0,1.0,4.0,5.0,2.4746,8.0,7.0,5.125
T,0,4242422129432049,0.05,1.0,1.0,1.0,1.0,1.0,4.0,2.18,6.0,6.0,3.375
T,0,4532019205097735,-0.0946,1.0,1.0,1.0,1.0,2.0,4.0,2.9056,8.0,3.0,3.875
T,0,4111114588941127,0.1445,1.0,1.0,1.0,1.0,0.0,4.0,2.3496,7.0,7.0,3.625
T,0,5105104089939089,0.1375,1.0,1.0,1.0,1.0,3.0,5.0,2.625,7.0,4.0,4.4375
T,0,4111110157869376,-0.0268,1.0,1.0,1.0,1.0,0.0,4.0,2.7806,9.0,6.0,3.8125
T,0,4111110103309451,-0.4506,1.0,1.0,1.0,1.0,0.0,4.0,2.2246,6.0,7.0,2.1875
T,0,5105104280765796,-0.39,1.0,1.0,1.0,1.0,3.0,5.0,3.0306,9.0,3.0,4.125
T,0,4532017033052484,-0.0946,1.0,1.0,1.0,1.0,2.0,4.0,2.8585,8.0,3.0,3.1875
T,0,5555554127996233,0.3488,1.0,1.0,1.0,1.0,4.0,5.0,2.6556,8.0,6.0,4.75
T,0,4111113481031887,0.198,1.0,1.0,1.0,1.0,0.0,4.0,2.2246,6.0,7.0,3.25
T,0,4111112252872529,-0.1495,1.0,1.0,1.0,1.0,0.0,4.0,2.4238,7.0,5.0,3.3125
T,0,5105107589478557,0.3987,1.0,1.0,1.0,1.0,3.0,5.0,2.6022,7.0,5.0,4.8125
T,0,5555556274109882,0.9412,1.0,1.0,1.0,1.0,4.0,5.0,2.7806,9.0,6.0,4.8125
T,0,4111114101246020,-0.626,1.0,1.0,1.0,1.0,0.0,4.0,2.0524,5.0,7.0,1.8125
T,0,4532013942000128,0.3536,1.0,1.0,1.0,1.0,2.0,4.0,2.8278,8.0,4.0,2.75
T,0,5105103014876416,-0.1662,1.0,1.0,1.0,1.0,3.0,5.0,2.8278,8.0,4.0,3.25
T,0,5555556161916357,0.5148,1.0,1.0,1.0,1.0,4.0,5.0,2.1774,6.0,7.0,4.6875
T,0,4111119011858657,-0.1389,1.0,1.0,1.0,1.0,0.0,4.0,2.5218,8.0,7.0,3.6875
T,0,6011001458478130,-0.4391,1.0,1.0,1.0,1.0,5.0,6.0,2.75,8.0,4.0,3.0625
T,0,4532015880404337,0.0215,1.0,1.0,1.0,1.0,2.0,4.0,2.8585,8.0,3.0,3.5625
T,0,4242426334859045,0.1245,1.0,1.0,1.0,1.0,1.0,4.0,2.7272,8.0,5.0,4.0625
T,0,4242421720651197,0.0411,1.0,1.0,1.0,1.0,1.0,4.0,2.7806,8.0,4.0,3.5625
T,0,5555559477809449,-0.6335,1.0,1.0,1.0,1.0,4.0,5.0,2.3113,6.0,6.0,5.6875
T,0,4111116080226147,0.0691,1.0,1.0,1.0,1.0,0.0,4.0,2.5306,7.0,6.0,2.8125
T,0,5555554743000873,0.0676,1.0,1.0,1.0,1.0,4.0,5.0,2.3585,6.0,6.0,4.125
T,0,4111115955906577,0.1477,1.0,1.0,1.0,1.0,0.0,4.0,2.5244,7.0,5.0,4.1875
T,0,4111110750996337,0.2394,1.0,1.0,1.0,1.0,0.0,4.0,2.7744,8.0,5.0,3.625
T,0,4532018198341977,0.057,1.0,1.0,1.0,1.0,2.0,4.0,3.0778,9.0,3.0,4.5
T,0,4111111215433650,0.122,1.0,1.0,1.0,1.0,0.0,4.0,2.3968,7.0,7.0,2.4375
T,0,4111119754781157,0.072,1.0,1.0,1.0,1.0,0.0,4.0,2.2246,6.0,7.0,3.9375
T,0,4111118398026847,0.4945,1.0,1.0,1.0,1.0,0.0,4.0,2.8522,9.0,5.0,4.0
T,0,4111115128623422,0.1618,1.0,1.0,1.0,1.0,0.0,4.0,2.4056,7.0,6.0,2.75
T,0,4242420593034952,0.2754,1.0,1.0,1.0,1.0,1.0,4.0,2.5,6.0,4.0,3.625
T,0,4111118191435542,0.2325,1.0,1.0,1.0,1.0,0.0,4.0,2.3496,7.0,7.0,3.1875
T,0,4111110196444587,0.0262,1.0,1.0,1.0,1.0,0.0,4.0,2.5306,8.0,6.0,3.5625
T,0,4111114174289261,0.0276,1.0,1.0,1.0,1.0,0.0,4.0,2.3496,7.0,7.0,3.3125
T,0,4111115806161638,0.0276,1.0,1.0,1.0,1.0,0.0,4.0,2.3496,7.0,7.0,3.3125
T,0,4242423405698345,0.1245,1.0,1.0,1.0,1.0,1.0,4.0,2.7272,8.0,5.0,4.0625
T,0,4242427988244047,0.0239,1.0,1.0,1.0,1.0,1.0,4.0,2.2806,6.0,6.0,4.4375
T,0,4242421013909526,-0.258,1.0,1.0,1.0,1.0,1.0,4.0,2.8278,8.0,4.0,3.375
T,0,4111119045654411,0.1504,1.0,1.0,1.0,1.0,0.0,4.0,2.1468,6.0,7.0,3.0
T,0,4242424839033802,0.3917,1.0,1.0,1.0,1.0,1.0,4.0,2.4528,6.0,4.0,3.625
T,0,5105106550126708,-0.1703,1.0,1.0,1.0,1.0,3.0,5.0,2.5778,7.0,4.0,3.25
T,0,5555557485037045,0.1519,1.0,1.0,1.0,1.0,4.0,5.0,2.125,6.0,8.0,4.5625
T,0,4242423628156477,0.0521,1.0,1.0,1.0,1.0,1.0,4.0,2.75,8.0,4.0,4.1875
T,0,4532013737251357,0.2669,1.0,1.0,1.0,1.0,2.0,4.0,2.6556,7.0,4.0,3.625
T,0,4111116002258939,-0.2246,1.0,1.0,1.0,1.0,0.0,4.0,2.8994,9.0,5.0,3.3125
T,0,4242428688223273,-0.0277,1.0,1.0,1.0,1.0,1.0,4.0,2.3113,6.0,6.0,4.1875
T,0,5555557593799544,1.0281,1.0,1.0,1.0,1.0,4.0,5.0,1.9528,5.0,8.0,5.75
T,0,4111112972983168,0.2166,1.0,1.0,1.0,1.0,0.0,4.0,2.6556,8.0,6.0,4.0
T,0,4242426382248067,0.1115,1.0,1.0,1.0,1.0,1.0,4.0,2.5244,7.0,5.0,4.0
T,0,5555558081240843,0.3745,1.0,1.0,1.0,1.0,4.0,5.0,2.4835,7.0,6.0,4.25
T,0,4532013452316252,-0.2529,1.0,1.0,1.0,1.0,2.0,4.0,2.6556,7.0,4.0,3.0
T,0,4111119250051949,-0.022,1.0,1.0,1.0,1.0,0.0,4.0,2.3585,6.0,6.0,3.3125
T,0,4532015764482318,0.2075,1.0,1.0,1.0,1.0,2.0,4.0,3.0778,9.0,3.0,3.9375
T,0,5555554892060827,0.3488,1.0,1.0,1.0,1.0,4.0,5.0,2.6556,8.0,6.0,4.75
T,0,4242429539982281,-0.0239,1.0,1.0,1.0,1.0,1.0,4.0,2.555,7.0,5.0,4.625
T,0,4242422539558359,-0.0167,1.0,1.0,1.0,1.0,1.0,4.0,2.4528,6.0,4.0,4.5
T,0,4532019250264867,0.103,1.0,1.0,1.0,1.0,2.0,4.0,3.2028,10.0,3.0,4.0
T,0,6011007425540241,-0.209,1.0,1.0,1.0,1.0,5.0,6.0,2.6556,7.0,4.0,2.625
T,0,4111117048379994,-0.0468,1.0,1.0,1.0,1.0,0.0,4.0,2.555,7.0,5.0,4.3125
T,0,4242425165820118,-0.0489,1.0,1.0,1.0,1.0,1.0,4.0,2.6556,7.0,4.0,3.4375
T,0,6011001432251009,0.9,1.0,1.0,1.0,1.0,5.0,6.0,2.6494,8.0,5.0,2.1875
T,0,4532014512626375,-0.0152,1.0,1.0,1.0,1.0,2.0,4.0,2.9056,8.0,3.0,3.5
T,0,5105103101702335,-0.4715,1.0,1.0,1.0,1.0,3.0,5.0,2.4056,6.0,4.0,2.3125
T,0,5105107516217110,0.5803,1.0,1.0,1.0,1.0,3.0,5.0,2.3113,6.0,6.0,2.6875
T,0,4532018375966216,0.1643,1.0,1.0,1.0,1.0,2.0,4.0,3.2028,10.0,3.0,4.25
T,0,5105109897332153,-0.2094,1.0,1.0,1.0,1.0,3.0,5.0,2.8585,8.0,3.0,3.875
T,0,5555556730092763,0.1783,1.0,1.0,1.0,1.0,4.0,5.0,2.5306,7.0,6.0,4.5625
T,0,5105102660322618,-0.4125,1.0,1.0,1.0,1.0,3.0,5.0,2.6863,7.0,3.0,3.0
T,0,4242420692591001,0.1009,1.0,1.0,1.0,1.0,1.0,4.0,2.6556,7.0,4.0,3.1875
T,0,4532014826361230,-0.0593,1.0,1.0,1.0,1.0,2.0,4.0,2.9056,8.0,3.0,3.125
T,0,4242429943435140,0.3526,1.0,1.0,1.0,1.0,1.0,4.0,2.4835,7.0,6.0,3.75
T,0,4111118574324321,-0.0142,1.0,1.0,1.0,1.0,0.0,4.0,2.4835,7.0,6.0,3.0
T,0,4111119627236710,-0.1672,1.0,1.0,1.0,1.0,0.0,4.0,2.6556,8.0,6.0,3.25
T,0,4111112334294411,-0.0875,1.0,1.0,1.0,1.0,0.0,4.0,2.0218,5.0,7.0,2.625
T,0,4532013770540682,0.2903,1.0,1.0,1.0,1.0,2.0,4.0,3.0778,9.0,3.0,3.5625
T,0,4532014443772116,-0.2839,1.0,1.0,1.0,1.0,2.0,4.0,2.8278,8.0,4.0,3.375
T,0,4111117023898067,-0.0381,1.0,1.0,1.0,1.0,0.0,4.0,2.8994,9.0,5.0,3.6875
T,0,4111113398187012,-0.2005,1.0,1.0,1.0,1.0,0.0,4.0,2.5218,8.0,7.0,3.1875
T,0,4111112190329863,-0.1672,1.0,1.0,1.0,1.0,0.0,4.0,2.6556,8.0,6.0,3.25
T,0,4532016710753299,0.4145,1.0,1.0,1.0,1.0,2.0,4.0,3.125,9.0,2.0,4.0
T,0,4242428919379639,-0.3867,1.0,1.0,1.0,1.0,1.0,4.0,2.7806,8.0,4.0,5.125
T,0,4111115794235998,-0.0319,1.0,1.0,1.0,1.0,0.0,4.0,2.7272,8.0,5.0,4.375
T,0,5555558147062736,0.2752,1.0,1.0,1.0,1.0,4.0,5.0,2.7806,9.0,6.0,4.625
T,0,5555557978900188,0.3201,1.0,1.0,1.0,1.0,4.0,5.0,2.3585,6.0,6.0,5.4375
T,0,4242429760114653,0.2658,1.0,1.0,1.0,1.0,1.0,4.0,2.9528,9.0,4.0,3.75
T,0,4111114104372682,-0.1026,1.0,1.0,1.0,1.0,0.0,4.0,2.6085,8.0,6.0,2.875
T,0,6011003273630648,-0.3332,1.0,1.0,1.0,1.0,5.0,6.0,2.7806,8.0,4.0,3.125
T,0,6011004556600191,-0.5033,1.0,1.0,1.0,1.0,5.0,6.0,2.3522,6.0,5.0,2.8125
T,0,5555551910191543,0.3673,1.0,1.0,1.0,1.0,4.0,5.0,2.1468,6.0,7.0,4.0
T,0,4111116767058169,0.5232,1.0,1.0,1.0,1.0,0.0,4.0,2.6085,8.0,6.0,4.0
T,0,4111118410287542,0.216,1.0,1.0,1.0,1.0,0.0,4.0,2.4835,7.0,6.0,3.125
T,0,4111116823968906,0.182,1.0,1.0,1.0,1.0,0.0,4.0,2.7272,8.0,5.0,4.125
T,0,4242422577661552,-0.0995,1.0,1.0,1.0,1.0,1.0,4.0,2.43,6.0,5.0,4.0
T,0,4111119155694306,-0.0223,1.0,1.0,1.0,1.0,0.0,4.0,2.5306,7.0,6.0,3.5625
T,0,4111113324255834,-0.29,1.0,1.0,1.0,1.0,0.0,4.0,2.43,6.0,5.0,3.0
T,0,5105107857958686,-0.4605,1.0,1.0,1.0,1.0,3.0,5.0,2.7028,7.0,4.0,5.0625
T,0,6011004336112368,-0.0547,1.0,1.0,1.0,1.0,5.0,6.0,2.6085,7.0,4.0,2.8125
T,0,4242426333145354,0.078,1.0,1.0,1.0,1.0,1.0,4.0,2.3522,6.0,5.0,3.4375
T,0,5555557555029526,0.5662,1.0,1.0,1.0,1.0,4.0,5.0,1.7988,6.0,10.0,4.75
T,0,4242421662688272,0.0371,1.0,1.0,1.0,1.0,1.0,4.0,2.3113,6.0,6.0,4.125
T,0,4111111302065670,-0.0883,1.0,1.0,1.0,1.0,0.0,4.0,2.6085,8.0,6.0,2.4375
T,0,5555555556805613,0.5138,1.0,1.0,1.0,1.0,4.0,5.0,1.7988,6.0,10.0,4.625
T,0,5555550665375780,0.763,1.0,1.0,1.0,1.0,4.0,5.0,2.125,6.0,8.0,4.8125
T,0,4111117238505523,-0.2214,1.0,1.0,1.0,1.0,0.0,4.0,2.7272,8.0,5.0,3.0625
T,0,5105109343481000,0.0709,1.0,1.0,1.0,1.0,3.0,5.0,2.6022,7.0,5.0,2.75
T,0,5555553119670137,0.3745,1.0,1.0,1.0,1.0,4.0,5.0,2.4835,7.0,6.0,4.25
T,0,4532017451220571,-0.135,1.0,1.0,1.0,1.0,2.0,4.0,2.7335,7.0,3.0,3.0625
T,0,5555553252857277,-0.3797,1.0,1.0,1.0,1.0,4.0,5.0,1.9056,5.0,8.0,4.875
T,0,4242420833688369,-0.2622,1.0,1.0,1.0,1.0,1.0,4.0,2.6863,7.0,3.0,4.5
T,0,4111118194410468,0.2725,1.0,1.0,1.0,1.0,0.0,4.0,2.1468,6.0,7.0,3.375
T,0,4111119401258096,-0.3649,1.0,1.0,1.0,1.0,0.0,4.0,2.6556,8.0,6.0,3.3125
T,0,4111115899088540,0.2623,1.0,1.0,1.0,1.0,0.0,4.0,2.4772,6.0,5.0,4.0625
T,0,4111111632114891,1.212,1.0,1.0,1.0,1.0,0.0,4.0,2.0919,7.0,9.0,2.8125
T,0,4242421580356457,0.0065,1.0,1.0,1.0,1.0,1.0,4.0,2.9056,9.0,4.0,3.875
T,0,4242424418976892,0.2547,1.0,1.0,1.0,1.0,1.0,4.0,2.5244,7.0,5.0,4.75
T,0,4242420549444644,-0.6244,1.0,1.0,1.0,1.0,1.0,4.0,1.9197,6.0,9.0,3.875
T,0,4532013827498801,0.152,1.0,1.0,1.0,1.0,2.0,4.0,3.0778,9.0,3.0,4.0625
T,0,4111110726632768,-0.076,1.0,1.0,1.0,1.0,0.0,4.0,2.7272,8.0,5.0,3.5
T,0,4111116188678868,1.0544,1.0,1.0,1.0,1.0,0.0,4.0,2.0079,5.0,6.0,4.6875
T,0,4532013184003582,-0.2009,1.0,1.0,1.0,1.0,2.0,4.0,2.7806,7.0,3.0,3.0625
T,0,4242426272216588,0.3818,1.0,1.0,1.0,1.0,1.0,4.0,2.4835,7.0,6.0,4.0625
T,0,4111118465815577,0.223,1.0,1.0,1.0,1.0,0.0,4.0,2.3585,6.0,6.0,4.0625
T,0,5555554537751814,0.6255,1.0,1.0,1.0,1.0,4.0,5.0,2.125,6.0,8.0,4.6875
T,0,4111118405799717,0.4727,1.0,1.0,1.0,1.0,0.0,4.0,2.4835,7.0,6.0,4.125
T,0,4242424710672538,-0.0936,1.0,1.0,1.0,1.0,1.0,4.0,2.875,9.0,4.0,3.8125
T,0,4242426376064082,0.0221,1.0,1.0,1.0,1.0,1.0,4.0,2.5778,7.0,4.0,3.75
T,0,4111110580282429,-0.0864,1.0,1.0,1.0,1.0,0.0,4.0,2.6022,7.0,5.0,3.0625
T,0,4111118775108457,-0.0139,1.0,1.0,1.0,1.0,0.0,4.0,2.3585,6.0,6.0,3.8125
T,0,6011003926212323,-0.6812,1.0,1.0,1.0,1.0,5.0,6.0,2.4835,6.0,4.0,2.5625
T,0,4111111106574547,-0.1514,1.0,1.0,1.0,1.0,0.0,4.0,2.2246,6.0,7.0,3.0625
T,0,4532014099981672,0.0492,1.0,1.0,1.0,1.0,2.0,4.0,3.2028,10.0,3.0,4.375
T,0,4242423760887137,-0.0836,1.0,1.0,1.0,1.0,1.0,4.0,2.8585,8.0,3.0,4.25
T,0,4242427216598297,-0.0709,1.0,1.0,1.0,1.0,1.0,4.0,2.7272,8.0,5.0,4.625
T,0,4242427920270878,-0.3029,1.0,1.0,1.0,1.0,1.0,4.0,2.43,6.0,5.0,4.25
T,0,4532016065382785,0.152,1.0,1.0,1.0,1.0,2.0,4.0,3.0778,9.0,3.0,4.0625
T,0,4242423511297628,0.0452,1.0,1.0,1.0,1.0,1.0,4.0,2.8522,9.0,5.0,3.875
T,0,4111110141853197,-0.6104,1.0,1.0,1.0,1.0,0.0,4.0,2.375,8.0,8.0,3.0
T,0,4111118951541273,-0.3867,1.0,1.0,1.0,1.0,0.0,4.0,2.5218,8.0,7.0,3.375
T,0,5105104922453926,0.0368,1.0,1.0,1.0,1.0,3.0,5.0,2.9056,8.0,3.0,3.625
T,0,4111115159176381,-0.5326,1.0,1.0,1.0,1.0,0.0,4.0,2.375,8.0,8.0,3.4375
T,0,4111112455865023,-0.2214,1.0,1.0,1.0,1.0,0.0,4.0,2.7272,8.0,5.0,3.0625
T,0,4111118081045005,-0.0107,1.0,1.0,1.0,1.0,0.0,4.0,2.1556,5.0,6.0,2.5
T,0,4111110963412254,-0.1026,1.0,1.0,1.0,1.0,0.0,4.0,2.6085,8.0,6.0,2.8125
T,0,4532015745050358,0.0347,1.0,1.0,1.0,1.0,2.0,4.0,2.7272,8.0,5.0,3.5625
T,0,4111115483244871,-0.0307,1.0,1.0,1.0,1.0,0.0,4.0,2.4056,7.0,6.0,3.4375
T,0,4532018454367815,0.1852,1.0,1.0,1.0,1.0,2.0,4.0,3.0306,9.0,3.0,4.125
T,0,6011007053655303,-0.5573,1.0,1.0,1.0,1.0,5.0,6.0,2.43,6.0,5.0,2.8125
T,0,4111117206868010,0.1622,1.0,1.0,1.0,1.0,0.0,4.0,2.4835,7.0,6.0,2.9375
T,0,4111116064836242,-0.0988,1.0,1.0,1.0,1.0,0.0,4.0,2.555,7.0,5.0,3.125
T,0,5105107309671663,0.1034,1.0,1.0,1.0,1.0,3.0,5.0,2.7335,7.0,3.0,3.75
T,0,4532017094163980,0.0954,1.0,1.0,1.0,1.0,2.0,4.0,3.2028,10.0,3.0,3.875
T,0,4111110079444340,-0.3839,1.0,1.0,1.0,1.0,0.0,4.0,2.2516,6.0,5.0,2.75
T,0,4111114734222489,-0.0137,1.0,1.0,1.0,1.0,0.0,4.0,2.4772,7.0,5.0,3.375
T,0,4111118608846083,0.0917,1.0,1.0,1.0,1.0,0.0,4.0,2.3994,6.0,5.0,3.75
T,0,4111118019741345,-0.2774,1.0,1.0,1.0,1.0,0.0,4.0,2.4746,8.0,7.0,3.1875
T,0,4111110005926220,-0.5283,1.0,1.0,1.0,1.0,0.0,4.0,2.4772,7.0,5.0,2.1875
T,0,5555553183427208,0.046,1.0,1.0,1.0,1.0,4.0,5.0,2.6556,8.0,6.0,4.25
T,0,5105103654459531,0.1374,1.0,1.0,1.0,1.0,3.0,5.0,2.6022,7.0,5.0,3.5625
T,0,4242429979151314,0.2343,1.0,1.0,1.0,1.0,1.0,4.0,2.6085,7.0,4.0,4.1875
T,0,4111119075012928,-0.1672,1.0,1.0,1.0,1.0,0.0,4.0,2.6556,8.0,6.0,3.25
T,0,5555553150374391,0.1701,1.0,1.0,1.0,1.0,4.0,5.0,2.3496,7.0,7.0,4.125
T,0,5555554375475328,-0.148,1.0,1.0,1.0,1.0,4.0,5.0,2.125,6.0,8.0,4.875
T,0,4111116382497420,-0.1843,1.0,1.0,1.0,1.0,0.0,4.0,2.8522,9.0,5.0,3.375
T,0,5105101581815510,-0.7088,1.0,1.0,1.0,1.0,3.0,5.0,1.8829,4.0,6.0,2.9375
T,0,4532018831420972,0.2385,1.0,1.0,1.0,1.0,2.0,4.0,3.0778,9.0,3.0,3.6875
T,0,4111119425802416,-0.0728,1.0,1.0,1.0,1.0,0.0,4.0,2.6085,8.0,6.0,3.125
T,0,4242421931542995,0.2184,1.0,1.0,1.0,1.0,1.0,4.0,2.4528,6.0,4.0,4.125
T,0,4111112614084169,0.2063,1.0,1.0,1.0,1.0,0.0,4.0,2.3496,7.0,7.0,3.125
T,0,4111112277932472,0.059,1.0,1.0,1.0,1.0,0.0,4.0,2.3522,6.0,5.0,3.375
T,0,4532011847657208,0.3214,1.0,1.0,1.0,1.0,2.0,4.0,3.125,9.0,2.0,3.9375
T,0,4242429358194067,0.1701,1.0,1.0,1.0,1.0,1.0,4.0,3.0778,10.0,4.0,4.375
T,0,5105103414757307,-0.2879,1.0,1.0,1.0,1.0,3.0,5.0,2.5613,6.0,3.0,3.3125
T,0,4111118726448135,0.1428,1.0,1.0,1.0,1.0,0.0,4.0,2.6085,8.0,6.0,3.5625
T,0,4532011444412395,0.182,1.0,1.0,1.0,1.0,2.0,4.0,2.6022,7.0,5.0,3.25
T,0,4111112269136561,0.2063,1.0,1.0,1.0,1.0,0.0,4.0,2.3496,7.0,7.0,3.125
T,0,4242422428455493,-0.0017,1.0,1.0,1.0,1.0,1.0,4.0,2.18,6.0,6.0,4.0
T,0,4111114231014504,-0.2828,1.0,1.0,1.0,1.0,0.0,4.0,2.1468,6.0,7.0,2.0625
T,0,4111119429933092,-0.1612,1.0,1.0,1.0,1.0,0.0,4.0,2.3994,6.0,5.0,3.6875
T,0,4111110399479836,0.1273,1.0,1.0,1.0,1.0,0.0,4.0,2.7272,8.0,5.0,4.1875
T,0,4111119641161696,-0.4661,1.0,1.0,1.0,1.0,0.0,4.0,1.75,4.0,8.0,3.625
T,0,4111119647539358,0.1907,1.0,1.0,1.0,1.0,0.0,4.0,2.7744,8.0,5.0,4.25
T,0,4111113724380059,0.1399,1.0,1.0,1.0,1.0,0.0,4.0,2.8994,9.0,5.0,3.125
T,0,4111114612823515,0.0388,1.0,1.0,1.0,1.0,0.0,4.0,2.3968,7.0,7.0,2.875
T,0,4111112215099301,0.163,1.0,1.0,1.0,1.0,0.0,4.0,2.3968,7.0,7.0,2.5625
T,0,4111110588912076,-0.3333,1.0,1.0,1.0,1.0,0.0,4.0,2.7806,9.0,6.0,3.4375
T,0,4111113207332882,-0.196,1.0,1.0,1.0,1.0,0.0,4.0,2.555,7.0,5.0,2.9375
T,0,4111113505001866,0.2992,1.0,1.0,1.0,1.0,0.0,4.0,2.4835,7.0,6.0,2.6875
T,0,4532012418890731,0.2232,1.0,1.0,1.0,1.0,2.0,4.0,3.0778,9.0,3.0,3.625
T,0,4111110620085840,-0.2802,1.0,1.0,1.0,1.0,0.0,4.0,2.5244,7.0,5.0,2.625
T,0,4242425305007816,-0.0723,1.0,1.0,1.0,1.0,1.0,4.0,2.9835,9.0,3.0,3.3125
T,0,5105100607742732,-0.1174,1.0,1.0,1.0,1.0,3.0,5.0,2.8278,8.0,4.0,3.125
T,0,4111118343293096,-0.076,1.0,1.0,1.0,1.0,0.0,4.0,2.7272,8.0,5.0,3.5
T,0,4242422540550254,-0.3499,1.0,1.0,1.0,1.0,1.0,4.0,1.9238,4.0,5.0,3.125
T,0,4242428399144883,0.0382,1.0,1.0,1.0,1.0,1.0,4.0,2.43,6.0,5.0,4.6875
T,0,4242421322545961,0.0597,1.0,1.0,1.0,1.0,1.0,4.0,2.5244,7.0,5.0,3.5
T,0,4532015438770569,-0.0085,1.0,1.0,1.0,1.0,2.0,4.0,3.2028,10.0,3.0,4.3125
T,0,4111114264355865,-0.1985,1.0,1.0,1.0,1.0,0.0,4.0,2.555,7.0,5.0,3.5625
T,0,4111118815625148,-0.1219,1.0,1.0,1.0,1.0,0.0,4.0,2.2246,6.0,7.0,3.5625
T,0,4242426824306598,-0.1648,1.0,1.0,1.0,1.0,1.0,4.0,2.75,8.0,4.0,4.3125
T,0,4111116619716915,-0.3822,1.0,1.0,1.0,1.0,0.0,4.0,2.0778,6.0,8.0,3.75
T,0,4242425647083145,-0.0566,1.0,1.0,1.0,1.0,1.0,4.0,2.8522,9.0,5.0,3.8125
T,0,4111117148622608,-0.0068,1.0,1.0,1.0,1.0,0.0,4.0,2.5306,7.0,6.0,3.3125
T,0,4242427373089544,-0.046,1.0,1.0,1.0,1.0,1.0,4.0,2.7272,8.0,5.0,4.25
T,0,5105109502171178,-0.2701,1.0,1.0,1.0,1.0,3.0,5.0,2.555,7.0,5.0,3.3125
T,0,4532017940573077,0.1149,1.0,1.0,1.0,1.0,2.0,4.0,2.8278,8.0,4.0,4.0
T,0,4242427308017727,0.0221,1.0,1.0,1.0,1.0,1.0,4.0,2.5778,7.0,4.0,3.75
T,0,5555555637754731,-0.0439,1.0,1.0,1.0,1.0,4.0,5.0,2.0778,6.0,8.0,4.875
T,0,5555558545483393,0.245,1.0,1.0,1.0,1.0,4.0,5.0,1.9528,5.0,8.0,5.125
T,0,5555555810234683,0.1023,1.0,1.0,1.0,1.0,4.0,5.0,2.5218,8.0,7.0,4.375
T,0,4111113065584210,0.0747,1.0,1.0,1.0,1.0,0.0,4.0,2.6556,8.0,6.0,2.6875
T,0,4111117609419130,-0.2028,1.0,1.0,1.0,1.0,0.0,4.0,2.3968,7.0,7.0,3.0625
T,0,4242428141480734,0.404,1.0,1.0,1.0,1.0,1.0,4.0,2.4835,7.0,6.0,3.625
T,0,4111111489831589,0.2809,1.0,1.0,1.0,1.0,0.0,4.0,2.2246,6.0,7.0,4.0625
T,0,4111116214421317,-0.4628,1.0,1.0,1.0,1.0,0.0,4.0,2.0778,6.0,8.0,2.5
T,0,4532013295294674,0.1852,1.0,1.0,1.0,1.0,2.0,4.0,3.0306,9.0,3.0,4.125
T,0,4532010147960882,0.2612,1.0,1.0,1.0,1.0,2.0,4.0,3.2028,10.0,3.0,3.75
T,0,4242420880258199,-0.0007,1.0,1.0,1.0,1.0,1.0,4.0,2.6556,7.0,4.0,4.25
T,0,4242428546867105,-0.0298,1.0,1.0,1.0,1.0,1.0,4.0,2.8278,8.0,4.0,4.25
T,0,4242428812470360,0.1146,1.0,1.0,1.0,1.0,1.0,4.0,2.75,8.0,4.0,3.5625
T,0,5555555381298018,0.3797,1.0,1.0,1.0,1.0,4.0,5.0,2.3496,7.0,7.0,4.6875
T,0,4242424023538855,0.0245,1.0,1.0,1.0,1.0,1.0,4.0,2.4528,6.0,4.0,3.8125
T,0,4111116261430179,-0.4827,1.0,1.0,1.0,1.0,0.0,4.0,2.5218,8.0,7.0,3.0
T,0,4111113502571143,0.163,1.0,1.0,1.0,1.0,0.0,4.0,2.3968,7.0,7.0,2.5
T,0,4111114617781981,0.1333,1.0,1.0,1.0,1.0,0.0,4.0,2.125,6.0,8.0,3.8125
T,0,6011008178102015,-0.4982,1.0,1.0,1.0,1.0,5.0,6.0,2.4238,7.0,5.0,2.5625
T,0,5555555765326252,0.5261,1.0,1.0,1.0,1.0,4.0,5.0,1.7947,5.0,9.0,4.5625
T,0,4111112192539469,0.1196,1.0,1.0,1.0,1.0,0.0,4.0,2.4835,7.0,6.0,3.6875
T,0,4242425586396946,-0.6284,1.0,1.0,1.0,1.0,1.0,4.0,2.6556,7.0,4.0,4.9375
T,0,4111110200383763,-0.6279,1.0,1.0,1.0,1.0,0.0,4.0,2.68,8.0,5.0,2.5625
T,0,4532019673583786,1.0771,1.0,1.0,1.0,1.0,2.0,4.0,3.2028,10.0,3.0,4.8125
T,0,4111116203499100,0.2992,1.0,1.0,1.0,1.0,0.0,4.0,2.4835,7.0,6.0,2.6875
T,0,6011009186216730,-0.1669,1.0,1.0,1.0,1.0,5.0,6.0,2.7028,8.0,4.0,3.1875
T,0,4242423594138046,-0.0566,1.0,1.0,1.0,1.0,1.0,4.0,2.8522,9.0,5.0,3.8125
T,0,4111110793992772,0.2246,1.0,1.0,1.0,1.0,0.0,4.0,2.555,7.0,5.0,4.0
T,0,4111117083746073,0.1172,1.0,1.0,1.0,1.0,0.0,4.0,2.6022,7.0,5.0,3.375
T,0,4242422874782549,-0.2812,1.0,1.0,1.0,1.0,1.0,4.0,2.2988,6.0,5.0,4.625
T,0,4242424591019270,0.282,1.0,1.0,1.0,1.0,1.0,4.0,2.625,7.0,4.0,3.5
T,0,4242428074773105,0.0858,1.0,1.0,1.0,1.0,1.0,4.0,2.7806,8.0,4.0,3.75
T,0,4111117861817856,0.1981,1.0,1.0,1.0,1.0,0.0,4.0,2.2246,6.0,7.0,4.125
T,0,5105106250584974,-0.3058,1.0,1.0,1.0,1.0,3.0,5.0,2.9528,9.0,4.0,3.875
T,0,4242426028494331,0.4418,1.0,1.0,1.0,1.0,1.0,4.0,2.6494,8.0,5.0,3.625
T,0,4111111328385557,0.1525,1.0,1.0,1.0,1.0,0.0,4.0,2.4835,7.0,6.0,3.5
T,0,4532018798989258,-0.43,1.0,1.0,1.0,1.0,2.0,4.0,2.9528,9.0,4.0,5.5
T,0,4111116338525068,-0.1191,1.0,1.0,1.0,1.0,0.0,4.0,2.7744,8.0,5.0,3.4375
T,0,4242428116893861,-0.205,1.0,1.0,1.0,1.0,1.0,4.0,2.6863,7.0,3.0,4.3125
T,0,4111116002547307,0.1297,1.0,1.0,1.0,1.0,0.0,4.0,2.7272,8.0,5.0,2.6875
T,0,4111112629951550,0.1103,1.0,1.0,1.0,1.0,0.0,4.0,2.4835,7.0,6.0,3.3125
T,0,4111113433486817,0.145,1.0,1.0,1.0,1.0,0.0,4.0,2.3113,6.0,6.0,3.5
T,0,4242421817342718,0.2878,1.0,1.0,1.0,1.0,1.0,4.0,2.4528,6.0,4.0,3.75
T,0,4111117638716944,0.4979,1.0,1.0,1.0,1.0,0.0,4.0,2.4835,7.0,6.0,4.0
T,0,5105103003237117,-0.4476,1.0,1.0,1.0,1.0,3.0,5.0,2.4528,6.0,4.0,2.4375
T,0,4242425473713906,0.1766,1.0,1.0,1.0,1.0,1.0,4.0,2.9528,9.0,4.0,3.9375
T,0,5555553240700381,0.4194,1.0,1.0,1.0,1.0,4.0,5.0,2.6085,8.0,6.0,3.625
T,0,4111117023386543,0.1616,1.0,1.0,1.0,1.0,0.0,4.0,2.8522,9.0,5.0,3.125
T,0,4111112931868807,0.0021,1.0,1.0,1.0,1.0,0.0,4.0,2.7335,9.0,6.0,3.8125
T,0,4111114950798436,0.4945,1.0,1.0,1.0,1.0,0.0,4.0,2.8522,9.0,5.0,4.0
T,0,4242428934129050,-0.0356,1.0,1.0,1.0,1.0,1.0,4.0,2.75,8.0,4.0,3.6875
T,0,4242421924518978,-0.0174,1.0,1.0,1.0,1.0,1.0,4.0,2.625,7.0,4.0,4.5
T,0,4242425676358210,0.0023,1.0,1.0,1.0,1.0,1.0,4.0,2.9528,9.0,4.0,3.8125
T,0,4111115575402536,0.1081,1.0,1.0,1.0,1.0,0.0,4.0,2.6494,8.0,5.0,3.1875
T,0,4111116244242097,-0.2195,1.0,1.0,1.0,1.0,0.0,4.0,2.4772,7.0,5.0,3.0625
T,0,4111117830927596,0.4436,1.0,1.0,1.0,1.0,0.0,4.0,3.0244,10.0,5.0,4.0625
T,0,4242425380889542,-0.1493,1.0,1.0,1.0,1.0,1.0,4.0,2.5778,7.0,4.0,4.375
T,0,5105107579679792,-0.5697,1.0,1.0,1.0,1.0,3.0,5.0,2.6556,7.0,4.0,5.0
T,0,4111118063775587,0.2267,1.0,1.0,1.0,1.0,0.0,4.0,2.7272,8.0,5.0,4.0625
T,0,6011009292134967,0.1119,1.0,1.0,1.0,1.0,5.0,6.0,2.8585,8.0,3.0,3.75
T,0,4111114268672851,0.2096,1.0,1.0,1.0,1.0,0.0,4.0,2.5306,7.0,6.0,3.625
T,0,4242426768486224,-0.5051,1.0,1.0,1.0,1.0,1.0,4.0,2.1266,5.0,5.0,4.4375
T,0,5555554380695092,0.5585,1.0,1.0,1.0,1.0,4.0,5.0,2.5218,8.0,7.0,4.75
T,0,5555552838206629,0.8435,1.0,1.0,1.0,1.0,4.0,5.0,2.4835,7.0,6.0,4.75
T,0,4111114923939737,0.049,1.0,1.0,1.0,1.0,0.0,4.0,2.43,6.0,5.0,4.0625
T,0,4242429226934470,-0.1523,1.0,1.0,1.0,1.0,1.0,4.0,2.4238,7.0,5.0,4.0
T,0,4111117647421023,0.1862,1.0,1.0,1.0,1.0,0.0,4.0,2.4835,7.0,6.0,2.8125
T,0,4111116825417787,0.4979,1.0,1.0,1.0,1.0,0.0,4.0,2.4835,7.0,6.0,4.0
T,0,5105104569525820,0.1205,1.0,1.0,1.0,1.0,3.0,5.0,2.7272,8.0,5.0,3.625
T,0,4242421679756401,0.1408,1.0,1.0,1.0,1.0,1.0,4.0,2.8278,8.0,4.0,4.0
T,0,4532010123914143,0.2573,1.0,1.0,1.0,1.0,2.0,4.0,2.6556,7.0,4.0,2.6875
T,0,4532013417887124,0.0128,1.0,1.0,1.0,1.0,2.0,4.0,2.9056,8.0,3.0,3.75
T,0,4242429211271508,-0.266,1.0,1.0,1.0,1.0,1.0,4.0,2.68,8.0,5.0,3.375
T,0,4532013225763657,-0.1935,1.0,1.0,1.0,1.0,2.0,4.0,2.8585,8.0,3.0,3.8125
T,0,4111115411194388,-0.4212,1.0,1.0,1.0,1.0,0.0,4.0,2.0778,6.0,8.0,3.3125
T,0,4242420428944177,0.01,1.0,1.0,1.0,1.0,1.0,4.0,2.4056,7.0,6.0,4.0
T,0,5105103380671144,-0.3153,1.0,1.0,1.0,1.0,3.0,5.0,2.8278,8.0,4.0,3.0625
T,0,4111117434761193,0.0118,1.0,1.0,1.0,1.0,0.0,4.0,2.2246,6.0,7.0,3.375
T,0,4111111856117281,1.4415,1.0,1.0,1.0,1.0,0.0,4.0,2.0919,7.0,9.0,3.0625
T,0,4111113358342318,-0.0269,1.0,1.0,1.0,1.0,0.0,4.0,2.2806,6.0,6.0,3.0625
T,0,4242427746452536,-0.2556,1.0,1.0,1.0,1.0,1.0,4.0,2.3994,6.0,5.0,4.1875
T,0,5105100263603814,0.1348,1.0,1.0,1.0,1.0,3.0,5.0,2.8278,8.0,4.0,2.8125
T,0,4111114954421571,0.4587,1.0,1.0,1.0,1.0,0.0,4.0,2.1468,6.0,7.0,3.1875
T,0,5105104853489295,-0.3785,1.0,1.0,1.0,1.0,3.0,5.0,2.875,8.0,4.0,4.3125
T,0,5105103919442108,-0.3744,1.0,1.0,1.0,1.0,3.0,5.0,2.8278,8.0,4.0,3.3125
T,0,4242422803018866,0.163,1.0,1.0,1.0,1.0,1.0,4.0,2.6556,7.0,4.0,3.75
T,0,4532012773831817,-0.1188,1.0,1.0,1.0,1.0,2.0,4.0,2.8585,8.0,3.0,3.875
T,0,4242428607797431,0.0193,1.0,1.0,1.0,1.0,1.0,4.0,2.9056,9.0,4.0,4.375
T,0,4242421599778584,-0.1876,1.0,1.0,1.0,1.0,1.0,4.0,2.7028,7.0,4.0,5.0625
T,0,4532013026330615,0.3961,1.0,1.0,1.0,1.0,2.0,4.0,2.7028,7.0,4.0,2.75
T,0,5105107355528569,0.2695,1.0,1.0,1.0,1.0,3.0,5.0,2.7806,9.0,6.0,4.1875
T,0,5555559720141285,0.0954,1.0,1.0,1.0,1.0,4.0,5.0,2.5218,8.0,7.0,4.3125
T,0,4242429092374710,0.3538,1.0,1.0,1.0,1.0,1.0,4.0,2.625,7.0,4.0,3.75
T,0,4111116180067631,0.1006,1.0,1.0,1.0,1.0,0.0,4.0,2.3496,7.0,7.0,2.9375
T,0,4111115229532332,-0.1177,1.0,1.0,1.0,1.0,0.0,4.0,2.3522,6.0,5.0,2.8125
T,0,4242421165771310,-0.0946,1.0,1.0,1.0,1.0,1.0,4.0,2.7806,8.0,4.0,3.125
T,0,4532017462067656,0.1103,1.0,1.0,1.0,1.0,2.0,4.0,2.875,8.0,4.0,4.0
T,0,4111117619069602,0.1108,1.0,1.0,1.0,1.0,0.0,4.0,2.4835,7.0,6.0,3.4375
T,0,4242425844086065,0.1138,1.0,1.0,1.0,1.0,1.0,4.0,2.4772,6.0,5.0,4.0
T,0,5105103982931102,0.0683,1.0,1.0,1.0,1.0,3.0,5.0,2.7028,7.0,4.0,3.125
T,0,4242422721139935,0.2866,1.0,1.0,1.0,1.0,1.0,4.0,2.6022,7.0,5.0,3.75
T,0,5105106647800885,0.1502,1.0,1.0,1.0,1.0,3.0,5.0,2.6556,7.0,4.0,4.0
T,0,4532017569711503,0.06,1.0,1.0,1.0,1.0,2.0,4.0,3.0306,9.0,3.0,3.6875
T,0,5555552668835877,0.6974,1.0,1.0,1.0,1.0,4.0,5.0,2.2246,6.0,7.0,5.625
T,0,4111116924511712,0.184,1.0,1.0,1.0,1.0,0.0,4.0,2.25,7.0,8.0,2.9375
T,0,5555556531050689,0.5068,1.0,1.0,1.0,1.0,4.0,5.0,2.25,7.0,8.0,4.5625
T,0,4111113907462799,0.2267,1.0,1.0,1.0,1.0,0.0,4.0,2.7272,8.0,5.0,4.0625
T,0,5555557953174445,-0.2102,1.0,1.0,1.0,1.0,4.0,5.0,2.0778,6.0,8.0,4.9375
T,0,5555554956704179,-0.2907,1.0,1.0,1.0,1.0,4.0,5.0,2.3968,7.0,7.0,5.125
T,0,4111112711758202,0.2088,1.0,1.0,1.0,1.0,0.0,4.0,2.3496,7.0,7.0,2.75
T,0,4532018743576341,0.0289,1.0,1.0,1.0,1.0,2.0,4.0,3.0306,9.0,3.0,3.9375
T,0,4111113534220420,-0.1604,1.0,1.0,1.0,1.0,0.0,4.0,2.43,6.0,5.0,2.125
T,0,5555556019577112,0.0823,1.0,1.0,1.0,1.0,4.0,5.0,2.3496,7.0,7.0,4.3125
T,0,5555553777591211,0.0884,1.0,1.0,1.0,1.0,4.0,5.0,2.1774,6.0,7.0,4.5625
T,0,4111118450403314,0.2377,1.0,1.0,1.0,1.0,0.0,4.0,2.2806,6.0,6.0,2.5625
T,0,4242429902973453,-0.2069,1.0,1.0,1.0,1.0,1.0,4.0,2.5778,7.0,4.0,4.3125
T,0,4111116749711489,0.2809,1.0,1.0,1.0,1.0,0.0,4.0,2.2246,6.0,7.0,4.0625
T,0,4532019082169466,0.2292,1.0,1.0,1.0,1.0,2.0,4.0,3.0778,9.0,3.0,4.125
T,0,4111110147308550,0.1837,1.0,1.0,1.0,1.0,0.0,4.0,2.4835,7.0,6.0,2.625
T,0,4242423532110479,-0.1597,1.0,1.0,1.0,1.0,1.0,4.0,2.75,8.0,4.0,3.3125
T,0,4111119469983163,0.0754,1.0,1.0,1.0,1.0,0.0,4.0,2.3585,6.0,6.0,4.1875
T,0,5555559380897309,0.1382,1.0,1.0,1.0,1.0,4.0,5.0,2.3585,6.0,6.0,5.375
T,0,4242427564687841,0.1287,1.0,1.0,1.0,1.0,1.0,4.0,2.6022,7.0,5.0,4.625
T,0,4111115670896996,-0.0297,1.0,1.0,1.0,1.0,0.0,4.0,2.68,8.0,5.0,4.625
T,0,4242424294843273,-0.0017,1.0,1.0,1.0,1.0,1.0,4.0,2.18,6.0,6.0,4.0
T,0,6011009489885942,0.2221,1.0,1.0,1.0,1.0,5.0,6.0,2.8585,8.0,3.0,4.625
T,0,4111113570139179,-0.0395,1.0,1.0,1.0,1.0,0.0,4.0,2.3968,7.0,7.0,3.375
T,0,4242427667865476,-0.6569,1.0,1.0,1.0,1.0,1.0,4.0,2.4056,6.0,4.0,5.0
T,0,4242425495706318,0.3314,1.0,1.0,1.0,1.0,1.0,4.0,3.0778,10.0,4.0,4.125
T,0,4242427961535148,0.2761,1.0,1.0,1.0,1.0,1.0,4.0,2.9528,9.0,4.0,4.1875
T,0,4242428804138546,0.0574,1.0,1.0,1.0,1.0,1.0,4.0,2.68,8.0,5.0,4.0625
T,0,4111110301789751,-0.2005,1.0,1.0,1.0,1.0,0.0,4.0,2.5218,8.0,7.0,3.125
T,0,5555555660176737,-0.1473,1.0,1.0,1.0,1.0,4.0,5.0,2.1774,6.0,7.0,4.875
T,0,4111119756700189,-0.1066,1.0,1.0,1.0,1.0,0.0,4.0,2.6556,8.0,6.0,3.8125
T,0,4111110116496576,0.0463,1.0,1.0,1.0,1.0,0.0,4.0,2.3496,7.0,7.0,3.375
T,0,4111110893843370,0.1172,1.0,1.0,1.0,1.0,0.0,4.0,2.6022,7.0,5.0,3.375
T,0,4111114047285660,-0.0294,1.0,1.0,1.0,1.0,0.0,4.0,2.7272,8.0,5.0,3.1875
T,0,4532016046542044,0.1344,1.0,1.0,1.0,1.0,2.0,4.0,2.6022,7.0,5.0,3.125
T,0,4111119604260352,0.2491,1.0,1.0,1.0,1.0,0.0,4.0,2.7744,8.0,5.0,2.875
T,0,4111117553652546,-0.0736,1.0,1.0,1.0,1.0,0.0,4.0,2.5244,7.0,5.0,3.5625
T,0,4532016733989631,0.371,1.0,1.0,1.0,1.0,2.0,4.0,3.125,10.0,4.0,4.375
T,0,4242420050479419,-0.1228,1.0,1.0,1.0,1.0,1.0,4.0,2.555,7.0,5.0,3.5625
T,0,4111117328736442,0.0991,1.0,1.0,1.0,1.0,0.0,4.0,2.6022,7.0,5.0,3.4375
T,0,6011008181146082,-0.4111,1.0,1.0,1.0,1.0,5.0,6.0,2.3522,6.0,5.0,2.9375
T,0,4242427039026583,0.0023,1.0,1.0,1.0,1.0,1.0,4.0,2.9528,9.0,4.0,3.8125
T,0,4111111109636780,-0.2005,1.0,1.0,1.0,1.0,0.0,4.0,2.5218,8.0,7.0,3.125
T,0,5555553920140767,0.3183,1.0,1.0,1.0,1.0,4.0,5.0,2.7806,9.0,6.0,4.3125
T,0,4242424606802280,0.7278,1.0,1.0,1.0,1.0,1.0,4.0,2.2272,5.0,5.0,3.375
T,0,4242424620237695,0.1773,1.0,1.0,1.0,1.0,1.0,4.0,2.6494,8.0,5.0,3.875
T,0,5105108281016844,-0.111,1.0,1.0,1.0,1.0,3.0,5.0,2.6556,7.0,4.0,3.375
T,0,4111118365250370,0.1395,1.0,1.0,1.0,1.0,0.0,4.0,2.8994,9.0,5.0,3.0
T,0,6011004861642003,-0.5458,1.0,1.0,1.0,1.0,5.0,6.0,2.555,7.0,5.0,2.625
T,0,5555557774012576,0.4769,1.0,1.0,1.0,1.0,4.0,5.0,2.2718,7.0,7.0,4.75
T,0,5105103638926084,-0.4724,1.0,1.0,1.0,1.0,3.0,5.0,3.0778,9.0,3.0,3.8125
T,0,5555554527526622,-0.0826,1.0,1.0,1.0,1.0,4.0,5.0,1.875,5.0,8.0,4.4375
T,0,4242421155921511,0.0315,1.0,1.0,1.0,1.0,1.0,4.0,2.18,5.0,5.0,3.0625
T,0,4242421597713948,-0.1384,1.0,1.0,1.0,1.0,1.0,4.0,2.8278,8.0,4.0,4.5
T,0,4111112235585727,-0.1825,1.0,1.0,1.0,1.0,0.0,4.0,2.555,7.0,5.0,3.4375
T,0,6011001825865100,-0.3942,1.0,1.0,1.0,1.0,5.0,6.0,2.3994,6.0,5.0,2.75
T,0,4111118818010652,-0.0758,1.0,1.0,1.0,1.0,0.0,4.0,2.3496,7.0,7.0,3.0
T,0,6011009540904666,-0.2663,1.0,1.0,1.0,1.0,5.0,6.0,2.3994,6.0,5.0,3.5625
T,0,4111114055253444,-0.5012,1.0,1.0,1.0,1.0,0.0,4.0,2.2516,6.0,5.0,2.8125
T,0,4242422614692040,0.3008,1.0,1.0,1.0,1.0,1.0,4.0,2.2988,6.0,5.0,3.25
T,0,4242425875793720,-0.0215,1.0,1.0,1.0,1.0,1.0,4.0,2.7806,8.0,4.0,4.4375
T,0,4111113837396794,0.2787,1.0,1.0,1.0,1.0,0.0,4.0,2.6022,7.0,5.0,4.25
T,0,6011008279122417,-0.382,1.0,1.0,1.0,1.0,5.0,6.0,2.7806,8.0,4.0,3.1875
T,0,4111112072742183,0.1862,1.0,1.0,1.0,1.0,0.0,4.0,2.4835,7.0,6.0,2.8125
T,0,4111113672897500,0.0181,1.0,1.0,1.0,1.0,0.0,4.0,3.0244,10.0,5.0,3.5
T,0,4242426006939729,-0.2186,1.0,1.0,1.0,1.0,1.0,4.0,2.6556,7.0,4.0,4.3125
T,0,4242429400417771,0.0502,1.0,1.0,1.0,1.0,1.0,4.0,2.43,6.0,5.0,3.625
T,0,6011004635453836,-0.1106,1.0,1.0,1.0,1.0,5.0,6.0,2.7335,7.0,3.0,3.4375
T,0,4111110793760930,0.0986,1.0,1.0,1.0,1.0,0.0,4.0,2.6022,7.0,5.0,3.3125
T,0,4111118878338084,0.0538,1.0,1.0,1.0,1.0,0.0,4.0,2.2988,6.0,5.0,4.125
T,0,5555551588404434,0.4599,1.0,1.0,1.0,1.0,4.0,5.0,2.1468,6.0,7.0,4.4375
T,0,4532018828631003,-0.3203,1.0,1.0,1.0,1.0,2.0,4.0,2.8585,8.0,3.0,3.375
T,0,4242422017870920,-0.1745,1.0,1.0,1.0,1.0,1.0,4.0,2.555,7.0,5.0,3.375
T,0,4111110427772384,-0.183,1.0,1.0,1.0,1.0,0.0,4.0,2.555,7.0,5.0,3.3125
T,0,4111116213649629,-0.137,1.0,1.0,1.0,1.0,0.0,4.0,2.3585,6.0,6.0,3.5625
T,0,4111118601881558,0.1636,1.0,1.0,1.0,1.0,0.0,4.0,2.1468,6.0,7.0,3.6875
T,0,4242428661349392,-0.0476,1.0,1.0,1.0,1.0,1.0,4.0,2.625,7.0,4.0,4.3125
T,0,4111119330137528,0.076,1.0,1.0,1.0,1.0,0.0,4.0,2.7335,9.0,6.0,3.125
T,0,4532010172942912,-0.0582,1.0,1.0,1.0,1.0,2.0,4.0,2.8278,8.0,4.0,3.25
T,0,4111117654932607,0.1725,1.0,1.0,1.0,1.0,0.0,4.0,2.8994,9.0,5.0,3.625
T,0,4111119065195212,-0.2028,1.0,1.0,1.0,1.0,0.0,4.0,2.3968,7.0,7.0,3.0625
T,0,5555554817878766,-0.4648,1.0,1.0,1.0,1.0,4.0,5.0,2.3113,6.0,6.0,5.75
T,0,4532012329612471,0.1327,1.0,1.0,1.0,1.0,2.0,4.0,2.9528,9.0,4.0,3.25
T,0,4242425817045445,-0.3182,1.0,1.0,1.0,1.0,1.0,4.0,2.4363,7.0,6.0,3.8125
T,0,5555555301881638,0.0884,1.0,1.0,1.0,1.0,4.0,5.0,2.2246,6.0,7.0,4.5625
T,0,4242423566190801,0.1117,1.0,1.0,1.0,1.0,1.0,4.0,3.0306,9.0,3.0,3.5625
T,0,5105108948662857,-0.3253,1.0,1.0,1.0,1.0,3.0,5.0,3.0306,9.0,3.0,4.6875
T,0,4242425230891888,-0.1591,1.0,1.0,1.0,1.0,1.0,4.0,2.7028,8.0,4.0,4.375
T,0,4111114169286512,-0.0582,1.0,1.0,1.0,1.0,0.0,4.0,2.3968,7.0,7.0,3.3125
T,0,4111113306590901,0.1862,1.0,1.0,1.0,1.0,0.0,4.0,2.4835,7.0,6.0,2.8125
T,0,4532010534052202,-0.813,1.0,1.0,1.0,1.0,2.0,4.0,2.4528,6.0,4.0,2.375
T,0,4111119862521354,-0.3462,1.0,1.0,1.0,1.0,0.0,4.0,2.6556,8.0,6.0,3.375
T,0,5555553010408504,0.3533,1.0,1.0,1.0,1.0,4.0,5.0,2.1468,6.0,7.0,3.4375
T,0,4242420603091364,0.0532,1.0,1.0,1.0,1.0,1.0,4.0,2.6556,7.0,4.0,3.125
T,0,4532014148067796,0.2084,1.0,1.0,1.0,1.0,2.0,4.0,3.2028,10.0,3.0,4.1875
T,0,5105102993742029,-0.2437,1.0,1.0,1.0,1.0,3.0,5.0,2.8585,8.0,3.0,3.6875
T,0,4242425375250031,-0.2941,1.0,1.0,1.0,1.0,1.0,4.0,2.6556,7.0,4.0,3.0625
T,0,5105106251014237,0.2021,1.0,1.0,1.0,1.0,3.0,5.0,2.7806,8.0,4.0,2.6875
T,0,4111111170611027,-1.0618,1.0,1.0,1.0,1.0,0.0,4.0,1.9669,6.0,9.0,2.1875
T,0,4242429727030232,-0.0322,1.0,1.0,1.0,1.0,1.0,4.0,2.3585,6.0,6.0,3.3125
T,0,4111117490601994,0.3192,1.0,1.0,1.0,1.0,0.0,4.0,2.3113,6.0,6.0,3.625
T,0,4111116616986479,0.1724,1.0,1.0,1.0,1.0,0.0,4.0,2.2806,6.0,6.0,4.4375
T,0,4111115132534045,0.3013,1.0,1.0,1.0,1.0,0.0,4.0,2.3113,6.0,6.0,2.5625
T,0,4111114851645314,0.4326,1.0,1.0,1.0,1.0,0.0,4.0,2.1468,6.0,7.0,3.125
T,0,4111117564451946,0.3406,1.0,1.0,1.0,1.0,0.0,4.0,2.2806,6.0,6.0,3.75
T,0,4532017412921762,0.243,1.0,1.0,1.0,1.0,2.0,4.0,2.9528,9.0,4.0,3.5
T,0,4242421255860866,0.1699,1.0,1.0,1.0,1.0,1.0,4.0,2.6556,7.0,4.0,4.0625
T,0,4242421617398290,0.3565,1.0,1.0,1.0,1.0,1.0,4.0,2.9528,9.0,4.0,4.0
T,0,4111112254015929,-0.1466,1.0,1.0,1.0,1.0,0.0,4.0,2.3585,6.0,6.0,3.0
T,0,4242420396041683,0.2498,1.0,1.0,1.0,1.0,1.0,4.0,2.8278,8.0,4.0,3.625
T,0,4111114299977519,0.1724,1.0,1.0,1.0,1.0,0.0,4.0,2.2806,6.0,6.0,4.4375
T,0,4111110996357930,0.1624,1.0,1.0,1.0,1.0,0.0,4.0,2.7272,8.0,5.0,3.75
T,0,5555553330610557,-0.4168,1.0,1.0,1.0,1.0,4.0,5.0,2.0778,6.0,8.0,3.9375
T,0,5105107023121706,-0.206,1.0,1.0,1.0,1.0,3.0,5.0,2.625,7.0,4.0,2.5625
T,0,4111114244937675,0.3951,1.0,1.0,1.0,1.0,0.0,4.0,2.6494,8.0,5.0,3.75
T,0,4242427822755356,-0.0819,1.0,1.0,1.0,1.0,1.0,4.0,2.555,7.0,5.0,4.25
T,0,4242423721871592,-0.0554,1.0,1.0,1.0,1.0,1.0,4.0,2.7272,8.0,5.0,3.9375
T,0,4532016809708592,-0.0085,1.0,1.0,1.0,1.0,2.0,4.0,3.2028,10.0,3.0,4.3125
T,0,4532013701920730,0.0046,1.0,1.0,1.0,1.0,2.0,4.0,2.8278,8.0,4.0,2.9375
T,0,4111110324938542,-0.2214,1.0,1.0,1.0,1.0,0.0,4.0,2.7272,8.0,5.0,3.0625
T,0,4111115939384388,-0.2677,1.0,1.0,1.0,1.0,0.0,4.0,2.43,6.0,5.0,4.3125
T,0,5555552600195794,0.0608,1.0,1.0,1.0,1.0,4.0,5.0,2.5218,8.0,7.0,4.5625
T,0,4532015993132221,0.1009,1.0,1.0,1.0,1.0,2.0,4.0,2.6556,7.0,4.0,3.25
T,0,5105100729355645,0.2183,1.0,1.0,1.0,1.0,3.0,5.0,2.8522,9.0,5.0,3.625
T,0,4242429165520363,0.2498,1.0,1.0,1.0,1.0,1.0,4.0,2.8278,8.0,4.0,3.625
T,0,4111112986767458,0.2347,1.0,1.0,1.0,1.0,0.0,4.0,2.7744,8.0,5.0,4.4375
T,0,4242426382120514,0.0665,1.0,1.0,1.0,1.0,1.0,4.0,2.6494,8.0,5.0,3.125
T,0,4242427021830950,-0.2027,1.0,1.0,1.0,1.0,1.0,4.0,2.9056,9.0,4.0,3.3125
T,0,4111112640342078,0.041,1.0,1.0,1.0,1.0,0.0,4.0,2.7272,8.0,5.0,2.8125
T,0,4111110540014227,0.2103,1.0,1.0,1.0,1.0,0.0,4.0,2.3113,6.0,6.0,2.125
T,0,4111119988880726,0.4047,1.0,1.0,1.0,1.0,0.0,4.0,2.6494,8.0,5.0,4.625
T,0,5105105861357150,0.202,1.0,1.0,1.0,1.0,3.0,5.0,2.4772,7.0,5.0,3.3125
T,0,4242420373787456,-0.0655,1.0,1.0,1.0,1.0,1.0,4.0,2.7806,8.0,4.0,4.25
T,0,4242422959061306,-0.0735,1.0,1.0,1.0,1.0,1.0,4.0,2.8278,8.0,4.0,3.6875
T,0,4111114865772666,0.2024,1.0,1.0,1.0,1.0,0.0,4.0,2.5244,7.0,5.0,4.125
T,0,4111116480450461,0.1906,1.0,1.0,1.0,1.0,0.0,4.0,2.2806,6.0,6.0,2.9375
T,0,4242421760162881,0.2669,1.0,1.0,1.0,1.0,1.0,4.0,2.6556,7.0,4.0,3.625
T,0,4111115579155155,0.9562,1.0,1.0,1.0,1.0,0.0,4.0,1.8024,5.0,7.0,3.5625
T,0,4532016392863895,-0.1374,1.0,1.0,1.0,1.0,2.0,4.0,3.0778,9.0,3.0,4.625
T,0,4111116711275240,0.156,1.0,1.0,1.0,1.0,0.0,4.0,2.3968,7.0,7.0,2.75
T,0,4111113539046408,-0.0294,1.0,1.0,1.0,1.0,0.0,4.0,2.7272,8.0,5.0,3.1875
T,0,4242423476588847,-0.3176,1.0,1.0,1.0,1.0,1.0,4.0,2.555,7.0,5.0,4.875
T,0,5105108847389420,-0.4672,1.0,1.0,1.0,1.0,3.0,5.0,3.0306,9.0,3.0,4.0625
T,0,4111114762011556,0.0388,1.0,1.0,1.0,1.0,0.0,4.0,2.3968,7.0,7.0,2.875
T,0,4242429746963041,-0.0019,1.0,1.0,1.0,1.0,1.0,4.0,2.7272,8.0,5.0,4.1875
T,0,5105108937105165,-0.0261,1.0,1.0,1.0,1.0,3.0,5.0,2.7028,8.0,4.0,3.5625
T,0,4242422646270344,0.0598,1.0,1.0,1.0,1.0,1.0,4.0,2.18,6.0,6.0,3.5
T,0,5555550837986506,-0.2907,1.0,1.0,1.0,1.0,4.0,5.0,2.3968,7.0,7.0,5.125
T,0,5555557450798662,-0.438,1.0,1.0,1.0,1.0,4.0,5.0,2.5218,8.0,7.0,5.25
T,0,4111116144906650,0.308,1.0,1.0,1.0,1.0,0.0,4.0,2.3113,6.0,6.0,3.125
T,0,4532017310930170,-0.0824,1.0,1.0,1.0,1.0,2.0,4.0,2.7806,8.0,4.0,2.875
T,0,5555557180749613,0.8436,1.0,1.0,1.0,1.0,4.0,5.0,2.7806,9.0,6.0,4.75
T,0,5105107877924510,-0.2048,1.0,1.0,1.0,1.0,3.0,5.0,2.8113,8.0,3.0,3.875
T,0,4242429764834942,-0.0542,1.0,1.0,1.0,1.0,1.0,4.0,2.4056,7.0,6.0,4.625
T,0,4532017511559737,0.0792,1.0,1.0,1.0,1.0,2.0,4.0,2.7806,8.0,4.0,4.0625
T,0,4242421781555824,0.2759,1.0,1.0,1.0,1.0,1.0,4.0,2.4528,6.0,4.0,4.0
T,0,4242427604201942,-0.1596,1.0,1.0,1.0,1.0,1.0,4.0,2.4238,7.0,5.0,3.3125
T,0,4242424064002167,-0.2547,1.0,1.0,1.0,1.0,1.0,4.0,2.3522,6.0,5.0,3.0
T,0,4242426892378685,0.07,1.0,1.0,1.0,1.0,1.0,4.0,2.7806,8.0,4.0,5.0
T,0,4111113217116135,0.9114,1.0,1.0,1.0,1.0,0.0,4.0,2.0919,7.0,9.0,2.4375
T,0,4242426231680825,-0.0897,1.0,1.0,1.0,1.0,1.0,4.0,2.7272,8.0,5.0,3.6875
T,0,4111113174390699,0.4097,1.0,1.0,1.0,1.0,0.0,4.0,2.4835,7.0,6.0,3.75
T,0,4111110793706677,-0.0304,1.0,1.0,1.0,1.0,0.0,4.0,2.5244,7.0,5.0,3.8125
T,0,4111110476066472,-0.0121,1.0,1.0,1.0,1.0,0.0,4.0,2.43,6.0,5.0,3.1875
T,0,4242423539966956,-0.5051,1.0,1.0,1.0,1.0,1.0,4.0,2.5613,6.0,3.0,4.9375
T,0,5105101234857729,-0.2336,1.0,1.0,1.0,1.0,3.0,5.0,3.0306,9.0,3.0,3.75
T,0,4111113490458691,0.2898,1.0,1.0,1.0,1.0,0.0,4.0,2.6085,8.0,6.0,3.625
T,0,4242429358239706,0.1169,1.0,1.0,1.0,1.0,1.0,4.0,2.9528,9.0,4.0,4.375
T,0,4532010937403374,-0.319,1.0,1.0,1.0,1.0,2.0,4.0,2.7806,8.0,4.0,3.4375
T,0,4111117661956383,0.3006,1.0,1.0,1.0,1.0,0.0,4.0,2.6085,8.0,6.0,3.9375
T,0,4111112461936768,0.1537,1.0,1.0,1.0,1.0,0.0,4.0,2.6085,8.0,6.0,3.8125
T,0,4111112860283655,-0.101,1.0,1.0,1.0,1.0,0.0,4.0,2.7744,8.0,5.0,3.375
T,0,4532019766043029,0.0331,1.0,1.0,1.0,1.0,2.0,4.0,3.0778,9.0,3.0,3.8125
T,0,4111110435261123,-0.267,1.0,1.0,1.0,1.0,0.0,4.0,2.3968,7.0,7.0,2.25
T,0,4242421383240775,0.2632,1.0,1.0,1.0,1.0,1.0,4.0,2.75,8.0,4.0,3.625
T,0,4242421679813384,-0.0298,1.0,1.0,1.0,1.0,1.0,4.0,2.8278,8.0,4.0,4.25
T,0,4111119778012894,0.3807,1.0,1.0,1.0,1.0,0.0,4.0,2.5306,7.0,6.0,4.0
T,0,4111114869850880,0.26,1.0,1.0,1.0,1.0,0.0,4.0,2.5244,7.0,5.0,4.0625
T,0,4242424925274682,-0.0435,1.0,1.0,1.0,1.0,1.0,4.0,2.305,7.0,6.0,4.1875
T,0,4111116342628379,0.017,1.0,1.0,1.0,1.0,0.0,4.0,2.7744,8.0,5.0,3.6875
T,0,4242425865989908,-0.6426,1.0,1.0,1.0,1.0,1.0,4.0,2.6863,7.0,3.0,5.3125
T,0,4532011793935723,0.1103,1.0,1.0,1.0,1.0,2.0,4.0,2.875,8.0,4.0,4.0
T,0,4242421193484746,0.4071,1.0,1.0,1.0,1.0,1.0,4.0,2.6085,8.0,6.0,4.0625
T,0,4242421736341379,0.0023,1.0,1.0,1.0,1.0,1.0,4.0,2.6556,7.0,4.0,3.875
T,0,4242420739028306,-0.0199,1.0,1.0,1.0,1.0,1.0,4.0,2.7806,8.0,4.0,3.5
T,0,4111117901831164,-0.6515,1.0,1.0,1.0,1.0,0.0,4.0,2.375,8.0,8.0,3.0625
T,0,4242429878652669,-0.74,1.0,1.0,1.0,1.0,1.0,4.0,2.6556,7.0,4.0,5.25
T,0,4111117355353145,0.2635,1.0,1.0,1.0,1.0,0.0,4.0,2.1085,5.0,6.0,3.125
T,0,4111115533107102,-0.267,1.0,1.0,1.0,1.0,0.0,4.0,2.3968,7.0,7.0,2.25
T,0,6011002979177714,-0.1439,1.0,1.0,1.0,1.0,5.0,6.0,2.5778,7.0,4.0,3.875
T,0,4111116433009620,-0.1456,1.0,1.0,1.0,1.0,0.0,4.0,2.6022,7.0,5.0,2.625
T,0,4242422489896957,0.1135,1.0,1.0,1.0,1.0,1.0,4.0,2.5778,7.0,4.0,5.3125
T,0,5105106182716454,-0.0762,1.0,1.0,1.0,1.0,3.0,5.0,2.8278,8.0,4.0,3.5
T,0,4111116223545338,0.185,1.0,1.0,1.0,1.0,0.0,4.0,2.6022,7.0,5.0,3.125
T,0,4111117155500846,0.216,1.0,1.0,1.0,1.0,0.0,4.0,2.4835,7.0,6.0,3.125
T,0,4242428427964567,0.2547,1.0,1.0,1.0,1.0,1.0,4.0,2.5244,7.0,5.0,4.75
T,0,4242420379310428,-0.1523,1.0,1.0,1.0,1.0,1.0,4.0,2.75,8.0,4.0,3.4375
T,0,4111115727723862,0.0647,1.0,1.0,1.0,1.0,0.0,4.0,2.68,8.0,5.0,3.625
T,0,5555553283106124,0.0764,1.0,1.0,1.0,1.0,4.0,5.0,2.6556,8.0,6.0,3.75
T,0,4111114702932895,0.1725,1.0,1.0,1.0,1.0,0.0,4.0,2.8994,9.0,5.0,3.625
T,0,4532014608134599,0.2546,1.0,1.0,1.0,1.0,2.0,4.0,3.0778,9.0,3.0,4.0
T,0,5105109672131978,-0.309,1.0,1.0,1.0,1.0,3.0,5.0,3.0,9.0,4.0,4.0625
T,0,4111115850938014,0.125,1.0,1.0,1.0,1.0,0.0,4.0,2.5306,7.0,6.0,3.25
T,0,4242426361371427,0.2754,1.0,1.0,1.0,1.0,1.0,4.0,2.5,6.0,4.0,3.625
T,0,4532019136961017,0.3727,1.0,1.0,1.0,1.0,2.0,4.0,3.0,9.0,4.0,3.625
T,0,4532012847739129,0.2271,1.0,1.0,1.0,1.0,2.0,4.0,3.0778,9.0,3.0,4.1875
T,0,6011006616332178,-0.2005,1.0,1.0,1.0,1.0,5.0,6.0,2.5778,7.0,4.0,3.1875
T,0,5105102062892861,0.0315,1.0,1.0,1.0,1.0,3.0,5.0,2.7335,7.0,3.0,3.5
T,0,4111117267455442,-0.0552,1.0,1.0,1.0,1.0,0.0,4.0,2.3994,6.0,5.0,3.4375
T,0,4242428819096879,-0.4611,1.0,1.0,1.0,1.0,1.0,4.0,2.8113,8.0,3.0,5.1875
T,0,4111113246085418,-0.0728,1.0,1.0,1.0,1.0,0.0,4.0,2.6085,8.0,6.0,3.125
T,0,4242421752222735,0.0489,1.0,1.0,1.0,1.0,1.0,4.0,2.2246,6.0,7.0,3.375
T,0,4242426184034152,0.088,1.0,1.0,1.0,1.0,1.0,4.0,2.6494,8.0,5.0,3.25
T,0,4111117826729618,0.4132,1.0,1.0,1.0,1.0,0.0,4.0,2.5306,7.0,6.0,4.0625
T,0,4111111907985033,-0.3462,1.0,1.0,1.0,1.0,0.0,4.0,2.6556,8.0,6.0,3.375
T,0,5105106175078532,-0.1191,1.0,1.0,1.0,1.0,3.0,5.0,2.7806,8.0,4.0,3.5
T,0,4242423522921745,0.1629,1.0,1.0,1.0,1.0,1.0,4.0,2.4056,7.0,6.0,3.625
T,0,4532012855332395,0.0815,1.0,1.0,1.0,1.0,2.0,4.0,2.7028,8.0,4.0,3.75
T,0,4111119546162997,0.408,1.0,1.0,1.0,1.0,0.0,4.0,2.4835,7.0,6.0,4.1875
T,0,4532018195935078,0.0679,1.0,1.0,1.0,1.0,2.0,4.0,3.0778,9.0,3.0,4.375
T,0,4532017929379363,0.0961,1.0,1.0,1.0,1.0,2.0,4.0,2.9528,9.0,4.0,4.5625
T,0,5555555176945195,-0.5479,1.0,1.0,1.0,1.0,4.0,5.0,1.9669,6.0,9.0,5.125
T,0,4242426267774393,-0.0167,1.0,1.0,1.0,1.0,1.0,4.0,2.4528,6.0,4.0,4.5
T,0,4111114833134106,-0.0539,1.0,1.0,1.0,1.0,0.0,4.0,2.1774,6.0,7.0,2.625
T,0,4111116669371090,0.1525,1.0,1.0,1.0,1.0,0.0,4.0,2.4835,7.0,6.0,3.5
T,0,4242428209142911,0.078,1.0,1.0,1.0,1.0,1.0,4.0,2.3522,6.0,5.0,3.4375
T,0,4111114452972042,-0.1784,1.0,1.0,1.0,1.0,0.0,4.0,2.4772,7.0,5.0,3.0
T,0,4242429064639595,-0.1747,1.0,1.0,1.0,1.0,1.0,4.0,2.6556,7.0,4.0,4.625
T,0,4111117901261321,-0.2858,1.0,1.0,1.0,1.0,0.0,4.0,2.375,8.0,8.0,2.5625
T,0,5105104394935939,-0.0515,1.0,1.0,1.0,1.0,3.0,5.0,2.5306,6.0,4.0,4.375
T,0,4111117142503903,0.0747,1.0,1.0,1.0,1.0,0.0,4.0,2.6556,8.0,6.0,2.6875
T,0,4532012624016089,0.0361,1.0,1.0,1.0,1.0,2.0,4.0,3.0306,9.0,3.0,3.3125
T,0,4111115871016733,-0.2005,1.0,1.0,1.0,1.0,0.0,4.0,2.5218,8.0,7.0,3.125
T,0,5555552283527933,0.284,1.0,1.0,1.0,1.0,4.0,5.0,2.1774,6.0,7.0,4.625
T,0,4111113024312281,-0.4506,1.0,1.0,1.0,1.0,0.0,4.0,2.2246,6.0,7.0,2.1875
T,0,4111116502508510,0.0691,1.0,1.0,1.0,1.0,0.0,4.0,2.4363,7.0,6.0,2.5625
T,0,4242421555341377,-0.0211,1.0,1.0,1.0,1.0,1.0,4.0,2.5306,6.0,4.0,3.6875
T,0,4242423866025061,-0.2931,1.0,1.0,1.0,1.0,1.0,4.0,2.7806,8.0,4.0,3.4375
T,0,4532010989895865,0.8704,1.0,1.0,1.0,1.0,2.0,4.0,2.9835,9.0,3.0,5.125
T,0,4532017438115951,0.124,1.0,1.0,1.0,1.0,2.0,4.0,2.9528,9.0,4.0,3.6875
T,0,6011000062540483,-0.0076,1.0,1.0,1.0,1.0,5.0,6.0,2.6556,8.0,6.0,2.5
T,0,4242423271655387,0.1408,1.0,1.0,1.0,1.0,1.0,4.0,2.8278,8.0,4.0,4.0625
T,0,4242421557546551,-0.056,1.0,1.0,1.0,1.0,1.0,4.0,2.3522,6.0,5.0,3.875
T,0,4242423781492040,0.2323,1.0,1.0,1.0,1.0,1.0,4.0,2.6494,8.0,5.0,3.5
T,0,5105102992318441,-0.3541,1.0,1.0,1.0,1.0,3.0,5.0,2.875,8.0,4.0,3.4375
T,0,4111115489225379,0.1255,1.0,1.0,1.0,1.0,0.0,4.0,2.7744,8.0,5.0,3.9375
T,0,4532016565185522,0.0794,1.0,1.0,1.0,1.0,2.0,4.0,2.7272,8.0,5.0,3.75
T,0,4111117295457501,0.129,1.0,1.0,1.0,1.0,0.0,4.0,2.4835,7.0,6.0,3.375
T,0,4111113095749015,0.125,1.0,1.0,1.0,1.0,0.0,4.0,2.5306,7.0,6.0,3.25
T,0,4242420783476609,-0.0298,1.0,1.0,1.0,1.0,1.0,4.0,2.8278,8.0,4.0,4.25
T,0,4532016928846612,0.1831,1.0,1.0,1.0,1.0,2.0,4.0,3.0306,9.0,3.0,4.1875
T,0,4111118364888097,0.1809,1.0,1.0,1.0,1.0,0.0,4.0,2.6494,8.0,5.0,4.375
T,0,4111116647488305,0.1624,1.0,1.0,1.0,1.0,0.0,4.0,2.7272,8.0,5.0,3.75
T,0,4111112738559799,-0.0527,1.0,1.0,1.0,1.0,0.0,4.0,2.7272,8.0,5.0,4.5625
T,0,5555557829660957,0.0384,1.0,1.0,1.0,1.0,4.0,5.0,2.3968,7.0,7.0,5.5625
T,0,4111113509675632,-0.2241,1.0,1.0,1.0,1.0,0.0,4.0,2.8994,9.0,5.0,3.4375
T,0,4242421293722524,0.1316,1.0,1.0,1.0,1.0,1.0,4.0,2.2718,7.0,7.0,3.4375
T,0,4242424665715464,0.0371,1.0,1.0,1.0,1.0,1.0,4.0,2.3113,6.0,6.0,4.125
T,0,4111110570455373,-0.1729,1.0,1.0,1.0,1.0,0.0,4.0,2.4772,6.0,5.0,3.0
T,0,5105100054394797,0.1955,1.0,1.0,1.0,1.0,3.0,5.0,2.7028,7.0,4.0,3.75
T,0,4532013534409208,-0.3027,1.0,1.0,1.0,1.0,2.0,4.0,2.8585,8.0,3.0,3.3125
T,0,5555553019048186,-0.0704,1.0,1.0,1.0,1.0,4.0,5.0,2.6556,8.0,6.0,4.375
T,0,4111113593896581,0.3556,1.0,1.0,1.0,1.0,0.0,4.0,2.5306,7.0,6.0,4.125
T,0,4111119435133687,0.2898,1.0,1.0,1.0,1.0,0.0,4.0,2.6085,8.0,6.0,3.625
T,0,4532019376798434,0.1098,1.0,1.0,1.0,1.0,2.0,4.0,3.1556,10.0,3.0,4.6875
T,0,6011000924223351,-0.3227,1.0,1.0,1.0,1.0,5.0,6.0,2.7806,8.0,4.0,2.4375
T,0,4532018338658512,0.0611,1.0,1.0,1.0,1.0,2.0,4.0,2.8585,8.0,3.0,4.0
T,0,4111117049218175,-0.4053,1.0,1.0,1.0,1.0,0.0,4.0,2.5218,8.0,7.0,3.3125
T,0,4111119894763792,-0.0527,1.0,1.0,1.0,1.0,0.0,4.0,2.7272,8.0,5.0,4.5625
T,0,5555555771443786,-0.4674,1.0,1.0,1.0,1.0,4.0,5.0,2.3496,7.0,7.0,5.125
T,0,4111113844683416,0.1728,1.0,1.0,1.0,1.0,0.0,4.0,2.1556,5.0,6.0,3.5
T,0,4111114268248793,0.018,1.0,1.0,1.0,1.0,0.0,4.0,2.7272,8.0,5.0,3.875
T,0,6011005531544552,-0.4412,1.0,1.0,1.0,1.0,5.0,6.0,2.555,7.0,5.0,2.9375
T,0,4111115971328905,0.088,1.0,1.0,1.0,1.0,0.0,4.0,2.7806,9.0,6.0,3.625
T,0,4242421160633275,-0.0323,1.0,1.0,1.0,1.0,1.0,4.0,2.8278,8.0,4.0,3.25
T,0,4532011131802452,-0.4518,1.0,1.0,1.0,1.0,2.0,4.0,2.7028,7.0,4.0,2.625
T,0,4111110676018927,-0.3644,1.0,1.0,1.0,1.0,0.0,4.0,2.6556,8.0,6.0,3.4375
T,0,5105107350350696,0.2622,1.0,1.0,1.0,1.0,3.0,5.0,2.625,7.0,4.0,3.5
T,0,4242423900744537,0.2866,1.0,1.0,1.0,1.0,1.0,4.0,2.6022,7.0,5.0,3.75
T,0,4111116973786397,0.3874,1.0,1.0,1.0,1.0,0.0,4.0,2.6022,7.0,5.0,4.625
T,0,4111118684348210,-0.1195,1.0,1.0,1.0,1.0,0.0,4.0,2.4363,7.0,6.0,3.3125
T,0,4242429547371550,0.105,1.0,1.0,1.0,1.0,1.0,4.0,2.7806,8.0,4.0,4.0
T,0,4532015116888287,0.0592,1.0,1.0,1.0,1.0,2.0,4.0,2.9528,9.0,4.0,4.3125
T,0,5105109102079326,-0.1662,1.0,1.0,1.0,1.0,3.0,5.0,2.8278,8.0,4.0,3.1875
T,0,4111112623563021,0.2248,1.0,1.0,1.0,1.0,0.0,4.0,2.4835,7.0,6.0,2.4375
T,0,4111119644997963,0.0928,1.0,1.0,1.0,1.0,0.0,4.0,2.3522,6.0,5.0,4.6875
T,0,4111110905027277,-0.3291,1.0,1.0,1.0,1.0,0.0,4.0,2.555,7.0,5.0,3.0
T,0,5555551731298667,-0.0438,1.0,1.0,1.0,1.0,4.0,5.0,2.6556,8.0,6.0,5.0
T,0,4111118475118400,0.0154,1.0,1.0,1.0,1.0,0.0,4.0,2.2246,6.0,7.0,2.9375
T,0,4242422102303118,-0.7285,1.0,1.0,1.0,1.0,1.0,4.0,2.43,6.0,5.0,2.4375
T,0,4532014718248057,-0.1033,1.0,1.0,1.0,1.0,2.0,4.0,2.9528,8.0,3.0,3.8125
T,0,5105103430447669,0.0368,1.0,1.0,1.0,1.0,3.0,5.0,2.9056,8.0,3.0,3.625
T,0,4111110821162877,0.1467,1.0,1.0,1.0,1.0,0.0,4.0,2.3968,7.0,7.0,3.1875
T,0,4532016045518417,0.2288,1.0,1.0,1.0,1.0,2.0,4.0,2.9835,9.0,3.0,3.5
T,0,4532012385992221,0.2908,1.0,1.0,1.0,1.0,2.0,4.0,2.7744,8.0,5.0,3.625
T,0,4242425445305252,0.0245,1.0,1.0,1.0,1.0,1.0,4.0,2.0488,5.0,5.0,3.3125
T,0,5105104630767450,-0.0588,1.0,1.0,1.0,1.0,3.0,5.0,2.7028,7.0,4.0,3.375
T,0,4111110203757211,-0.0607,1.0,1.0,1.0,1.0,0.0,4.0,2.3968,7.0,7.0,2.3125
T,0,4532012252677608,0.2541,1.0,1.0,1.0,1.0,2.0,4.0,3.0,9.0,4.0,3.75
T,0,4111113395088585,-0.0805,1.0,1.0,1.0,1.0,0.0,4.0,2.555,7.0,5.0,3.9375
T,0,5105102485026410,0.2841,1.0,1.0,1.0,1.0,3.0,5.0,2.6556,7.0,4.0,2.75
T,0,4111110135045834,0.0629,1.0,1.0,1.0,1.0,0.0,4.0,2.3585,6.0,6.0,2.625
T,0,5555550340752809,0.0845,1.0,1.0,1.0,1.0,4.0,5.0,2.4746,8.0,7.0,4.25
T,0,4532014761377647,-0.0116,1.0,1.0,1.0,1.0,2.0,4.0,2.8278,8.0,4.0,4.1875
T,0,5105107583585621,-0.1441,1.0,1.0,1.0,1.0,3.0,5.0,2.7272,8.0,5.0,3.875
T,0,4111118412677260,0.125,1.0,1.0,1.0,1.0,0.0,4.0,2.5306,7.0,6.0,3.25
T,0,4532015091566130,-0.0946,1.0,1.0,1.0,1.0,2.0,4.0,2.8585,8.0,3.0,3.1875
T,0,4242429975056186,-0.1814,1.0,1.0,1.0,1.0,1.0,4.0,3.0306,9.0,3.0,4.625
T,0,4111112095340817,0.0238,1.0,1.0,1.0,1.0,0.0,4.0,2.7806,9.0,6.0,3.0
T,0,5555557785112308,0.0726,1.0,1.0,1.0,1.0,4.0,5.0,2.3968,7.0,7.0,4.5
T,0,4242422245516162,0.4697,1.0,1.0,1.0,1.0,1.0,4.0,2.1556,5.0,6.0,3.25
T,0,4242421278270531,-0.1881,1.0,1.0,1.0,1.0,1.0,4.0,2.7272,8.0,5.0,3.375
T,0,4111115394060747,-0.2084,1.0,1.0,1.0,1.0,0.0,4.0,2.7272,8.0,5.0,3.375
T,0,4111118518898257,0.0053,1.0,1.0,1.0,1.0,0.0,4.0,2.4056,7.0,6.0,4.375
T,0,5555552073351114,0.2092,1.0,1.0,1.0,1.0,4.0,5.0,2.3496,7.0,7.0,3.5625
T,0,4111112964910005,0.1862,1.0,1.0,1.0,1.0,0.0,4.0,2.4835,7.0,6.0,2.8125
T,0,5105100801207771,0.039,1.0,1.0,1.0,1.0,3.0,5.0,2.3522,6.0,5.0,2.8125
T,0,4242424240640351,-0.1079,1.0,1.0,1.0,1.0,1.0,4.0,2.4056,7.0,6.0,2.9375
T,0,4111110064674299,0.1391,1.0,1.0,1.0,1.0,0.0,4.0,2.6022,7.0,5.0,3.5
T,0,5105106329754376,-0.3205,1.0,1.0,1.0,1.0,3.0,5.0,3.0778,9.0,3.0,4.0
T,0,4111111214378716,0.0172,1.0,1.0,1.0,1.0,0.0,4.0,2.25,7.0,8.0,3.0625
T,0,4532016810327267,0.2903,1.0,1.0,1.0,1.0,2.0,4.0,3.0778,9.0,3.0,3.5625
T,0,4242427505357108,-0.1272,1.0,1.0,1.0,1.0,1.0,4.0,2.8585,8.0,3.0,3.6875
T,0,4111117383174745,0.3192,1.0,1.0,1.0,1.0,0.0,4.0,2.3113,6.0,6.0,3.625
T,0,4111118352016305,-0.1241,1.0,1.0,1.0,1.0,0.0,4.0,2.6556,8.0,6.0,2.625
T,0,6011001536232863,-0.2514,1.0,1.0,1.0,1.0,5.0,6.0,2.6863,7.0,3.0,2.9375
T,0,4111110027136881,-0.2822,1.0,1.0,1.0,1.0,0.0,4.0,2.5218,8.0,7.0,2.8125
T,0,4532012649940792,0.2818,1.0,1.0,1.0,1.0,2.0,4.0,2.9835,9.0,3.0,4.1875
T,0,4242424653986879,-0.4437,1.0,1.0,1.0,1.0,1.0,4.0,2.8278,8.0,4.0,5.1875
T,0,4111116039008612,0.0031,1.0,1.0,1.0,1.0,0.0,4.0,2.6085,8.0,6.0,2.75
T,0,4111114276191266,-0.0068,1.0,1.0,1.0,1.0,0.0,4.0,2.2246,6.0,7.0,3.3125
T,0,4532012019350804,-0.0445,1.0,1.0,1.0,1.0,2.0,4.0,2.875,8.0,4.0,2.9375
T,0,4111110668697019,0.1906,1.0,1.0,1.0,1.0,0.0,4.0,2.4835,7.0,6.0,3.8125
T,0,4111110314904124,0.0164,1.0,1.0,1.0,1.0,0.0,4.0,2.1468,6.0,7.0,2.3125
T,0,5105100916077184,-0.2515,1.0,1.0,1.0,1.0,3.0,5.0,2.75,8.0,4.0,3.4375
T,0,4111114432491527,0.0745,1.0,1.0,1.0,1.0,0.0,4.0,2.4056,7.0,6.0,3.125
T,0,6011006808451463,-0.1237,1.0,1.0,1.0,1.0,5.0,6.0,2.6556,7.0,4.0,3.3125
T,0,4242426512116325,-0.1103,1.0,1.0,1.0,1.0,1.0,4.0,2.43,6.0,5.0,3.125
T,0,5105102793520005,-0.1229,1.0,1.0,1.0,1.0,3.0,5.0,2.5244,7.0,5.0,2.8125
T,0,6011003864321946,-0.2833,1.0,1.0,1.0,1.0,5.0,6.0,2.8585,8.0,3.0,3.375
T,0,5105103620716311,-0.2419,1.0,1.0,1.0,1.0,3.0,5.0,2.6022,7.0,5.0,2.625
T,0,4111112695166018,-0.4823,1.0,1.0,1.0,1.0,0.0,4.0,2.4746,8.0,7.0,3.3125
T,0,4242424184695619,0.1131,1.0,1.0,1.0,1.0,1.0,4.0,2.6022,7.0,5.0,4.4375
T,0,4111115385242809,-0.1191,1.0,1.0,1.0,1.0,0.0,4.0,2.7744,8.0,5.0,3.4375
T,0,6011001852193574,0.5895,1.0,1.0,1.0,1.0,5.0,6.0,3.0778,10.0,4.0,3.3125
T,0,4111118718620642,-0.0068,1.0,1.0,1.0,1.0,0.0,4.0,2.5306,7.0,6.0,3.3125
T,0,5105108891836482,-0.4055,1.0,1.0,1.0,1.0,3.0,5.0,2.9528,9.0,4.0,4.3125
T,0,4532011166328530,-0.0593,1.0,1.0,1.0,1.0,2.0,4.0,2.9056,8.0,3.0,3.125
T,0,4242421211121973,-0.4463,1.0,1.0,1.0,1.0,1.0,4.0,2.2516,6.0,5.0,2.875
T,0,6011004796499396,0.3162,1.0,1.0,1.0,1.0,5.0,6.0,2.6556,7.0,4.0,4.625
T,0,5555556458041174,0.0893,1.0,1.0,1.0,1.0,4.0,5.0,2.3496,7.0,7.0,4.375
T,0,4532010451082067,-0.184,1.0,1.0,1.0,1.0,2.0,4.0,3.0,9.0,4.0,3.0
T,0,4111115822754697,0.3017,1.0,1.0,1.0,1.0,0.0,4.0,2.7744,8.0,5.0,4.0
T,0,4111114188526997,0.0955,1.0,1.0,1.0,1.0,0.0,4.0,2.6556,8.0,6.0,4.25
T,0,4111114587995249,0.136,1.0,1.0,1.0,1.0,0.0,4.0,2.555,7.0,5.0,4.4375
T,0,4532012609939495,-0.0162,1.0,1.0,1.0,1.0,2.0,4.0,2.875,8.0,4.0,4.4375
T,0,6011008279739962,0.1558,1.0,1.0,1.0,1.0,5.0,6.0,2.9056,8.0,3.0,4.375
T,0,4242421091490738,0.1215,1.0,1.0,1.0,1.0,1.0,4.0,2.8278,8.0,4.0,3.75
T,0,4111112342835957,0.0924,1.0,1.0,1.0,1.0,0.0,4.0,2.7744,8.0,5.0,3.5625
T,0,4532014800069767,0.2834,1.0,1.0,1.0,1.0,2.0,4.0,3.125,10.0,4.0,3.875
T,0,4242425388306622,0.0513,1.0,1.0,1.0,1.0,1.0,4.0,2.6022,7.0,5.0,3.8125
T,0,4242423342250614,-0.4918,1.0,1.0,1.0,1.0,1.0,4.0,2.4238,7.0,5.0,3.0
T,0,4111113320763898,0.1942,1.0,1.0,1.0,1.0,0.0,4.0,2.8522,9.0,5.0,3.625
T,0,4111115831129758,0.0682,1.0,1.0,1.0,1.0,0.0,4.0,2.5218,8.0,7.0,3.625
T,0,5105103137079229,-0.2057,1.0,1.0,1.0,1.0,3.0,5.0,2.7806,7.0,3.0,3.4375
T,0,4111118115230961,0.339,1.0,1.0,1.0,1.0,0.0,4.0,2.5,9.0,8.0,2.8125
T,0,4242425564480811,0.2866,1.0,1.0,1.0,1.0,1.0,4.0,2.6022,7.0,5.0,3.75
T,0,4111116628541692,0.3267,1.0,1.0,1.0,1.0,0.0,4.0,2.4835,7.0,6.0,3.625
T,0,4242422914704222,-0.3164,1.0,1.0,1.0,1.0,1.0,4.0,2.0462,6.0,7.0,3.1875
T,0,6011004108657038,-0.1513,1.0,1.0,1.0,1.0,5.0,6.0,2.7272,8.0,5.0,3.125
T,0,4242429149481674,0.4005,1.0,1.0,1.0,1.0,1.0,4.0,2.4835,7.0,6.0,4.4375
T,0,6011003965923335,0.0934,1.0,1.0,1.0,1.0,5.0,6.0,2.7028,7.0,4.0,3.5
T,0,4242427959196929,0.0785,1.0,1.0,1.0,1.0,1.0,4.0,2.4772,7.0,5.0,5.25
T,0,4532018966892896,-0.3342,1.0,1.0,1.0,1.0,2.0,4.0,2.9835,9.0,3.0,5.375
T,0,4242427229744185,-0.2917,1.0,1.0,1.0,1.0,1.0,4.0,2.4238,7.0,5.0,4.1875
T,0,4111118305416958,0.0295,1.0,1.0,1.0,1.0,0.0,4.0,2.6556,8.0,6.0,3.625
T,0,4242427745864608,-0.0669,1.0,1.0,1.0,1.0,1.0,4.0,2.6022,7.0,5.0,4.5625
T,0,4111118115447409,0.2988,1.0,1.0,1.0,1.0,0.0,4.0,2.2718,7.0,7.0,3.25
T,0,6011004053895070,-0.201,1.0,1.0,1.0,1.0,5.0,6.0,2.7806,9.0,6.0,3.0625
T,0,5555559824953429,0.528,1.0,1.0,1.0,1.0,4.0,5.0,2.2246,6.0,7.0,5.3125
T,0,4532017225888398,0.2623,1.0,1.0,1.0,1.0,2.0,4.0,2.9528,9.0,4.0,4.6875
T,0,4111119980543652,0.2106,1.0,1.0,1.0,1.0,0.0,4.0,2.8994,9.0,5.0,3.75
T,0,5555557110969661,0.5326,1.0,1.0,1.0,1.0,4.0,5.0,2.3113,6.0,6.0,4.75
T,0,6011006339624901,0.0335,1.0,1.0,1.0,1.0,5.0,6.0,2.6556,7.0,4.0,3.1875
T,0,5555550921789154,0.5585,1.0,1.0,1.0,1.0,4.0,5.0,2.5218,8.0,7.0,4.75
T,0,6011007139717606,-0.0662,1.0,1.0,1.0,1.0,5.0,6.0,2.4056,6.0,4.0,3.4375
T,0,4242428963527075,0.1169,1.0,1.0,1.0,1.0,1.0,4.0,2.9528,9.0,4.0,4.375
T,0,4111116667123550,-0.0728,1.0,1.0,1.0,1.0,0.0,4.0,2.6085,8.0,6.0,3.125
T,0,4242424324419359,0.0949,1.0,1.0,1.0,1.0,1.0,4.0,2.2806,6.0,6.0,3.875
T,0,5105104844183114,0.1629,1.0,1.0,1.0,1.0,3.0,5.0,2.3994,6.0,5.0,3.125
T,0,4111114110862346,0.2088,1.0,1.0,1.0,1.0,0.0,4.0,2.3496,7.0,7.0,2.75
T,0,4111118989687130,0.3822,1.0,1.0,1.0,1.0,0.0,4.0,2.6085,8.0,6.0,4.25
T,0,4111115275408361,-0.0203,1.0,1.0,1.0,1.0,0.0,4.0,2.7806,9.0,6.0,3.125
T,0,4111111508489807,0.1196,1.0,1.0,1.0,1.0,0.0,4.0,2.4835,7.0,6.0,3.6875
T,0,4111110262265080,-0.3388,1.0,1.0,1.0,1.0,0.0,4.0,2.555,7.0,5.0,2.5
T,0,6011005398337124,0.5741,1.0,1.0,1.0,1.0,5.0,6.0,3.1085,10.0,3.0,3.3125
T,0,5105102206880202,-0.2774,1.0,1.0,1.0,1.0,3.0,5.0,2.3994,6.0,5.0,2.625
T,0,5105107897759722,0.192,1.0,1.0,1.0,1.0,3.0,5.0,2.7028,7.0,4.0,4.6875
T,0,4242426264992535,-0.5069,1.0,1.0,1.0,1.0,1.0,4.0,2.3994,6.0,5.0,4.3125
T,0,4111111540020453,-0.0339,1.0,1.0,1.0,1.0,0.0,4.0,2.3113,6.0,6.0,2.0625
T,0,4111111554071954,0.1719,1.0,1.0,1.0,1.0,0.0,4.0,2.1774,6.0,7.0,3.125
T,0,5105106293360127,-0.0912,1.0,1.0,1.0,1.0,3.0,5.0,2.9056,8.0,3.0,3.1875
T,0,5555558116658902,0.4402,1.0,1.0,1.0,1.0,4.0,5.0,2.3968,7.0,7.0,4.75
T,0,5105105643919657,-0.157,1.0,1.0,1.0,1.0,3.0,5.0,2.8278,8.0,4.0,4.1875
T,0,5555557193264931,0.2072,1.0,1.0,1.0,1.0,4.0,5.0,2.6556,8.0,6.0,4.6875
T,0,4242422001514500,-0.8726,1.0,1.0,1.0,1.0,1.0,4.0,2.25,5.0,4.0,2.25
T,0,4111112792735491,0.2096,1.0,1.0,1.0,1.0,0.0,4.0,2.5306,7.0,6.0,3.625
T,0,4242426396318898,-0.3669,1.0,1.0,1.0,1.0,1.0,4.0,2.7335,7.0,3.0,4.9375
T,0,4111114965290973,0.3182,1.0,1.0,1.0,1.0,0.0,4.0,2.8522,9.0,5.0,3.9375
T,0,5105101206202953,-0.3211,1.0,1.0,1.0,1.0,3.0,5.0,2.6085,7.0,4.0,2.625
T,0,4111115630383572,0.1616,1.0,1.0,1.0,1.0,0.0,4.0,2.8522,9.0,5.0,3.1875
T,0,4242429845203455,-0.0685,1.0,1.0,1.0,1.0,1.0,4.0,2.4772,7.0,5.0,3.9375
T,0,5555559828072291,0.1764,1.0,1.0,1.0,1.0,4.0,5.0,2.4835,7.0,6.0,4.875
T,0,4111112395250336,-0.0472,1.0,1.0,1.0,1.0,0.0,4.0,2.7272,8.0,5.0,2.9375
T,0,4242428069689951,-0.2646,1.0,1.0,1.0,1.0,1.0,4.0,2.8585,8.0,3.0,4.9375
T,0,4111114282847786,0.049,1.0,1.0,1.0,1.0,0.0,4.0,2.43,6.0,5.0,4.0625
T,0,4111110772788837,0.1992,1.0,1.0,1.0,1.0,0.0,4.0,2.4772,7.0,5.0,4.125
T,0,4111112891310972,-0.2005,1.0,1.0,1.0,1.0,0.0,4.0,2.5218,8.0,7.0,3.1875
