split,label,output,gb_score,len16,all_digits,luhn_valid,bin_known,bin_id,first_digit,digit_entropy,distinct_digits,max_digit_count,digit_mean
A,1,4111111619730693,3.2404,1.0,1.0,1.0,1.0,0.0,4.0,2.3968,7.0,7.0,3.375
A,1,4111110518471565,2.5226,1.0,1.0,1.0,1.0,0.0,4.0,2.3496,7.0,7.0,3.1875
A,1,4111115753989221,3.8268,1.0,1.0,1.0,1.0,0.0,4.0,2.6556,8.0,6.0,3.75
A,1,4111116257638637,3.2547,1.0,1.0,1.0,1.0,0.0,4.0,2.7272,8.0,5.0,3.875
A,1,4111115448549737,3.3611,1.0,1.0,1.0,1.0,0.0,4.0,2.5244,7.0,5.0,4.0625
A,1,4111110922851428,2.6196,1.0,1.0,1.0,1.0,0.0,4.0,2.4835,7.0,6.0,3.125
A,1,4242420750066912,2.5685,1.0,1.0,1.0,1.0,1.0,4.0,2.7806,8.0,4.0,3.375
A,1,4111115916824836,3.0655,1.0,1.0,1.0,1.0,0.0,4.0,2.6556,8.0,6.0,3.8125
A,1,4242428878257073,3.1248,1.0,1.0,1.0,1.0,1.0,4.0,2.6085,7.0,4.0,4.5625
A,1,4242422397010147,2.7582,1.0,1.0,1.0,1.0,1.0,4.0,2.625,7.0,4.0,3.25
A,1,4242426259881560,2.5644,1.0,1.0,1.0,1.0,1.0,4.0,2.8278,8.0,4.0,4.25
A,1,5555556196595713,2.1431,1.0,1.0,1.0,1.0,4.0,5.0,2.125,6.0,8.0,5.125
A,1,4242420532461191,2.1154,1.0,1.0,1.0,1.0,1.0,4.0,2.7028,8.0,4.0,3.125
A,1,6011000500177724,1.7012,1.0,1.0,1.0,1.0,5.0,6.0,2.4363,7.0,6.0,2.5625
A,1,4242421429953712,2.1316,1.0,1.0,1.0,1.0,1.0,4.0,2.5244,7.0,5.0,3.8125
A,1,4111111548927139,3.334,1.0,1.0,1.0,1.0,0.0,4.0,2.5218,8.0,7.0,3.625
A,1,4242426130139105,3.0016,1.0,1.0,1.0,1.0,1.0,4.0,2.8585,8.0,3.0,2.9375
A,1,4111118763090030,3.4297,1.0,1.0,1.0,1.0,0.0,4.0,2.6494,8.0,5.0,2.8125
A,1,4532011106552249,1.2144,1.0,1.0,1.0,1.0,2.0,4.0,2.8585,8.0,3.0,3.125
A,1,4242426860281135,2.6186,1.0,1.0,1.0,1.0,1.0,4.0,2.8278,8.0,4.0,3.625
A,1,4111111046152842,2.4097,1.0,1.0,1.0,1.0,0.0,4.0,2.3496,7.0,7.0,2.625
A,1,4242420674191499,3.1373,1.0,1.0,1.0,1.0,1.0,4.0,2.555,7.0,5.0,4.25
A,1,4242426646564929,2.3955,1.0,1.0,1.0,1.0,1.0,4.0,2.1494,5.0,5.0,4.6875
A,1,4111117305739096,3.8241,1.0,1.0,1.0,1.0,0.0,4.0,2.7744,8.0,5.0,3.625
A,1,4242428345430469,2.8435,1.0,1.0,1.0,1.0,1.0,4.0,2.6085,8.0,6.0,4.0
A,1,4111116287422606,3.8739,1.0,1.0,1.0,1.0,0.0,4.0,2.555,7.0,5.0,3.25
A,1,5555553882461029,2.3789,1.0,1.0,1.0,1.0,4.0,5.0,2.7806,9.0,6.0,4.5625
A,1,4111118529584730,3.2342,1.0,1.0,1.0,1.0,0.0,4.0,2.8994,9.0,5.0,3.75
A,1,4111118373356888,3.6705,1.0,1.0,1.0,1.0,0.0,4.0,2.4772,7.0,5.0,4.25
A,1,4111116167827635,3.8516,1.0,1.0,1.0,1.0,0.0,4.0,2.6085,8.0,6.0,3.75
A,1,4111115316271372,2.6588,1.0,1.0,1.0,1.0,0.0,4.0,2.3968,7.0,7.0,2.875
A,1,5555557832359126,1.8465,1.0,1.0,1.0,1.0,4.0,5.0,2.5218,8.0,7.0,4.75
A,1,4242426538647675,3.0423,1.0,1.0,1.0,1.0,1.0,4.0,2.6556,7.0,4.0,4.6875
A,1,6011001267721647,1.0757,1.0,1.0,1.0,1.0,5.0,6.0,2.4835,6.0,4.0,3.1875
A,1,4242421771267091,2.6674,1.0,1.0,1.0,1.0,1.0,4.0,2.6085,7.0,4.0,3.6875
A,1,4532011631921497,1.8507,1.0,1.0,1.0,1.0,2.0,4.0,3.0,9.0,4.0,3.625
A,1,5555554527951622,3.1019,1.0,1.0,1.0,1.0,4.0,5.0,2.2028,7.0,8.0,4.5625
A,1,4111117174913160,3.0451,1.0,1.0,1.0,1.0,0.0,4.0,2.25,7.0,8.0,3.0
A,1,4111115992292783,3.7502,1.0,1.0,1.0,1.0,0.0,4.0,2.68,8.0,5.0,4.0625
A,1,4242429400371416,3.2198,1.0,1.0,1.0,1.0,1.0,4.0,2.7272,8.0,5.0,3.3125
A,1,5105103652036000,2.1464,1.0,1.0,1.0,1.0,3.0,5.0,2.3585,6.0,6.0,2.3125
A,1,4532016381997951,4.6593,1.0,1.0,1.0,1.0,2.0,4.0,3.1556,10.0,3.0,4.5625
A,1,4242428556562471,2.6491,1.0,1.0,1.0,1.0,1.0,4.0,2.5778,7.0,4.0,4.1875
A,1,4242429019085431,2.6186,1.0,1.0,1.0,1.0,1.0,4.0,2.8278,8.0,4.0,3.625
A,1,4111112898450888,4.0081,1.0,1.0,1.0,1.0,0.0,4.0,2.4238,7.0,5.0,4.3125
A,1,4242427131280062,2.9812,1.0,1.0,1.0,1.0,1.0,4.0,2.7272,8.0,5.0,3.0
A,1,4111117850763558,3.4441,1.0,1.0,1.0,1.0,0.0,4.0,2.7272,8.0,5.0,3.9375
A,1,4532016948493122,2.1229,1.0,1.0,1.0,1.0,2.0,4.0,3.0306,9.0,3.0,3.9375
A,1,4242427314728440,2.7335,1.0,1.0,1.0,1.0,1.0,4.0,2.4056,7.0,6.0,3.625
A,1,5105103055821230,2.5213,1.0,1.0,1.0,1.0,3.0,5.0,2.4528,6.0,4.0,2.5625
A,1,4532019524522587,1.8355,1.0,1.0,1.0,1.0,2.0,4.0,2.875,9.0,4.0,4.0
A,1,4532010242267530,2.2008,1.0,1.0,1.0,1.0,2.0,4.0,2.8278,8.0,4.0,2.875
A,1,5555553816766824,2.1,1.0,1.0,1.0,1.0,4.0,5.0,2.6085,8.0,6.0,5.0625
A,1,4111111257306541,3.7899,1.0,1.0,1.0,1.0,0.0,4.0,2.5218,8.0,7.0,2.6875
A,1,4242422342988140,2.9097,1.0,1.0,1.0,1.0,1.0,4.0,2.4238,7.0,5.0,3.6875
A,1,4532011388780039,2.7507,1.0,1.0,1.0,1.0,2.0,4.0,2.9835,9.0,3.0,3.875
A,1,4532014272393802,1.4787,1.0,1.0,1.0,1.0,2.0,4.0,2.9528,9.0,4.0,3.4375
A,1,4111119356822201,4.1528,1.0,1.0,1.0,1.0,0.0,4.0,2.7335,9.0,6.0,2.9375
A,1,4242421786344380,2.5677,1.0,1.0,1.0,1.0,1.0,4.0,2.7272,8.0,5.0,3.875
A,1,4242425899566128,2.6663,1.0,1.0,1.0,1.0,1.0,4.0,2.7028,7.0,4.0,4.8125
A,1,4111111470233274,2.9358,1.0,1.0,1.0,1.0,0.0,4.0,2.3585,6.0,6.0,2.625
A,1,5105109276962588,2.8979,1.0,1.0,1.0,1.0,3.0,5.0,2.9528,8.0,3.0,4.625
A,1,4242427584876945,4.017,1.0,1.0,1.0,1.0,1.0,4.0,2.6022,7.0,5.0,5.0625
A,1,4242423852276009,3.2332,1.0,1.0,1.0,1.0,1.0,4.0,2.8522,9.0,5.0,3.75
A,1,4532014084957307,2.2013,1.0,1.0,1.0,1.0,2.0,4.0,3.0306,9.0,3.0,3.875
A,1,6011001620500951,1.3942,1.0,1.0,1.0,1.0,5.0,6.0,2.2806,6.0,6.0,2.3125
A,1,4111111624554070,3.6393,1.0,1.0,1.0,1.0,0.0,4.0,2.4835,7.0,6.0,2.6875
A,1,4111112505427147,2.5327,1.0,1.0,1.0,1.0,0.0,4.0,2.3585,6.0,6.0,2.875
A,1,4111118923799157,3.8624,1.0,1.0,1.0,1.0,0.0,4.0,2.6085,8.0,6.0,4.3125
A,1,4242422821220338,2.5083,1.0,1.0,1.0,1.0,1.0,4.0,2.2246,6.0,7.0,3.0625
A,1,4111111564188350,2.5782,1.0,1.0,1.0,1.0,0.0,4.0,2.3968,7.0,7.0,3.125
A,1,4242423964830032,2.5958,1.0,1.0,1.0,1.0,1.0,4.0,2.5778,7.0,4.0,3.5
A,1,4242423421066857,2.655,1.0,1.0,1.0,1.0,1.0,4.0,2.875,9.0,4.0,3.75
A,1,6011007414119155,1.4253,1.0,1.0,1.0,1.0,5.0,6.0,2.4835,7.0,6.0,2.875
A,1,5105106631351655,2.5735,1.0,1.0,1.0,1.0,3.0,5.0,2.2272,5.0,5.0,3.3125
A,1,4532017943378243,2.076,1.0,1.0,1.0,1.0,2.0,4.0,2.9528,9.0,4.0,4.0625
A,1,4111119658662115,2.8568,1.0,1.0,1.0,1.0,0.0,4.0,2.3496,7.0,7.0,3.625
A,1,5555559390013806,1.5558,1.0,1.0,1.0,1.0,4.0,5.0,2.4835,7.0,6.0,4.3125
A,1,4532016005134585,1.7446,1.0,1.0,1.0,1.0,2.0,4.0,2.8278,8.0,4.0,3.25
A,1,4111114284002570,3.9931,1.0,1.0,1.0,1.0,0.0,4.0,2.555,7.0,5.0,2.5625
A,1,4111115170311918,2.7266,1.0,1.0,1.0,1.0,0.0,4.0,2.2169,8.0,9.0,2.8125
A,1,4242420668380900,2.5351,1.0,1.0,1.0,1.0,1.0,4.0,2.6556,7.0,4.0,3.625
A,1,4111112241577627,2.5495,1.0,1.0,1.0,1.0,0.0,4.0,2.3113,6.0,6.0,3.25
A,1,4242421180346221,3.0014,1.0,1.0,1.0,1.0,1.0,4.0,2.4772,7.0,5.0,2.875
A,1,4111110564526312,3.5923,1.0,1.0,1.0,1.0,0.0,4.0,2.5306,7.0,6.0,2.6875
A,1,4111116085792697,3.4755,1.0,1.0,1.0,1.0,0.0,4.0,2.8994,9.0,5.0,4.25
A,1,4111111089465358,3.7769,1.0,1.0,1.0,1.0,0.0,4.0,2.6556,8.0,6.0,3.625
A,1,5555556589953685,1.7753,1.0,1.0,1.0,1.0,4.0,5.0,1.8419,5.0,9.0,5.875
A,1,4111119388072452,3.0455,1.0,1.0,1.0,1.0,0.0,4.0,2.8994,9.0,5.0,3.5625
A,1,4111114039732026,3.5023,1.0,1.0,1.0,1.0,0.0,4.0,2.7744,8.0,5.0,2.8125
A,1,4111112708597035,3.1503,1.0,1.0,1.0,1.0,0.0,4.0,2.8994,9.0,5.0,3.4375
A,1,6011006466923555,0.3953,1.0,1.0,1.0,1.0,5.0,6.0,2.7806,8.0,4.0,3.6875
A,1,4111111319008424,2.4097,1.0,1.0,1.0,1.0,0.0,4.0,2.3496,7.0,7.0,2.5625
A,1,4111115240590814,3.4045,1.0,1.0,1.0,1.0,0.0,4.0,2.4835,7.0,6.0,2.9375
A,1,6011005003523738,1.641,1.0,1.0,1.0,1.0,5.0,6.0,2.7272,8.0,5.0,2.75
A,1,4242423348488796,3.5412,1.0,1.0,1.0,1.0,1.0,4.0,2.555,7.0,5.0,4.875
A,1,4111111097231164,3.4603,1.0,1.0,1.0,1.0,0.0,4.0,2.375,8.0,8.0,2.6875
A,1,4532017949460730,2.268,1.0,1.0,1.0,1.0,2.0,4.0,3.0306,9.0,3.0,4.0
A,1,4111118899766867,4.7049,1.0,1.0,1.0,1.0,0.0,4.0,2.43,6.0,5.0,5.1875
A,1,4532015544099689,3.4474,1.0,1.0,1.0,1.0,2.0,4.0,2.9835,9.0,3.0,4.625
A,1,4111115672120627,3.4045,1.0,1.0,1.0,1.0,0.0,4.0,2.4835,7.0,6.0,2.9375
A,1,4111117409544251,2.7208,1.0,1.0,1.0,1.0,0.0,4.0,2.4056,7.0,6.0,3.125
A,1,4242420290366517,2.6413,1.0,1.0,1.0,1.0,1.0,4.0,2.9528,9.0,4.0,3.5625
A,1,4532013200713610,2.5954,1.0,1.0,1.0,1.0,2.0,4.0,2.7806,8.0,4.0,2.375
A,1,6011009269881962,0.2347,1.0,1.0,1.0,1.0,5.0,6.0,2.5613,6.0,3.0,4.25
A,1,4111119077924450,3.5871,1.0,1.0,1.0,1.0,0.0,4.0,2.6022,7.0,5.0,3.5
A,1,4111113937409018,3.6474,1.0,1.0,1.0,1.0,0.0,4.0,2.5306,7.0,6.0,3.3125
A,1,5555553819258514,2.3673,1.0,1.0,1.0,1.0,4.0,5.0,2.25,7.0,8.0,4.75
A,1,5105105718667298,2.3176,1.0,1.0,1.0,1.0,3.0,5.0,2.9056,8.0,3.0,4.4375
A,1,4242425397668186,3.7891,1.0,1.0,1.0,1.0,1.0,4.0,2.9835,9.0,3.0,4.8125
A,1,4111112394891684,3.2065,1.0,1.0,1.0,1.0,0.0,4.0,2.4835,7.0,6.0,3.9375
A,1,4242428465372608,2.4192,1.0,1.0,1.0,1.0,1.0,4.0,2.75,8.0,4.0,4.1875
A,1,6011009155032027,2.1767,1.0,1.0,1.0,1.0,5.0,6.0,2.7272,8.0,5.0,2.625
A,1,4111112570405531,3.6393,1.0,1.0,1.0,1.0,0.0,4.0,2.4835,7.0,6.0,2.5625
A,1,5105107944326012,1.2013,1.0,1.0,1.0,1.0,3.0,5.0,3.0306,9.0,3.0,3.125
A,1,5105102146603003,2.8533,1.0,1.0,1.0,1.0,3.0,5.0,2.6022,7.0,5.0,2.3125
A,1,4242423817823713,2.7645,1.0,1.0,1.0,1.0,1.0,4.0,2.5306,6.0,4.0,3.8125
A,1,4532010299972073,2.2131,1.0,1.0,1.0,1.0,2.0,4.0,2.8585,8.0,3.0,3.9375
A,1,5105105070639075,1.4673,1.0,1.0,1.0,1.0,3.0,5.0,2.5244,7.0,5.0,3.375
A,1,4111117435897699,3.7713,1.0,1.0,1.0,1.0,0.0,4.0,2.7272,8.0,5.0,4.75
A,1,4242423696688294,3.1818,1.0,1.0,1.0,1.0,1.0,4.0,2.4528,6.0,4.0,4.9375
A,1,4242427764527292,2.4062,1.0,1.0,1.0,1.0,1.0,4.0,2.2335,6.0,6.0,4.3125
A,1,6011003915248015,0.7594,1.0,1.0,1.0,1.0,5.0,6.0,2.875,9.0,4.0,2.875
A,1,4111111096904027,3.4045,1.0,1.0,1.0,1.0,0.0,4.0,2.4835,7.0,6.0,2.9375
A,1,4111112112116398,3.8636,1.0,1.0,1.0,1.0,0.0,4.0,2.0919,7.0,9.0,2.6875
A,1,4111115182450373,3.8628,1.0,1.0,1.0,1.0,0.0,4.0,2.6556,8.0,6.0,2.9375
A,1,4242429666987178,4.0366,1.0,1.0,1.0,1.0,1.0,4.0,2.7335,7.0,3.0,5.3125
A,1,4242420020490371,2.6863,1.0,1.0,1.0,1.0,1.0,4.0,2.5,7.0,4.0,2.75
A,1,4242427011298382,3.0919,1.0,1.0,1.0,1.0,1.0,4.0,2.7272,8.0,5.0,3.6875
A,1,4111116905589117,3.3838,1.0,1.0,1.0,1.0,0.0,4.0,2.5218,8.0,7.0,3.75
A,1,4111117092984467,3.7298,1.0,1.0,1.0,1.0,0.0,4.0,2.7272,8.0,5.0,4.0625
A,1,4111114171870733,2.8209,1.0,1.0,1.0,1.0,0.0,4.0,2.2246,6.0,7.0,3.125
A,1,5105108054571884,1.7196,1.0,1.0,1.0,1.0,3.0,5.0,2.4835,6.0,4.0,3.875
A,1,4111119545683035,3.5902,1.0,1.0,1.0,1.0,0.0,4.0,2.7272,8.0,5.0,3.5625
A,1,4111118473277190,3.6629,1.0,1.0,1.0,1.0,0.0,4.0,2.6085,8.0,6.0,3.5625
A,1,4242420931469449,2.6582,1.0,1.0,1.0,1.0,1.0,4.0,2.4363,7.0,6.0,4.1875
A,1,5105107750534063,1.7517,1.0,1.0,1.0,1.0,3.0,5.0,2.625,7.0,4.0,3.25
A,1,4111114309858113,3.0811,1.0,1.0,1.0,1.0,0.0,4.0,2.3968,7.0,7.0,3.1875
A,1,4532010911813473,2.0121,1.0,1.0,1.0,1.0,2.0,4.0,2.9528,9.0,4.0,3.25
A,1,4532011825400399,1.8519,1.0,1.0,1.0,1.0,2.0,4.0,2.9528,8.0,3.0,3.5
A,1,6011000295803542,1.3953,1.0,1.0,1.0,1.0,5.0,6.0,2.8994,9.0,5.0,2.875
A,1,4111119715775389,3.0074,1.0,1.0,1.0,1.0,0.0,4.0,2.4835,7.0,6.0,4.375
A,1,4242427042223748,2.6441,1.0,1.0,1.0,1.0,1.0,4.0,2.18,6.0,6.0,3.5625
A,1,4111118874588690,4.3199,1.0,1.0,1.0,1.0,0.0,4.0,2.6494,8.0,5.0,4.5
A,1,4242425093368750,3.035,1.0,1.0,1.0,1.0,1.0,4.0,3.0306,9.0,3.0,4.0
A,1,4532013762472043,2.2335,1.0,1.0,1.0,1.0,2.0,4.0,2.8585,8.0,3.0,3.3125
A,1,4111115887171431,4.3186,1.0,1.0,1.0,1.0,0.0,4.0,2.125,6.0,8.0,3.375
A,1,4111110152932328,3.328,1.0,1.0,1.0,1.0,0.0,4.0,2.6085,8.0,6.0,2.75
A,1,5105107799339110,1.9243,1.0,1.0,1.0,1.0,3.0,5.0,2.5306,6.0,4.0,3.8125
A,1,4242425654120947,2.6996,1.0,1.0,1.0,1.0,1.0,4.0,2.6494,8.0,5.0,3.8125
A,1,4532011495193308,2.3471,1.0,1.0,1.0,1.0,2.0,4.0,2.9056,8.0,3.0,3.625
A,1,4242429360268461,2.2923,1.0,1.0,1.0,1.0,1.0,4.0,2.7028,8.0,4.0,3.9375
A,1,4111119383503394,2.7606,1.0,1.0,1.0,1.0,0.0,4.0,2.5244,7.0,5.0,3.5
A,1,4111112704055707,3.5311,1.0,1.0,1.0,1.0,0.0,4.0,2.43,6.0,5.0,2.875
A,1,4111115381185176,3.5289,1.0,1.0,1.0,1.0,0.0,4.0,2.25,7.0,8.0,3.375
A,1,4111116296821152,2.5226,1.0,1.0,1.0,1.0,0.0,4.0,2.3496,7.0,7.0,3.1875
A,1,4111115844943310,2.7208,1.0,1.0,1.0,1.0,0.0,4.0,2.4056,7.0,6.0,3.125
A,1,4242421407392941,2.3653,1.0,1.0,1.0,1.0,1.0,4.0,2.5244,7.0,5.0,3.625
A,1,4111117944852540,3.6355,1.0,1.0,1.0,1.0,0.0,4.0,2.6494,8.0,5.0,3.5625
A,1,4111114919466117,3.821,1.0,1.0,1.0,1.0,0.0,4.0,1.9528,5.0,8.0,3.5625
A,1,4532018751500852,1.2111,1.0,1.0,1.0,1.0,2.0,4.0,2.8278,8.0,4.0,3.5
A,1,5555554516461666,2.8019,1.0,1.0,1.0,1.0,4.0,5.0,1.7962,4.0,7.0,4.6875
A,1,5105109429265475,1.4767,1.0,1.0,1.0,1.0,3.0,5.0,2.875,8.0,4.0,4.0625
A,1,4242425710427096,2.8086,1.0,1.0,1.0,1.0,1.0,4.0,2.75,8.0,4.0,3.6875
A,1,4111115481956864,3.3774,1.0,1.0,1.0,1.0,0.0,4.0,2.3585,6.0,6.0,4.0625
A,1,4111114725805235,3.26,1.0,1.0,1.0,1.0,0.0,4.0,2.7272,8.0,5.0,3.125
A,1,5105106534305733,1.9852,1.0,1.0,1.0,1.0,3.0,5.0,2.5778,7.0,4.0,3.1875
A,1,4111118581027370,3.2552,1.0,1.0,1.0,1.0,0.0,4.0,2.6556,8.0,6.0,3.125
A,1,4111111519977881,4.7353,1.0,1.0,1.0,1.0,0.0,4.0,2.125,6.0,8.0,4.0625
A,1,4242427786703475,3.0043,1.0,1.0,1.0,1.0,1.0,4.0,2.7028,8.0,4.0,4.5
A,1,4111110663092349,3.7679,1.0,1.0,1.0,1.0,0.0,4.0,2.6494,7.0,5.0,3.1875
A,1,4111115565726936,3.4645,1.0,1.0,1.0,1.0,0.0,4.0,2.68,8.0,5.0,3.9375
A,1,4242425180664848,3.1373,1.0,1.0,1.0,1.0,1.0,4.0,2.555,7.0,5.0,4.25
A,1,5105101139341183,2.0332,1.0,1.0,1.0,1.0,3.0,5.0,2.4835,7.0,6.0,2.875
A,1,5555550610127732,1.8782,1.0,1.0,1.0,1.0,4.0,5.0,2.5306,7.0,6.0,3.6875
A,1,4111112973374441,3.2368,1.0,1.0,1.0,1.0,0.0,4.0,2.2806,6.0,6.0,3.3125
A,1,4111111049531885,3.2314,1.0,1.0,1.0,1.0,0.0,4.0,2.3968,7.0,7.0,3.3125
A,1,4242426031523365,2.6757,1.0,1.0,1.0,1.0,1.0,4.0,2.6556,7.0,4.0,3.25
A,1,4111119599381585,3.1736,1.0,1.0,1.0,1.0,0.0,4.0,2.3113,6.0,6.0,4.4375
A,1,5555554759343381,1.7891,1.0,1.0,1.0,1.0,4.0,5.0,2.3496,7.0,7.0,4.8125
A,1,4111115428335370,3.7007,1.0,1.0,1.0,1.0,0.0,4.0,2.7272,8.0,5.0,3.0625
A,1,4242422141075602,2.8444,1.0,1.0,1.0,1.0,1.0,4.0,2.5244,7.0,5.0,2.875
A,1,4532014857025928,2.2275,1.0,1.0,1.0,1.0,2.0,4.0,3.0306,9.0,3.0,4.0625
A,1,4242428668985016,3.7858,1.0,1.0,1.0,1.0,1.0,4.0,2.8113,8.0,3.0,4.6875
A,1,4242422659183913,2.5045,1.0,1.0,1.0,1.0,1.0,4.0,2.8278,8.0,4.0,4.0625
A,1,4532019411728057,2.8883,1.0,1.0,1.0,1.0,2.0,4.0,3.0778,9.0,3.0,3.6875
A,1,5555559962276559,2.4398,1.0,1.0,1.0,1.0,4.0,5.0,1.9528,5.0,8.0,5.625
A,1,4111116007733688,3.544,1.0,1.0,1.0,1.0,0.0,4.0,2.6494,7.0,5.0,3.5625
A,1,5555552175277753,1.9248,1.0,1.0,1.0,1.0,4.0,5.0,1.875,5.0,8.0,4.75
A,1,5105101472469815,1.9039,1.0,1.0,1.0,1.0,3.0,5.0,2.9528,9.0,4.0,3.6875
A,1,4242424212980413,2.8526,1.0,1.0,1.0,1.0,1.0,4.0,2.4238,7.0,5.0,3.25
A,1,4242420778957779,4.2734,1.0,1.0,1.0,1.0,1.0,4.0,2.555,7.0,5.0,5.25
A,1,4532014599251535,1.7684,1.0,1.0,1.0,1.0,2.0,4.0,2.6494,7.0,5.0,3.9375
A,1,4111117188402432,3.2376,1.0,1.0,1.0,1.0,0.0,4.0,2.4835,7.0,6.0,3.0
A,1,4111111313721857,3.1204,1.0,1.0,1.0,1.0,0.0,4.0,2.25,7.0,8.0,2.9375
A,1,5555551658357983,0.9484,1.0,1.0,1.0,1.0,4.0,5.0,2.25,7.0,8.0,5.3125
A,1,5555556909077611,2.4128,1.0,1.0,1.0,1.0,4.0,5.0,2.4056,6.0,6.0,4.75
A,1,4532011535225292,1.3988,1.0,1.0,1.0,1.0,2.0,4.0,2.5244,7.0,5.0,3.1875
A,1,4111111473760075,3.2376,1.0,1.0,1.0,1.0,0.0,4.0,2.4835,7.0,6.0,3.0625
A,1,6011002357806330,1.5198,1.0,1.0,1.0,1.0,5.0,6.0,2.7272,8.0,5.0,2.8125
A,1,4532011010664296,1.2144,1.0,1.0,1.0,1.0,2.0,4.0,2.8585,8.0,3.0,3.125
A,1,4111115231922786,4.0603,1.0,1.0,1.0,1.0,0.0,4.0,2.7335,9.0,6.0,3.375
A,1,4111117170801880,3.7892,1.0,1.0,1.0,1.0,0.0,4.0,2.0524,5.0,7.0,3.0625
A,1,5105101733728603,2.0278,1.0,1.0,1.0,1.0,3.0,5.0,2.8585,8.0,3.0,3.25
A,1,4532015536267187,3.1013,1.0,1.0,1.0,1.0,2.0,4.0,3.0778,9.0,3.0,4.0625
A,1,4242424523421735,2.592,1.0,1.0,1.0,1.0,1.0,4.0,2.2988,6.0,5.0,3.375
A,1,4111113420142282,2.0151,1.0,1.0,1.0,1.0,0.0,4.0,2.2335,6.0,6.0,2.3125
A,1,4111113929385234,3.6982,1.0,1.0,1.0,1.0,0.0,4.0,2.6022,7.0,5.0,3.5625
A,1,4111115949069268,3.5043,1.0,1.0,1.0,1.0,0.0,4.0,2.7272,8.0,5.0,4.1875
A,1,4242427550030410,3.4653,1.0,1.0,1.0,1.0,1.0,4.0,2.5778,7.0,4.0,2.6875
A,1,4111113559431456,2.7834,1.0,1.0,1.0,1.0,0.0,4.0,2.3113,6.0,6.0,3.375
A,1,4242423172414322,3.6477,1.0,1.0,1.0,1.0,1.0,4.0,2.055,5.0,6.0,2.9375
A,1,4242420690317177,3.0969,1.0,1.0,1.0,1.0,1.0,4.0,2.8585,8.0,3.0,3.6875
A,1,4111119862835606,3.5709,1.0,1.0,1.0,1.0,0.0,4.0,2.8522,9.0,5.0,3.875
A,1,5105109410190120,2.2065,1.0,1.0,1.0,1.0,3.0,5.0,2.2988,6.0,5.0,2.4375
A,1,4111112851474651,2.5517,1.0,1.0,1.0,1.0,0.0,4.0,2.3496,7.0,7.0,3.25
A,1,4111119727013092,3.3194,1.0,1.0,1.0,1.0,0.0,4.0,2.5306,7.0,6.0,3.0625
A,1,5105102903892849,2.2635,1.0,1.0,1.0,1.0,3.0,5.0,2.9056,8.0,3.0,4.125
A,1,4532018802291402,1.7155,1.0,1.0,1.0,1.0,2.0,4.0,2.8278,8.0,4.0,3.1875
A,1,4242429786231309,2.781,1.0,1.0,1.0,1.0,1.0,4.0,2.9528,9.0,4.0,4.125
A,1,4532012776793170,1.9932,1.0,1.0,1.0,1.0,2.0,4.0,3.0,9.0,4.0,4.0
A,1,4242425761686665,3.7889,1.0,1.0,1.0,1.0,1.0,4.0,2.555,7.0,5.0,4.625
A,1,5555556126716355,3.2303,1.0,1.0,1.0,1.0,4.0,5.0,2.0778,6.0,8.0,4.5
A,1,4242423511656617,2.7208,1.0,1.0,1.0,1.0,1.0,4.0,2.6863,7.0,3.0,3.6875
A,1,4111110617686188,3.4175,1.0,1.0,1.0,1.0,0.0,4.0,2.1774,6.0,7.0,3.75
A,1,5105101968641588,1.4461,1.0,1.0,1.0,1.0,3.0,5.0,2.6556,7.0,4.0,4.25
A,1,4242420777540469,2.7594,1.0,1.0,1.0,1.0,1.0,4.0,2.555,7.0,5.0,4.1875
A,1,4111110180729258,3.7861,1.0,1.0,1.0,1.0,0.0,4.0,2.6556,8.0,6.0,3.1875
A,1,4242428607421479,2.7756,1.0,1.0,1.0,1.0,1.0,4.0,2.6494,8.0,5.0,4.125
A,1,4111116530255282,3.9803,1.0,1.0,1.0,1.0,0.0,4.0,2.68,8.0,5.0,2.9375
A,1,5105100715354057,1.1504,1.0,1.0,1.0,1.0,3.0,5.0,2.3522,6.0,5.0,3.0625
A,1,4111111306502827,4.251,1.0,1.0,1.0,1.0,0.0,4.0,2.7806,9.0,6.0,2.6875
A,1,4242423641614437,2.3892,1.0,1.0,1.0,1.0,1.0,4.0,2.3585,6.0,6.0,3.5625
A,1,6011004485667386,0.3812,1.0,1.0,1.0,1.0,5.0,6.0,2.8278,8.0,4.0,4.0625
A,1,5555552876122126,1.9934,1.0,1.0,1.0,1.0,4.0,5.0,2.2806,6.0,6.0,4.1875
A,1,4242420463917583,3.261,1.0,1.0,1.0,1.0,1.0,4.0,3.0778,10.0,4.0,4.0
A,1,4242422560188829,2.5253,1.0,1.0,1.0,1.0,1.0,4.0,2.68,8.0,5.0,4.1875
A,1,5555551733546477,2.7886,1.0,1.0,1.0,1.0,4.0,5.0,2.2246,6.0,7.0,4.8125
A,1,4111111945040031,2.6174,1.0,1.0,1.0,1.0,0.0,4.0,2.1774,6.0,7.0,2.25
A,1,4111113349992916,3.67,1.0,1.0,1.0,1.0,0.0,4.0,2.2806,6.0,6.0,4.0
A,1,4242425702490797,3.2655,1.0,1.0,1.0,1.0,1.0,4.0,2.4528,6.0,4.0,4.25
A,1,4532013113430781,2.2929,1.0,1.0,1.0,1.0,2.0,4.0,2.75,8.0,4.0,2.875
A,1,4242427217233001,2.8038,1.0,1.0,1.0,1.0,1.0,4.0,2.4772,6.0,5.0,2.75
A,1,4111113725895105,4.0603,1.0,1.0,1.0,1.0,0.0,4.0,2.7335,9.0,6.0,3.375
A,1,5105102689173109,1.8541,1.0,1.0,1.0,1.0,3.0,5.0,2.9528,9.0,4.0,3.625
A,1,4111110197932473,3.5502,1.0,1.0,1.0,1.0,0.0,4.0,2.5306,7.0,6.0,3.375
A,1,4532015916844936,2.8436,1.0,1.0,1.0,1.0,2.0,4.0,3.0778,9.0,3.0,4.375
A,1,6011005521555303,1.2769,1.0,1.0,1.0,1.0,5.0,6.0,2.3522,6.0,5.0,2.625
A,1,4242424800222475,2.6497,1.0,1.0,1.0,1.0,1.0,4.0,2.18,6.0,6.0,3.25
A,1,4111118793088079,4.186,1.0,1.0,1.0,1.0,0.0,4.0,2.6022,7.0,5.0,4.25
A,1,4532017049216404,2.0121,1.0,1.0,1.0,1.0,2.0,4.0,2.9528,9.0,4.0,3.25
A,1,4242428961598821,3.0423,1.0,1.0,1.0,1.0,1.0,4.0,2.6556,7.0,4.0,4.6875
A,1,5555555440499011,2.8272,1.0,1.0,1.0,1.0,4.0,5.0,2.0996,5.0,7.0,4.1875
A,1,4111112310489654,4.0072,1.0,1.0,1.0,1.0,0.0,4.0,2.7335,9.0,6.0,3.1875
A,1,6011003679762938,1.3042,1.0,1.0,1.0,1.0,5.0,6.0,2.9056,8.0,3.0,4.25
A,1,4111119469631127,3.0796,1.0,1.0,1.0,1.0,0.0,4.0,2.3968,7.0,7.0,3.5625
A,1,4532016828750542,2.2013,1.0,1.0,1.0,1.0,2.0,4.0,3.0306,9.0,3.0,3.875
A,1,4111113731813068,2.23,1.0,1.0,1.0,1.0,0.0,4.0,2.3496,7.0,7.0,3.0625
A,1,6011008987093876,1.3583,1.0,1.0,1.0,1.0,5.0,6.0,2.7028,7.0,4.0,4.5625
A,1,4111110759380418,3.8392,1.0,1.0,1.0,1.0,0.0,4.0,2.6556,8.0,6.0,3.375
A,1,4242429447363350,2.5881,1.0,1.0,1.0,1.0,1.0,4.0,2.68,8.0,5.0,3.875
A,1,4111111752846199,2.7766,1.0,1.0,1.0,1.0,0.0,4.0,2.5218,8.0,7.0,3.8125
A,1,4111117142827765,3.1833,1.0,1.0,1.0,1.0,0.0,4.0,2.4835,7.0,6.0,3.625
A,1,5105109347328660,3.7428,1.0,1.0,1.0,1.0,3.0,5.0,3.2028,10.0,3.0,3.75
A,1,4242423027235559,3.1642,1.0,1.0,1.0,1.0,1.0,4.0,2.555,7.0,5.0,3.6875
A,1,4242427437654150,3.0919,1.0,1.0,1.0,1.0,1.0,4.0,2.7272,8.0,5.0,3.75
A,1,4111114933338466,2.8066,1.0,1.0,1.0,1.0,0.0,4.0,2.3522,6.0,5.0,3.625
A,1,4111112888759678,4.0617,1.0,1.0,1.0,1.0,0.0,4.0,2.6494,8.0,5.0,4.8125
A,1,4242422826550945,2.5592,1.0,1.0,1.0,1.0,1.0,4.0,2.4772,7.0,5.0,4.0
A,1,4111113531817814,3.7052,1.0,1.0,1.0,1.0,0.0,4.0,2.125,6.0,8.0,3.125
A,1,6011005874155644,0.7868,1.0,1.0,1.0,1.0,5.0,6.0,2.6863,7.0,3.0,3.5625
A,1,4111110369868844,3.9844,1.0,1.0,1.0,1.0,0.0,4.0,2.555,7.0,5.0,4.0625
A,1,6011003323745511,1.357,1.0,1.0,1.0,1.0,5.0,6.0,2.7806,8.0,4.0,2.625
A,1,4111111964495405,2.974,1.0,1.0,1.0,1.0,0.0,4.0,2.2806,6.0,6.0,3.5
A,1,4111114097684515,3.8018,1.0,1.0,1.0,1.0,0.0,4.0,2.6085,8.0,6.0,3.625
A,1,4111112994975986,4.0617,1.0,1.0,1.0,1.0,0.0,4.0,2.6494,8.0,5.0,4.8125
A,1,4242422158006912,3.1594,1.0,1.0,1.0,1.0,1.0,4.0,2.7272,8.0,5.0,3.25
A,1,4111118334792916,3.0655,1.0,1.0,1.0,1.0,0.0,4.0,2.6556,8.0,6.0,3.8125
A,1,4111112836489618,3.4922,1.0,1.0,1.0,1.0,0.0,4.0,2.4835,7.0,6.0,4.0
A,1,5105101544740235,2.0073,1.0,1.0,1.0,1.0,3.0,5.0,2.6085,7.0,4.0,2.9375
A,1,4111110447395521,3.7208,1.0,1.0,1.0,1.0,0.0,4.0,2.6085,8.0,6.0,3.0625
A,1,4111113217425056,3.3032,1.0,1.0,1.0,1.0,0.0,4.0,2.6556,8.0,6.0,2.75
A,1,4111112499773720,3.9286,1.0,1.0,1.0,1.0,0.0,4.0,2.6022,7.0,5.0,3.6875
A,1,4111115682129444,3.383,1.0,1.0,1.0,1.0,0.0,4.0,2.4056,7.0,6.0,3.375
A,1,5105101667007164,1.642,1.0,1.0,1.0,1.0,3.0,5.0,2.4528,6.0,4.0,3.125
A,1,4532017687921026,3.8841,1.0,1.0,1.0,1.0,2.0,4.0,3.2028,10.0,3.0,3.9375
A,1,5105106405506815,1.531,1.0,1.0,1.0,1.0,3.0,5.0,2.3522,6.0,5.0,3.25
A,1,4111113501845225,2.8449,1.0,1.0,1.0,1.0,0.0,4.0,2.4835,7.0,6.0,2.75
A,1,4532015306332815,1.7155,1.0,1.0,1.0,1.0,2.0,4.0,2.8278,8.0,4.0,3.1875
A,1,4111117775563406,3.9286,1.0,1.0,1.0,1.0,0.0,4.0,2.6022,7.0,5.0,3.6875
A,1,4242421554265098,2.2923,1.0,1.0,1.0,1.0,1.0,4.0,2.7028,8.0,4.0,3.9375
A,1,4111118968853190,3.8025,1.0,1.0,1.0,1.0,0.0,4.0,2.6085,8.0,6.0,4.125
A,1,4532015508093777,2.7768,1.0,1.0,1.0,1.0,2.0,4.0,2.9835,9.0,3.0,4.125
A,1,4242427879677180,2.6351,1.0,1.0,1.0,1.0,1.0,4.0,2.7806,8.0,4.0,4.875
A,1,4532015428205568,1.7562,1.0,1.0,1.0,1.0,2.0,4.0,2.8278,8.0,4.0,3.75
A,1,4111115623800970,2.4557,1.0,1.0,1.0,1.0,0.0,4.0,2.9772,10.0,5.0,3.0625
A,1,4532016104002089,2.3774,1.0,1.0,1.0,1.0,2.0,4.0,2.8994,9.0,5.0,2.8125
A,1,5105108640160077,2.2968,1.0,1.0,1.0,1.0,3.0,5.0,2.6022,7.0,5.0,3.1875
A,1,4111117370934184,2.9148,1.0,1.0,1.0,1.0,0.0,4.0,2.4835,7.0,6.0,3.4375
A,1,4242429586686264,3.3706,1.0,1.0,1.0,1.0,1.0,4.0,2.375,6.0,4.0,4.875
A,1,4532017444532694,2.2573,1.0,1.0,1.0,1.0,2.0,4.0,2.8994,9.0,5.0,3.9375
A,1,4242420913665279,2.781,1.0,1.0,1.0,1.0,1.0,4.0,2.9528,9.0,4.0,4.125
A,1,4111111429077285,3.8392,1.0,1.0,1.0,1.0,0.0,4.0,2.6556,8.0,6.0,3.375
A,1,4242421126532074,3.0498,1.0,1.0,1.0,1.0,1.0,4.0,2.6494,8.0,5.0,3.0625
A,1,4111114846722210,2.9928,1.0,1.0,1.0,1.0,0.0,4.0,2.4363,7.0,6.0,2.8125
A,1,4242426740598013,3.0624,1.0,1.0,1.0,1.0,1.0,4.0,3.0778,10.0,4.0,3.8125
A,1,4111115706334723,3.7007,1.0,1.0,1.0,1.0,0.0,4.0,2.7272,8.0,5.0,3.0625
A,1,4532015253757717,1.6174,1.0,1.0,1.0,1.0,2.0,4.0,2.625,7.0,4.0,4.0
A,1,4111114906447401,2.8638,1.0,1.0,1.0,1.0,0.0,4.0,2.18,6.0,6.0,3.0
A,1,5105108034438188,2.1666,1.0,1.0,1.0,1.0,3.0,5.0,2.5306,6.0,4.0,3.6875
A,1,5555559640672328,1.9805,1.0,1.0,1.0,1.0,4.0,5.0,2.7806,9.0,6.0,4.8125
A,1,4242427079174327,2.4808,1.0,1.0,1.0,1.0,1.0,4.0,2.5,7.0,4.0,4.0625
A,1,4242428007192415,2.3506,1.0,1.0,1.0,1.0,1.0,4.0,2.75,8.0,4.0,3.4375
A,1,4532012707907378,2.076,1.0,1.0,1.0,1.0,2.0,4.0,2.9528,9.0,4.0,4.0625
A,1,5105109085290684,1.4484,1.0,1.0,1.0,1.0,3.0,5.0,2.8278,8.0,4.0,3.9375
A,1,4111117831175328,3.2404,1.0,1.0,1.0,1.0,0.0,4.0,2.3968,7.0,7.0,3.375
A,1,4532012477510303,1.9467,1.0,1.0,1.0,1.0,2.0,4.0,2.7806,7.0,3.0,2.9375
A,1,4532014942863770,3.9887,1.0,1.0,1.0,1.0,2.0,4.0,3.2028,10.0,3.0,4.0625
A,1,4242424107711881,2.7494,1.0,1.0,1.0,1.0,1.0,4.0,2.4528,6.0,4.0,3.5
A,1,4111119776061349,2.9722,1.0,1.0,1.0,1.0,0.0,4.0,2.5306,7.0,6.0,3.8125
A,1,4532018235278836,2.5514,1.0,1.0,1.0,1.0,2.0,4.0,2.9835,9.0,3.0,4.1875
A,1,4111116794561375,3.3196,1.0,1.0,1.0,1.0,0.0,4.0,2.5306,7.0,6.0,3.875
A,1,4242420831847314,3.0112,1.0,1.0,1.0,1.0,1.0,4.0,2.6022,7.0,5.0,3.5625
A,1,4242423562384861,2.4284,1.0,1.0,1.0,1.0,1.0,4.0,2.625,7.0,4.0,4.0
A,1,4111117980234546,2.2387,1.0,1.0,1.0,1.0,0.0,4.0,2.9772,10.0,5.0,3.5625
A,1,4532016669555422,1.6242,1.0,1.0,1.0,1.0,2.0,4.0,2.7806,8.0,4.0,4.0625
A,1,4242420133887158,3.0653,1.0,1.0,1.0,1.0,1.0,4.0,2.8585,8.0,3.0,3.875
A,1,4242425216216878,3.0746,1.0,1.0,1.0,1.0,1.0,4.0,2.6022,7.0,5.0,4.0
A,1,4111117215562018,3.4245,1.0,1.0,1.0,1.0,0.0,4.0,2.5218,8.0,7.0,2.875
A,1,4111112337465729,3.6852,1.0,1.0,1.0,1.0,0.0,4.0,2.7744,8.0,5.0,3.5625
A,1,4532013123047641,2.1796,1.0,1.0,1.0,1.0,2.0,4.0,2.8585,8.0,3.0,2.875
A,1,4532013066000409,2.8044,1.0,1.0,1.0,1.0,2.0,4.0,2.6556,8.0,6.0,2.6875
A,1,4242425007278533,2.5575,1.0,1.0,1.0,1.0,1.0,4.0,2.7028,7.0,4.0,3.625
A,1,4532019595632638,2.315,1.0,1.0,1.0,1.0,2.0,4.0,3.0306,9.0,3.0,4.4375
A,1,4242423346581188,2.3054,1.0,1.0,1.0,1.0,1.0,4.0,2.6556,7.0,4.0,4.0625
A,1,6011005078210104,0.1522,1.0,1.0,1.0,1.0,5.0,6.0,2.5306,8.0,6.0,2.25
A,1,4111114928161741,3.5768,1.0,1.0,1.0,1.0,0.0,4.0,2.2028,7.0,8.0,3.25
A,1,4111115439774815,2.9734,1.0,1.0,1.0,1.0,0.0,4.0,2.4835,7.0,6.0,3.875
A,1,6011004825943000,1.927,1.0,1.0,1.0,1.0,5.0,6.0,2.7806,9.0,6.0,2.6875
A,1,6011004153752528,0.7898,1.0,1.0,1.0,1.0,5.0,6.0,2.9835,9.0,3.0,3.125
A,1,4111119991554813,3.7179,1.0,1.0,1.0,1.0,0.0,4.0,2.2246,6.0,7.0,3.9375
A,1,4111116243512037,4.0409,1.0,1.0,1.0,1.0,0.0,4.0,2.6556,8.0,6.0,2.625
A,1,4111118026071744,3.2376,1.0,1.0,1.0,1.0,0.0,4.0,2.4835,7.0,6.0,3.0
A,1,4242423860677156,3.2565,1.0,1.0,1.0,1.0,1.0,4.0,2.9835,9.0,3.0,4.1875
A,1,4111118807013113,3.9798,1.0,1.0,1.0,1.0,0.0,4.0,2.125,6.0,8.0,2.5625
A,1,4242423001837388,2.7208,1.0,1.0,1.0,1.0,1.0,4.0,2.6863,7.0,3.0,3.6875
A,1,5555557552023951,2.3139,1.0,1.0,1.0,1.0,4.0,5.0,2.0919,7.0,9.0,4.3125
A,1,4111115346031176,2.2829,1.0,1.0,1.0,1.0,0.0,4.0,2.3968,7.0,7.0,2.8125
A,1,5555555219895548,0.4991,1.0,1.0,1.0,1.0,4.0,5.0,1.9669,6.0,9.0,5.375
A,1,4111111707950369,3.5269,1.0,1.0,1.0,1.0,0.0,4.0,2.6556,8.0,6.0,3.5
A,1,4111115279546745,3.6987,1.0,1.0,1.0,1.0,0.0,4.0,2.555,7.0,5.0,3.9375
A,1,4532014353156946,2.1575,1.0,1.0,1.0,1.0,2.0,4.0,2.8585,8.0,3.0,3.8125
A,1,4111111510832242,1.6892,1.0,1.0,1.0,1.0,0.0,4.0,2.3496,7.0,7.0,2.3125
A,1,4242424038409019,2.7883,1.0,1.0,1.0,1.0,1.0,4.0,2.555,7.0,5.0,3.5
A,1,4111119021912023,3.0007,1.0,1.0,1.0,1.0,0.0,4.0,2.2246,6.0,7.0,2.375
A,1,4111113484803134,3.7939,1.0,1.0,1.0,1.0,0.0,4.0,2.1085,5.0,6.0,2.9375
A,1,4532019009883587,2.7314,1.0,1.0,1.0,1.0,2.0,4.0,3.0306,9.0,3.0,4.5
A,1,4111119947132003,3.4863,1.0,1.0,1.0,1.0,0.0,4.0,2.5306,7.0,6.0,2.9375
A,1,4111110125859855,3.2221,1.0,1.0,1.0,1.0,0.0,4.0,2.4056,7.0,6.0,3.5625
A,1,5555553112057712,2.4014,1.0,1.0,1.0,1.0,4.0,5.0,2.2246,6.0,7.0,3.6875
A,1,4111110697689029,3.7298,1.0,1.0,1.0,1.0,0.0,4.0,2.7272,8.0,5.0,4.0625
A,1,4111119341252415,2.4111,1.0,1.0,1.0,1.0,0.0,4.0,2.2246,6.0,7.0,2.8125
A,1,4242423873086833,2.1624,1.0,1.0,1.0,1.0,1.0,4.0,2.6085,7.0,4.0,4.1875
A,1,5555558113798784,1.9232,1.0,1.0,1.0,1.0,4.0,5.0,2.4835,7.0,6.0,5.375
A,1,4111110518274787,3.1833,1.0,1.0,1.0,1.0,0.0,4.0,2.4835,7.0,6.0,3.625
A,1,4111110554238837,3.9163,1.0,1.0,1.0,1.0,0.0,4.0,2.7744,8.0,5.0,3.375
A,1,5105103066855656,1.3557,1.0,1.0,1.0,1.0,3.0,5.0,2.3522,6.0,5.0,3.875
A,1,4242421598956074,3.354,1.0,1.0,1.0,1.0,1.0,4.0,2.9528,9.0,4.0,4.5
A,1,4111112853232842,2.9098,1.0,1.0,1.0,1.0,0.0,4.0,2.3994,6.0,5.0,3.0
A,1,4242423388743985,2.4812,1.0,1.0,1.0,1.0,1.0,4.0,2.6085,7.0,4.0,4.75
A,1,4111114008807361,3.2739,1.0,1.0,1.0,1.0,0.0,4.0,2.4835,7.0,6.0,2.875
A,1,5105104592905270,1.3192,1.0,1.0,1.0,1.0,3.0,5.0,2.625,7.0,4.0,3.4375
A,1,5555558718378453,1.533,1.0,1.0,1.0,1.0,4.0,5.0,2.2246,6.0,7.0,5.25
A,1,4532014295414627,2.0237,1.0,1.0,1.0,1.0,2.0,4.0,2.9528,9.0,4.0,3.6875
A,1,5555555950172313,2.151,1.0,1.0,1.0,1.0,4.0,5.0,2.25,7.0,8.0,4.125
A,1,4242427726351773,2.8746,1.0,1.0,1.0,1.0,1.0,4.0,2.5778,7.0,4.0,4.125
A,1,4111117863574752,3.4441,1.0,1.0,1.0,1.0,0.0,4.0,2.7272,8.0,5.0,3.9375
A,1,4242426602589597,3.2414,1.0,1.0,1.0,1.0,1.0,4.0,2.8278,8.0,4.0,4.6875
A,1,4532016920166258,2.0144,1.0,1.0,1.0,1.0,2.0,4.0,3.0306,9.0,3.0,3.75
A,1,5105105213822729,1.6158,1.0,1.0,1.0,1.0,3.0,5.0,2.7806,8.0,4.0,3.3125
A,1,4111119951192786,3.6962,1.0,1.0,1.0,1.0,0.0,4.0,2.4746,8.0,7.0,4.125
A,1,4242421833551623,2.2739,1.0,1.0,1.0,1.0,1.0,4.0,2.6556,7.0,4.0,3.4375
A,1,4242423690051770,2.9535,1.0,1.0,1.0,1.0,1.0,4.0,2.9835,9.0,3.0,3.5
A,1,4111112746017137,2.3772,1.0,1.0,1.0,1.0,0.0,4.0,2.3496,7.0,7.0,2.9375
A,1,4532017009578041,1.3555,1.0,1.0,1.0,1.0,2.0,4.0,3.0,9.0,4.0,3.5
A,1,4111117043696236,3.4791,1.0,1.0,1.0,1.0,0.0,4.0,2.7272,8.0,5.0,3.4375
A,1,4111115188127454,3.5869,1.0,1.0,1.0,1.0,0.0,4.0,2.2246,6.0,7.0,3.375
A,1,4242424234491787,2.5044,1.0,1.0,1.0,1.0,1.0,4.0,2.4056,7.0,6.0,4.1875
A,1,4111116906361482,3.8641,1.0,1.0,1.0,1.0,0.0,4.0,2.6085,8.0,6.0,3.375
A,1,4111112232014218,3.3728,1.0,1.0,1.0,1.0,0.0,4.0,2.1468,6.0,7.0,2.125
A,1,4242428716921245,2.6338,1.0,1.0,1.0,1.0,1.0,4.0,2.6494,8.0,5.0,3.9375
A,1,4242422362503191,2.5405,1.0,1.0,1.0,1.0,1.0,4.0,2.7272,8.0,5.0,3.125
A,1,4242423573780610,2.8328,1.0,1.0,1.0,1.0,1.0,4.0,3.0306,9.0,3.0,3.625
A,1,6011004831413493,0.9066,1.0,1.0,1.0,1.0,5.0,6.0,2.6085,7.0,4.0,3.0
A,1,4242425881799901,3.7966,1.0,1.0,1.0,1.0,1.0,4.0,2.8585,8.0,3.0,4.6875
A,1,4111110974039609,3.5097,1.0,1.0,1.0,1.0,0.0,4.0,2.555,7.0,5.0,3.5
A,1,4111115968652564,3.9844,1.0,1.0,1.0,1.0,0.0,4.0,2.555,7.0,5.0,4.0625
A,1,4111112567602082,3.9366,1.0,1.0,1.0,1.0,0.0,4.0,2.7272,8.0,5.0,2.9375
A,1,4111118690420086,3.9513,1.0,1.0,1.0,1.0,0.0,4.0,2.6022,7.0,5.0,3.25
A,1,4242429526790036,2.5045,1.0,1.0,1.0,1.0,1.0,4.0,2.8278,8.0,4.0,4.0625
A,1,4111119348162724,3.575,1.0,1.0,1.0,1.0,0.0,4.0,2.6085,8.0,6.0,3.4375
A,1,4242424444041000,3.9399,1.0,1.0,1.0,1.0,1.0,4.0,1.7028,4.0,8.0,2.4375
A,1,4532012254910825,1.8049,1.0,1.0,1.0,1.0,2.0,4.0,2.8278,8.0,4.0,3.3125
A,1,4111113631428140,2.4097,1.0,1.0,1.0,1.0,0.0,4.0,2.3496,7.0,7.0,2.5625
A,1,4532015348800878,1.6935,1.0,1.0,1.0,1.0,2.0,4.0,2.8278,8.0,4.0,4.125
A,1,4111113867030032,4.2115,1.0,1.0,1.0,1.0,0.0,4.0,2.68,8.0,5.0,2.5625
A,1,4111115405170717,3.4616,1.0,1.0,1.0,1.0,0.0,4.0,2.0996,5.0,7.0,2.875
A,1,4242428485909322,2.514,1.0,1.0,1.0,1.0,1.0,4.0,2.5244,7.0,5.0,4.25
A,1,5105102318886634,2.124,1.0,1.0,1.0,1.0,3.0,5.0,2.9056,8.0,3.0,3.8125
A,1,4111119629210721,2.3019,1.0,1.0,1.0,1.0,0.0,4.0,2.3496,7.0,7.0,3.0
A,1,4111114292359533,3.4198,1.0,1.0,1.0,1.0,0.0,4.0,2.4772,6.0,5.0,3.375
A,1,4242424636811079,2.6392,1.0,1.0,1.0,1.0,1.0,4.0,2.9528,9.0,4.0,3.9375
A,1,6011009112671529,1.6563,1.0,1.0,1.0,1.0,5.0,6.0,2.6022,7.0,5.0,3.1875
A,1,5105100234188622,1.4005,1.0,1.0,1.0,1.0,3.0,5.0,2.8585,8.0,3.0,3.0
A,1,4111114565548903,3.7495,1.0,1.0,1.0,1.0,0.0,4.0,2.68,8.0,5.0,3.625
A,1,4532019617468094,4.0486,1.0,1.0,1.0,1.0,2.0,4.0,3.2028,10.0,3.0,4.3125
A,1,5105106304759572,1.9039,1.0,1.0,1.0,1.0,3.0,5.0,2.9528,9.0,4.0,3.75
A,1,4242420785312000,2.7761,1.0,1.0,1.0,1.0,1.0,4.0,2.7028,8.0,4.0,2.75
A,1,4111119951732037,3.5501,1.0,1.0,1.0,1.0,0.0,4.0,2.6556,8.0,6.0,3.4375
A,1,5555555667868781,2.7986,1.0,1.0,1.0,1.0,4.0,5.0,2.0524,5.0,7.0,5.75
A,1,5105104820568437,1.8691,1.0,1.0,1.0,1.0,3.0,5.0,3.0306,9.0,3.0,3.6875
A,1,4111111170872553,3.3883,1.0,1.0,1.0,1.0,0.0,4.0,2.5218,8.0,7.0,3.0
A,1,4111111632820315,3.8227,1.0,1.0,1.0,1.0,0.0,4.0,2.5218,8.0,7.0,2.5
A,1,4242427323725270,1.809,1.0,1.0,1.0,1.0,1.0,4.0,2.3113,6.0,6.0,3.5
A,1,4111118862615075,3.638,1.0,1.0,1.0,1.0,0.0,4.0,2.6556,8.0,6.0,3.5625
A,1,4532016950847470,3.9887,1.0,1.0,1.0,1.0,2.0,4.0,3.1556,10.0,3.0,4.0625
A,1,5105109608774875,2.6857,1.0,1.0,1.0,1.0,3.0,5.0,2.8585,8.0,3.0,4.5625
A,1,4242425921695937,3.1721,1.0,1.0,1.0,1.0,1.0,4.0,2.7806,8.0,4.0,4.625
A,1,5105100014667746,2.2583,1.0,1.0,1.0,1.0,3.0,5.0,2.5306,6.0,4.0,3.3125
A,1,5105102497274701,1.9352,1.0,1.0,1.0,1.0,3.0,5.0,2.7335,7.0,3.0,3.4375
A,1,4242420403638158,2.1718,1.0,1.0,1.0,1.0,1.0,4.0,2.8278,8.0,4.0,3.5
A,1,4242423261837151,2.1025,1.0,1.0,1.0,1.0,1.0,4.0,2.7806,8.0,4.0,3.4375
A,1,6011006726699797,1.4616,1.0,1.0,1.0,1.0,5.0,6.0,2.4835,6.0,4.0,4.75
A,1,4111116832123667,3.1949,1.0,1.0,1.0,1.0,0.0,4.0,2.4835,7.0,6.0,3.3125
A,1,4242428201713040,2.8593,1.0,1.0,1.0,1.0,1.0,4.0,2.5778,7.0,4.0,2.75
A,1,4111110755397879,3.7897,1.0,1.0,1.0,1.0,0.0,4.0,2.7272,8.0,5.0,4.3125
A,1,4111116258744210,3.7208,1.0,1.0,1.0,1.0,0.0,4.0,2.6085,8.0,6.0,3.0
A,1,4111112801197907,3.2314,1.0,1.0,1.0,1.0,0.0,4.0,2.3968,7.0,7.0,3.3125
A,1,4111116453842306,3.26,1.0,1.0,1.0,1.0,0.0,4.0,2.7272,8.0,5.0,3.125
A,1,4111115771108044,2.787,1.0,1.0,1.0,1.0,0.0,4.0,2.2246,6.0,7.0,2.875
A,1,4111114946627962,4.0109,1.0,1.0,1.0,1.0,0.0,4.0,2.43,6.0,5.0,4.0
A,1,4111113396857699,4.4149,1.0,1.0,1.0,1.0,0.0,4.0,2.7272,8.0,5.0,4.625
A,1,4242429489451394,3.6877,1.0,1.0,1.0,1.0,1.0,4.0,2.4363,7.0,6.0,4.625
A,1,4111115650863917,3.9656,1.0,1.0,1.0,1.0,0.0,4.0,2.7806,9.0,6.0,3.6875
A,1,4111112652769226,2.9177,1.0,1.0,1.0,1.0,0.0,4.0,2.4772,7.0,5.0,3.5
A,1,4111114421777811,3.8452,1.0,1.0,1.0,1.0,0.0,4.0,1.9056,5.0,8.0,3.1875
A,1,4532013300659069,1.2111,1.0,1.0,1.0,1.0,2.0,4.0,2.8278,8.0,4.0,3.5
A,1,4111112084296384,3.4791,1.0,1.0,1.0,1.0,0.0,4.0,2.7272,8.0,5.0,3.4375
A,1,4242427241994123,2.6714,1.0,1.0,1.0,1.0,1.0,4.0,2.2988,6.0,5.0,3.75
A,1,4242420870719465,2.781,1.0,1.0,1.0,1.0,1.0,4.0,2.9528,9.0,4.0,4.0625
A,1,4111117165670241,2.8603,1.0,1.0,1.0,1.0,0.0,4.0,2.3968,7.0,7.0,3.0
A,1,4242423975185848,2.5285,1.0,1.0,1.0,1.0,1.0,4.0,2.7806,8.0,4.0,4.75
A,1,4111110366118300,2.91,1.0,1.0,1.0,1.0,0.0,4.0,2.2246,6.0,7.0,2.3125
A,1,4532017713033739,2.1298,1.0,1.0,1.0,1.0,2.0,4.0,2.7272,8.0,5.0,3.625
A,1,4242427329003946,2.2298,1.0,1.0,1.0,1.0,1.0,4.0,2.625,7.0,4.0,3.8125
A,1,4111110072514784,3.4045,1.0,1.0,1.0,1.0,0.0,4.0,2.4835,7.0,6.0,2.9375
A,1,5105107936339593,1.4461,1.0,1.0,1.0,1.0,3.0,5.0,2.6556,7.0,4.0,4.3125
A,1,5105100724050555,1.7042,1.0,1.0,1.0,1.0,3.0,5.0,2.18,6.0,6.0,2.8125
A,1,4111112151926830,2.8382,1.0,1.0,1.0,1.0,0.0,4.0,2.6468,9.0,7.0,2.875
A,1,4111118804731212,2.2829,1.0,1.0,1.0,1.0,0.0,4.0,2.3968,7.0,7.0,2.8125
A,1,4111114994124375,3.2221,1.0,1.0,1.0,1.0,0.0,4.0,2.4056,7.0,6.0,3.5625
A,1,4111118165492362,3.5501,1.0,1.0,1.0,1.0,0.0,4.0,2.6556,8.0,6.0,3.4375
A,1,5555551170465157,2.7149,1.0,1.0,1.0,1.0,4.0,5.0,2.0778,6.0,8.0,4.1875
A,1,6011005323233208,1.3695,1.0,1.0,1.0,1.0,5.0,6.0,2.5778,7.0,4.0,2.4375
A,1,4242429625839726,3.4418,1.0,1.0,1.0,1.0,1.0,4.0,2.7272,8.0,5.0,4.6875
A,1,4111114477815606,3.0027,1.0,1.0,1.0,1.0,0.0,4.0,2.4835,7.0,6.0,3.5625
A,1,5555550605773748,1.7891,1.0,1.0,1.0,1.0,4.0,5.0,2.3496,7.0,7.0,4.8125
A,1,5555551571776061,2.8068,1.0,1.0,1.0,1.0,4.0,5.0,2.0524,5.0,7.0,4.4375
A,1,5555550583668670,1.989,1.0,1.0,1.0,1.0,4.0,5.0,2.2246,6.0,7.0,4.9375
A,1,4111116400866473,3.9951,1.0,1.0,1.0,1.0,0.0,4.0,2.555,7.0,5.0,3.3125
A,1,4111110556633522,3.7807,1.0,1.0,1.0,1.0,0.0,4.0,2.6022,7.0,5.0,2.875
A,1,4532011976810529,3.8841,1.0,1.0,1.0,1.0,2.0,4.0,3.2028,10.0,3.0,3.9375
A,1,4111119643999085,3.8626,1.0,1.0,1.0,1.0,0.0,4.0,2.6494,8.0,5.0,4.4375
A,1,4532013373696436,2.2911,1.0,1.0,1.0,1.0,2.0,4.0,2.8522,9.0,5.0,4.0625
A,1,4532010852134251,2.5463,1.0,1.0,1.0,1.0,2.0,4.0,2.7335,7.0,3.0,2.875
A,1,5555553535217208,2.151,1.0,1.0,1.0,1.0,4.0,5.0,2.25,7.0,8.0,4.125
A,1,4111117005824412,3.6393,1.0,1.0,1.0,1.0,0.0,4.0,2.4835,7.0,6.0,2.625
A,1,5555558013425843,1.7912,1.0,1.0,1.0,1.0,4.0,5.0,2.3968,7.0,7.0,4.25
A,1,4242423348218466,2.4602,1.0,1.0,1.0,1.0,1.0,4.0,2.3994,6.0,5.0,3.9375
A,1,4532014065394967,3.1612,1.0,1.0,1.0,1.0,2.0,4.0,3.0778,9.0,3.0,4.25
A,1,5105103561574646,1.5961,1.0,1.0,1.0,1.0,3.0,5.0,2.6556,7.0,4.0,3.6875
A,1,4242421169923743,2.2461,1.0,1.0,1.0,1.0,1.0,4.0,2.625,7.0,4.0,3.9375
A,1,4111113004398656,4.0135,1.0,1.0,1.0,1.0,0.0,4.0,2.7744,8.0,5.0,3.3125
A,1,4111114511682293,2.7703,1.0,1.0,1.0,1.0,0.0,4.0,2.5218,8.0,7.0,3.125
A,1,6011001328307535,0.7001,1.0,1.0,1.0,1.0,5.0,6.0,2.7806,8.0,4.0,2.8125
A,1,4242428147606282,2.1553,1.0,1.0,1.0,1.0,1.0,4.0,2.5244,7.0,5.0,3.875
A,1,4111113829277085,3.2342,1.0,1.0,1.0,1.0,0.0,4.0,2.8994,9.0,5.0,3.75
A,1,4532013314632540,2.1144,1.0,1.0,1.0,1.0,2.0,4.0,2.7028,7.0,4.0,2.875
A,1,5105104643389425,1.8691,1.0,1.0,1.0,1.0,3.0,5.0,3.0306,9.0,3.0,3.75
A,1,4111117572633899,3.4755,1.0,1.0,1.0,1.0,0.0,4.0,2.8994,9.0,5.0,4.25
A,1,4242424001990300,1.6143,1.0,1.0,1.0,1.0,1.0,4.0,2.3522,6.0,5.0,2.75
A,1,4242424792619837,3.3816,1.0,1.0,1.0,1.0,1.0,4.0,2.75,8.0,4.0,4.625
A,1,4111113911092350,2.9682,1.0,1.0,1.0,1.0,0.0,4.0,2.3968,7.0,7.0,2.625
A,1,4532015095273741,2.3471,1.0,1.0,1.0,1.0,2.0,4.0,2.9528,8.0,3.0,3.625
A,1,4111114410951070,2.8381,1.0,1.0,1.0,1.0,0.0,4.0,2.1774,6.0,7.0,2.5
A,1,4111116715270544,2.6196,1.0,1.0,1.0,1.0,0.0,4.0,2.4835,7.0,6.0,3.125
A,1,4532010436470551,1.2144,1.0,1.0,1.0,1.0,2.0,4.0,2.8585,8.0,3.0,3.125
A,1,4111114982705565,3.8646,1.0,1.0,1.0,1.0,0.0,4.0,2.8522,9.0,5.0,3.75
A,1,4111119879248637,4.4852,1.0,1.0,1.0,1.0,0.0,4.0,2.7744,8.0,5.0,4.5
A,1,4111112093167881,2.9454,1.0,1.0,1.0,1.0,0.0,4.0,2.6468,9.0,7.0,3.375
A,1,4532019648126380,3.8508,1.0,1.0,1.0,1.0,2.0,4.0,3.125,9.0,2.0,3.875
A,1,4242423897406769,2.8429,1.0,1.0,1.0,1.0,1.0,4.0,2.8278,8.0,4.0,4.8125
A,1,4111116624756070,3.9513,1.0,1.0,1.0,1.0,0.0,4.0,2.6022,7.0,5.0,3.25
A,1,4111118014815771,4.0555,1.0,1.0,1.0,1.0,0.0,4.0,2.125,6.0,8.0,3.1875
A,1,4532013398217069,3.8841,1.0,1.0,1.0,1.0,2.0,4.0,3.2028,10.0,3.0,3.9375
A,1,5555553193371339,3.3244,1.0,1.0,1.0,1.0,4.0,5.0,2.055,5.0,6.0,4.5
A,1,4111118113755530,2.3772,1.0,1.0,1.0,1.0,0.0,4.0,2.3496,7.0,7.0,2.9375
A,1,4242428650690665,2.3653,1.0,1.0,1.0,1.0,1.0,4.0,2.6556,7.0,4.0,4.3125
A,1,4242420701498107,2.2739,1.0,1.0,1.0,1.0,1.0,4.0,2.6556,7.0,4.0,3.4375
A,1,4111112511119845,2.8426,1.0,1.0,1.0,1.0,0.0,4.0,1.9669,6.0,9.0,2.875
A,1,4111117683387062,3.8739,1.0,1.0,1.0,1.0,0.0,4.0,2.7744,8.0,5.0,3.6875
A,1,6011008336066326,0.8613,1.0,1.0,1.0,1.0,5.0,6.0,2.3522,6.0,5.0,3.1875
A,1,4111112695594649,4.1632,1.0,1.0,1.0,1.0,0.0,4.0,2.43,6.0,5.0,4.25
A,1,5555558748851099,1.5791,1.0,1.0,1.0,1.0,4.0,5.0,2.3496,7.0,7.0,5.5625
A,1,4242429965391650,3.2162,1.0,1.0,1.0,1.0,1.0,4.0,2.8585,8.0,3.0,4.4375
A,1,4242420093471126,2.8243,1.0,1.0,1.0,1.0,1.0,4.0,2.75,8.0,4.0,3.1875
A,1,5105107929454714,2.4949,1.0,1.0,1.0,1.0,3.0,5.0,2.7335,7.0,3.0,4.0
A,1,4111117431473842,3.012,1.0,1.0,1.0,1.0,0.0,4.0,2.2806,6.0,6.0,3.25
A,1,5105106520342641,1.5956,1.0,1.0,1.0,1.0,3.0,5.0,2.7335,7.0,3.0,2.8125
A,1,4111119247519594,3.0957,1.0,1.0,1.0,1.0,0.0,4.0,2.3113,6.0,6.0,4.0
A,1,4111113885425404,3.0186,1.0,1.0,1.0,1.0,0.0,4.0,2.5244,7.0,5.0,3.25
A,1,5105106396462424,2.2017,1.0,1.0,1.0,1.0,3.0,5.0,2.9056,8.0,3.0,3.625
A,1,4111112118619221,3.4017,1.0,1.0,1.0,1.0,0.0,4.0,1.9197,6.0,9.0,2.625
A,1,4111111717314622,3.9798,1.0,1.0,1.0,1.0,0.0,4.0,2.125,6.0,8.0,2.6875
A,1,4111110695065578,3.7789,1.0,1.0,1.0,1.0,0.0,4.0,2.7272,8.0,5.0,3.75
A,1,4242425172105990,2.4186,1.0,1.0,1.0,1.0,1.0,4.0,2.7028,7.0,4.0,3.5625
A,1,4242423497803712,2.4821,1.0,1.0,1.0,1.0,1.0,4.0,2.75,8.0,4.0,3.875
A,1,4111114580091525,3.2376,1.0,1.0,1.0,1.0,0.0,4.0,2.4835,7.0,6.0,3.0
A,1,5555550774866273,1.2178,1.0,1.0,1.0,1.0,4.0,5.0,2.6085,8.0,6.0,5.0
A,1,4111110902830061,2.8717,1.0,1.0,1.0,1.0,0.0,4.0,2.5306,8.0,6.0,2.375
A,1,4111114521100310,4.2494,1.0,1.0,1.0,1.0,0.0,4.0,2.0778,6.0,8.0,1.625
A,1,4242427621109847,2.5029,1.0,1.0,1.0,1.0,1.0,4.0,2.75,8.0,4.0,3.9375
A,1,6011001859633499,1.043,1.0,1.0,1.0,1.0,5.0,6.0,2.8585,8.0,3.0,4.0625
A,1,4111114475792195,2.8586,1.0,1.0,1.0,1.0,0.0,4.0,2.3585,6.0,6.0,3.875
A,1,4242429569858872,3.4094,1.0,1.0,1.0,1.0,1.0,4.0,2.6556,7.0,4.0,5.3125
A,1,4532018031342356,0.9879,1.0,1.0,1.0,1.0,2.0,4.0,2.875,8.0,4.0,3.125
A,1,4242428309405986,2.2468,1.0,1.0,1.0,1.0,1.0,4.0,2.8278,8.0,4.0,4.375
A,1,4532011300996473,1.8257,1.0,1.0,1.0,1.0,2.0,4.0,3.0306,9.0,3.0,3.5625
A,1,5105103155978690,1.4837,1.0,1.0,1.0,1.0,3.0,5.0,2.7806,8.0,4.0,4.0625
A,1,4111116086872878,3.5135,1.0,1.0,1.0,1.0,0.0,4.0,2.5244,7.0,5.0,4.3125
A,1,4111112727910938,3.638,1.0,1.0,1.0,1.0,0.0,4.0,2.6556,8.0,6.0,3.5625
A,1,4532012138787332,1.7562,1.0,1.0,1.0,1.0,2.0,4.0,2.8278,8.0,4.0,3.6875
A,1,4242421994329629,3.2994,1.0,1.0,1.0,1.0,1.0,4.0,2.2744,6.0,5.0,4.5
A,1,4111111646284565,2.5115,1.0,1.0,1.0,1.0,0.0,4.0,2.3113,6.0,6.0,3.5
A,1,4111119744939642,3.5182,1.0,1.0,1.0,1.0,0.0,4.0,2.4772,7.0,5.0,4.125
A,1,4242423504026729,2.803,1.0,1.0,1.0,1.0,1.0,4.0,2.6494,8.0,5.0,3.5
A,1,4111112702111486,2.9439,1.0,1.0,1.0,1.0,0.0,4.0,2.25,7.0,8.0,2.5625
A,1,6011005447355507,1.163,1.0,1.0,1.0,1.0,5.0,6.0,2.625,7.0,4.0,3.3125
A,1,4242426975463412,2.7756,1.0,1.0,1.0,1.0,1.0,4.0,2.6494,8.0,5.0,4.0625
A,1,5105107015040443,2.3045,1.0,1.0,1.0,1.0,3.0,5.0,2.3829,6.0,5.0,2.5
A,1,4242420397532961,2.6392,1.0,1.0,1.0,1.0,1.0,4.0,2.9528,9.0,4.0,3.9375
A,1,4111115097726305,3.7134,1.0,1.0,1.0,1.0,0.0,4.0,2.8994,9.0,5.0,3.3125
A,1,5555552481562948,1.4006,1.0,1.0,1.0,1.0,4.0,5.0,2.3968,7.0,7.0,4.9375
A,1,5105109818032783,1.9118,1.0,1.0,1.0,1.0,3.0,5.0,2.8585,8.0,3.0,3.8125
A,1,4111119415450788,3.2331,1.0,1.0,1.0,1.0,0.0,4.0,2.4835,7.0,6.0,3.75
A,1,4111111280078851,2.23,1.0,1.0,1.0,1.0,0.0,4.0,2.3496,7.0,7.0,3.0625
A,1,4111116447747777,4.6879,1.0,1.0,1.0,1.0,0.0,4.0,1.805,4.0,6.0,4.3125
A,1,6011006261995360,0.9328,1.0,1.0,1.0,1.0,5.0,6.0,2.5778,7.0,4.0,3.4375
A,1,4111110806558230,3.8059,1.0,1.0,1.0,1.0,0.0,4.0,2.7272,8.0,5.0,2.875
A,1,4111119299971370,3.7116,1.0,1.0,1.0,1.0,0.0,4.0,2.4056,7.0,6.0,4.0625
A,1,4111116475116226,3.0312,1.0,1.0,1.0,1.0,0.0,4.0,2.2246,6.0,7.0,3.0625
A,1,4111118351309156,2.7703,1.0,1.0,1.0,1.0,0.0,4.0,2.5218,8.0,7.0,3.125
A,1,4532010068070083,2.656,1.0,1.0,1.0,1.0,2.0,4.0,2.7806,9.0,6.0,2.9375
A,1,4111116401080397,3.8877,1.0,1.0,1.0,1.0,0.0,4.0,2.6085,8.0,6.0,2.9375
A,1,4532013754871194,2.268,1.0,1.0,1.0,1.0,2.0,4.0,3.0306,9.0,3.0,4.0
A,1,4111113958977976,3.3855,1.0,1.0,1.0,1.0,0.0,4.0,2.68,8.0,5.0,4.9375
A,1,4111110474234551,2.118,1.0,1.0,1.0,1.0,0.0,4.0,2.4056,7.0,6.0,2.75
A,1,4111112737114737,3.3873,1.0,1.0,1.0,1.0,0.0,4.0,2.0218,5.0,7.0,3.1875
A,1,4111117862243045,3.2843,1.0,1.0,1.0,1.0,0.0,4.0,2.8522,9.0,5.0,3.125
A,1,4532012184439598,2.5899,1.0,1.0,1.0,1.0,2.0,4.0,2.9528,8.0,3.0,4.25
A,1,5105108792153540,1.3589,1.0,1.0,1.0,1.0,3.0,5.0,2.9056,9.0,4.0,3.5
A,1,4111117283402733,3.7445,1.0,1.0,1.0,1.0,0.0,4.0,2.6022,7.0,5.0,3.0
A,1,4111116668084843,3.1189,1.0,1.0,1.0,1.0,0.0,4.0,2.3829,6.0,5.0,3.875
A,1,4111112184074327,3.4045,1.0,1.0,1.0,1.0,0.0,4.0,2.4835,7.0,6.0,2.9375
A,1,4111115321735403,3.6393,1.0,1.0,1.0,1.0,0.0,4.0,2.4835,7.0,6.0,2.625
A,1,4242420679368035,2.9944,1.0,1.0,1.0,1.0,1.0,4.0,3.0306,9.0,3.0,4.0625
A,1,4242428545308531,2.5849,1.0,1.0,1.0,1.0,1.0,4.0,2.6556,7.0,4.0,3.75
A,1,4111115907057610,3.2376,1.0,1.0,1.0,1.0,0.0,4.0,2.4835,7.0,6.0,3.0625
A,1,4111115733750909,3.544,1.0,1.0,1.0,1.0,0.0,4.0,2.6494,7.0,5.0,3.5625
A,1,4111111757600658,3.5502,1.0,1.0,1.0,1.0,0.0,4.0,2.5306,7.0,6.0,3.375
A,1,4111112911632116,3.2485,1.0,1.0,1.0,1.0,0.0,4.0,1.9669,6.0,9.0,2.5625
A,1,4242423041923388,2.9717,1.0,1.0,1.0,1.0,1.0,4.0,2.5778,7.0,4.0,3.6875
A,1,4532014486580608,2.3582,1.0,1.0,1.0,1.0,2.0,4.0,2.8585,8.0,3.0,4.0
A,1,6011003353960170,1.6178,1.0,1.0,1.0,1.0,5.0,6.0,2.555,7.0,5.0,2.8125
A,1,4532019488601492,3.1013,1.0,1.0,1.0,1.0,2.0,4.0,3.0778,9.0,3.0,4.125
A,1,4111114471548286,3.4027,1.0,1.0,1.0,1.0,0.0,4.0,2.4056,7.0,6.0,3.625
A,1,4111118231977172,2.5137,1.0,1.0,1.0,1.0,0.0,4.0,2.3496,7.0,7.0,3.5
A,1,6011003906072739,1.4346,1.0,1.0,1.0,1.0,5.0,6.0,2.6494,7.0,5.0,3.375
A,1,4242424195443421,2.8193,1.0,1.0,1.0,1.0,1.0,4.0,2.1468,6.0,7.0,3.4375
A,1,4532012186859546,3.1612,1.0,1.0,1.0,1.0,2.0,4.0,3.0778,9.0,3.0,4.3125
A,1,5555554661802912,1.8496,1.0,1.0,1.0,1.0,4.0,5.0,2.6556,8.0,6.0,4.3125
A,1,5555554550032563,0.8527,1.0,1.0,1.0,1.0,4.0,5.0,1.9669,6.0,9.0,3.9375
A,1,4111110971607705,3.4356,1.0,1.0,1.0,1.0,0.0,4.0,2.4363,7.0,6.0,3.1875
A,1,4242429479400310,2.8115,1.0,1.0,1.0,1.0,1.0,4.0,2.555,7.0,5.0,3.4375
A,1,4111118300609391,3.2376,1.0,1.0,1.0,1.0,0.0,4.0,2.4835,7.0,6.0,3.0
A,1,4111110159282941,2.5782,1.0,1.0,1.0,1.0,0.0,4.0,2.3968,7.0,7.0,3.125
A,1,4111111530047813,2.9682,1.0,1.0,1.0,1.0,0.0,4.0,2.3968,7.0,7.0,2.5625
A,1,4242429768844194,3.0489,1.0,1.0,1.0,1.0,1.0,4.0,2.4835,7.0,6.0,4.875
A,1,4111116151085836,3.1102,1.0,1.0,1.0,1.0,0.0,4.0,2.3968,7.0,7.0,3.25
A,1,4242423981903069,3.1287,1.0,1.0,1.0,1.0,1.0,4.0,2.8585,8.0,3.0,4.125
A,1,4532011843460771,1.3751,1.0,1.0,1.0,1.0,2.0,4.0,3.0306,9.0,3.0,3.5
A,1,4111113041856989,3.3026,1.0,1.0,1.0,1.0,0.0,4.0,2.6556,8.0,6.0,3.875
A,1,4111111844530603,3.6393,1.0,1.0,1.0,1.0,0.0,4.0,2.4835,7.0,6.0,2.6875
A,1,5555551168154284,2.3289,1.0,1.0,1.0,1.0,4.0,5.0,2.2246,6.0,7.0,4.375
A,1,4111118091243947,3.5518,1.0,1.0,1.0,1.0,0.0,4.0,2.6085,8.0,6.0,3.5
A,1,5105108640505164,2.1728,1.0,1.0,1.0,1.0,3.0,5.0,2.4528,6.0,4.0,3.1875
A,1,4111111359897819,3.2091,1.0,1.0,1.0,1.0,0.0,4.0,2.3496,7.0,7.0,4.3125
A,1,5105100467049087,2.0079,1.0,1.0,1.0,1.0,3.0,5.0,2.7744,8.0,5.0,3.5625
A,1,6011005183343576,1.0799,1.0,1.0,1.0,1.0,5.0,6.0,2.8585,8.0,3.0,3.3125
A,1,4111116524535368,3.5871,1.0,1.0,1.0,1.0,0.0,4.0,2.6022,7.0,5.0,3.5
A,1,5555554164992848,2.4529,1.0,1.0,1.0,1.0,4.0,5.0,2.4835,7.0,6.0,5.3125
A,1,4111117648373389,3.8081,1.0,1.0,1.0,1.0,0.0,4.0,2.6022,7.0,5.0,4.1875
A,1,4242428853599937,3.989,1.0,1.0,1.0,1.0,1.0,4.0,2.7335,7.0,3.0,5.25
A,1,5555556875431164,2.3447,1.0,1.0,1.0,1.0,4.0,5.0,2.3968,7.0,7.0,4.6875
A,1,5105102384513062,2.0342,1.0,1.0,1.0,1.0,3.0,5.0,2.8585,8.0,3.0,2.875
A,1,4242426600603507,2.7291,1.0,1.0,1.0,1.0,1.0,4.0,2.6085,7.0,4.0,3.1875
A,1,5105108903335192,1.3471,1.0,1.0,1.0,1.0,3.0,5.0,2.6863,7.0,3.0,3.4375
A,1,4242426071229162,2.4825,1.0,1.0,1.0,1.0,1.0,4.0,2.4835,7.0,6.0,3.375
A,1,4111114292235485,3.9951,1.0,1.0,1.0,1.0,0.0,4.0,2.555,7.0,5.0,3.3125
A,1,5555551680179439,1.8419,1.0,1.0,1.0,1.0,4.0,5.0,2.7806,9.0,6.0,4.875
A,1,4111111321311303,4.1821,1.0,1.0,1.0,1.0,0.0,4.0,1.7169,5.0,9.0,1.6875
A,1,4111117783368566,4.186,1.0,1.0,1.0,1.0,0.0,4.0,2.6022,7.0,5.0,4.25
A,1,5105102067980497,1.7523,1.0,1.0,1.0,1.0,3.0,5.0,3.0,9.0,4.0,4.0
A,1,4111116038114858,2.7766,1.0,1.0,1.0,1.0,0.0,4.0,2.3496,7.0,7.0,3.3125
A,1,5105107218266431,1.7691,1.0,1.0,1.0,1.0,3.0,5.0,3.0,9.0,4.0,3.25
A,1,4111119000149712,3.0956,1.0,1.0,1.0,1.0,0.0,4.0,2.2246,6.0,7.0,2.625
A,1,4111114185837744,3.3668,1.0,1.0,1.0,1.0,0.0,4.0,2.2806,6.0,6.0,3.75
A,1,4242425906136568,3.2565,1.0,1.0,1.0,1.0,1.0,4.0,2.9835,9.0,3.0,4.1875
A,1,5105108354636668,1.3398,1.0,1.0,1.0,1.0,3.0,5.0,2.7028,7.0,4.0,4.1875
A,1,4111114510487280,3.2376,1.0,1.0,1.0,1.0,0.0,4.0,2.4835,7.0,6.0,3.0
A,1,4111112676396493,4.0336,1.0,1.0,1.0,1.0,0.0,4.0,2.6022,7.0,5.0,4.0
A,1,4242427074269684,2.5416,1.0,1.0,1.0,1.0,1.0,4.0,2.5244,7.0,5.0,4.4375
A,1,4111115407131899,3.0423,1.0,1.0,1.0,1.0,0.0,4.0,2.5218,8.0,7.0,3.5
A,1,4242420250990223,1.4207,1.0,1.0,1.0,1.0,1.0,4.0,2.3113,6.0,6.0,3.125
A,1,4111115255983391,3.2331,1.0,1.0,1.0,1.0,0.0,4.0,2.4835,7.0,6.0,3.6875
A,1,4242424797681063,2.841,1.0,1.0,1.0,1.0,1.0,4.0,2.9528,9.0,4.0,4.3125
A,1,4532018374916618,4.0486,1.0,1.0,1.0,1.0,2.0,4.0,3.2028,10.0,3.0,4.25
A,1,5105108982335188,1.3174,1.0,1.0,1.0,1.0,3.0,5.0,2.6556,7.0,4.0,4.1875
A,1,4111115081148714,3.9873,1.0,1.0,1.0,1.0,0.0,4.0,2.0778,6.0,8.0,3.0
A,1,4242420720702638,3.2736,1.0,1.0,1.0,1.0,1.0,4.0,2.555,7.0,5.0,3.3125
A,1,4111114623521652,2.1568,1.0,1.0,1.0,1.0,0.0,4.0,2.3585,6.0,6.0,2.8125
A,1,4111118614437430,2.931,1.0,1.0,1.0,1.0,0.0,4.0,2.4056,7.0,6.0,3.0625
A,1,4242425477814676,3.7889,1.0,1.0,1.0,1.0,1.0,4.0,2.555,7.0,5.0,4.5625
A,1,4532010436493587,4.0292,1.0,1.0,1.0,1.0,2.0,4.0,3.1556,10.0,3.0,4.0
A,1,4242420883056269,2.5045,1.0,1.0,1.0,1.0,1.0,4.0,2.8278,8.0,4.0,4.0625
A,1,5555553368605644,3.024,1.0,1.0,1.0,1.0,4.0,5.0,2.2246,6.0,7.0,4.6875
A,1,5105105491993358,1.4461,1.0,1.0,1.0,1.0,3.0,5.0,2.6556,7.0,4.0,4.25
A,1,4111118075170769,3.8516,1.0,1.0,1.0,1.0,0.0,4.0,2.6085,8.0,6.0,3.6875
A,1,4242424057269070,2.9219,1.0,1.0,1.0,1.0,1.0,4.0,2.5778,7.0,4.0,3.625
A,1,4532018420742695,3.9625,1.0,1.0,1.0,1.0,2.0,4.0,3.1556,10.0,3.0,3.875
A,1,4111119202720294,2.7082,1.0,1.0,1.0,1.0,0.0,4.0,2.3994,6.0,5.0,2.875
A,1,4111116594103808,3.9364,1.0,1.0,1.0,1.0,0.0,4.0,2.6556,8.0,6.0,3.3125
A,1,4532018750882608,1.8505,1.0,1.0,1.0,1.0,2.0,4.0,2.9528,9.0,4.0,4.1875
A,1,4111111413231880,4.0126,1.0,1.0,1.0,1.0,0.0,4.0,2.125,6.0,8.0,2.5
A,1,6011005281413552,0.8214,1.0,1.0,1.0,1.0,5.0,6.0,2.7806,8.0,4.0,2.75
A,1,4111118707991699,4.4891,1.0,1.0,1.0,1.0,0.0,4.0,2.4056,7.0,6.0,4.625
A,1,5555551772871406,2.428,1.0,1.0,1.0,1.0,4.0,5.0,2.6085,8.0,6.0,4.5625
A,1,4532017742529954,2.3776,1.0,1.0,1.0,1.0,2.0,4.0,2.8585,8.0,3.0,4.3125
A,1,5555550703474884,2.3182,1.0,1.0,1.0,1.0,4.0,5.0,2.3585,6.0,6.0,4.6875
A,1,5105106554599405,1.8672,1.0,1.0,1.0,1.0,3.0,5.0,2.3585,6.0,6.0,4.0
A,1,4532011704752530,1.3102,1.0,1.0,1.0,1.0,2.0,4.0,2.7806,7.0,3.0,3.0625
A,1,4111116587746696,4.1387,1.0,1.0,1.0,1.0,0.0,4.0,2.5244,7.0,5.0,4.5625
A,1,4111118757724529,4.0336,1.0,1.0,1.0,1.0,0.0,4.0,2.6022,7.0,5.0,4.0625
A,1,4242422729037271,2.8873,1.0,1.0,1.0,1.0,1.0,4.0,2.4363,7.0,6.0,3.625
A,1,4242429877434937,3.0548,1.0,1.0,1.0,1.0,1.0,4.0,2.43,6.0,5.0,4.9375
A,1,4242426355346542,2.9066,1.0,1.0,1.0,1.0,1.0,4.0,2.2272,5.0,5.0,3.8125
A,1,4111115433208497,3.8684,1.0,1.0,1.0,1.0,0.0,4.0,2.8522,9.0,5.0,3.375
A,1,4111113997185920,3.6624,1.0,1.0,1.0,1.0,0.0,4.0,2.7335,9.0,6.0,3.875
A,1,4111111955245082,2.6196,1.0,1.0,1.0,1.0,0.0,4.0,2.4835,7.0,6.0,3.125
A,1,4242426835137412,2.7588,1.0,1.0,1.0,1.0,1.0,4.0,2.75,8.0,4.0,3.625
A,1,5555557298007938,2.6747,1.0,1.0,1.0,1.0,4.0,5.0,2.5306,7.0,6.0,5.1875
A,1,4111114046297617,2.9148,1.0,1.0,1.0,1.0,0.0,4.0,2.4835,7.0,6.0,3.4375
A,1,4111118427470123,3.4045,1.0,1.0,1.0,1.0,0.0,4.0,2.4835,7.0,6.0,2.9375
A,1,4111118249190412,3.0312,1.0,1.0,1.0,1.0,0.0,4.0,2.2246,6.0,7.0,3.0625
A,1,4242426832419730,2.4479,1.0,1.0,1.0,1.0,1.0,4.0,2.875,9.0,4.0,3.8125
A,1,5105109373251794,2.258,1.0,1.0,1.0,1.0,3.0,5.0,2.9056,8.0,3.0,3.875
A,1,4242425599053716,3.5418,1.0,1.0,1.0,1.0,1.0,4.0,2.9835,9.0,3.0,4.25
A,1,4242429476146718,3.214,1.0,1.0,1.0,1.0,1.0,4.0,2.6022,7.0,5.0,4.4375
A,1,5555552706168612,1.5558,1.0,1.0,1.0,1.0,4.0,5.0,2.4835,7.0,6.0,4.3125
A,1,6011006762170570,0.9248,1.0,1.0,1.0,1.0,5.0,6.0,2.3829,6.0,5.0,3.0625
A,1,5105107923389171,1.3721,1.0,1.0,1.0,1.0,3.0,5.0,2.875,8.0,4.0,3.875
A,1,5105102842775758,1.3398,1.0,1.0,1.0,1.0,3.0,5.0,2.7028,7.0,4.0,4.1875
A,1,4111113961511143,3.2485,1.0,1.0,1.0,1.0,0.0,4.0,1.9669,6.0,9.0,2.6875
A,1,4242423868169834,3.0423,1.0,1.0,1.0,1.0,1.0,4.0,2.6556,7.0,4.0,4.625
A,1,4111110873870492,3.6852,1.0,1.0,1.0,1.0,0.0,4.0,2.7744,8.0,5.0,3.5625
A,1,4242421897903736,3.0819,1.0,1.0,1.0,1.0,1.0,4.0,3.0306,9.0,3.0,4.4375
A,1,4242420518525589,2.8746,1.0,1.0,1.0,1.0,1.0,4.0,2.5778,7.0,4.0,4.125
A,1,4111115541654269,2.5115,1.0,1.0,1.0,1.0,0.0,4.0,2.3113,6.0,6.0,3.5
A,1,4111116863764066,3.3132,1.0,1.0,1.0,1.0,0.0,4.0,2.4238,7.0,5.0,3.8125
A,1,6011009344737940,0.7645,1.0,1.0,1.0,1.0,5.0,6.0,2.7028,7.0,4.0,3.625
A,1,4242427126408645,2.6996,1.0,1.0,1.0,1.0,1.0,4.0,2.6494,8.0,5.0,3.8125
A,1,5555557870943971,2.5775,1.0,1.0,1.0,1.0,4.0,5.0,2.6085,8.0,6.0,5.3125
A,1,4111110362851235,3.3032,1.0,1.0,1.0,1.0,0.0,4.0,2.6556,8.0,6.0,2.75
A,1,4111113124283994,3.218,1.0,1.0,1.0,1.0,0.0,4.0,2.3585,6.0,6.0,3.375
A,1,4242424641065190,3.2539,1.0,1.0,1.0,1.0,1.0,4.0,2.6022,7.0,5.0,3.375
A,1,4242423909483178,2.2468,1.0,1.0,1.0,1.0,1.0,4.0,2.8278,8.0,4.0,4.375
A,1,5555551417589322,2.0342,1.0,1.0,1.0,1.0,4.0,5.0,2.5218,8.0,7.0,4.5
A,1,4242426576877333,3.3291,1.0,1.0,1.0,1.0,1.0,4.0,2.6863,7.0,3.0,4.5625
A,1,4532010239331935,2.2668,1.0,1.0,1.0,1.0,2.0,4.0,2.6494,7.0,5.0,3.3125
A,1,4111116089417127,3.3546,1.0,1.0,1.0,1.0,0.0,4.0,2.5218,8.0,7.0,3.375
A,1,4111111142060311,2.8854,1.0,1.0,1.0,1.0,0.0,4.0,1.9669,6.0,9.0,1.75
A,1,4242425734995896,2.8974,1.0,1.0,1.0,1.0,1.0,4.0,2.7806,8.0,4.0,5.1875
A,1,4111116266259771,3.2331,1.0,1.0,1.0,1.0,0.0,4.0,2.4835,7.0,6.0,3.75
A,1,4111111435879617,3.3838,1.0,1.0,1.0,1.0,0.0,4.0,2.5218,8.0,7.0,3.75
A,1,4111116699392611,2.7786,1.0,1.0,1.0,1.0,0.0,4.0,2.1774,6.0,7.0,3.8125
A,1,5105101703206184,1.6429,1.0,1.0,1.0,1.0,3.0,5.0,2.875,9.0,4.0,2.75
A,1,4111118606070538,3.8201,1.0,1.0,1.0,1.0,0.0,4.0,2.7272,8.0,5.0,3.25
A,1,4111111603237002,2.8109,1.0,1.0,1.0,1.0,0.0,4.0,2.4835,7.0,6.0,2.0625
A,1,4242420683636823,2.4941,1.0,1.0,1.0,1.0,1.0,4.0,2.4835,6.0,4.0,3.9375
A,1,4242429355357907,3.4757,1.0,1.0,1.0,1.0,1.0,4.0,2.7335,7.0,3.0,4.4375
A,1,4532012896527466,3.731,1.0,1.0,1.0,1.0,2.0,4.0,3.1556,10.0,3.0,4.375
A,1,4242422837253612,2.9759,1.0,1.0,1.0,1.0,1.0,4.0,2.6085,8.0,6.0,3.5625
A,1,6011000602697314,1.8058,1.0,1.0,1.0,1.0,5.0,6.0,2.68,8.0,5.0,2.875
A,1,4242426037985006,3.4185,1.0,1.0,1.0,1.0,1.0,4.0,2.9835,9.0,3.0,3.875
A,1,5555556385803167,2.2354,1.0,1.0,1.0,1.0,4.0,5.0,2.3968,7.0,7.0,4.8125
A,1,4242424764774842,3.5273,1.0,1.0,1.0,1.0,1.0,4.0,1.9746,5.0,7.0,4.4375
A,1,4242425557499687,3.3057,1.0,1.0,1.0,1.0,1.0,4.0,2.6556,7.0,4.0,5.1875
A,1,4532012668216413,2.1057,1.0,1.0,1.0,1.0,2.0,4.0,2.8585,8.0,3.0,3.375
A,1,4111110004290446,2.8559,1.0,1.0,1.0,1.0,0.0,4.0,2.2744,6.0,5.0,2.375
A,1,4111115707232058,3.773,1.0,1.0,1.0,1.0,0.0,4.0,2.7744,8.0,5.0,3.0
A,1,4111111993486359,3.4922,1.0,1.0,1.0,1.0,0.0,4.0,2.4835,7.0,6.0,4.125
A,1,4111110626841642,2.2996,1.0,1.0,1.0,1.0,0.0,4.0,2.3113,6.0,6.0,3.0
A,1,5555551126546688,2.7886,1.0,1.0,1.0,1.0,4.0,5.0,2.2246,6.0,7.0,4.8125
A,1,4111115915490225,2.955,1.0,1.0,1.0,1.0,0.0,4.0,2.3585,6.0,6.0,3.1875
A,1,4532012118043508,1.9467,1.0,1.0,1.0,1.0,2.0,4.0,2.7806,7.0,3.0,2.9375
A,1,4111112142311043,3.6639,1.0,1.0,1.0,1.0,0.0,4.0,1.9528,5.0,8.0,1.875
A,1,4242426900870897,3.8893,1.0,1.0,1.0,1.0,1.0,4.0,2.7335,7.0,3.0,4.5
A,1,4242426888805055,2.4964,1.0,1.0,1.0,1.0,1.0,4.0,2.4835,6.0,4.0,4.4375
A,1,4242426584009341,3.1834,1.0,1.0,1.0,1.0,1.0,4.0,2.8522,9.0,5.0,3.625
A,1,4111113321969239,2.5115,1.0,1.0,1.0,1.0,0.0,4.0,2.3113,6.0,6.0,3.5
A,1,4111116721235309,4.0728,1.0,1.0,1.0,1.0,0.0,4.0,2.7806,9.0,6.0,2.9375
A,1,4111119549348924,3.5182,1.0,1.0,1.0,1.0,0.0,4.0,2.4772,7.0,5.0,4.125
A,1,4532015131683457,2.594,1.0,1.0,1.0,1.0,2.0,4.0,2.9835,9.0,3.0,3.625
A,1,4532010068176161,1.983,1.0,1.0,1.0,1.0,2.0,4.0,2.9056,9.0,4.0,3.1875
A,1,4111114688466447,4.6434,1.0,1.0,1.0,1.0,0.0,4.0,2.1266,5.0,5.0,4.125
A,1,4532014995750866,4.6593,1.0,1.0,1.0,1.0,2.0,4.0,3.2028,10.0,3.0,4.625
A,1,4111117038713335,2.931,1.0,1.0,1.0,1.0,0.0,4.0,2.4056,7.0,6.0,3.0625
A,1,4242422426102568,2.6793,1.0,1.0,1.0,1.0,1.0,4.0,2.4056,7.0,6.0,3.375
A,1,6011002807048301,2.2625,1.0,1.0,1.0,1.0,5.0,6.0,2.6085,8.0,6.0,2.5625
A,1,4111110416800451,2.7105,1.0,1.0,1.0,1.0,0.0,4.0,2.1774,6.0,7.0,2.375
A,1,4111119569980911,3.6311,1.0,1.0,1.0,1.0,0.0,4.0,2.2718,7.0,7.0,4.125
A,1,4532017463678428,2.8436,1.0,1.0,1.0,1.0,2.0,4.0,3.0778,9.0,3.0,4.375
A,1,5555552827146455,2.7534,1.0,1.0,1.0,1.0,4.0,5.0,2.25,7.0,8.0,4.625
A,1,4532012856021245,1.0787,1.0,1.0,1.0,1.0,2.0,4.0,2.8278,8.0,4.0,3.125
A,1,4242427293229014,2.5529,1.0,1.0,1.0,1.0,1.0,4.0,2.4056,7.0,6.0,3.5625
A,1,4242428465917543,2.8445,1.0,1.0,1.0,1.0,1.0,4.0,2.8522,9.0,5.0,4.375
A,1,5555552848596761,1.8473,1.0,1.0,1.0,1.0,4.0,5.0,2.5218,8.0,7.0,5.375
A,1,4111119970451536,3.7769,1.0,1.0,1.0,1.0,0.0,4.0,2.6556,8.0,6.0,3.625
A,1,6011002329971782,0.9813,1.0,1.0,1.0,1.0,5.0,6.0,2.8585,8.0,3.0,3.625
A,1,4111115448472823,2.7606,1.0,1.0,1.0,1.0,0.0,4.0,2.5244,7.0,5.0,3.5
A,1,4111112795687046,3.1299,1.0,1.0,1.0,1.0,0.0,4.0,2.8994,9.0,5.0,3.9375
A,1,5555559037930768,2.4252,1.0,1.0,1.0,1.0,4.0,5.0,2.5306,7.0,6.0,5.125
A,1,4532011709250019,1.5194,1.0,1.0,1.0,1.0,2.0,4.0,2.8278,8.0,4.0,3.0625
A,1,4532013509754935,1.6935,1.0,1.0,1.0,1.0,2.0,4.0,2.8278,8.0,4.0,4.0625
A,1,4111114173711539,3.7052,1.0,1.0,1.0,1.0,0.0,4.0,2.125,6.0,8.0,3.125
A,1,4111112568044169,3.8641,1.0,1.0,1.0,1.0,0.0,4.0,2.6085,8.0,6.0,3.375
A,1,4111119147506543,3.9613,1.0,1.0,1.0,1.0,0.0,4.0,2.6085,8.0,6.0,3.3125
A,1,4242427439344578,3.13,1.0,1.0,1.0,1.0,1.0,4.0,2.4835,7.0,6.0,4.5
A,1,6011009035759385,0.2766,1.0,1.0,1.0,1.0,5.0,6.0,2.8278,8.0,4.0,3.875
A,1,6011005041142087,2.4248,1.0,1.0,1.0,1.0,5.0,6.0,2.6494,8.0,5.0,2.5
A,1,4242425697470440,2.5332,1.0,1.0,1.0,1.0,1.0,4.0,2.4835,7.0,6.0,4.0
A,1,4532019207580506,2.3076,1.0,1.0,1.0,1.0,2.0,4.0,3.0778,10.0,4.0,3.5625
A,1,4111117780583753,3.5585,1.0,1.0,1.0,1.0,0.0,4.0,2.6022,7.0,5.0,3.875
A,1,4111119500024266,4.0706,1.0,1.0,1.0,1.0,0.0,4.0,2.6022,7.0,5.0,2.6875
A,1,4111112275968734,2.9405,1.0,1.0,1.0,1.0,0.0,4.0,2.8994,9.0,5.0,3.875
A,1,4111116284957737,3.8205,1.0,1.0,1.0,1.0,0.0,4.0,2.8522,9.0,5.0,4.1875
A,1,4111119779530241,3.5269,1.0,1.0,1.0,1.0,0.0,4.0,2.6556,8.0,6.0,3.5
A,1,4111110353407260,4.2006,1.0,1.0,1.0,1.0,0.0,4.0,2.7272,8.0,5.0,2.4375
A,1,4111111145450394,2.6734,1.0,1.0,1.0,1.0,0.0,4.0,2.1468,6.0,7.0,2.8125
A,1,4242421737435071,2.2507,1.0,1.0,1.0,1.0,1.0,4.0,2.6556,7.0,4.0,3.5
A,1,4111111523012477,2.9682,1.0,1.0,1.0,1.0,0.0,4.0,2.3968,7.0,7.0,2.5625
A,1,4532010331462661,2.5014,1.0,1.0,1.0,1.0,2.0,4.0,2.7335,7.0,3.0,2.9375
A,1,4111117437006612,2.9798,1.0,1.0,1.0,1.0,0.0,4.0,2.5306,7.0,6.0,2.8125
A,1,4242420457911428,3.1372,1.0,1.0,1.0,1.0,1.0,4.0,2.6494,8.0,5.0,3.6875
A,1,4532017911171588,2.2573,1.0,1.0,1.0,1.0,2.0,4.0,2.8994,9.0,5.0,3.9375
A,1,4111119196576975,4.155,1.0,1.0,1.0,1.0,0.0,4.0,2.3585,6.0,6.0,4.5625
A,1,4242423902043466,2.2616,1.0,1.0,1.0,1.0,1.0,4.0,2.3994,6.0,5.0,3.4375
A,1,4111118799994296,4.8414,1.0,1.0,1.0,1.0,0.0,4.0,2.4238,7.0,5.0,5.0625
A,1,4242427131400843,3.025,1.0,1.0,1.0,1.0,1.0,4.0,2.6022,7.0,5.0,3.0625
A,1,4111119317848519,3.569,1.0,1.0,1.0,1.0,0.0,4.0,2.3968,7.0,7.0,4.0
A,1,4532017636950704,3.0751,1.0,1.0,1.0,1.0,2.0,4.0,3.0778,9.0,3.0,3.875
A,1,5555551150148120,2.0719,1.0,1.0,1.0,1.0,4.0,5.0,2.1468,6.0,7.0,3.3125
A,1,4111112181418659,3.5289,1.0,1.0,1.0,1.0,0.0,4.0,2.25,7.0,8.0,3.375
A,1,4111110369655191,3.2404,1.0,1.0,1.0,1.0,0.0,4.0,2.3968,7.0,7.0,3.375
A,1,5555559782983053,1.6559,1.0,1.0,1.0,1.0,4.0,5.0,2.3968,7.0,7.0,5.25
A,1,5105106809378142,3.7428,1.0,1.0,1.0,1.0,3.0,5.0,3.1556,10.0,3.0,3.75
A,1,4111118068379765,3.4755,1.0,1.0,1.0,1.0,0.0,4.0,2.8994,9.0,5.0,4.25
A,1,4242423085559130,2.9082,1.0,1.0,1.0,1.0,1.0,4.0,2.8585,8.0,3.0,3.5625
A,1,4242421424358669,2.7756,1.0,1.0,1.0,1.0,1.0,4.0,2.6494,8.0,5.0,4.125
A,1,4111118132132885,2.8209,1.0,1.0,1.0,1.0,0.0,4.0,2.2246,6.0,7.0,3.125
A,1,4242423161733757,2.6023,1.0,1.0,1.0,1.0,1.0,4.0,2.6863,7.0,3.0,3.8125
A,1,4111114550146234,2.8564,1.0,1.0,1.0,1.0,0.0,4.0,2.4056,7.0,6.0,2.6875
A,1,4111113767768673,2.5857,1.0,1.0,1.0,1.0,0.0,4.0,2.3522,6.0,5.0,4.3125
A,1,4111113034321678,3.757,1.0,1.0,1.0,1.0,0.0,4.0,2.6085,8.0,6.0,2.875
A,1,4111118158848497,3.5557,1.0,1.0,1.0,1.0,0.0,4.0,2.2335,6.0,6.0,4.4375
A,1,4111113444866460,3.2944,1.0,1.0,1.0,1.0,0.0,4.0,2.2516,6.0,5.0,3.375
A,1,4532016464015655,1.4839,1.0,1.0,1.0,1.0,2.0,4.0,2.6556,7.0,4.0,3.5625
A,1,4242429141594417,1.9733,1.0,1.0,1.0,1.0,1.0,4.0,2.3113,6.0,6.0,3.9375
A,1,4111118006408502,3.6373,1.0,1.0,1.0,1.0,0.0,4.0,2.5244,7.0,5.0,2.625
A,1,4111114433704803,1.8016,1.0,1.0,1.0,1.0,0.0,4.0,2.3522,6.0,5.0,2.8125
A,1,4111115568665248,4.0109,1.0,1.0,1.0,1.0,0.0,4.0,2.43,6.0,5.0,4.0
A,1,5105103723539784,1.8564,1.0,1.0,1.0,1.0,3.0,5.0,3.0306,9.0,3.0,3.9375
A,1,4242420516653409,2.4797,1.0,1.0,1.0,1.0,1.0,4.0,2.8278,8.0,4.0,3.5625
A,1,4242422325448351,2.2673,1.0,1.0,1.0,1.0,1.0,4.0,2.2988,6.0,5.0,3.4375
A,1,4532018888754760,2.1183,1.0,1.0,1.0,1.0,2.0,4.0,3.0,9.0,4.0,4.75
A,1,4111118802655249,3.8241,1.0,1.0,1.0,1.0,0.0,4.0,2.7744,8.0,5.0,3.625
A,1,4111114682131633,2.787,1.0,1.0,1.0,1.0,0.0,4.0,2.2246,6.0,7.0,2.875
A,1,4111112169336097,3.5501,1.0,1.0,1.0,1.0,0.0,4.0,2.6556,8.0,6.0,3.4375
A,1,4111118058630466,3.6103,1.0,1.0,1.0,1.0,0.0,4.0,2.6022,7.0,5.0,3.4375
A,1,6011000046833087,1.4705,1.0,1.0,1.0,1.0,5.0,6.0,2.5306,7.0,6.0,2.9375
A,1,4111111027452914,1.6714,1.0,1.0,1.0,1.0,0.0,4.0,2.3496,7.0,7.0,2.75
A,1,4242428555273112,2.9338,1.0,1.0,1.0,1.0,1.0,4.0,2.555,7.0,5.0,3.5625
A,1,5105105310530225,2.6504,1.0,1.0,1.0,1.0,3.0,5.0,2.2272,5.0,5.0,2.375
A,1,4242428931769312,2.279,1.0,1.0,1.0,1.0,1.0,4.0,2.8278,8.0,4.0,4.1875
A,1,4242426206307115,2.4494,1.0,1.0,1.0,1.0,1.0,4.0,2.8278,8.0,4.0,3.0625
A,1,5555553046525016,2.0464,1.0,1.0,1.0,1.0,4.0,5.0,2.25,7.0,8.0,3.875
A,1,5105107510600188,1.2222,1.0,1.0,1.0,1.0,3.0,5.0,2.3522,6.0,5.0,3.0
A,1,4111111780167626,2.7766,1.0,1.0,1.0,1.0,0.0,4.0,2.3496,7.0,7.0,3.3125
A,1,4111116834706790,3.8739,1.0,1.0,1.0,1.0,0.0,4.0,2.7744,8.0,5.0,3.6875
A,1,4532015264467116,1.996,1.0,1.0,1.0,1.0,2.0,4.0,2.8585,8.0,3.0,3.5625
A,1,5105107485680645,1.4196,1.0,1.0,1.0,1.0,3.0,5.0,2.7028,7.0,4.0,4.0625
A,1,4242421122681966,2.6682,1.0,1.0,1.0,1.0,1.0,4.0,2.3829,6.0,5.0,3.75
A,1,4242423818409132,2.4787,1.0,1.0,1.0,1.0,1.0,4.0,2.625,7.0,4.0,3.5625
A,1,4111119969742119,4.1133,1.0,1.0,1.0,1.0,0.0,4.0,2.1468,6.0,7.0,4.125
A,1,4111119560677094,3.2085,1.0,1.0,1.0,1.0,0.0,4.0,2.6494,7.0,5.0,3.875
A,1,4532014532586245,1.6868,1.0,1.0,1.0,1.0,2.0,4.0,2.7806,8.0,4.0,3.6875
A,1,5555550270304084,1.8716,1.0,1.0,1.0,1.0,4.0,5.0,2.4056,7.0,6.0,3.625
A,1,4111113254952053,3.9114,1.0,1.0,1.0,1.0,0.0,4.0,2.6022,7.0,5.0,2.9375
A,1,4111119676729714,3.1519,1.0,1.0,1.0,1.0,0.0,4.0,2.3585,6.0,6.0,4.1875
A,1,4242421837223567,2.5677,1.0,1.0,1.0,1.0,1.0,4.0,2.7272,8.0,5.0,3.875
A,1,4111119491648248,3.67,1.0,1.0,1.0,1.0,0.0,4.0,2.2806,6.0,6.0,4.0
A,1,4242424948962081,2.514,1.0,1.0,1.0,1.0,1.0,4.0,2.5244,7.0,5.0,4.3125
A,1,4111116378974978,4.7019,1.0,1.0,1.0,1.0,0.0,4.0,2.6022,7.0,5.0,4.8125
A,1,4532018085162270,1.8411,1.0,1.0,1.0,1.0,2.0,4.0,3.0306,9.0,3.0,3.375
A,1,4242420363827858,2.4951,1.0,1.0,1.0,1.0,1.0,4.0,2.7806,8.0,4.0,4.25
A,1,4111113507487279,3.6575,1.0,1.0,1.0,1.0,0.0,4.0,2.8522,9.0,5.0,3.8125
A,1,4242429320059950,2.6482,1.0,1.0,1.0,1.0,1.0,4.0,2.4835,6.0,4.0,3.75
A,1,5105107109246559,1.5671,1.0,1.0,1.0,1.0,3.0,5.0,2.7806,8.0,4.0,3.75
A,1,4242423471771448,2.1557,1.0,1.0,1.0,1.0,1.0,4.0,2.3113,6.0,6.0,4.0
A,1,4111114711557956,3.7078,1.0,1.0,1.0,1.0,0.0,4.0,2.2246,6.0,7.0,3.6875
A,1,4532012761802440,1.842,1.0,1.0,1.0,1.0,2.0,4.0,2.9835,9.0,3.0,3.0625
A,1,4242421353527201,3.3615,1.0,1.0,1.0,1.0,1.0,4.0,2.6022,7.0,5.0,2.9375
A,1,4111116900948656,3.5585,1.0,1.0,1.0,1.0,0.0,4.0,2.6022,7.0,5.0,3.875
A,1,5555552554865715,2.4719,1.0,1.0,1.0,1.0,4.0,5.0,1.9238,7.0,10.0,4.875
A,1,4242422872074535,2.1316,1.0,1.0,1.0,1.0,1.0,4.0,2.5244,7.0,5.0,3.8125
A,1,4111117550189146,3.0655,1.0,1.0,1.0,1.0,0.0,4.0,2.5218,8.0,7.0,3.4375
A,1,5105106628556720,1.5961,1.0,1.0,1.0,1.0,3.0,5.0,2.6556,7.0,4.0,3.6875
A,1,4111111674883866,3.0957,1.0,1.0,1.0,1.0,0.0,4.0,2.3113,6.0,6.0,4.125
A,1,6011007764870167,1.3923,1.0,1.0,1.0,1.0,5.0,6.0,2.4056,6.0,4.0,3.8125
A,1,4111115606851735,3.575,1.0,1.0,1.0,1.0,0.0,4.0,2.6085,8.0,6.0,3.4375
A,1,4111112536318331,2.0193,1.0,1.0,1.0,1.0,0.0,4.0,2.2718,7.0,7.0,2.75
A,1,4111112032307770,3.7658,1.0,1.0,1.0,1.0,0.0,4.0,2.43,6.0,5.0,2.5
A,1,4111117824703508,4.0135,1.0,1.0,1.0,1.0,0.0,4.0,2.7744,8.0,5.0,3.3125
A,1,6011001767395389,1.2553,1.0,1.0,1.0,1.0,5.0,6.0,2.9056,8.0,3.0,4.125
A,1,6011001091329609,0.5817,1.0,1.0,1.0,1.0,5.0,6.0,2.3522,6.0,5.0,3.0
A,1,4111111620921653,2.9956,1.0,1.0,1.0,1.0,0.0,4.0,2.5218,8.0,7.0,2.75
A,1,6011008535042789,2.6579,1.0,1.0,1.0,1.0,5.0,6.0,3.125,10.0,4.0,3.6875
A,1,4111113193355491,3.875,1.0,1.0,1.0,1.0,0.0,4.0,2.0996,5.0,7.0,3.25
A,1,4242422106584119,2.3794,1.0,1.0,1.0,1.0,1.0,4.0,2.7028,8.0,4.0,3.4375
A,1,4111119786109906,3.4922,1.0,1.0,1.0,1.0,0.0,4.0,2.4835,7.0,6.0,4.0
A,1,4111112216675182,2.23,1.0,1.0,1.0,1.0,0.0,4.0,2.3496,7.0,7.0,3.0625
A,1,5555554981263985,2.377,1.0,1.0,1.0,1.0,4.0,5.0,2.5218,8.0,7.0,5.3125
A,1,4111114284456719,3.671,1.0,1.0,1.0,1.0,0.0,4.0,2.5306,8.0,6.0,3.6875
A,1,5105104687184302,1.2297,1.0,1.0,1.0,1.0,3.0,5.0,3.0306,9.0,3.0,3.4375
A,1,4532015373933461,2.3918,1.0,1.0,1.0,1.0,2.0,4.0,2.8994,9.0,5.0,3.6875
A,1,6011003180565838,1.1164,1.0,1.0,1.0,1.0,5.0,6.0,2.5306,6.0,4.0,3.4375
A,1,4242421522700473,2.463,1.0,1.0,1.0,1.0,1.0,4.0,2.5244,7.0,5.0,3.0625
A,1,4111117926795824,4.0002,1.0,1.0,1.0,1.0,0.0,4.0,2.7744,8.0,5.0,4.25
A,1,4242427955844845,2.8099,1.0,1.0,1.0,1.0,1.0,4.0,2.3113,6.0,6.0,4.8125
A,1,4111119157850815,2.8568,1.0,1.0,1.0,1.0,0.0,4.0,2.3496,7.0,7.0,3.625
A,1,4242426163042218,2.3288,1.0,1.0,1.0,1.0,1.0,4.0,2.5244,7.0,5.0,3.1875
A,1,4242426949268897,2.9923,1.0,1.0,1.0,1.0,1.0,4.0,2.4528,6.0,4.0,5.375
A,1,4242422454193901,2.0392,1.0,1.0,1.0,1.0,1.0,4.0,2.5244,7.0,5.0,3.5
A,1,4532017006006582,1.9939,1.0,1.0,1.0,1.0,2.0,4.0,2.8994,9.0,5.0,3.0625
A,1,5555558311280957,2.2009,1.0,1.0,1.0,1.0,4.0,5.0,2.5218,8.0,7.0,4.625
A,1,4242426268089759,2.7044,1.0,1.0,1.0,1.0,1.0,4.0,2.8278,8.0,4.0,4.875
A,1,5105107297112126,1.6195,1.0,1.0,1.0,1.0,3.0,5.0,2.6022,7.0,5.0,3.125
A,1,4111111333753732,2.5478,1.0,1.0,1.0,1.0,0.0,4.0,2.18,6.0,6.0,2.875
A,1,4242423360965200,2.6757,1.0,1.0,1.0,1.0,1.0,4.0,2.6556,7.0,4.0,3.25
A,1,4111117523174027,3.4045,1.0,1.0,1.0,1.0,0.0,4.0,2.4835,7.0,6.0,2.9375
A,1,4111114505210259,2.9358,1.0,1.0,1.0,1.0,0.0,4.0,2.3585,6.0,6.0,2.625
A,1,4111114296384123,3.0446,1.0,1.0,1.0,1.0,0.0,4.0,2.4835,7.0,6.0,3.1875
A,1,4532016760436449,2.1165,1.0,1.0,1.0,1.0,2.0,4.0,2.9528,9.0,4.0,4.0
A,1,4111119120808171,2.729,1.0,1.0,1.0,1.0,0.0,4.0,2.25,7.0,8.0,2.875
A,1,4242424887613471,2.8086,1.0,1.0,1.0,1.0,1.0,4.0,2.6022,7.0,5.0,4.1875
A,1,4111119218476170,3.3546,1.0,1.0,1.0,1.0,0.0,4.0,2.5218,8.0,7.0,3.375
A,1,4242427250388076,2.545,1.0,1.0,1.0,1.0,1.0,4.0,2.8278,8.0,4.0,4.0
A,1,4532019373689305,3.7016,1.0,1.0,1.0,1.0,2.0,4.0,3.125,10.0,4.0,4.25
A,1,4111117027529676,3.7789,1.0,1.0,1.0,1.0,0.0,4.0,2.7272,8.0,5.0,3.75
A,1,4111110114161388,3.2485,1.0,1.0,1.0,1.0,0.0,4.0,1.9669,6.0,9.0,2.625
A,1,4111115259618688,3.2667,1.0,1.0,1.0,1.0,0.0,4.0,2.4835,7.0,6.0,4.1875
A,1,5555551142246768,1.8816,1.0,1.0,1.0,1.0,4.0,5.0,2.5306,7.0,6.0,4.4375
A,1,4111115834282695,3.5518,1.0,1.0,1.0,1.0,0.0,4.0,2.7744,8.0,5.0,3.8125
A,1,4111117690311550,3.4245,1.0,1.0,1.0,1.0,0.0,4.0,2.5218,8.0,7.0,2.875
A,1,5105102145459878,1.553,1.0,1.0,1.0,1.0,3.0,5.0,2.8278,8.0,4.0,4.0625
A,1,4242421085413308,2.6458,1.0,1.0,1.0,1.0,1.0,4.0,2.7028,7.0,4.0,3.1875
A,1,5105104904688259,2.1837,1.0,1.0,1.0,1.0,3.0,5.0,2.9056,8.0,3.0,4.1875
A,1,4242427701908175,2.9869,1.0,1.0,1.0,1.0,1.0,4.0,2.8585,8.0,3.0,3.9375
A,1,4242420172941726,2.1847,1.0,1.0,1.0,1.0,1.0,4.0,2.5244,7.0,5.0,3.5625
A,1,4242428901162118,2.619,1.0,1.0,1.0,1.0,1.0,4.0,2.5778,7.0,4.0,3.4375
A,1,4111113681343363,3.7301,1.0,1.0,1.0,1.0,0.0,4.0,2.055,5.0,6.0,3.0625
A,1,4242424906029402,3.701,1.0,1.0,1.0,1.0,1.0,4.0,2.1266,5.0,5.0,3.375
A,1,4111117348262510,4.0728,1.0,1.0,1.0,1.0,0.0,4.0,2.7806,9.0,6.0,2.9375
A,1,4111115516800574,2.6196,1.0,1.0,1.0,1.0,0.0,4.0,2.4835,7.0,6.0,3.125
A,1,4532011314202314,0.8151,1.0,1.0,1.0,1.0,2.0,4.0,2.4835,6.0,4.0,2.25
A,1,4532016592799410,2.8758,1.0,1.0,1.0,1.0,2.0,4.0,3.0778,9.0,3.0,4.1875
A,1,4111110607934457,3.8441,1.0,1.0,1.0,1.0,0.0,4.0,2.7272,8.0,5.0,3.375
A,1,4111114099940311,3.7892,1.0,1.0,1.0,1.0,0.0,4.0,2.0524,5.0,7.0,3.0625
A,1,4111110142897235,3.3094,1.0,1.0,1.0,1.0,0.0,4.0,2.7806,9.0,6.0,3.125
A,1,4111119829415583,3.5527,1.0,1.0,1.0,1.0,0.0,4.0,2.5306,7.0,6.0,3.9375
A,1,4242427497431515,3.0746,1.0,1.0,1.0,1.0,1.0,4.0,2.6022,7.0,5.0,4.0
A,1,4532016229584334,2.6166,1.0,1.0,1.0,1.0,2.0,4.0,2.9835,9.0,3.0,3.8125
A,1,4111112409769818,3.4919,1.0,1.0,1.0,1.0,0.0,4.0,2.6556,8.0,6.0,3.9375
A,1,4111114300096465,3.7033,1.0,1.0,1.0,1.0,0.0,4.0,2.555,7.0,5.0,2.875
A,1,5555555659440193,2.3673,1.0,1.0,1.0,1.0,4.0,5.0,2.25,7.0,8.0,4.75
A,1,6011008605904934,0.4979,1.0,1.0,1.0,1.0,5.0,6.0,2.7744,8.0,5.0,3.5
A,1,6011004961938665,0.3119,1.0,1.0,1.0,1.0,5.0,6.0,2.7806,8.0,4.0,4.0625
A,1,4111111388339437,3.317,1.0,1.0,1.0,1.0,0.0,4.0,2.2806,6.0,6.0,3.625
A,1,5555550739753996,1.6628,1.0,1.0,1.0,1.0,4.0,5.0,2.2246,6.0,7.0,5.5
A,1,5105106810727758,1.6229,1.0,1.0,1.0,1.0,3.0,5.0,2.6863,7.0,3.0,3.9375
A,1,4111116895562272,3.3413,1.0,1.0,1.0,1.0,0.0,4.0,2.7272,8.0,5.0,3.8125
A,1,4242422426514861,2.441,1.0,1.0,1.0,1.0,1.0,4.0,2.2988,6.0,5.0,3.5625
A,1,5105101570491976,1.1585,1.0,1.0,1.0,1.0,3.0,5.0,2.6556,7.0,4.0,3.8125
A,1,4111116859024988,3.7897,1.0,1.0,1.0,1.0,0.0,4.0,2.7272,8.0,5.0,4.25
A,1,5105108539005086,1.0791,1.0,1.0,1.0,1.0,3.0,5.0,2.5244,7.0,5.0,3.5
A,1,5105105026194951,1.9469,1.0,1.0,1.0,1.0,3.0,5.0,2.5778,7.0,4.0,3.375
A,1,6011008159234548,0.9129,1.0,1.0,1.0,1.0,5.0,6.0,3.0306,9.0,3.0,3.5625
A,1,4242421343960546,3.0919,1.0,1.0,1.0,1.0,1.0,4.0,2.7272,8.0,5.0,3.6875
A,1,5105105040161531,2.1944,1.0,1.0,1.0,1.0,3.0,5.0,2.2744,6.0,5.0,2.375
A,1,4111119133995676,3.2667,1.0,1.0,1.0,1.0,0.0,4.0,2.4835,7.0,6.0,4.1875
A,1,4111117561293424,3.8401,1.0,1.0,1.0,1.0,0.0,4.0,2.6085,8.0,6.0,3.25
A,1,4111112722463321,2.8491,1.0,1.0,1.0,1.0,0.0,4.0,2.2806,6.0,6.0,2.5625
A,1,6011007288759417,1.7429,1.0,1.0,1.0,1.0,5.0,6.0,2.9835,9.0,3.0,4.125
A,1,4111110028937840,3.26,1.0,1.0,1.0,1.0,0.0,4.0,2.7272,8.0,5.0,3.125
A,1,5105108578262325,1.6364,1.0,1.0,1.0,1.0,3.0,5.0,2.8278,8.0,4.0,3.75
A,1,4111112630315597,3.3094,1.0,1.0,1.0,1.0,0.0,4.0,2.7806,9.0,6.0,3.125
A,1,4532013439415318,1.1418,1.0,1.0,1.0,1.0,2.0,4.0,2.7806,8.0,4.0,3.5
A,1,4242424600911467,2.8657,1.0,1.0,1.0,1.0,1.0,4.0,2.6022,7.0,5.0,3.5
A,1,4242420917206450,2.7812,1.0,1.0,1.0,1.0,1.0,4.0,2.7028,8.0,4.0,3.25
A,1,4532013891579635,4.0762,1.0,1.0,1.0,1.0,2.0,4.0,3.1556,10.0,3.0,4.4375
A,1,4111113255248923,3.9513,1.0,1.0,1.0,1.0,0.0,4.0,2.6022,7.0,5.0,3.25
A,1,5105100612707969,1.6186,1.0,1.0,1.0,1.0,3.0,5.0,2.7028,7.0,4.0,3.6875
A,1,4111116062231388,3.3194,1.0,1.0,1.0,1.0,0.0,4.0,2.5306,7.0,6.0,3.0
A,1,5555558418548553,1.8667,1.0,1.0,1.0,1.0,4.0,5.0,1.7947,5.0,9.0,5.0625
A,1,5555555697787571,1.8121,1.0,1.0,1.0,1.0,4.0,5.0,2.0,6.0,8.0,5.75
A,1,5105106798528640,1.8813,1.0,1.0,1.0,1.0,3.0,5.0,3.0306,9.0,3.0,4.1875
A,1,4242427057739661,3.5418,1.0,1.0,1.0,1.0,1.0,4.0,2.9835,9.0,3.0,4.3125
A,1,4111110773089680,3.5902,1.0,1.0,1.0,1.0,0.0,4.0,2.7272,8.0,5.0,3.5625
A,1,4532012684639747,4.0762,1.0,1.0,1.0,1.0,2.0,4.0,3.2028,10.0,3.0,4.4375
A,1,4242426211458085,2.6176,1.0,1.0,1.0,1.0,1.0,4.0,2.625,7.0,4.0,3.625
A,1,4111112508705903,3.6158,1.0,1.0,1.0,1.0,0.0,4.0,2.8522,9.0,5.0,3.0
A,1,4111114852881157,3.658,1.0,1.0,1.0,1.0,0.0,4.0,2.2246,6.0,7.0,3.625
A,1,4111111639302119,2.3,1.0,1.0,1.0,1.0,0.0,4.0,2.25,7.0,8.0,2.75
A,1,4111114321642537,3.2739,1.0,1.0,1.0,1.0,0.0,4.0,2.4835,7.0,6.0,2.875
A,1,5105101802949569,2.1408,1.0,1.0,1.0,1.0,3.0,5.0,2.8113,8.0,3.0,4.0625
A,1,4242427387623734,3.1117,1.0,1.0,1.0,1.0,1.0,4.0,2.4056,6.0,4.0,4.25
A,1,4242428388945910,3.1721,1.0,1.0,1.0,1.0,1.0,4.0,2.7806,8.0,4.0,4.5625
A,1,4111119681314544,3.2482,1.0,1.0,1.0,1.0,0.0,4.0,2.2718,7.0,7.0,3.375
A,1,5555558461878261,2.0997,1.0,1.0,1.0,1.0,4.0,5.0,2.4835,7.0,6.0,5.0625
A,1,4242423189483161,2.1428,1.0,1.0,1.0,1.0,1.0,4.0,2.6556,7.0,4.0,3.875
A,1,4111117438805087,3.9286,1.0,1.0,1.0,1.0,0.0,4.0,2.6022,7.0,5.0,3.6875
A,1,4111110844122437,2.118,1.0,1.0,1.0,1.0,0.0,4.0,2.4056,7.0,6.0,2.75
A,1,4532014709283063,3.3496,1.0,1.0,1.0,1.0,2.0,4.0,3.1556,10.0,3.0,3.5625
A,1,4532011256069879,4.0486,1.0,1.0,1.0,1.0,2.0,4.0,3.25,10.0,2.0,4.25
A,1,4242422839986201,2.7303,1.0,1.0,1.0,1.0,1.0,4.0,2.7272,8.0,5.0,4.125
A,1,4242428880423424,2.0584,1.0,1.0,1.0,1.0,1.0,4.0,2.0079,5.0,6.0,3.8125
A,1,4111115294370964,3.8148,1.0,1.0,1.0,1.0,0.0,4.0,2.8522,9.0,5.0,3.625
A,1,4242425200890019,3.0208,1.0,1.0,1.0,1.0,1.0,4.0,2.5778,7.0,4.0,3.25
A,1,4242421550706897,2.9944,1.0,1.0,1.0,1.0,1.0,4.0,3.0306,9.0,3.0,4.125
A,1,4532012647488869,4.375,1.0,1.0,1.0,1.0,2.0,4.0,3.1556,10.0,3.0,4.8125
A,1,4242425793295683,3.2414,1.0,1.0,1.0,1.0,1.0,4.0,2.8278,8.0,4.0,4.6875
A,1,4242427887590656,2.853,1.0,1.0,1.0,1.0,1.0,4.0,2.9056,8.0,3.0,4.9375
A,1,4111119027672456,3.6852,1.0,1.0,1.0,1.0,0.0,4.0,2.7744,8.0,5.0,3.5625
A,1,4111117472014299,3.218,1.0,1.0,1.0,1.0,0.0,4.0,2.3585,6.0,6.0,3.375
A,1,4242427143610215,2.5561,1.0,1.0,1.0,1.0,1.0,4.0,2.7028,8.0,4.0,3.0
A,1,4111115001079742,2.8449,1.0,1.0,1.0,1.0,0.0,4.0,2.4835,7.0,6.0,2.75
A,1,4111114497011244,3.0981,1.0,1.0,1.0,1.0,0.0,4.0,2.0462,6.0,7.0,2.8125
A,1,6011007257919695,1.7723,1.0,1.0,1.0,1.0,5.0,6.0,2.7335,7.0,3.0,4.25
A,1,4111116840174751,2.5517,1.0,1.0,1.0,1.0,0.0,4.0,2.3496,7.0,7.0,3.25
A,1,4111116941972285,3.3026,1.0,1.0,1.0,1.0,0.0,4.0,2.6556,8.0,6.0,3.875
A,1,4111116546339161,3.5778,1.0,1.0,1.0,1.0,0.0,4.0,2.2246,6.0,7.0,3.3125
A,1,4111117908551963,3.557,1.0,1.0,1.0,1.0,0.0,4.0,2.7806,9.0,6.0,3.875
A,1,5555553548241930,1.6474,1.0,1.0,1.0,1.0,4.0,5.0,2.5218,8.0,7.0,4.3125
A,1,5105101009056671,1.5302,1.0,1.0,1.0,1.0,3.0,5.0,2.3522,6.0,5.0,2.9375
A,1,4242425204164098,2.9485,1.0,1.0,1.0,1.0,1.0,4.0,2.6494,8.0,5.0,3.5625
A,1,4532011551442847,1.1418,1.0,1.0,1.0,1.0,2.0,4.0,2.7806,8.0,4.0,3.5
A,1,4111117711443242,2.0741,1.0,1.0,1.0,1.0,0.0,4.0,2.0218,5.0,7.0,2.75
A,1,4242421362595470,2.655,1.0,1.0,1.0,1.0,1.0,4.0,2.875,9.0,4.0,3.75
A,1,4111119252326075,3.2843,1.0,1.0,1.0,1.0,0.0,4.0,2.8522,9.0,5.0,3.125
A,1,4532013664803287,3.0751,1.0,1.0,1.0,1.0,2.0,4.0,3.0778,9.0,3.0,3.875
A,1,4242425642917198,2.387,1.0,1.0,1.0,1.0,1.0,4.0,2.75,8.0,4.0,4.375
A,1,4242429796092071,2.3653,1.0,1.0,1.0,1.0,1.0,4.0,2.6556,7.0,4.0,4.25
A,1,4111114672812036,3.6959,1.0,1.0,1.0,1.0,0.0,4.0,2.6556,8.0,6.0,3.0
A,1,4111112701233299,3.4045,1.0,1.0,1.0,1.0,0.0,4.0,2.4835,7.0,6.0,2.9375
A,1,4242428876890602,2.8756,1.0,1.0,1.0,1.0,1.0,4.0,2.6556,7.0,4.0,4.5
A,1,4111113813700308,2.5012,1.0,1.0,1.0,1.0,0.0,4.0,2.3113,6.0,6.0,2.625
A,1,5105104335014646,0.0843,1.0,1.0,1.0,1.0,3.0,5.0,2.5613,6.0,3.0,3.0
A,1,4111112917334519,3.2314,1.0,1.0,1.0,1.0,0.0,4.0,2.3968,7.0,7.0,3.3125
A,1,5555553702371341,0.9164,1.0,1.0,1.0,1.0,4.0,5.0,2.4835,7.0,6.0,3.8125
A,1,6011007028275401,1.641,1.0,1.0,1.0,1.0,5.0,6.0,2.7272,8.0,5.0,2.75
A,1,4242421266244688,3.8605,1.0,1.0,1.0,1.0,1.0,4.0,2.1266,5.0,5.0,4.0625
A,1,4111113404770835,3.3038,1.0,1.0,1.0,1.0,0.0,4.0,2.6022,7.0,5.0,3.125
A,1,4532011369779968,2.0489,1.0,1.0,1.0,1.0,2.0,4.0,3.2028,10.0,3.0,5.0
A,1,4242426816337403,2.5991,1.0,1.0,1.0,1.0,1.0,4.0,2.7806,8.0,4.0,3.6875
A,1,4111110430045380,2.7332,1.0,1.0,1.0,1.0,0.0,4.0,2.3522,6.0,5.0,2.25
A,1,4111115951687247,3.4919,1.0,1.0,1.0,1.0,0.0,4.0,2.6556,8.0,6.0,3.9375
A,1,5555555856199865,1.7753,1.0,1.0,1.0,1.0,4.0,5.0,1.8419,5.0,9.0,5.75
A,1,4242424278668845,1.9026,1.0,1.0,1.0,1.0,1.0,4.0,2.3522,6.0,5.0,4.75
A,1,4111110066686671,3.0989,1.0,1.0,1.0,1.0,0.0,4.0,2.18,6.0,6.0,3.4375
A,1,4111118825741422,2.5495,1.0,1.0,1.0,1.0,0.0,4.0,2.3113,6.0,6.0,3.25
A,1,5555556535712003,2.0464,1.0,1.0,1.0,1.0,4.0,5.0,2.25,7.0,8.0,3.875
A,1,4532010645842533,1.6397,1.0,1.0,1.0,1.0,2.0,4.0,2.8585,8.0,3.0,3.4375
A,1,5105109769141286,1.7118,1.0,1.0,1.0,1.0,3.0,5.0,3.0,9.0,4.0,4.0625
A,1,4242424037743970,2.8051,1.0,1.0,1.0,1.0,1.0,4.0,2.43,6.0,5.0,3.875
A,1,4242426730366900,2.671,1.0,1.0,1.0,1.0,1.0,4.0,2.6863,7.0,3.0,3.625
A,1,4532017399421802,2.8883,1.0,1.0,1.0,1.0,2.0,4.0,3.0778,9.0,3.0,3.75
A,1,4242427311959170,3.0698,1.0,1.0,1.0,1.0,1.0,4.0,2.8585,8.0,3.0,3.8125
A,1,4111110423850820,4.0706,1.0,1.0,1.0,1.0,0.0,4.0,2.6022,7.0,5.0,2.5625
A,1,4532014916441850,1.835,1.0,1.0,1.0,1.0,2.0,4.0,2.9528,9.0,4.0,3.5625
A,1,4242421867283523,2.5884,1.0,1.0,1.0,1.0,1.0,4.0,2.7272,8.0,5.0,3.9375
A,1,4111111946674150,2.5517,1.0,1.0,1.0,1.0,0.0,4.0,2.3496,7.0,7.0,3.25
A,1,5105104526588614,1.181,1.0,1.0,1.0,1.0,3.0,5.0,2.7028,7.0,4.0,3.8125
A,1,5105109814889921,1.4512,1.0,1.0,1.0,1.0,3.0,5.0,2.6556,7.0,4.0,4.4375
A,1,5555550144165588,3.3319,1.0,1.0,1.0,1.0,4.0,5.0,2.125,6.0,8.0,4.5
A,1,4111118832715013,3.5552,1.0,1.0,1.0,1.0,0.0,4.0,2.5218,8.0,7.0,2.9375
A,1,4111113321576323,2.118,1.0,1.0,1.0,1.0,0.0,4.0,2.4056,7.0,6.0,2.75
A,1,4242422770283022,2.8598,1.0,1.0,1.0,1.0,1.0,4.0,2.2246,6.0,7.0,3.1875
A,1,5105101984020684,1.5574,1.0,1.0,1.0,1.0,3.0,5.0,2.8278,8.0,4.0,3.375
A,1,4242423419621713,2.619,1.0,1.0,1.0,1.0,1.0,4.0,2.5778,7.0,4.0,3.4375
A,1,4111116080950712,4.1528,1.0,1.0,1.0,1.0,0.0,4.0,2.7335,9.0,6.0,2.9375
A,1,4242429812203041,2.463,1.0,1.0,1.0,1.0,1.0,4.0,2.5244,7.0,5.0,3.0
A,1,4111116093564146,3.5859,1.0,1.0,1.0,1.0,0.0,4.0,2.4363,7.0,6.0,3.3125
A,1,4242428855752757,3.775,1.0,1.0,1.0,1.0,1.0,4.0,2.2806,5.0,4.0,4.8125
A,1,4111118700871658,3.2331,1.0,1.0,1.0,1.0,0.0,4.0,2.4835,7.0,6.0,3.6875
A,1,4242427470152195,2.6674,1.0,1.0,1.0,1.0,1.0,4.0,2.625,7.0,4.0,3.6875
A,1,5555554793953302,1.8984,1.0,1.0,1.0,1.0,4.0,5.0,2.3496,7.0,7.0,4.6875
A,1,4111117301044632,3.672,1.0,1.0,1.0,1.0,0.0,4.0,2.4835,7.0,6.0,2.4375
A,1,4111116356238248,3.4329,1.0,1.0,1.0,1.0,0.0,4.0,2.6494,7.0,5.0,3.5
A,1,6011007080223042,1.5354,1.0,1.0,1.0,1.0,5.0,6.0,2.6085,8.0,6.0,2.25
A,1,6011005105088465,0.9885,1.0,1.0,1.0,1.0,5.0,6.0,2.43,6.0,5.0,3.125
A,1,4532015892751840,3.1418,1.0,1.0,1.0,1.0,2.0,4.0,3.0778,9.0,3.0,4.0
A,1,4111116920328566,3.4023,1.0,1.0,1.0,1.0,0.0,4.0,2.8522,9.0,5.0,3.5
A,1,4242429618281639,2.4153,1.0,1.0,1.0,1.0,1.0,4.0,2.7028,7.0,4.0,4.4375
A,1,4111110166752795,3.638,1.0,1.0,1.0,1.0,0.0,4.0,2.6556,8.0,6.0,3.5625
A,1,4242420100152933,3.2798,1.0,1.0,1.0,1.0,1.0,4.0,2.6556,7.0,4.0,2.625
A,1,4532011306430873,1.3463,1.0,1.0,1.0,1.0,2.0,4.0,2.9528,9.0,4.0,3.125
A,1,6011009217719272,0.7495,1.0,1.0,1.0,1.0,5.0,6.0,2.4835,6.0,4.0,3.4375
A,1,4111119336712910,2.7703,1.0,1.0,1.0,1.0,0.0,4.0,2.5218,8.0,7.0,3.125
A,1,4111115071623825,3.7502,1.0,1.0,1.0,1.0,0.0,4.0,2.7806,9.0,6.0,3.0
A,1,4111117723972949,4.1632,1.0,1.0,1.0,1.0,0.0,4.0,2.43,6.0,5.0,4.25
A,1,4242424840177689,3.2751,1.0,1.0,1.0,1.0,1.0,4.0,2.7272,8.0,5.0,4.5
A,1,4532012012303057,2.4063,1.0,1.0,1.0,1.0,2.0,4.0,2.6556,7.0,4.0,2.375
A,1,5555553928538749,1.2043,1.0,1.0,1.0,1.0,4.0,5.0,2.3968,7.0,7.0,5.5
A,1,5105107661706743,1.7065,1.0,1.0,1.0,1.0,3.0,5.0,2.6863,7.0,3.0,3.6875
A,1,4532011554773438,2.2915,1.0,1.0,1.0,1.0,2.0,4.0,2.8585,8.0,3.0,3.875
A,1,4532010905052872,2.0725,1.0,1.0,1.0,1.0,2.0,4.0,2.9056,9.0,4.0,3.3125
A,1,4111115985991714,3.7781,1.0,1.0,1.0,1.0,0.0,4.0,2.2246,6.0,7.0,4.1875
A,1,4532014945437119,1.5682,1.0,1.0,1.0,1.0,2.0,4.0,2.8278,8.0,4.0,3.875
A,1,4532019556376969,0.6255,1.0,1.0,1.0,1.0,2.0,4.0,2.9835,9.0,3.0,5.0
A,1,4111110565441701,3.0956,1.0,1.0,1.0,1.0,0.0,4.0,2.2246,6.0,7.0,2.625
A,1,4532010122416975,1.9085,1.0,1.0,1.0,1.0,2.0,4.0,3.0306,9.0,3.0,3.25
A,1,4111119484704313,3.2527,1.0,1.0,1.0,1.0,0.0,4.0,2.4056,7.0,6.0,3.25
A,1,4532018776158454,1.9698,1.0,1.0,1.0,1.0,2.0,4.0,3.0306,9.0,3.0,4.375
A,1,4242424176304782,3.1372,1.0,1.0,1.0,1.0,1.0,4.0,2.6494,8.0,5.0,3.75
A,1,4111117832322986,3.7789,1.0,1.0,1.0,1.0,0.0,4.0,2.7272,8.0,5.0,3.6875
A,1,4242429244568680,2.1964,1.0,1.0,1.0,1.0,1.0,4.0,2.5244,7.0,5.0,4.375
A,1,5105106538531557,1.6345,1.0,1.0,1.0,1.0,3.0,5.0,2.4835,7.0,6.0,3.75
A,1,4111113946705323,3.8152,1.0,1.0,1.0,1.0,0.0,4.0,2.8522,9.0,5.0,3.1875
A,1,5555557814333107,1.4271,1.0,1.0,1.0,1.0,4.0,5.0,2.4835,7.0,6.0,4.1875
A,1,4242427267937907,3.7039,1.0,1.0,1.0,1.0,1.0,4.0,2.5778,7.0,4.0,4.6875
A,1,4111118561596014,3.2404,1.0,1.0,1.0,1.0,0.0,4.0,2.3968,7.0,7.0,3.375
A,1,4111116924440086,3.0186,1.0,1.0,1.0,1.0,0.0,4.0,2.5244,7.0,5.0,3.25
A,1,4111118609783749,3.6826,1.0,1.0,1.0,1.0,0.0,4.0,2.7744,8.0,5.0,4.375
A,1,4242424141824674,3.2234,1.0,1.0,1.0,1.0,1.0,4.0,2.1468,6.0,7.0,3.6875
A,1,5105104861425513,1.7745,1.0,1.0,1.0,1.0,3.0,5.0,2.75,8.0,4.0,3.1875
A,1,5555558424838279,2.4529,1.0,1.0,1.0,1.0,4.0,5.0,2.4835,7.0,6.0,5.3125
A,1,4532013585068721,2.8883,1.0,1.0,1.0,1.0,2.0,4.0,3.0778,9.0,3.0,3.75
A,1,4111110651093507,3.3812,1.0,1.0,1.0,1.0,0.0,4.0,2.6085,8.0,6.0,2.8125
A,1,4242426989490328,3.3495,1.0,1.0,1.0,1.0,1.0,4.0,2.5778,7.0,4.0,4.75
A,1,4532018884233058,1.5573,1.0,1.0,1.0,1.0,2.0,4.0,2.7028,7.0,4.0,4.0
A,1,4242429336810198,3.235,1.0,1.0,1.0,1.0,1.0,4.0,2.9056,8.0,3.0,4.125
A,1,4242420166436204,1.5001,1.0,1.0,1.0,1.0,1.0,4.0,2.3522,6.0,5.0,3.125
A,1,5105106454662659,1.4796,1.0,1.0,1.0,1.0,3.0,5.0,2.625,7.0,4.0,4.0625
A,1,5105106277827380,2.258,1.0,1.0,1.0,1.0,3.0,5.0,2.9056,8.0,3.0,3.875
A,1,4242429536159123,2.1653,1.0,1.0,1.0,1.0,1.0,4.0,2.7028,7.0,4.0,3.875
A,1,4111114159211405,3.9798,1.0,1.0,1.0,1.0,0.0,4.0,2.0778,6.0,8.0,2.5625
A,1,4532016461585841,2.2131,1.0,1.0,1.0,1.0,2.0,4.0,2.8585,8.0,3.0,3.9375
A,1,5105102516349153,1.7745,1.0,1.0,1.0,1.0,3.0,5.0,2.75,8.0,4.0,3.1875
A,1,5105103042010525,1.8331,1.0,1.0,1.0,1.0,3.0,5.0,2.3522,6.0,5.0,2.125
A,1,4532013452357918,2.2013,1.0,1.0,1.0,1.0,2.0,4.0,3.0306,9.0,3.0,3.875
A,1,4111114536559427,3.7994,1.0,1.0,1.0,1.0,0.0,4.0,2.68,8.0,5.0,3.6875
A,1,4111119884826864,3.0707,1.0,1.0,1.0,1.0,0.0,4.0,2.3522,6.0,5.0,4.5
A,1,5105109528761549,1.884,1.0,1.0,1.0,1.0,3.0,5.0,2.9528,9.0,4.0,4.25
A,1,5105103097975432,2.124,1.0,1.0,1.0,1.0,3.0,5.0,2.9056,8.0,3.0,3.8125
A,1,5105108716125178,2.2448,1.0,1.0,1.0,1.0,3.0,5.0,2.6022,7.0,5.0,3.625
A,1,5555556140817874,2.1096,1.0,1.0,1.0,1.0,4.0,5.0,2.5306,7.0,6.0,4.75
A,1,4111119139502930,2.6196,1.0,1.0,1.0,1.0,0.0,4.0,2.4835,7.0,6.0,3.125
A,1,5105105882474174,2.4489,1.0,1.0,1.0,1.0,3.0,5.0,2.7335,7.0,3.0,3.875
A,1,4532019811308286,2.0673,1.0,1.0,1.0,1.0,2.0,4.0,3.0306,9.0,3.0,3.8125
A,1,4242425739766177,2.5285,1.0,1.0,1.0,1.0,1.0,4.0,2.7806,8.0,4.0,4.75
A,1,4111115945033169,3.5502,1.0,1.0,1.0,1.0,0.0,4.0,2.5306,7.0,6.0,3.375
A,1,4242424098878327,3.7039,1.0,1.0,1.0,1.0,1.0,4.0,2.5778,7.0,4.0,4.625
A,1,4111118055040917,3.2376,1.0,1.0,1.0,1.0,0.0,4.0,2.4835,7.0,6.0,3.0
A,1,4532012512901897,2.0144,1.0,1.0,1.0,1.0,2.0,4.0,3.0306,9.0,3.0,3.6875
A,1,4111110618053057,3.328,1.0,1.0,1.0,1.0,0.0,4.0,2.6085,8.0,6.0,2.75
A,1,4532014996366829,2.5691,1.0,1.0,1.0,1.0,2.0,4.0,3.0306,9.0,3.0,4.8125
A,1,4532019942838508,2.6174,1.0,1.0,1.0,1.0,2.0,4.0,2.9528,8.0,3.0,4.4375
A,1,4111118065235390,3.093,1.0,1.0,1.0,1.0,0.0,4.0,2.8994,9.0,5.0,3.125
A,1,4111114133627650,3.7321,1.0,1.0,1.0,1.0,0.0,4.0,2.6556,8.0,6.0,2.875
A,1,4242420941682122,2.6702,1.0,1.0,1.0,1.0,1.0,4.0,2.4056,7.0,6.0,3.3125
A,1,4242423812912131,1.7103,1.0,1.0,1.0,1.0,1.0,4.0,2.3522,6.0,5.0,3.0625
A,1,5105102500384265,2.1283,1.0,1.0,1.0,1.0,3.0,5.0,2.75,8.0,4.0,2.9375
A,1,4111115594620225,3.6671,1.0,1.0,1.0,1.0,0.0,4.0,2.555,7.0,5.0,3.0625
A,1,5555559503624366,1.8984,1.0,1.0,1.0,1.0,4.0,5.0,2.3496,7.0,7.0,4.625
A,1,5105103446633922,2.1726,1.0,1.0,1.0,1.0,3.0,5.0,2.9528,8.0,3.0,3.375
A,1,4242426327868060,2.3459,1.0,1.0,1.0,1.0,1.0,4.0,2.6556,7.0,4.0,4.0
A,1,4111112283780675,3.0455,1.0,1.0,1.0,1.0,0.0,4.0,2.8994,9.0,5.0,3.5625
A,1,4111111940179214,4.0626,1.0,1.0,1.0,1.0,0.0,4.0,2.0778,6.0,8.0,2.9375
A,1,5105103111665027,2.2583,1.0,1.0,1.0,1.0,3.0,5.0,2.555,7.0,5.0,2.75
A,1,4111116060529593,3.9163,1.0,1.0,1.0,1.0,0.0,4.0,2.7744,8.0,5.0,3.375
A,1,4111118371305242,3.3032,1.0,1.0,1.0,1.0,0.0,4.0,2.6556,8.0,6.0,2.75
A,1,4242421599972187,2.3987,1.0,1.0,1.0,1.0,1.0,4.0,2.6556,7.0,4.0,4.75
A,1,4111119906536806,3.3413,1.0,1.0,1.0,1.0,0.0,4.0,2.7272,8.0,5.0,3.8125
A,1,6011004016228328,1.2201,1.0,1.0,1.0,1.0,5.0,6.0,2.6556,7.0,4.0,2.75
A,1,5105103990758398,3.0888,1.0,1.0,1.0,1.0,3.0,5.0,2.7335,7.0,3.0,4.5625
A,1,4242428454079974,3.2967,1.0,1.0,1.0,1.0,1.0,4.0,2.4835,7.0,6.0,4.6875
A,1,4111113390763596,3.7789,1.0,1.0,1.0,1.0,0.0,4.0,2.7272,8.0,5.0,3.75
A,1,4242423703568117,2.8826,1.0,1.0,1.0,1.0,1.0,4.0,3.0306,9.0,3.0,3.6875
A,1,4111116519080131,3.4603,1.0,1.0,1.0,1.0,0.0,4.0,2.375,8.0,8.0,2.6875
A,1,4111110360552637,3.8782,1.0,1.0,1.0,1.0,0.0,4.0,2.7744,8.0,5.0,2.875
A,1,4111119349827721,2.9722,1.0,1.0,1.0,1.0,0.0,4.0,2.5306,7.0,6.0,3.8125
A,1,5105105221773260,1.8112,1.0,1.0,1.0,1.0,3.0,5.0,2.6863,7.0,3.0,2.9375
A,1,4242422293331118,2.5416,1.0,1.0,1.0,1.0,1.0,4.0,2.3829,6.0,5.0,3.1875
A,1,4111118366497418,3.4922,1.0,1.0,1.0,1.0,0.0,4.0,2.4835,7.0,6.0,4.0625
A,1,4111111042686629,3.1949,1.0,1.0,1.0,1.0,0.0,4.0,2.4835,7.0,6.0,3.3125
A,1,5555558238272988,0.3639,1.0,1.0,1.0,1.0,4.0,5.0,2.2335,6.0,6.0,5.4375
A,1,4242426536111302,2.9131,1.0,1.0,1.0,1.0,1.0,4.0,2.6556,7.0,4.0,2.875
A,1,6011002727256307,0.7422,1.0,1.0,1.0,1.0,5.0,6.0,2.6556,7.0,4.0,3.0625
A,1,5105103638300900,1.8111,1.0,1.0,1.0,1.0,3.0,5.0,2.4835,7.0,6.0,2.75
A,1,4111111940631545,2.3772,1.0,1.0,1.0,1.0,0.0,4.0,2.3496,7.0,7.0,2.9375
A,1,4111110295486059,3.6852,1.0,1.0,1.0,1.0,0.0,4.0,2.7744,8.0,5.0,3.5625
A,1,4111115984824825,4.0109,1.0,1.0,1.0,1.0,0.0,4.0,2.43,6.0,5.0,4.0
A,1,4111117576003800,3.4297,1.0,1.0,1.0,1.0,0.0,4.0,2.6494,8.0,5.0,2.8125
A,1,4242429079621117,2.1473,1.0,1.0,1.0,1.0,1.0,4.0,2.6556,7.0,4.0,3.8125
A,1,5555550689190116,1.4164,1.0,1.0,1.0,1.0,4.0,5.0,2.3585,6.0,6.0,4.4375
A,1,5105106870251939,2.5049,1.0,1.0,1.0,1.0,3.0,5.0,2.9835,9.0,3.0,3.875
A,1,4111111287588571,3.0688,1.0,1.0,1.0,1.0,0.0,4.0,2.2246,6.0,7.0,3.8125
A,1,4532010965907320,1.3555,1.0,1.0,1.0,1.0,2.0,4.0,3.0,9.0,4.0,3.5
A,1,4111116061016848,3.7058,1.0,1.0,1.0,1.0,0.0,4.0,2.0996,5.0,7.0,3.0625
A,1,4111110964040245,3.7943,1.0,1.0,1.0,1.0,0.0,4.0,2.4772,7.0,5.0,2.6875
A,1,6011007191079697,1.877,1.0,1.0,1.0,1.0,5.0,6.0,2.2806,5.0,4.0,4.0
A,1,4242421961407226,2.0392,1.0,1.0,1.0,1.0,1.0,4.0,2.5244,7.0,5.0,3.5
A,1,4242421715070940,2.6757,1.0,1.0,1.0,1.0,1.0,4.0,2.6556,7.0,4.0,3.25
A,1,4111112524674166,2.5495,1.0,1.0,1.0,1.0,0.0,4.0,2.3113,6.0,6.0,3.25
A,1,6011002380720391,2.1767,1.0,1.0,1.0,1.0,5.0,6.0,2.7272,8.0,5.0,2.6875
A,1,4111112747299312,2.9693,1.0,1.0,1.0,1.0,0.0,4.0,2.3585,6.0,6.0,3.4375
A,1,5555550636479539,2.2739,1.0,1.0,1.0,1.0,4.0,5.0,2.3968,7.0,7.0,5.125
A,1,5555559712770836,1.2569,1.0,1.0,1.0,1.0,4.0,5.0,2.7335,9.0,6.0,5.0
A,1,4111119868868668,4.4792,1.0,1.0,1.0,1.0,0.0,4.0,2.0488,5.0,5.0,5.125
A,1,4111118443618341,3.3873,1.0,1.0,1.0,1.0,0.0,4.0,2.0218,5.0,7.0,3.1875
A,1,4242427941079456,2.4726,1.0,1.0,1.0,1.0,1.0,4.0,2.7272,8.0,5.0,4.375
A,1,4242425190736487,3.2805,1.0,1.0,1.0,1.0,1.0,4.0,3.0778,10.0,4.0,4.25
A,1,4111111554752041,2.8054,1.0,1.0,1.0,1.0,0.0,4.0,2.1774,6.0,7.0,2.6875
A,1,4111110062035527,4.2006,1.0,1.0,1.0,1.0,0.0,4.0,2.7272,8.0,5.0,2.4375
A,1,5555557268042113,2.0,1.0,1.0,1.0,1.0,4.0,5.0,2.7806,9.0,6.0,4.0
A,1,4532016332775449,2.2275,1.0,1.0,1.0,1.0,2.0,4.0,3.0306,9.0,3.0,4.0625
A,1,4242428137865658,3.7966,1.0,1.0,1.0,1.0,1.0,4.0,2.8585,8.0,3.0,4.6875
A,1,4532015054375222,1.1623,1.0,1.0,1.0,1.0,2.0,4.0,2.625,7.0,4.0,3.125
A,1,4111112759629554,3.7479,1.0,1.0,1.0,1.0,0.0,4.0,2.6022,7.0,5.0,3.9375
A,1,4111114026350956,3.773,1.0,1.0,1.0,1.0,0.0,4.0,2.7744,8.0,5.0,3.0625
A,1,4242421810083533,2.4409,1.0,1.0,1.0,1.0,1.0,4.0,2.7335,7.0,3.0,3.125
A,1,4242428671045576,2.279,1.0,1.0,1.0,1.0,1.0,4.0,2.8278,8.0,4.0,4.1875
A,1,4111117276133030,3.6393,1.0,1.0,1.0,1.0,0.0,4.0,2.4835,7.0,6.0,2.5625
A,1,5555555024018773,1.5187,1.0,1.0,1.0,1.0,4.0,5.0,2.5218,8.0,7.0,4.1875
A,1,4532012094910563,2.3179,1.0,1.0,1.0,1.0,2.0,4.0,2.9528,8.0,3.0,3.375
A,1,5105101685304031,2.5219,1.0,1.0,1.0,1.0,3.0,5.0,2.5778,7.0,4.0,2.6875
A,1,5555552368162416,1.5558,1.0,1.0,1.0,1.0,4.0,5.0,2.4835,7.0,6.0,4.3125
A,1,4111116642742359,3.5902,1.0,1.0,1.0,1.0,0.0,4.0,2.7272,8.0,5.0,3.5625
A,1,5105109542424686,2.258,1.0,1.0,1.0,1.0,3.0,5.0,2.9056,8.0,3.0,3.875
A,1,4532018357095067,3.9887,1.0,1.0,1.0,1.0,2.0,4.0,3.1556,10.0,3.0,4.0625
A,1,4242421041394527,3.1912,1.0,1.0,1.0,1.0,1.0,4.0,2.6494,8.0,5.0,3.375
A,1,5555554134755838,2.9228,1.0,1.0,1.0,1.0,4.0,5.0,2.125,6.0,8.0,4.875
A,1,5105106747078416,2.4489,1.0,1.0,1.0,1.0,3.0,5.0,2.7335,7.0,3.0,3.875
A,1,4111113648350048,3.3038,1.0,1.0,1.0,1.0,0.0,4.0,2.6022,7.0,5.0,3.125
A,1,4111112511287303,3.7899,1.0,1.0,1.0,1.0,0.0,4.0,2.5218,8.0,7.0,2.5625
A,1,4242426745065208,2.2298,1.0,1.0,1.0,1.0,1.0,4.0,2.625,7.0,4.0,3.8125
A,1,4111113564598174,3.0903,1.0,1.0,1.0,1.0,0.0,4.0,2.6085,8.0,6.0,3.8125
A,1,4111110609095091,2.2082,1.0,1.0,1.0,1.0,0.0,4.0,2.2335,6.0,6.0,3.0
A,1,4111114846630918,3.1833,1.0,1.0,1.0,1.0,0.0,4.0,2.4835,7.0,6.0,3.625
A,1,4242421553822014,2.463,1.0,1.0,1.0,1.0,1.0,4.0,2.5244,7.0,5.0,3.0625
A,1,4242421604084283,2.4274,1.0,1.0,1.0,1.0,1.0,4.0,2.5244,7.0,5.0,3.375
A,1,4111114421472058,2.8013,1.0,1.0,1.0,1.0,0.0,4.0,2.4056,7.0,6.0,2.875
A,1,4111110272945713,3.6959,1.0,1.0,1.0,1.0,0.0,4.0,2.6556,8.0,6.0,3.0625
A,1,4111119014742957,3.0027,1.0,1.0,1.0,1.0,0.0,4.0,2.4835,7.0,6.0,3.5625
A,1,4111118634435091,3.8401,1.0,1.0,1.0,1.0,0.0,4.0,2.6085,8.0,6.0,3.25
A,1,4111115272146873,3.8392,1.0,1.0,1.0,1.0,0.0,4.0,2.6556,8.0,6.0,3.375
A,1,4111114898245425,3.2835,1.0,1.0,1.0,1.0,0.0,4.0,2.3994,6.0,5.0,3.75
A,1,5555551225871375,2.8143,1.0,1.0,1.0,1.0,4.0,5.0,2.125,6.0,8.0,4.4375
A,1,4111115513209563,3.7208,1.0,1.0,1.0,1.0,0.0,4.0,2.6085,8.0,6.0,3.0
A,1,4111119610392975,4.071,1.0,1.0,1.0,1.0,0.0,4.0,2.7335,9.0,6.0,3.75
A,1,5105109934564149,1.7275,1.0,1.0,1.0,1.0,3.0,5.0,2.6863,7.0,3.0,4.125
A,1,4111115126637812,2.7703,1.0,1.0,1.0,1.0,0.0,4.0,2.5218,8.0,7.0,3.125
A,1,5105101279783327,2.124,1.0,1.0,1.0,1.0,3.0,5.0,2.9056,8.0,3.0,3.8125
A,1,4111112164897903,3.9158,1.0,1.0,1.0,1.0,0.0,4.0,2.7806,9.0,6.0,3.625
A,1,6011004639203369,0.9985,1.0,1.0,1.0,1.0,5.0,6.0,2.6556,7.0,4.0,3.3125
A,1,6011002562753319,1.2317,1.0,1.0,1.0,1.0,5.0,6.0,2.9056,8.0,3.0,3.1875
A,1,5555551047594635,2.8368,1.0,1.0,1.0,1.0,4.0,5.0,2.375,8.0,8.0,4.625
A,1,4111114462857472,3.0523,1.0,1.0,1.0,1.0,0.0,4.0,2.5244,7.0,5.0,3.625
A,1,5555550617212214,1.4902,1.0,1.0,1.0,1.0,4.0,5.0,2.4363,7.0,6.0,3.5
A,1,5105103151694481,2.1273,1.0,1.0,1.0,1.0,3.0,5.0,2.7272,8.0,5.0,3.375
A,1,4111116869901688,3.1288,1.0,1.0,1.0,1.0,0.0,4.0,2.3113,6.0,6.0,4.375
A,1,4111118665344279,3.7603,1.0,1.0,1.0,1.0,0.0,4.0,2.8522,9.0,5.0,3.9375
A,1,4242425484506067,2.8923,1.0,1.0,1.0,1.0,1.0,4.0,2.6022,7.0,5.0,3.9375
A,1,4111110020648361,3.672,1.0,1.0,1.0,1.0,0.0,4.0,2.4835,7.0,6.0,2.4375
A,1,5105105654181353,1.4889,1.0,1.0,1.0,1.0,3.0,5.0,2.5244,7.0,5.0,3.3125
A,1,4111113866535775,4.0336,1.0,1.0,1.0,1.0,0.0,4.0,2.6022,7.0,5.0,4.0
A,1,4242429792325509,3.1373,1.0,1.0,1.0,1.0,1.0,4.0,2.555,7.0,5.0,4.3125
A,1,4242422972624700,2.4684,1.0,1.0,1.0,1.0,1.0,4.0,2.2806,6.0,6.0,3.5625
A,1,4242421482563598,2.7046,1.0,1.0,1.0,1.0,1.0,4.0,2.75,8.0,4.0,4.3125
A,1,5105105601203581,2.513,1.0,1.0,1.0,1.0,3.0,5.0,2.5,7.0,4.0,2.6875
A,1,5105107640943227,1.5849,1.0,1.0,1.0,1.0,3.0,5.0,3.0778,9.0,3.0,3.5
A,1,4111116449451477,3.4686,1.0,1.0,1.0,1.0,0.0,4.0,2.18,6.0,6.0,3.75
A,1,4111110938675944,4.0459,1.0,1.0,1.0,1.0,0.0,4.0,2.8522,9.0,5.0,4.0
A,1,5555557847435358,1.2604,1.0,1.0,1.0,1.0,4.0,5.0,2.0,5.0,8.0,5.25
A,1,4242422940854850,2.4602,1.0,1.0,1.0,1.0,1.0,4.0,2.3994,6.0,5.0,3.9375
A,1,4111111471464670,3.2276,1.0,1.0,1.0,1.0,0.0,4.0,2.0218,5.0,7.0,3.0625
A,1,4242427599489387,2.7825,1.0,1.0,1.0,1.0,1.0,4.0,2.6556,7.0,4.0,5.4375
A,1,4242422063515866,2.5991,1.0,1.0,1.0,1.0,1.0,4.0,2.7806,8.0,4.0,3.75
A,1,4242422172081404,2.4587,1.0,1.0,1.0,1.0,1.0,4.0,2.2988,6.0,5.0,2.9375
A,1,4111117432902385,3.6531,1.0,1.0,1.0,1.0,0.0,4.0,2.8994,9.0,5.0,3.25
A,1,4532014382187102,2.3562,1.0,1.0,1.0,1.0,2.0,4.0,2.9056,8.0,3.0,3.1875
A,1,5105109838138800,2.2768,1.0,1.0,1.0,1.0,3.0,5.0,2.4528,6.0,4.0,3.75
A,1,4111118704257540,3.9222,1.0,1.0,1.0,1.0,0.0,4.0,2.6022,7.0,5.0,3.1875
A,1,4111113025350926,3.5023,1.0,1.0,1.0,1.0,0.0,4.0,2.7744,8.0,5.0,2.75
A,1,5105109282555293,2.063,1.0,1.0,1.0,1.0,3.0,5.0,2.6022,7.0,5.0,3.875
A,1,5555550969910928,2.1106,1.0,1.0,1.0,1.0,4.0,5.0,2.4056,7.0,6.0,5.1875
A,1,4111119773369471,3.3774,1.0,1.0,1.0,1.0,0.0,4.0,2.3585,6.0,6.0,4.0625
A,1,4532011431103924,2.4128,1.0,1.0,1.0,1.0,2.0,4.0,2.6556,7.0,4.0,2.6875
A,1,5555552858940149,1.487,1.0,1.0,1.0,1.0,4.0,5.0,2.3968,7.0,7.0,5.0
A,1,4111116046536571,3.0737,1.0,1.0,1.0,1.0,0.0,4.0,2.4835,7.0,6.0,3.25
A,1,5105103941716073,1.6852,1.0,1.0,1.0,1.0,3.0,5.0,2.8278,8.0,4.0,3.3125
A,1,4111117540429867,3.6575,1.0,1.0,1.0,1.0,0.0,4.0,2.8522,9.0,5.0,3.8125
A,1,4111116387636907,3.7298,1.0,1.0,1.0,1.0,0.0,4.0,2.7272,8.0,5.0,4.0
A,1,5105103824205368,2.3003,1.0,1.0,1.0,1.0,3.0,5.0,2.9056,8.0,3.0,3.3125
A,1,4242424786390809,3.0747,1.0,1.0,1.0,1.0,1.0,4.0,2.8278,8.0,4.0,4.5
A,1,6011000766026631,0.9365,1.0,1.0,1.0,1.0,5.0,6.0,2.2516,6.0,5.0,2.8125
A,1,4111117672851193,2.8831,1.0,1.0,1.0,1.0,0.0,4.0,2.6468,9.0,7.0,3.625
A,1,4111118912542568,3.5794,1.0,1.0,1.0,1.0,0.0,4.0,2.5306,7.0,6.0,3.6875
A,1,5105103446483377,2.124,1.0,1.0,1.0,1.0,3.0,5.0,2.9056,8.0,3.0,3.8125
A,1,5105109321061030,1.7652,1.0,1.0,1.0,1.0,3.0,5.0,2.5244,7.0,5.0,2.3125
A,1,4111118067194199,2.771,1.0,1.0,1.0,1.0,0.0,4.0,2.3496,7.0,7.0,3.9375
A,1,5555553130404771,2.1402,1.0,1.0,1.0,1.0,4.0,5.0,2.4056,6.0,6.0,3.75
A,1,5555557848471832,2.0997,1.0,1.0,1.0,1.0,4.0,5.0,2.4835,7.0,6.0,5.125
A,1,4242425511667858,3.1305,1.0,1.0,1.0,1.0,1.0,4.0,2.7335,7.0,3.0,4.375
A,1,4111118638276046,3.7789,1.0,1.0,1.0,1.0,0.0,4.0,2.7272,8.0,5.0,3.6875
A,1,4242420222133621,2.9553,1.0,1.0,1.0,1.0,1.0,4.0,2.2246,6.0,7.0,2.5
A,1,4111110951187066,3.2244,1.0,1.0,1.0,1.0,0.0,4.0,2.5218,8.0,7.0,3.25
A,1,4111111958438809,3.4922,1.0,1.0,1.0,1.0,0.0,4.0,2.4835,7.0,6.0,4.0
A,1,4111113349139328,3.2459,1.0,1.0,1.0,1.0,0.0,4.0,2.2806,6.0,6.0,3.375
A,1,4111118774120792,2.8917,1.0,1.0,1.0,1.0,0.0,4.0,2.4835,7.0,6.0,3.5
A,1,6011000208855316,1.8642,1.0,1.0,1.0,1.0,5.0,6.0,2.6022,7.0,5.0,2.875
A,1,4111117505103978,3.8392,1.0,1.0,1.0,1.0,0.0,4.0,2.6556,8.0,6.0,3.375
A,1,4532012806968354,3.877,1.0,1.0,1.0,1.0,2.0,4.0,3.125,9.0,2.0,4.125
A,1,4111116435989795,4.4149,1.0,1.0,1.0,1.0,0.0,4.0,2.7272,8.0,5.0,4.625
A,1,4242424981518915,3.1469,1.0,1.0,1.0,1.0,1.0,4.0,2.5306,6.0,4.0,4.3125
A,1,4242427544596906,3.8381,1.0,1.0,1.0,1.0,1.0,4.0,2.6022,7.0,5.0,4.5625
A,1,4242423765610070,3.1635,1.0,1.0,1.0,1.0,1.0,4.0,2.8585,8.0,3.0,3.3125
A,1,5105107699782658,1.6305,1.0,1.0,1.0,1.0,3.0,5.0,2.9528,8.0,3.0,4.9375
A,1,4111112931455555,3.3386,1.0,1.0,1.0,1.0,0.0,4.0,2.18,6.0,6.0,3.3125
A,1,4111115299902795,3.3611,1.0,1.0,1.0,1.0,0.0,4.0,2.5244,7.0,5.0,4.125
A,1,4242428176666066,2.3989,1.0,1.0,1.0,1.0,1.0,4.0,2.4363,7.0,6.0,4.375
A,1,4111111310366425,3.0009,1.0,1.0,1.0,1.0,0.0,4.0,2.3968,7.0,7.0,2.5
A,1,4111119496580305,3.8241,1.0,1.0,1.0,1.0,0.0,4.0,2.7744,8.0,5.0,3.625
A,1,4111116354533848,3.6608,1.0,1.0,1.0,1.0,0.0,4.0,2.43,6.0,5.0,3.625
A,1,4111112437750368,3.6163,1.0,1.0,1.0,1.0,0.0,4.0,2.8994,9.0,5.0,3.375
A,1,4111116150837963,3.7769,1.0,1.0,1.0,1.0,0.0,4.0,2.7806,9.0,6.0,3.5625
A,1,4242424258592023,2.7335,1.0,1.0,1.0,1.0,1.0,4.0,2.4056,7.0,6.0,3.625
A,1,4111118869256071,3.3199,1.0,1.0,1.0,1.0,0.0,4.0,2.7806,9.0,6.0,3.8125
A,1,4111116818169114,4.4704,1.0,1.0,1.0,1.0,0.0,4.0,1.8419,5.0,9.0,3.375
A,1,4111114514913372,2.3019,1.0,1.0,1.0,1.0,0.0,4.0,2.3496,7.0,7.0,3.0
A,1,4242426472410726,2.441,1.0,1.0,1.0,1.0,1.0,4.0,2.2988,6.0,5.0,3.5625
A,1,4242424248082077,3.086,1.0,1.0,1.0,1.0,1.0,4.0,2.1738,5.0,5.0,3.75
A,1,6011000557977935,0.6662,1.0,1.0,1.0,1.0,5.0,6.0,2.6556,7.0,4.0,4.0625
A,1,5105103635137487,2.0393,1.0,1.0,1.0,1.0,3.0,5.0,2.8585,8.0,3.0,3.6875
A,1,4242429004060456,2.0909,1.0,1.0,1.0,1.0,1.0,4.0,2.3522,6.0,5.0,3.25
A,1,4111114677024819,3.6629,1.0,1.0,1.0,1.0,0.0,4.0,2.6085,8.0,6.0,3.5625
A,1,5105106060462460,1.79,1.0,1.0,1.0,1.0,3.0,5.0,2.3994,6.0,5.0,2.875
A,1,5105109800802227,1.6195,1.0,1.0,1.0,1.0,3.0,5.0,2.6022,7.0,5.0,3.125
A,1,4111114301324379,2.9928,1.0,1.0,1.0,1.0,0.0,4.0,2.4363,7.0,6.0,2.8125
A,1,5105100575022869,1.2702,1.0,1.0,1.0,1.0,3.0,5.0,2.75,8.0,4.0,3.5
A,1,4111111574419183,3.5768,1.0,1.0,1.0,1.0,0.0,4.0,2.2028,7.0,8.0,3.25
A,1,6011003794816643,1.0311,1.0,1.0,1.0,1.0,5.0,6.0,2.8585,8.0,3.0,3.6875
A,1,4111114532652283,3.7445,1.0,1.0,1.0,1.0,0.0,4.0,2.6022,7.0,5.0,3.0625
A,1,4532010124065424,2.4128,1.0,1.0,1.0,1.0,2.0,4.0,2.6556,7.0,4.0,2.6875
A,1,4111115699403659,4.0336,1.0,1.0,1.0,1.0,0.0,4.0,2.6022,7.0,5.0,4.0625
A,1,4111113482684312,2.4521,1.0,1.0,1.0,1.0,0.0,4.0,2.3585,6.0,6.0,3.125
A,1,4242425419976575,2.3987,1.0,1.0,1.0,1.0,1.0,4.0,2.6556,7.0,4.0,4.75
A,1,4532012421056411,2.4128,1.0,1.0,1.0,1.0,2.0,4.0,2.6556,7.0,4.0,2.5625
A,1,4111114263309483,3.8346,1.0,1.0,1.0,1.0,0.0,4.0,2.68,8.0,5.0,3.1875
A,1,5105104871903012,1.767,1.0,1.0,1.0,1.0,3.0,5.0,2.875,9.0,4.0,2.9375
A,1,4242428689455296,2.7911,1.0,1.0,1.0,1.0,1.0,4.0,2.5,6.0,4.0,5.0
A,1,6011009498773667,1.717,1.0,1.0,1.0,1.0,5.0,6.0,2.8585,8.0,3.0,4.625
A,1,4111119294380866,3.9403,1.0,1.0,1.0,1.0,0.0,4.0,2.7744,8.0,5.0,4.0
A,1,4242422853705081,2.4797,1.0,1.0,1.0,1.0,1.0,4.0,2.8278,8.0,4.0,3.5625
A,1,5555556694465807,1.0271,1.0,1.0,1.0,1.0,4.0,5.0,2.3496,7.0,7.0,5.3125
A,1,4111115822412668,3.209,1.0,1.0,1.0,1.0,0.0,4.0,2.3585,6.0,6.0,3.3125
A,1,5105100384170354,1.9248,1.0,1.0,1.0,1.0,3.0,5.0,2.6556,7.0,4.0,2.9375
A,1,4242422690594532,2.2198,1.0,1.0,1.0,1.0,1.0,4.0,2.5244,7.0,5.0,3.9375
A,1,4111110146750869,3.5501,1.0,1.0,1.0,1.0,0.0,4.0,2.6556,8.0,6.0,3.4375
A,1,4242420423256999,2.2932,1.0,1.0,1.0,1.0,1.0,4.0,2.4772,7.0,5.0,4.1875
A,1,4111113279333602,3.9362,1.0,1.0,1.0,1.0,0.0,4.0,2.6494,8.0,5.0,2.9375
A,1,4111111792915293,2.6762,1.0,1.0,1.0,1.0,0.0,4.0,2.3496,7.0,7.0,3.5625
A,1,4111116381131269,2.9732,1.0,1.0,1.0,1.0,0.0,4.0,2.25,7.0,8.0,3.0625
A,1,6011009889779620,1.3583,1.0,1.0,1.0,1.0,5.0,6.0,2.7028,7.0,4.0,4.5625
A,1,4242422882046838,2.4366,1.0,1.0,1.0,1.0,1.0,4.0,2.2744,6.0,5.0,4.1875
A,1,4111116337741385,2.8917,1.0,1.0,1.0,1.0,0.0,4.0,2.4835,7.0,6.0,3.5
A,1,4242421593511627,2.5493,1.0,1.0,1.0,1.0,1.0,4.0,2.7806,8.0,4.0,3.625
A,1,4242425493611692,2.4284,1.0,1.0,1.0,1.0,1.0,4.0,2.625,7.0,4.0,4.0
A,1,4111113152500194,3.0009,1.0,1.0,1.0,1.0,0.0,4.0,2.3968,7.0,7.0,2.4375
A,1,5555556199194282,2.0997,1.0,1.0,1.0,1.0,4.0,5.0,2.4835,7.0,6.0,5.0625
A,1,4111112613495036,3.6959,1.0,1.0,1.0,1.0,0.0,4.0,2.6556,8.0,6.0,3.0
A,1,4532017950022932,1.6772,1.0,1.0,1.0,1.0,2.0,4.0,2.8278,8.0,4.0,3.375
A,1,4242429016717143,2.4104,1.0,1.0,1.0,1.0,1.0,4.0,2.7806,8.0,4.0,3.5625
A,1,4242427460729739,3.5372,1.0,1.0,1.0,1.0,1.0,4.0,2.5778,7.0,4.0,4.5
A,1,4242426983158814,2.5227,1.0,1.0,1.0,1.0,1.0,4.0,2.7806,8.0,4.0,4.4375
A,1,4111115890269834,3.1299,1.0,1.0,1.0,1.0,0.0,4.0,2.8994,9.0,5.0,3.9375
A,1,4532014948698097,3.4775,1.0,1.0,1.0,1.0,2.0,4.0,3.1556,10.0,3.0,4.9375
A,1,5555553260967373,1.7549,1.0,1.0,1.0,1.0,4.0,5.0,2.4835,7.0,6.0,4.75
A,1,4242425035479699,3.1721,1.0,1.0,1.0,1.0,1.0,4.0,2.7806,8.0,4.0,4.6875
A,1,5105100332455642,2.0379,1.0,1.0,1.0,1.0,3.0,5.0,2.7028,7.0,4.0,2.875
A,1,4111112379203533,3.8055,1.0,1.0,1.0,1.0,0.0,4.0,2.6494,8.0,5.0,2.875
A,1,4111115861724130,2.8382,1.0,1.0,1.0,1.0,0.0,4.0,2.6468,9.0,7.0,2.875
A,1,4111116288726724,3.1308,1.0,1.0,1.0,1.0,0.0,4.0,2.4772,6.0,5.0,3.8125
A,1,4111119923435446,3.0523,1.0,1.0,1.0,1.0,0.0,4.0,2.5244,7.0,5.0,3.625
A,1,4111119254207273,3.26,1.0,1.0,1.0,1.0,0.0,4.0,2.7272,8.0,5.0,3.125
A,1,6011003478413618,0.9245,1.0,1.0,1.0,1.0,5.0,6.0,2.7028,7.0,4.0,3.3125
A,1,4242425276446308,2.6338,1.0,1.0,1.0,1.0,1.0,4.0,2.6494,8.0,5.0,3.9375
A,1,4111119431454046,2.6334,1.0,1.0,1.0,1.0,0.0,4.0,2.305,7.0,6.0,3.0625
A,1,6011003172952804,0.6837,1.0,1.0,1.0,1.0,5.0,6.0,3.0778,10.0,4.0,3.0625
A,1,4111110233923262,3.7943,1.0,1.0,1.0,1.0,0.0,4.0,2.4772,7.0,5.0,2.5625
A,1,4111110717246842,2.6196,1.0,1.0,1.0,1.0,0.0,4.0,2.4835,7.0,6.0,3.125
A,1,4242423736566914,2.4951,1.0,1.0,1.0,1.0,1.0,4.0,2.7806,8.0,4.0,4.25
A,1,4242420665900999,2.4964,1.0,1.0,1.0,1.0,1.0,4.0,2.4835,6.0,4.0,4.4375
A,1,4242428958550405,2.8877,1.0,1.0,1.0,1.0,1.0,4.0,2.4528,6.0,4.0,4.1875
A,1,4242427896436974,4.017,1.0,1.0,1.0,1.0,1.0,4.0,2.6022,7.0,5.0,5.0625
A,1,4532015593434860,2.7507,1.0,1.0,1.0,1.0,2.0,4.0,2.9835,9.0,3.0,3.875
A,1,4111117276310935,3.8695,1.0,1.0,1.0,1.0,0.0,4.0,2.7806,9.0,6.0,3.25
A,1,4532011659163154,1.2111,1.0,1.0,1.0,1.0,2.0,4.0,2.8278,8.0,4.0,3.5
A,1,4242427175202485,2.4151,1.0,1.0,1.0,1.0,1.0,4.0,2.5244,7.0,5.0,3.6875
A,1,4111117251450698,3.5034,1.0,1.0,1.0,1.0,0.0,4.0,2.7806,9.0,6.0,3.5
A,1,4111116557948355,3.7751,1.0,1.0,1.0,1.0,0.0,4.0,2.6494,8.0,5.0,4.125
A,1,5105108817499548,3.0888,1.0,1.0,1.0,1.0,3.0,5.0,2.7335,7.0,3.0,4.6875
A,1,5105101020610274,1.4531,1.0,1.0,1.0,1.0,3.0,5.0,2.5244,7.0,5.0,2.1875
A,1,4532017980896834,4.375,1.0,1.0,1.0,1.0,2.0,4.0,3.2028,10.0,3.0,4.8125
A,1,5555555102833622,1.3032,1.0,1.0,1.0,1.0,4.0,5.0,2.3496,7.0,7.0,3.875
A,1,4111116771743335,2.5347,1.0,1.0,1.0,1.0,0.0,4.0,2.3113,6.0,6.0,3.4375
A,1,4532019821566675,3.731,1.0,1.0,1.0,1.0,2.0,4.0,3.1556,10.0,3.0,4.375
A,1,4532014434916680,1.9005,1.0,1.0,1.0,1.0,2.0,4.0,3.0,9.0,4.0,3.75
A,1,5555550046426559,2.8143,1.0,1.0,1.0,1.0,4.0,5.0,2.125,6.0,8.0,4.4375
A,1,4242425905004098,3.0755,1.0,1.0,1.0,1.0,1.0,4.0,2.4528,6.0,4.0,3.625
A,1,4242425345980006,2.5493,1.0,1.0,1.0,1.0,1.0,4.0,2.7806,8.0,4.0,3.625
A,1,4111116141362667,3.4335,1.0,1.0,1.0,1.0,0.0,4.0,2.1468,6.0,7.0,3.1875
A,1,4111119126232194,3.1031,1.0,1.0,1.0,1.0,0.0,4.0,2.2246,6.0,7.0,3.0
A,1,5105109371202864,3.1437,1.0,1.0,1.0,1.0,3.0,5.0,3.1556,10.0,3.0,3.375
A,1,4242421192133435,2.2363,1.0,1.0,1.0,1.0,1.0,4.0,2.4056,6.0,4.0,3.125
A,1,4111114856354268,3.9286,1.0,1.0,1.0,1.0,0.0,4.0,2.6022,7.0,5.0,3.75
A,1,4532013093053124,1.9454,1.0,1.0,1.0,1.0,2.0,4.0,2.7028,7.0,4.0,2.8125
A,1,4532013145192177,1.1203,1.0,1.0,1.0,1.0,2.0,4.0,2.875,8.0,4.0,3.4375
A,1,4111115649187758,3.9908,1.0,1.0,1.0,1.0,0.0,4.0,2.5306,7.0,6.0,4.3125
A,1,4242424128547009,3.0874,1.0,1.0,1.0,1.0,1.0,4.0,2.6494,8.0,5.0,3.625
A,1,4242420072606395,2.1025,1.0,1.0,1.0,1.0,1.0,4.0,2.7806,8.0,4.0,3.5
A,1,5105109122148754,1.0914,1.0,1.0,1.0,1.0,3.0,5.0,2.8278,8.0,4.0,3.4375
A,1,6011004087456741,0.8708,1.0,1.0,1.0,1.0,5.0,6.0,2.6556,7.0,4.0,3.375
A,1,4242421977956869,2.7268,1.0,1.0,1.0,1.0,1.0,4.0,2.8585,8.0,3.0,5.3125
A,1,4242428621638256,2.9849,1.0,1.0,1.0,1.0,1.0,4.0,2.555,7.0,5.0,4.0625
A,1,4111116178662674,3.1512,1.0,1.0,1.0,1.0,0.0,4.0,2.2806,6.0,6.0,3.875
A,1,4111112490407401,2.2335,1.0,1.0,1.0,1.0,0.0,4.0,2.2335,6.0,6.0,2.5
A,1,4111119880161522,3.1953,1.0,1.0,1.0,1.0,0.0,4.0,2.5218,8.0,7.0,3.1875
A,1,4111119055830091,3.2376,1.0,1.0,1.0,1.0,0.0,4.0,2.4835,7.0,6.0,3.0625
A,1,4242422605465331,2.8185,1.0,1.0,1.0,1.0,1.0,4.0,2.625,7.0,4.0,3.3125
A,1,6011002193756830,0.8108,1.0,1.0,1.0,1.0,5.0,6.0,2.9528,9.0,4.0,3.25
A,1,6011009569765790,1.5622,1.0,1.0,1.0,1.0,5.0,6.0,2.5306,6.0,4.0,4.4375
A,1,5555550114807441,1.5831,1.0,1.0,1.0,1.0,4.0,5.0,2.3113,6.0,6.0,3.75
A,1,4111112754670421,3.4045,1.0,1.0,1.0,1.0,0.0,4.0,2.4835,7.0,6.0,2.9375
A,1,4242425340119063,2.0087,1.0,1.0,1.0,1.0,1.0,4.0,2.8278,8.0,4.0,3.125
A,1,4111115760034029,3.2871,1.0,1.0,1.0,1.0,0.0,4.0,2.8522,9.0,5.0,2.8125
A,1,5105105782095517,1.9337,1.0,1.0,1.0,1.0,3.0,5.0,2.555,7.0,5.0,3.8125
A,1,4242424693967053,2.2468,1.0,1.0,1.0,1.0,1.0,4.0,2.8278,8.0,4.0,4.375
A,1,4242425554097427,1.4529,1.0,1.0,1.0,1.0,1.0,4.0,2.3522,6.0,5.0,4.125
A,1,4532014617694203,2.3497,1.0,1.0,1.0,1.0,2.0,4.0,3.0778,9.0,3.0,3.5625
A,1,4111113840903958,3.6829,1.0,1.0,1.0,1.0,0.0,4.0,2.6494,7.0,5.0,3.625
A,1,4111117260925904,4.0135,1.0,1.0,1.0,1.0,0.0,4.0,2.7744,8.0,5.0,3.3125
A,1,4111110111449737,3.6712,1.0,1.0,1.0,1.0,0.0,4.0,2.0778,6.0,8.0,2.875
A,1,4532015639810164,2.8385,1.0,1.0,1.0,1.0,2.0,4.0,3.0778,9.0,3.0,3.625
A,1,4111114397177897,3.7479,1.0,1.0,1.0,1.0,0.0,4.0,2.2806,6.0,6.0,4.4375
A,1,4111114304563106,2.9358,1.0,1.0,1.0,1.0,0.0,4.0,2.3585,6.0,6.0,2.5625
A,1,4242429968751637,2.744,1.0,1.0,1.0,1.0,1.0,4.0,3.0306,9.0,3.0,4.9375
A,1,4242429447157489,2.9423,1.0,1.0,1.0,1.0,1.0,4.0,2.4835,7.0,6.0,4.75
A,1,4111114522872354,3.8448,1.0,1.0,1.0,1.0,0.0,4.0,2.555,7.0,5.0,3.1875
A,1,4242424726218243,2.4116,1.0,1.0,1.0,1.0,1.0,4.0,2.305,7.0,6.0,3.5625
A,1,4532019654583110,1.8257,1.0,1.0,1.0,1.0,2.0,4.0,3.0306,9.0,3.0,3.5625
A,1,6011003685937474,2.1507,1.0,1.0,1.0,1.0,5.0,6.0,3.0778,9.0,3.0,4.0
A,1,4532018015134670,1.3466,1.0,1.0,1.0,1.0,2.0,4.0,3.0306,9.0,3.0,3.125
A,1,5105101833116980,2.3259,1.0,1.0,1.0,1.0,3.0,5.0,2.6022,7.0,5.0,3.25
A,1,4111113936957181,2.7766,1.0,1.0,1.0,1.0,0.0,4.0,2.5218,8.0,7.0,3.8125
A,1,6011008869422201,0.3014,1.0,1.0,1.0,1.0,5.0,6.0,2.6556,7.0,4.0,3.125
A,1,4111111885338403,2.5495,1.0,1.0,1.0,1.0,0.0,4.0,2.3113,6.0,6.0,3.25
A,1,4111119604739520,3.6163,1.0,1.0,1.0,1.0,0.0,4.0,2.8994,9.0,5.0,3.375
A,1,4111113686747295,3.4156,1.0,1.0,1.0,1.0,0.0,4.0,2.8994,9.0,5.0,4.125
A,1,5105105464061191,1.9508,1.0,1.0,1.0,1.0,3.0,5.0,2.43,6.0,5.0,3.0625
A,1,5555554519241248,2.3289,1.0,1.0,1.0,1.0,4.0,5.0,2.2246,6.0,7.0,4.375
A,1,4242425627020299,2.5461,1.0,1.0,1.0,1.0,1.0,4.0,2.4835,7.0,6.0,3.75
A,1,4111115493329092,3.6103,1.0,1.0,1.0,1.0,0.0,4.0,2.6022,7.0,5.0,3.4375
A,1,4111119590030546,3.3038,1.0,1.0,1.0,1.0,0.0,4.0,2.6022,7.0,5.0,3.125
A,1,4111111958611611,3.6364,1.0,1.0,1.0,1.0,0.0,4.0,1.7988,6.0,10.0,3.0
A,1,4111116066121494,2.8128,1.0,1.0,1.0,1.0,0.0,4.0,2.1774,6.0,7.0,3.0
A,1,4242423792286803,2.7303,1.0,1.0,1.0,1.0,1.0,4.0,2.7272,8.0,5.0,4.125
A,1,4242426778729332,3.6222,1.0,1.0,1.0,1.0,1.0,4.0,2.555,7.0,5.0,4.5
A,1,4242420454339649,2.4927,1.0,1.0,1.0,1.0,1.0,4.0,2.4835,7.0,6.0,4.0625
A,1,4532010115252536,1.8772,1.0,1.0,1.0,1.0,2.0,4.0,2.6556,7.0,4.0,2.8125
A,1,5105103293600487,2.903,1.0,1.0,1.0,1.0,3.0,5.0,3.125,10.0,4.0,3.375
A,1,4532015937066022,1.3751,1.0,1.0,1.0,1.0,2.0,4.0,3.0306,9.0,3.0,3.4375
A,1,4111113269078142,3.8404,1.0,1.0,1.0,1.0,0.0,4.0,2.7806,9.0,6.0,3.1875
A,1,4111111057605563,3.4045,1.0,1.0,1.0,1.0,0.0,4.0,2.4835,7.0,6.0,2.9375
A,1,4242427173737904,2.8746,1.0,1.0,1.0,1.0,1.0,4.0,2.5778,7.0,4.0,4.125
A,1,4111111881133386,3.8452,1.0,1.0,1.0,1.0,0.0,4.0,1.9056,5.0,8.0,3.1875
A,1,4242425940474017,2.5461,1.0,1.0,1.0,1.0,1.0,4.0,2.4835,7.0,6.0,3.6875
A,1,4242429353775845,3.0423,1.0,1.0,1.0,1.0,1.0,4.0,2.6556,7.0,4.0,4.625
A,1,4242425706815874,2.5644,1.0,1.0,1.0,1.0,1.0,4.0,2.8278,8.0,4.0,4.3125
A,1,4242421543155087,2.4104,1.0,1.0,1.0,1.0,1.0,4.0,2.7806,8.0,4.0,3.5625
A,1,4242424414157620,2.6099,1.0,1.0,1.0,1.0,1.0,4.0,2.4056,7.0,6.0,3.25
A,1,4242421560725796,2.5045,1.0,1.0,1.0,1.0,1.0,4.0,2.8278,8.0,4.0,4.125
A,1,4111118155024928,3.6474,1.0,1.0,1.0,1.0,0.0,4.0,2.5306,7.0,6.0,3.3125
A,1,4242420311751861,2.8071,1.0,1.0,1.0,1.0,1.0,4.0,2.9056,9.0,4.0,3.1875
A,1,4111111831114031,3.7521,1.0,1.0,1.0,1.0,0.0,4.0,1.6738,5.0,10.0,2.0
A,1,5555555265916222,1.9045,1.0,1.0,1.0,1.0,4.0,5.0,1.875,5.0,8.0,4.375
A,1,5105106582082986,2.4544,1.0,1.0,1.0,1.0,3.0,5.0,2.7335,7.0,3.0,4.125
A,1,4242428593134052,2.7588,1.0,1.0,1.0,1.0,1.0,4.0,2.75,8.0,4.0,3.625
A,1,4111110134123780,2.2476,1.0,1.0,1.0,1.0,0.0,4.0,2.3968,7.0,7.0,2.375
A,1,4532016215278420,1.8889,1.0,1.0,1.0,1.0,2.0,4.0,3.0,9.0,4.0,3.25
A,1,4111117682168828,3.67,1.0,1.0,1.0,1.0,0.0,4.0,2.2806,6.0,6.0,4.0625
A,1,4111112957597900,3.5585,1.0,1.0,1.0,1.0,0.0,4.0,2.6022,7.0,5.0,3.875
A,1,4111112862703601,3.3032,1.0,1.0,1.0,1.0,0.0,4.0,2.6556,8.0,6.0,2.75
A,1,4242429226957927,2.5648,1.0,1.0,1.0,1.0,1.0,4.0,2.3113,6.0,6.0,4.75
A,1,5555556251951728,2.3673,1.0,1.0,1.0,1.0,4.0,5.0,2.25,7.0,8.0,4.75
A,1,4111112057856305,3.2843,1.0,1.0,1.0,1.0,0.0,4.0,2.8522,9.0,5.0,3.125
A,1,4242424140956220,2.8234,1.0,1.0,1.0,1.0,1.0,4.0,2.4238,7.0,5.0,3.1875
A,1,4111112362746498,3.7789,1.0,1.0,1.0,1.0,0.0,4.0,2.7272,8.0,5.0,3.75
A,1,5555556256286856,1.2088,1.0,1.0,1.0,1.0,4.0,5.0,1.75,4.0,8.0,5.25
A,1,4532010471626166,1.6772,1.0,1.0,1.0,1.0,2.0,4.0,2.8278,8.0,4.0,3.375
A,1,4242426659111055,2.5321,1.0,1.0,1.0,1.0,1.0,4.0,2.6863,7.0,3.0,3.5625
A,1,4111112393365094,3.9413,1.0,1.0,1.0,1.0,0.0,4.0,2.7272,8.0,5.0,3.3125
A,1,4111119994638290,3.835,1.0,1.0,1.0,1.0,0.0,4.0,2.6494,8.0,5.0,4.25
A,1,4242421863276836,2.3653,1.0,1.0,1.0,1.0,1.0,4.0,2.6556,7.0,4.0,4.25
A,1,4111119651519205,2.5517,1.0,1.0,1.0,1.0,0.0,4.0,2.3496,7.0,7.0,3.25
A,1,5105104890285581,1.375,1.0,1.0,1.0,1.0,3.0,5.0,2.6085,7.0,4.0,3.875
A,1,4111116469858502,3.4653,1.0,1.0,1.0,1.0,0.0,4.0,2.7744,8.0,5.0,3.875
A,1,4111119522299763,3.4645,1.0,1.0,1.0,1.0,0.0,4.0,2.68,8.0,5.0,3.9375
A,1,4242420725054282,2.5344,1.0,1.0,1.0,1.0,1.0,4.0,2.2806,6.0,6.0,3.3125
A,1,4111114185395768,3.7776,1.0,1.0,1.0,1.0,0.0,4.0,2.6556,8.0,6.0,4.0625
A,1,4532016279459239,2.315,1.0,1.0,1.0,1.0,2.0,4.0,3.0306,9.0,3.0,4.4375
A,1,4111113319557442,3.0737,1.0,1.0,1.0,1.0,0.0,4.0,2.4835,7.0,6.0,3.25
A,1,4111117642617112,3.2021,1.0,1.0,1.0,1.0,0.0,4.0,2.0,5.0,8.0,2.875
A,1,4242428512157481,3.1253,1.0,1.0,1.0,1.0,1.0,4.0,2.4528,6.0,4.0,3.75
A,1,5105100939155207,2.0747,1.0,1.0,1.0,1.0,3.0,5.0,2.5778,7.0,4.0,3.3125
A,1,4111113848248299,4.0109,1.0,1.0,1.0,1.0,0.0,4.0,2.43,6.0,5.0,4.125
A,1,4111110081943966,3.2611,1.0,1.0,1.0,1.0,0.0,4.0,2.5306,7.0,6.0,3.4375
A,1,6011003121374324,1.8097,1.0,1.0,1.0,1.0,5.0,6.0,2.6556,7.0,4.0,2.375
A,1,4111113896999082,4.3199,1.0,1.0,1.0,1.0,0.0,4.0,2.6494,8.0,5.0,4.5
A,1,4111115731102160,2.8012,1.0,1.0,1.0,1.0,0.0,4.0,2.375,8.0,8.0,2.1875
A,1,5555553606487714,1.7595,1.0,1.0,1.0,1.0,4.0,5.0,2.6556,8.0,6.0,4.75
A,1,4242420702730995,2.5849,1.0,1.0,1.0,1.0,1.0,4.0,2.6556,7.0,4.0,3.75
A,1,6011004534165002,2.334,1.0,1.0,1.0,1.0,5.0,6.0,2.6022,7.0,5.0,2.375
A,1,5105103771491888,1.6019,1.0,1.0,1.0,1.0,3.0,5.0,2.8278,8.0,4.0,4.25
A,1,4242424159284944,3.3591,1.0,1.0,1.0,1.0,1.0,4.0,2.1468,6.0,7.0,4.25
A,1,4111113044990769,3.8512,1.0,1.0,1.0,1.0,0.0,4.0,2.555,7.0,5.0,3.75
A,1,4111114676966424,3.3569,1.0,1.0,1.0,1.0,0.0,4.0,2.2744,6.0,5.0,3.9375
A,1,4111117132592387,3.5269,1.0,1.0,1.0,1.0,0.0,4.0,2.6556,8.0,6.0,3.5
A,1,4111118642236804,3.9513,1.0,1.0,1.0,1.0,0.0,4.0,2.6022,7.0,5.0,3.25
A,1,4111117579233537,3.8512,1.0,1.0,1.0,1.0,0.0,4.0,2.555,7.0,5.0,3.75
A,1,4111112107715006,1.6892,1.0,1.0,1.0,1.0,0.0,4.0,2.3496,7.0,7.0,2.375
A,1,4111118965829284,3.8683,1.0,1.0,1.0,1.0,0.0,4.0,2.6022,7.0,5.0,4.375
A,1,5105105959006891,2.3487,1.0,1.0,1.0,1.0,3.0,5.0,2.4056,6.0,4.0,4.0
A,1,4242428979866004,3.0647,1.0,1.0,1.0,1.0,1.0,4.0,2.7028,7.0,4.0,4.6875
A,1,5105102578960509,1.5886,1.0,1.0,1.0,1.0,3.0,5.0,2.75,8.0,4.0,3.9375
A,1,4111113789435368,3.7298,1.0,1.0,1.0,1.0,0.0,4.0,2.7272,8.0,5.0,4.0625
A,1,4111114350287444,3.318,1.0,1.0,1.0,1.0,0.0,4.0,2.5488,8.0,5.0,3.125
A,1,4111116235676626,3.5469,1.0,1.0,1.0,1.0,0.0,4.0,2.4238,7.0,5.0,3.625
A,1,4111115110515891,2.6199,1.0,1.0,1.0,1.0,0.0,4.0,1.9197,6.0,9.0,2.8125
A,1,4242422440325187,3.2681,1.0,1.0,1.0,1.0,1.0,4.0,2.5488,8.0,5.0,3.375
A,1,5105107251005092,1.7962,1.0,1.0,1.0,1.0,3.0,5.0,2.3522,6.0,5.0,2.6875
A,1,4111117585697881,4.2697,1.0,1.0,1.0,1.0,0.0,4.0,2.4835,7.0,6.0,4.5625
A,1,6011006398997966,0.6656,1.0,1.0,1.0,1.0,5.0,6.0,2.5778,7.0,4.0,5.0
A,1,5555556308917680,1.8661,1.0,1.0,1.0,1.0,4.0,5.0,2.6556,8.0,6.0,4.875
A,1,6011005740879617,0.2073,1.0,1.0,1.0,1.0,5.0,6.0,2.7806,8.0,4.0,3.875
A,1,4111116530536673,3.9951,1.0,1.0,1.0,1.0,0.0,4.0,2.555,7.0,5.0,3.3125
A,1,4242421347724914,2.6988,1.0,1.0,1.0,1.0,1.0,4.0,2.2806,6.0,6.0,3.75
A,1,5555551318435609,0.9878,1.0,1.0,1.0,1.0,4.0,5.0,2.5218,8.0,7.0,4.375
A,1,4532010982146126,1.8411,1.0,1.0,1.0,1.0,2.0,4.0,3.0306,9.0,3.0,3.375
A,1,4242422903495873,2.7046,1.0,1.0,1.0,1.0,1.0,4.0,2.75,8.0,4.0,4.25
A,1,4532018212114798,1.9739,1.0,1.0,1.0,1.0,2.0,4.0,2.9528,9.0,4.0,3.625
A,1,4111117060083003,2.8759,1.0,1.0,1.0,1.0,0.0,4.0,2.4238,7.0,5.0,2.25
A,1,4532011557675325,1.9526,1.0,1.0,1.0,1.0,2.0,4.0,2.7744,8.0,5.0,3.8125
A,1,4111114186893308,3.2331,1.0,1.0,1.0,1.0,0.0,4.0,2.4835,7.0,6.0,3.6875
A,1,4532017458891168,4.4926,1.0,1.0,1.0,1.0,2.0,4.0,3.1556,10.0,3.0,4.5
A,1,4111119137569907,3.8025,1.0,1.0,1.0,1.0,0.0,4.0,2.6085,8.0,6.0,4.0625
A,1,4111112022010764,2.0333,1.0,1.0,1.0,1.0,0.0,4.0,2.3113,6.0,6.0,2.0625
A,1,4532011169963275,3.1418,1.0,1.0,1.0,1.0,2.0,4.0,3.0778,9.0,3.0,4.0
A,1,4111119812392005,3.6959,1.0,1.0,1.0,1.0,0.0,4.0,2.6556,8.0,6.0,3.0
A,1,4111115372634174,3.0446,1.0,1.0,1.0,1.0,0.0,4.0,2.4835,7.0,6.0,3.1875
A,1,4532012070435726,2.3562,1.0,1.0,1.0,1.0,2.0,4.0,2.9056,8.0,3.0,3.1875
A,1,4111113342263489,3.9951,1.0,1.0,1.0,1.0,0.0,4.0,2.555,7.0,5.0,3.3125
A,1,4111113098477457,3.4645,1.0,1.0,1.0,1.0,0.0,4.0,2.68,8.0,5.0,3.9375
A,1,4111117695422758,3.9403,1.0,1.0,1.0,1.0,0.0,4.0,2.7744,8.0,5.0,4.0
A,1,4111113821429213,2.358,1.0,1.0,1.0,1.0,0.0,4.0,2.2246,6.0,7.0,2.75
A,1,4242429759486344,3.1161,1.0,1.0,1.0,1.0,1.0,4.0,2.6085,8.0,6.0,4.8125
A,1,4242426743474592,2.8822,1.0,1.0,1.0,1.0,1.0,4.0,2.4056,7.0,6.0,4.3125
A,1,5555559247928362,2.1,1.0,1.0,1.0,1.0,4.0,5.0,2.6085,8.0,6.0,5.125
A,1,5105102969121992,2.1967,1.0,1.0,1.0,1.0,3.0,5.0,2.4528,6.0,4.0,3.875
A,1,4111113936142446,2.9829,1.0,1.0,1.0,1.0,0.0,4.0,2.2806,6.0,6.0,3.1875
A,1,4532017125463797,3.1013,1.0,1.0,1.0,1.0,2.0,4.0,3.0778,9.0,3.0,4.125
A,1,4532019630862752,3.8841,1.0,1.0,1.0,1.0,2.0,4.0,3.2028,10.0,3.0,3.9375
A,1,4242427076641104,2.6983,1.0,1.0,1.0,1.0,1.0,4.0,2.4772,6.0,5.0,3.375
A,1,4532014966933244,1.6935,1.0,1.0,1.0,1.0,2.0,4.0,2.8278,8.0,4.0,4.0625
A,1,4111119091525648,3.7769,1.0,1.0,1.0,1.0,0.0,4.0,2.6556,8.0,6.0,3.625
A,1,4242429728590523,2.7902,1.0,1.0,1.0,1.0,1.0,4.0,2.7272,8.0,5.0,4.25
A,1,4242421950526127,2.7576,1.0,1.0,1.0,1.0,1.0,4.0,2.7272,8.0,5.0,3.5
A,1,4111112908640056,3.7007,1.0,1.0,1.0,1.0,0.0,4.0,2.7272,8.0,5.0,3.0625
A,1,5555557881838301,2.5345,1.0,1.0,1.0,1.0,4.0,5.0,2.2806,6.0,6.0,4.8125
A,1,4111117273726398,3.4441,1.0,1.0,1.0,1.0,0.0,4.0,2.7272,8.0,5.0,3.9375
A,1,4111110429480978,3.9286,1.0,1.0,1.0,1.0,0.0,4.0,2.6022,7.0,5.0,3.75
A,1,4242424624638328,3.2065,1.0,1.0,1.0,1.0,1.0,4.0,2.1738,5.0,5.0,4.0
A,1,4111113254254583,3.173,1.0,1.0,1.0,1.0,0.0,4.0,2.43,6.0,5.0,3.125
A,1,4111117927688226,4.0336,1.0,1.0,1.0,1.0,0.0,4.0,2.6022,7.0,5.0,4.125
A,1,4111113338445322,2.1774,1.0,1.0,1.0,1.0,0.0,4.0,2.3522,6.0,5.0,2.875
A,1,4242421929209102,2.0422,1.0,1.0,1.0,1.0,1.0,4.0,2.1863,5.0,6.0,3.3125
A,1,4242422444426528,3.384,1.0,1.0,1.0,1.0,1.0,4.0,1.8024,5.0,7.0,3.6875
A,1,4242427694800579,3.2414,1.0,1.0,1.0,1.0,1.0,4.0,2.8278,8.0,4.0,4.5625
A,1,4242429939551561,2.7488,1.0,1.0,1.0,1.0,1.0,4.0,2.6863,7.0,3.0,4.4375
A,1,4242427347912219,2.4602,1.0,1.0,1.0,1.0,1.0,4.0,2.3994,6.0,5.0,3.9375
A,1,4242420010434223,3.7536,1.0,1.0,1.0,1.0,1.0,4.0,2.1266,5.0,5.0,2.3125
A,1,4111118200205688,3.6671,1.0,1.0,1.0,1.0,0.0,4.0,2.555,7.0,5.0,3.0
A,1,5105103074499935,2.4544,1.0,1.0,1.0,1.0,3.0,5.0,2.7335,7.0,3.0,4.0625
A,1,5555559396446968,2.2536,1.0,1.0,1.0,1.0,4.0,5.0,2.3113,6.0,6.0,5.875
A,1,5105106521770089,1.3783,1.0,1.0,1.0,1.0,3.0,5.0,2.7806,8.0,4.0,3.5625
A,1,4532012624837823,2.0237,1.0,1.0,1.0,1.0,2.0,4.0,2.9528,9.0,4.0,3.75
A,1,4532010398688927,4.6593,1.0,1.0,1.0,1.0,2.0,4.0,3.2028,10.0,3.0,4.6875
A,1,5105102256352078,1.5555,1.0,1.0,1.0,1.0,3.0,5.0,2.7806,8.0,4.0,3.25
A,1,5105103711530688,1.6017,1.0,1.0,1.0,1.0,3.0,5.0,2.6556,7.0,4.0,3.375
A,1,4532010924887357,3.9369,1.0,1.0,1.0,1.0,2.0,4.0,3.125,9.0,2.0,4.25
A,1,4242427987919789,3.7436,1.0,1.0,1.0,1.0,1.0,4.0,2.4835,6.0,4.0,5.75
A,1,4111118026887362,3.7789,1.0,1.0,1.0,1.0,0.0,4.0,2.7272,8.0,5.0,3.6875
A,1,4242422370829026,2.9759,1.0,1.0,1.0,1.0,1.0,4.0,2.6085,8.0,6.0,3.5625
A,1,4111110965654515,2.9972,1.0,1.0,1.0,1.0,0.0,4.0,2.2806,6.0,6.0,3.4375
A,1,4111114552404631,2.8564,1.0,1.0,1.0,1.0,0.0,4.0,2.4056,7.0,6.0,2.6875
A,1,4242423653938278,3.0054,1.0,1.0,1.0,1.0,1.0,4.0,2.7806,8.0,4.0,4.5
A,1,4532017930772143,2.3471,1.0,1.0,1.0,1.0,2.0,4.0,2.9056,8.0,3.0,3.625
A,1,4532019007485690,3.5371,1.0,1.0,1.0,1.0,2.0,4.0,3.125,10.0,4.0,3.9375
A,1,4242424861692806,3.0269,1.0,1.0,1.0,1.0,1.0,4.0,2.5778,7.0,4.0,4.25
A,1,4242427264808416,2.4022,1.0,1.0,1.0,1.0,1.0,4.0,2.5244,7.0,5.0,4.0
A,1,4532014599377298,3.3491,1.0,1.0,1.0,1.0,2.0,4.0,3.0778,9.0,3.0,4.875
A,1,4532019089912876,4.6593,1.0,1.0,1.0,1.0,2.0,4.0,3.2028,10.0,3.0,4.625
A,1,5555551370573842,0.9878,1.0,1.0,1.0,1.0,4.0,5.0,2.5218,8.0,7.0,4.375
A,1,4242422032551216,2.588,1.0,1.0,1.0,1.0,1.0,4.0,2.4835,7.0,6.0,2.8125
A,1,4111117545611352,2.3019,1.0,1.0,1.0,1.0,0.0,4.0,2.3496,7.0,7.0,3.0
A,1,5105106003578455,1.8308,1.0,1.0,1.0,1.0,3.0,5.0,2.6494,8.0,5.0,3.4375
A,1,4111115866962784,3.4721,1.0,1.0,1.0,1.0,0.0,4.0,2.7272,8.0,5.0,4.375
A,1,4111118384419881,3.5733,1.0,1.0,1.0,1.0,0.0,4.0,1.9746,5.0,7.0,3.9375
A,1,4242425840421050,2.0271,1.0,1.0,1.0,1.0,1.0,4.0,2.3522,6.0,5.0,2.9375
A,1,4111110637621249,3.6959,1.0,1.0,1.0,1.0,0.0,4.0,2.6556,8.0,6.0,3.0625
A,1,4111113728343210,3.6393,1.0,1.0,1.0,1.0,0.0,4.0,2.4835,7.0,6.0,2.625
A,1,4242422162633297,2.5461,1.0,1.0,1.0,1.0,1.0,4.0,2.4835,7.0,6.0,3.6875
A,1,4242421473070942,2.0624,1.0,1.0,1.0,1.0,1.0,4.0,2.5244,7.0,5.0,3.4375
A,1,4111117591062807,3.8935,1.0,1.0,1.0,1.0,0.0,4.0,2.7806,9.0,6.0,3.375
A,1,4242425183789873,3.3981,1.0,1.0,1.0,1.0,1.0,4.0,2.8585,8.0,3.0,4.8125
A,1,4111112595358418,3.2331,1.0,1.0,1.0,1.0,0.0,4.0,2.4835,7.0,6.0,3.6875
A,1,4111117425194198,2.9066,1.0,1.0,1.0,1.0,0.0,4.0,2.3496,7.0,7.0,3.6875
A,1,4242426881714114,2.1884,1.0,1.0,1.0,1.0,1.0,4.0,2.3522,6.0,5.0,3.6875
A,1,4111113214485251,2.358,1.0,1.0,1.0,1.0,0.0,4.0,2.2246,6.0,7.0,2.75
A,1,4111117599035458,3.7298,1.0,1.0,1.0,1.0,0.0,4.0,2.7272,8.0,5.0,4.0
A,1,4111116048049680,3.7574,1.0,1.0,1.0,1.0,0.0,4.0,2.43,6.0,5.0,3.375
A,1,4111116758148979,4.616,1.0,1.0,1.0,1.0,0.0,4.0,2.5306,7.0,6.0,4.5625
A,1,5105105886898808,1.4944,1.0,1.0,1.0,1.0,3.0,5.0,2.3113,6.0,6.0,5.0
A,1,4242421816891806,2.6613,1.0,1.0,1.0,1.0,1.0,4.0,2.6863,7.0,3.0,4.125
A,1,4532011662056890,1.9646,1.0,1.0,1.0,1.0,2.0,4.0,3.0306,9.0,3.0,3.625
A,1,4242424951869777,2.7972,1.0,1.0,1.0,1.0,1.0,4.0,2.7806,8.0,4.0,5.0625
A,1,5105104360453057,1.5265,1.0,1.0,1.0,1.0,3.0,5.0,2.625,7.0,4.0,3.0625
A,1,5105101229200828,2.4083,1.0,1.0,1.0,1.0,3.0,5.0,2.4528,6.0,4.0,2.875
A,1,4532010132835909,1.8519,1.0,1.0,1.0,1.0,2.0,4.0,2.9056,8.0,3.0,3.4375
A,1,4111112216555020,2.4381,1.0,1.0,1.0,1.0,0.0,4.0,2.3113,6.0,6.0,2.3125
A,1,4111119618708172,3.334,1.0,1.0,1.0,1.0,0.0,4.0,2.5218,8.0,7.0,3.625
A,1,4111112116485807,3.1953,1.0,1.0,1.0,1.0,0.0,4.0,2.5218,8.0,7.0,3.1875
A,1,4111113316967214,3.0811,1.0,1.0,1.0,1.0,0.0,4.0,2.3968,7.0,7.0,3.1875
A,1,4242421213203118,2.4195,1.0,1.0,1.0,1.0,1.0,4.0,2.3522,6.0,5.0,2.5
A,1,4111114778929551,3.8384,1.0,1.0,1.0,1.0,0.0,4.0,2.5306,7.0,6.0,4.125
A,1,4242423897423574,2.1964,1.0,1.0,1.0,1.0,1.0,4.0,2.5244,7.0,5.0,4.375
A,1,4111115986450611,3.2404,1.0,1.0,1.0,1.0,0.0,4.0,2.3968,7.0,7.0,3.375
A,1,4111110116116117,4.1207,1.0,1.0,1.0,1.0,0.0,4.0,1.4966,5.0,11.0,2.125
A,1,4242428057848429,3.3227,1.0,1.0,1.0,1.0,1.0,4.0,2.4772,7.0,5.0,4.5625
A,1,4242428023973624,2.613,1.0,1.0,1.0,1.0,1.0,4.0,2.6494,8.0,5.0,3.875
A,1,4532017934930291,2.5037,1.0,1.0,1.0,1.0,2.0,4.0,2.9056,8.0,3.0,3.875
A,1,4242421168257804,2.8086,1.0,1.0,1.0,1.0,1.0,4.0,2.75,8.0,4.0,3.75
A,1,4242424662620303,2.4823,1.0,1.0,1.0,1.0,1.0,4.0,2.2272,5.0,5.0,3.125
A,1,4242428416806175,2.545,1.0,1.0,1.0,1.0,1.0,4.0,2.8278,8.0,4.0,4.0
A,1,4242420089143473,2.9032,1.0,1.0,1.0,1.0,1.0,4.0,2.7272,8.0,5.0,3.5625
A,1,4111110976758081,3.8268,1.0,1.0,1.0,1.0,0.0,4.0,2.6556,8.0,6.0,3.75
A,1,4242426740352775,2.9151,1.0,1.0,1.0,1.0,1.0,4.0,2.5778,7.0,4.0,4.0
A,1,4242427845207617,2.4342,1.0,1.0,1.0,1.0,1.0,4.0,2.7028,8.0,4.0,4.0625
A,1,4532012699516344,2.5704,1.0,1.0,1.0,1.0,2.0,4.0,2.9528,8.0,3.0,4.0
A,1,4532010839073507,1.835,1.0,1.0,1.0,1.0,2.0,4.0,2.9528,9.0,4.0,3.5625
A,1,4111110297088424,4.0725,1.0,1.0,1.0,1.0,0.0,4.0,2.6022,7.0,5.0,3.3125
A,1,4111114244212996,3.8159,1.0,1.0,1.0,1.0,0.0,4.0,2.1085,5.0,6.0,3.25
A,1,5105103181661930,1.6195,1.0,1.0,1.0,1.0,3.0,5.0,2.6022,7.0,5.0,3.125
A,1,4111116851556151,4.0151,1.0,1.0,1.0,1.0,0.0,4.0,1.875,5.0,8.0,3.25
A,1,4242429616460672,2.4808,1.0,1.0,1.0,1.0,1.0,4.0,2.5,7.0,4.0,4.0625
A,1,5555551808816458,1.5017,1.0,1.0,1.0,1.0,4.0,5.0,2.1468,6.0,7.0,4.9375
A,1,4111117718628969,4.4757,1.0,1.0,1.0,1.0,0.0,4.0,2.5306,7.0,6.0,4.5
A,1,5105107970634271,2.4487,1.0,1.0,1.0,1.0,3.0,5.0,2.9835,9.0,3.0,3.625
A,1,4242424073513998,2.5556,1.0,1.0,1.0,1.0,1.0,4.0,2.9528,9.0,4.0,4.1875
A,1,4111118861878617,4.1456,1.0,1.0,1.0,1.0,0.0,4.0,2.0218,5.0,7.0,4.3125
A,1,4111112472031724,2.5012,1.0,1.0,1.0,1.0,0.0,4.0,2.3113,6.0,6.0,2.5625
A,1,4111115917758470,2.9734,1.0,1.0,1.0,1.0,0.0,4.0,2.4835,7.0,6.0,3.875
A,1,5555558996031196,2.0997,1.0,1.0,1.0,1.0,4.0,5.0,2.4835,7.0,6.0,5.125
A,1,5105102570320017,2.6016,1.0,1.0,1.0,1.0,3.0,5.0,2.43,6.0,5.0,2.4375
A,1,4111111151438457,3.9873,1.0,1.0,1.0,1.0,0.0,4.0,2.0778,6.0,8.0,3.0
A,1,4242426745365657,3.2986,1.0,1.0,1.0,1.0,1.0,4.0,2.4835,6.0,4.0,4.5
A,1,5555557576042805,2.7534,1.0,1.0,1.0,1.0,4.0,5.0,2.25,7.0,8.0,4.625
A,1,4242420542744164,2.297,1.0,1.0,1.0,1.0,1.0,4.0,2.2718,7.0,7.0,3.4375
A,1,5555555308363085,2.6485,1.0,1.0,1.0,1.0,4.0,5.0,1.9528,5.0,8.0,4.4375
A,1,4242427846478878,2.7961,1.0,1.0,1.0,1.0,1.0,4.0,2.18,5.0,5.0,5.3125
A,1,4111113216632066,2.017,1.0,1.0,1.0,1.0,0.0,4.0,2.2806,6.0,6.0,2.75
A,1,4242426726929778,4.0234,1.0,1.0,1.0,1.0,1.0,4.0,2.43,6.0,5.0,5.0625
A,1,4111117387171994,4.0036,1.0,1.0,1.0,1.0,0.0,4.0,2.2246,6.0,7.0,4.0625
A,1,4111111484987329,3.4922,1.0,1.0,1.0,1.0,0.0,4.0,2.4835,7.0,6.0,4.0
A,1,4242424309845321,2.9485,1.0,1.0,1.0,1.0,1.0,4.0,2.6494,8.0,5.0,3.5625
A,1,4111110428885623,3.4791,1.0,1.0,1.0,1.0,0.0,4.0,2.7272,8.0,5.0,3.4375
A,1,5105105147533400,1.9851,1.0,1.0,1.0,1.0,3.0,5.0,2.4528,6.0,4.0,2.75
A,1,4111117762619740,3.1833,1.0,1.0,1.0,1.0,0.0,4.0,2.4835,7.0,6.0,3.625
A,1,4111110343825704,3.4301,1.0,1.0,1.0,1.0,0.0,4.0,2.7272,8.0,5.0,2.8125
A,1,5105109184012328,0.9589,1.0,1.0,1.0,1.0,3.0,5.0,2.8278,8.0,4.0,3.125
A,1,5105105489936435,1.5256,1.0,1.0,1.0,1.0,3.0,5.0,2.875,8.0,4.0,4.25
A,1,4242423041446232,2.5859,1.0,1.0,1.0,1.0,1.0,4.0,2.18,6.0,6.0,2.9375
A,1,4111110593760635,4.0135,1.0,1.0,1.0,1.0,0.0,4.0,2.7744,8.0,5.0,3.3125
A,1,4242424522687237,2.7704,1.0,1.0,1.0,1.0,1.0,4.0,2.4056,7.0,6.0,4.0
A,1,5555550673426450,1.6625,1.0,1.0,1.0,1.0,4.0,5.0,2.3968,7.0,7.0,4.1875
A,1,4242427152238965,3.1022,1.0,1.0,1.0,1.0,1.0,4.0,2.8522,9.0,5.0,4.125
A,1,6011001892812779,0.5107,1.0,1.0,1.0,1.0,5.0,6.0,2.7028,7.0,4.0,3.875
A,1,5555551765926928,1.7034,1.0,1.0,1.0,1.0,4.0,5.0,2.3968,7.0,7.0,5.3125
A,1,4111110045027765,3.4049,1.0,1.0,1.0,1.0,0.0,4.0,2.6022,7.0,5.0,2.8125
A,1,4242426049175901,2.6684,1.0,1.0,1.0,1.0,1.0,4.0,2.8278,8.0,4.0,3.75
A,1,4532016093647639,2.2874,1.0,1.0,1.0,1.0,2.0,4.0,3.0306,9.0,3.0,4.25
A,1,4111110913129735,3.3883,1.0,1.0,1.0,1.0,0.0,4.0,2.5218,8.0,7.0,3.0625
A,1,4242425548882397,3.5946,1.0,1.0,1.0,1.0,1.0,4.0,2.5778,7.0,4.0,4.8125
A,1,4242425741247281,2.6714,1.0,1.0,1.0,1.0,1.0,4.0,2.2988,6.0,5.0,3.6875
A,1,5555559292359414,2.6501,1.0,1.0,1.0,1.0,4.0,5.0,2.2246,6.0,7.0,4.875
A,1,4111114309645122,3.3812,1.0,1.0,1.0,1.0,0.0,4.0,2.6085,8.0,6.0,2.8125
A,1,6011006655795434,1.0376,1.0,1.0,1.0,1.0,5.0,6.0,2.8585,8.0,3.0,3.875
A,1,4111118694033968,3.6835,1.0,1.0,1.0,1.0,0.0,4.0,2.6494,7.0,5.0,4.0625
A,1,4111117263285074,3.7134,1.0,1.0,1.0,1.0,0.0,4.0,2.8994,9.0,5.0,3.3125
A,1,4111117069903987,3.5043,1.0,1.0,1.0,1.0,0.0,4.0,2.7272,8.0,5.0,4.1875
A,1,4111116132412422,3.4428,1.0,1.0,1.0,1.0,0.0,4.0,1.9746,5.0,7.0,2.25
A,1,4242423958227237,2.4927,1.0,1.0,1.0,1.0,1.0,4.0,2.4835,7.0,6.0,4.125
A,1,4242426950951159,2.7212,1.0,1.0,1.0,1.0,1.0,4.0,2.6863,7.0,3.0,4.25
A,1,4111119290686415,3.8268,1.0,1.0,1.0,1.0,0.0,4.0,2.6556,8.0,6.0,3.6875
A,1,4111119503733046,3.7007,1.0,1.0,1.0,1.0,0.0,4.0,2.7272,8.0,5.0,3.0625
A,1,4242429106513725,2.6413,1.0,1.0,1.0,1.0,1.0,4.0,2.9528,9.0,4.0,3.5625
A,1,4111117287310536,3.8404,1.0,1.0,1.0,1.0,0.0,4.0,2.7806,9.0,6.0,3.1875
A,1,4532017423413551,0.9228,1.0,1.0,1.0,1.0,2.0,4.0,2.6863,7.0,3.0,3.125
A,1,4111117091873117,3.8017,1.0,1.0,1.0,1.0,0.0,4.0,2.2028,7.0,8.0,3.3125
A,1,4242425957948911,2.3987,1.0,1.0,1.0,1.0,1.0,4.0,2.6556,7.0,4.0,4.75
A,1,4242424470812860,2.3653,1.0,1.0,1.0,1.0,1.0,4.0,2.5244,7.0,5.0,3.625
A,1,4111112579539710,3.638,1.0,1.0,1.0,1.0,0.0,4.0,2.6556,8.0,6.0,3.5625
A,1,4242424255701908,2.8086,1.0,1.0,1.0,1.0,1.0,4.0,2.75,8.0,4.0,3.6875
A,1,4111112440020205,2.3567,1.0,1.0,1.0,1.0,0.0,4.0,2.18,5.0,5.0,1.75
A,1,4111119556231047,3.8404,1.0,1.0,1.0,1.0,0.0,4.0,2.7806,9.0,6.0,3.1875
A,1,4111118051414033,3.0007,1.0,1.0,1.0,1.0,0.0,4.0,2.2246,6.0,7.0,2.375
A,1,4111119257518957,3.2667,1.0,1.0,1.0,1.0,0.0,4.0,2.4835,7.0,6.0,4.1875
A,1,5105106975823129,2.0015,1.0,1.0,1.0,1.0,3.0,5.0,3.0306,9.0,3.0,4.0
A,1,4111115699163386,3.4922,1.0,1.0,1.0,1.0,0.0,4.0,2.4835,7.0,6.0,4.0625
A,1,4532017613881955,4.0486,1.0,1.0,1.0,1.0,2.0,4.0,3.1556,10.0,3.0,4.25
A,1,4242425948757900,2.898,1.0,1.0,1.0,1.0,1.0,4.0,2.7028,7.0,4.0,4.5
A,1,4242425811376887,3.6299,1.0,1.0,1.0,1.0,1.0,4.0,2.8585,8.0,3.0,4.5
A,1,4242421213519422,1.368,1.0,1.0,1.0,1.0,1.0,4.0,2.2335,6.0,6.0,3.0
A,1,4532019763031175,1.8257,1.0,1.0,1.0,1.0,2.0,4.0,3.0306,9.0,3.0,3.5625
A,1,4242420861448272,2.9097,1.0,1.0,1.0,1.0,1.0,4.0,2.4238,7.0,5.0,3.75
A,1,5105107296004274,1.5943,1.0,1.0,1.0,1.0,3.0,5.0,2.875,8.0,4.0,3.3125
A,1,4111114719389345,2.9734,1.0,1.0,1.0,1.0,0.0,4.0,2.4835,7.0,6.0,3.875
A,1,4111115402323574,3.4049,1.0,1.0,1.0,1.0,0.0,4.0,2.6022,7.0,5.0,2.75
A,1,4242427673014937,2.4352,1.0,1.0,1.0,1.0,1.0,4.0,2.7806,8.0,4.0,4.0625
A,1,5105101230652090,2.8151,1.0,1.0,1.0,1.0,3.0,5.0,2.555,7.0,5.0,2.5
A,1,4242427748114316,3.1642,1.0,1.0,1.0,1.0,1.0,4.0,2.555,7.0,5.0,3.75
A,1,4242424939077899,4.1323,1.0,1.0,1.0,1.0,1.0,4.0,2.5778,7.0,4.0,5.1875
A,1,5105104208667942,2.7429,1.0,1.0,1.0,1.0,3.0,5.0,3.0778,9.0,3.0,3.75
A,1,4242422057776680,2.3054,1.0,1.0,1.0,1.0,1.0,4.0,2.6556,7.0,4.0,4.125
A,1,4242428321284401,2.4934,1.0,1.0,1.0,1.0,1.0,4.0,2.2988,6.0,5.0,3.1875
A,1,4111114008967736,3.8739,1.0,1.0,1.0,1.0,0.0,4.0,2.7744,8.0,5.0,3.6875
A,1,5105100617987145,1.5671,1.0,1.0,1.0,1.0,3.0,5.0,2.7806,8.0,4.0,3.75
A,1,4242420507043412,2.6899,1.0,1.0,1.0,1.0,1.0,4.0,2.4772,7.0,5.0,2.75
A,1,4111110162898501,3.3883,1.0,1.0,1.0,1.0,0.0,4.0,2.5218,8.0,7.0,3.0625
A,1,4532012288505724,1.7063,1.0,1.0,1.0,1.0,2.0,4.0,2.8278,8.0,4.0,3.625
A,1,4242421294263197,2.1553,1.0,1.0,1.0,1.0,1.0,4.0,2.5244,7.0,5.0,3.875
A,1,4532014573876281,3.877,1.0,1.0,1.0,1.0,2.0,4.0,3.125,9.0,2.0,4.125
A,1,5555550941728984,2.0751,1.0,1.0,1.0,1.0,4.0,5.0,2.6556,8.0,6.0,5.125
A,1,4242429364371451,2.6542,1.0,1.0,1.0,1.0,1.0,4.0,2.7272,8.0,5.0,3.8125
A,1,4111111231699672,2.9917,1.0,1.0,1.0,1.0,0.0,4.0,2.3968,7.0,7.0,3.4375
A,1,5555559349869811,1.8118,1.0,1.0,1.0,1.0,4.0,5.0,2.4835,7.0,6.0,5.5
A,1,4111113940443442,2.5478,1.0,1.0,1.0,1.0,0.0,4.0,2.18,6.0,6.0,2.875
A,1,4532013665704633,1.7063,1.0,1.0,1.0,1.0,2.0,4.0,2.8278,8.0,4.0,3.625
A,1,5105107903504179,1.4074,1.0,1.0,1.0,1.0,3.0,5.0,2.6556,7.0,4.0,3.5625
A,1,4532018865139712,3.9887,1.0,1.0,1.0,1.0,2.0,4.0,3.2028,10.0,3.0,4.0625
A,1,4111112569463616,3.2221,1.0,1.0,1.0,1.0,0.0,4.0,2.4056,7.0,6.0,3.5625
A,1,4111117916154750,3.2404,1.0,1.0,1.0,1.0,0.0,4.0,2.3968,7.0,7.0,3.375
A,1,4242423832826667,3.1638,1.0,1.0,1.0,1.0,1.0,4.0,2.43,6.0,5.0,4.3125
A,1,4532010467118228,1.8411,1.0,1.0,1.0,1.0,2.0,4.0,3.0306,9.0,3.0,3.375
A,1,5105103795060107,1.5421,1.0,1.0,1.0,1.0,3.0,5.0,2.555,7.0,5.0,3.125
A,1,4111115893049555,2.8424,1.0,1.0,1.0,1.0,0.0,4.0,2.5244,7.0,5.0,3.875
A,1,4111116475221935,3.9364,1.0,1.0,1.0,1.0,0.0,4.0,2.6556,8.0,6.0,3.3125
A,1,4111119935944575,3.79,1.0,1.0,1.0,1.0,0.0,4.0,2.3829,6.0,5.0,4.3125
A,1,5555552603284413,1.6961,1.0,1.0,1.0,1.0,4.0,5.0,2.6556,8.0,6.0,3.9375
A,1,4111112073910581,2.4624,1.0,1.0,1.0,1.0,0.0,4.0,2.6468,9.0,7.0,2.8125
A,1,4532010228526370,1.3463,1.0,1.0,1.0,1.0,2.0,4.0,2.9528,9.0,4.0,3.125
A,1,5105106242444931,1.5957,1.0,1.0,1.0,1.0,3.0,5.0,2.8278,8.0,4.0,3.1875
A,1,4242428495207212,2.9341,1.0,1.0,1.0,1.0,1.0,4.0,2.5306,8.0,6.0,3.625
A,1,4111111185595652,2.9762,1.0,1.0,1.0,1.0,0.0,4.0,2.2718,7.0,7.0,3.5
A,1,4111112774783600,3.9413,1.0,1.0,1.0,1.0,0.0,4.0,2.7272,8.0,5.0,3.3125
A,1,4111115951173362,3.1953,1.0,1.0,1.0,1.0,0.0,4.0,2.5218,8.0,7.0,3.1875
A,1,5555559381761967,2.1515,1.0,1.0,1.0,1.0,4.0,5.0,2.5306,7.0,6.0,5.4375
A,1,4532014089034110,1.9626,1.0,1.0,1.0,1.0,2.0,4.0,2.7806,8.0,4.0,2.8125
A,1,5105106316988847,2.2458,1.0,1.0,1.0,1.0,3.0,5.0,3.0306,9.0,3.0,4.5
A,1,5555555781387197,1.2909,1.0,1.0,1.0,1.0,4.0,5.0,2.2246,6.0,7.0,5.375
A,1,6011008175938973,1.3042,1.0,1.0,1.0,1.0,5.0,6.0,2.9056,8.0,3.0,4.25
A,1,5105104768369822,3.6425,1.0,1.0,1.0,1.0,3.0,5.0,3.25,10.0,2.0,4.1875
A,1,4111113676148637,3.2876,1.0,1.0,1.0,1.0,0.0,4.0,2.3585,6.0,6.0,3.75
A,1,6011005230951280,2.1767,1.0,1.0,1.0,1.0,5.0,6.0,2.7272,8.0,5.0,2.6875
A,1,4242429374397413,3.1638,1.0,1.0,1.0,1.0,1.0,4.0,2.43,6.0,5.0,4.25
A,1,4111118988916647,4.155,1.0,1.0,1.0,1.0,0.0,4.0,2.3585,6.0,6.0,4.6875
A,1,4111111957272258,3.0027,1.0,1.0,1.0,1.0,0.0,4.0,2.4835,7.0,6.0,3.5625
A,1,4242426922268583,2.645,1.0,1.0,1.0,1.0,1.0,4.0,2.4835,7.0,6.0,4.3125
A,1,4532014215130402,-0.1534,1.0,1.0,1.0,1.0,2.0,4.0,2.5613,6.0,3.0,2.3125
A,1,5105101699556485,1.8765,1.0,1.0,1.0,1.0,3.0,5.0,2.6022,7.0,5.0,4.375
A,1,4532014816667828,2.315,1.0,1.0,1.0,1.0,2.0,4.0,3.0306,9.0,3.0,4.4375
A,1,4111119373985379,4.6217,1.0,1.0,1.0,1.0,0.0,4.0,2.555,7.0,5.0,4.5
A,1,6011005551216925,1.3439,1.0,1.0,1.0,1.0,5.0,6.0,2.4528,6.0,4.0,3.0625
A,1,4111113535534985,2.8564,1.0,1.0,1.0,1.0,0.0,4.0,2.3522,6.0,5.0,3.6875
A,1,4242423342096306,3.1376,1.0,1.0,1.0,1.0,1.0,4.0,2.4528,6.0,4.0,3.375
A,1,5555556326737201,1.7818,1.0,1.0,1.0,1.0,4.0,5.0,2.5306,7.0,6.0,4.1875
A,1,4242422269677189,3.8381,1.0,1.0,1.0,1.0,1.0,4.0,2.6022,7.0,5.0,4.6875
A,1,4111113876048215,3.9907,1.0,1.0,1.0,1.0,0.0,4.0,2.7806,9.0,6.0,3.3125
A,1,4532013558049666,2.002,1.0,1.0,1.0,1.0,2.0,4.0,3.0306,9.0,3.0,4.1875
A,1,4242424164843759,3.1979,1.0,1.0,1.0,1.0,1.0,4.0,2.7335,9.0,6.0,4.3125
A,1,5555553375412372,2.3419,1.0,1.0,1.0,1.0,4.0,5.0,2.2246,6.0,7.0,4.1875
A,1,4111116218700740,2.8449,1.0,1.0,1.0,1.0,0.0,4.0,2.4835,7.0,6.0,2.75
A,1,4242422433281884,3.4651,1.0,1.0,1.0,1.0,1.0,4.0,2.1266,5.0,5.0,3.8125
A,1,4111114932852699,3.7298,1.0,1.0,1.0,1.0,0.0,4.0,2.7272,8.0,5.0,4.125
A,1,5555556535487200,1.9241,1.0,1.0,1.0,1.0,4.0,5.0,2.375,8.0,8.0,4.375
A,1,4111111565823385,2.9148,1.0,1.0,1.0,1.0,0.0,4.0,2.4835,7.0,6.0,3.4375
A,1,4532011542440827,1.7446,1.0,1.0,1.0,1.0,2.0,4.0,2.8278,8.0,4.0,3.25
A,1,4111112934945156,3.0027,1.0,1.0,1.0,1.0,0.0,4.0,2.4835,7.0,6.0,3.5625
A,1,4111112813929651,3.0655,1.0,1.0,1.0,1.0,0.0,4.0,2.5218,8.0,7.0,3.4375
A,1,4111116158196636,3.3691,1.0,1.0,1.0,1.0,0.0,4.0,2.2718,7.0,7.0,3.75
A,1,4242421493518300,2.6746,1.0,1.0,1.0,1.0,1.0,4.0,2.8278,8.0,4.0,3.25
A,1,6011000366270241,2.2958,1.0,1.0,1.0,1.0,5.0,6.0,2.555,7.0,5.0,2.4375
A,1,5555559692018768,2.0229,1.0,1.0,1.0,1.0,4.0,5.0,2.6556,8.0,6.0,5.375
A,1,5105109367137983,2.3124,1.0,1.0,1.0,1.0,3.0,5.0,2.9056,8.0,3.0,4.25
A,1,4111114576845769,3.8683,1.0,1.0,1.0,1.0,0.0,4.0,2.6022,7.0,5.0,4.375
A,1,4242426814215684,2.4602,1.0,1.0,1.0,1.0,1.0,4.0,2.3994,6.0,5.0,3.9375
A,1,4111118502986092,3.8241,1.0,1.0,1.0,1.0,0.0,4.0,2.7744,8.0,5.0,3.625
A,1,4111118539632966,3.7298,1.0,1.0,1.0,1.0,0.0,4.0,2.7272,8.0,5.0,4.125
A,1,4111118554507663,3.7291,1.0,1.0,1.0,1.0,0.0,4.0,2.7272,8.0,5.0,3.625
A,1,5555557315766060,2.3397,1.0,1.0,1.0,1.0,4.0,5.0,2.2246,6.0,7.0,4.4375
A,1,4111118196216558,3.31,1.0,1.0,1.0,1.0,0.0,4.0,2.3968,7.0,7.0,3.75
A,1,4111113893958743,4.186,1.0,1.0,1.0,1.0,0.0,4.0,2.6022,7.0,5.0,4.25
A,1,4242426820510615,2.6749,1.0,1.0,1.0,1.0,1.0,4.0,2.7028,7.0,4.0,3.25
A,1,4111119372283099,3.3413,1.0,1.0,1.0,1.0,0.0,4.0,2.7272,8.0,5.0,3.8125
A,1,4242424358988600,2.4951,1.0,1.0,1.0,1.0,1.0,4.0,2.7806,8.0,4.0,4.3125
A,1,4111117561559006,3.1949,1.0,1.0,1.0,1.0,0.0,4.0,2.4835,7.0,6.0,3.3125
A,1,4111113470333377,3.8027,1.0,1.0,1.0,1.0,0.0,4.0,2.1266,5.0,5.0,3.0625
A,1,5555558402731314,1.6961,1.0,1.0,1.0,1.0,4.0,5.0,2.6556,8.0,6.0,3.9375
A,1,4242423943697544,3.13,1.0,1.0,1.0,1.0,1.0,4.0,2.4835,7.0,6.0,4.5
A,1,5555558688909634,3.0636,1.0,1.0,1.0,1.0,4.0,5.0,2.4835,7.0,6.0,5.6875
A,1,4111113749892906,4.0459,1.0,1.0,1.0,1.0,0.0,4.0,2.8522,9.0,5.0,4.125
A,1,4111112205058945,3.7445,1.0,1.0,1.0,1.0,0.0,4.0,2.6022,7.0,5.0,3.0625
A,1,4111119352037986,1.947,1.0,1.0,1.0,1.0,0.0,4.0,3.0244,10.0,5.0,3.8125
A,1,4532014348455916,2.1165,1.0,1.0,1.0,1.0,2.0,4.0,2.9528,9.0,4.0,4.0
A,1,4242426106658682,2.8746,1.0,1.0,1.0,1.0,1.0,4.0,2.5778,7.0,4.0,4.125
A,1,5105109980214250,1.6692,1.0,1.0,1.0,1.0,3.0,5.0,2.6556,7.0,4.0,3.25
A,1,4111110712162267,3.0956,1.0,1.0,1.0,1.0,0.0,4.0,2.2246,6.0,7.0,2.6875
A,1,4111117729366187,3.8025,1.0,1.0,1.0,1.0,0.0,4.0,2.6085,8.0,6.0,4.0625
A,1,4111117802397745,3.6575,1.0,1.0,1.0,1.0,0.0,4.0,2.8522,9.0,5.0,3.8125
A,1,4242427074451308,2.9032,1.0,1.0,1.0,1.0,1.0,4.0,2.7272,8.0,5.0,3.5625
A,1,5555553655738710,2.7534,1.0,1.0,1.0,1.0,4.0,5.0,2.25,7.0,8.0,4.6875
A,1,4111112042656299,3.9753,1.0,1.0,1.0,1.0,0.0,4.0,2.6022,7.0,5.0,3.375
A,1,4242420859337339,2.4951,1.0,1.0,1.0,1.0,1.0,4.0,2.7806,8.0,4.0,4.25
A,1,4242423266722507,2.4963,1.0,1.0,1.0,1.0,1.0,4.0,2.4835,7.0,6.0,3.625
A,1,4242425023741928,3.2642,1.0,1.0,1.0,1.0,1.0,4.0,2.7744,9.0,5.0,3.6875
A,1,4111118315473593,3.0027,1.0,1.0,1.0,1.0,0.0,4.0,2.4835,7.0,6.0,3.5625
A,1,4532017743879143,2.8368,1.0,1.0,1.0,1.0,2.0,4.0,2.9835,9.0,3.0,4.25
A,1,5105100727428527,1.3239,1.0,1.0,1.0,1.0,3.0,5.0,2.6863,7.0,3.0,3.5
A,1,5105103427998864,4.007,1.0,1.0,1.0,1.0,3.0,5.0,3.25,10.0,2.0,4.5
A,1,5555552962153282,1.7776,1.0,1.0,1.0,1.0,4.0,5.0,2.2718,7.0,7.0,4.375
A,1,5555555867836752,0.94,1.0,1.0,1.0,1.0,4.0,5.0,2.125,6.0,8.0,5.4375
A,1,4111111767004511,3.9798,1.0,1.0,1.0,1.0,0.0,4.0,2.125,6.0,8.0,2.5625
A,1,4242422543710624,3.3048,1.0,1.0,1.0,1.0,1.0,4.0,2.5488,8.0,5.0,3.25
A,1,4532012344131382,2.1287,1.0,1.0,1.0,1.0,2.0,4.0,2.6085,7.0,4.0,2.875
A,1,4111114809490839,3.7252,1.0,1.0,1.0,1.0,0.0,4.0,2.43,6.0,5.0,3.9375
A,1,4111116473613364,3.8159,1.0,1.0,1.0,1.0,0.0,4.0,2.1391,5.0,6.0,3.25
A,1,4111115389283759,4.0002,1.0,1.0,1.0,1.0,0.0,4.0,2.7744,8.0,5.0,4.25
A,1,4242422112167628,2.081,1.0,1.0,1.0,1.0,1.0,4.0,2.3113,6.0,6.0,3.375
A,1,4111110609889626,3.7479,1.0,1.0,1.0,1.0,0.0,4.0,2.6022,7.0,5.0,3.9375
A,1,6011006453421217,1.2171,1.0,1.0,1.0,1.0,5.0,6.0,2.8278,8.0,4.0,2.6875
A,1,4111110788606924,3.8739,1.0,1.0,1.0,1.0,0.0,4.0,2.7744,8.0,5.0,3.6875
A,1,5105109400781995,1.5201,1.0,1.0,1.0,1.0,3.0,5.0,2.6085,7.0,4.0,4.0
A,1,4242427720357503,2.7764,1.0,1.0,1.0,1.0,1.0,4.0,2.5306,6.0,4.0,3.5625
A,1,4111112020534617,4.0737,1.0,1.0,1.0,1.0,0.0,4.0,2.6556,8.0,6.0,2.4375
A,1,4111116898636198,3.8732,1.0,1.0,1.0,1.0,0.0,4.0,2.3113,6.0,6.0,4.5625
A,1,5555556870790663,2.0997,1.0,1.0,1.0,1.0,4.0,5.0,2.4835,7.0,6.0,5.125
A,1,4111110296069300,2.8429,1.0,1.0,1.0,1.0,0.0,4.0,2.5244,7.0,5.0,2.75
A,1,4111113508452827,4.0135,1.0,1.0,1.0,1.0,0.0,4.0,2.7744,8.0,5.0,3.3125
A,1,5105100290819326,1.6248,1.0,1.0,1.0,1.0,3.0,5.0,2.8278,8.0,4.0,3.25
A,1,4242424352067278,2.613,1.0,1.0,1.0,1.0,1.0,4.0,2.6494,8.0,5.0,3.875
A,1,4242428594029160,2.4821,1.0,1.0,1.0,1.0,1.0,4.0,2.75,8.0,4.0,3.875
A,1,4111110616843806,2.955,1.0,1.0,1.0,1.0,0.0,4.0,2.3585,6.0,6.0,3.1875
A,1,5105108549798829,2.0933,1.0,1.0,1.0,1.0,3.0,5.0,2.8585,8.0,3.0,5.0625
A,1,4111116724965753,3.6546,1.0,1.0,1.0,1.0,0.0,4.0,2.7744,8.0,5.0,3.9375
A,1,4242428331816143,2.2723,1.0,1.0,1.0,1.0,1.0,4.0,2.4835,6.0,4.0,3.5
A,1,4242426419332058,2.655,1.0,1.0,1.0,1.0,1.0,4.0,2.875,9.0,4.0,3.6875
A,1,4111114975484426,3.6009,1.0,1.0,1.0,1.0,0.0,4.0,2.5488,8.0,5.0,3.875
A,1,5555550276391200,2.1067,1.0,1.0,1.0,1.0,4.0,5.0,2.6085,8.0,6.0,3.75
A,1,5555556057399650,1.8599,1.0,1.0,1.0,1.0,4.0,5.0,2.125,6.0,8.0,5.0
A,1,4532013365501412,1.6977,1.0,1.0,1.0,1.0,2.0,4.0,2.7335,7.0,3.0,2.8125
A,1,4111116592426730,3.7134,1.0,1.0,1.0,1.0,0.0,4.0,2.8994,9.0,5.0,3.3125
A,1,4532018964904917,4.4926,1.0,1.0,1.0,1.0,2.0,4.0,3.1556,10.0,3.0,4.5
A,1,4111111003397877,3.2039,1.0,1.0,1.0,1.0,0.0,4.0,2.4835,7.0,6.0,3.375
A,1,4111112260033775,3.5023,1.0,1.0,1.0,1.0,0.0,4.0,2.7744,8.0,5.0,2.75
A,1,4111118237621337,3.0446,1.0,1.0,1.0,1.0,0.0,4.0,2.4835,7.0,6.0,3.1875
A,1,5105103842328770,1.7065,1.0,1.0,1.0,1.0,3.0,5.0,2.9528,8.0,3.0,3.5
A,1,5105104544413134,1.6473,1.0,1.0,1.0,1.0,3.0,5.0,2.2272,5.0,5.0,2.8125
A,1,4111117303055545,2.7082,1.0,1.0,1.0,1.0,0.0,4.0,2.3994,6.0,5.0,2.875
A,1,4242425959211011,3.0682,1.0,1.0,1.0,1.0,1.0,4.0,2.4528,6.0,4.0,3.25
A,1,4111116459299410,3.5743,1.0,1.0,1.0,1.0,0.0,4.0,2.4363,7.0,6.0,3.625
A,1,4242422469639385,3.1248,1.0,1.0,1.0,1.0,1.0,4.0,2.625,7.0,4.0,4.5625
A,1,4532012768438370,2.9967,1.0,1.0,1.0,1.0,2.0,4.0,3.0778,9.0,3.0,3.9375
A,1,5105105127772143,1.6401,1.0,1.0,1.0,1.0,3.0,5.0,2.6556,7.0,4.0,3.1875
A,1,4532018332147298,2.2013,1.0,1.0,1.0,1.0,2.0,4.0,3.0306,9.0,3.0,3.875
A,1,4242426996939572,4.1323,1.0,1.0,1.0,1.0,1.0,4.0,2.5778,7.0,4.0,5.1875
A,1,5105107584544346,1.5886,1.0,1.0,1.0,1.0,3.0,5.0,2.75,8.0,4.0,3.875
A,1,4242422987823917,3.8381,1.0,1.0,1.0,1.0,1.0,4.0,2.6022,7.0,5.0,4.625
A,1,4111115686903661,3.671,1.0,1.0,1.0,1.0,0.0,4.0,2.5306,8.0,6.0,3.6875
A,1,5555551415885706,2.7534,1.0,1.0,1.0,1.0,4.0,5.0,2.25,7.0,8.0,4.6875
A,1,4111115992897615,3.5448,1.0,1.0,1.0,1.0,0.0,4.0,2.6085,8.0,6.0,4.375
A,1,4242427036886039,3.2949,1.0,1.0,1.0,1.0,1.0,4.0,2.9056,8.0,3.0,4.25
A,1,5105103892301297,1.7065,1.0,1.0,1.0,1.0,3.0,5.0,2.9056,8.0,3.0,3.5
A,1,4111116752827636,3.3413,1.0,1.0,1.0,1.0,0.0,4.0,2.7272,8.0,5.0,3.8125
A,1,4111118123804534,3.4045,1.0,1.0,1.0,1.0,0.0,4.0,2.4835,7.0,6.0,2.9375
A,1,6011000300124207,0.994,1.0,1.0,1.0,1.0,5.0,6.0,2.3496,7.0,7.0,1.6875
A,1,4242421312353160,3.3623,1.0,1.0,1.0,1.0,1.0,4.0,2.6085,7.0,4.0,2.6875
A,1,4111115388583456,4.0109,1.0,1.0,1.0,1.0,0.0,4.0,2.43,6.0,5.0,4.0
A,1,4111118346958372,3.4156,1.0,1.0,1.0,1.0,0.0,4.0,2.8994,9.0,5.0,4.0
A,1,4111116507673087,3.7291,1.0,1.0,1.0,1.0,0.0,4.0,2.7272,8.0,5.0,3.625
A,1,4111111603261465,2.4097,1.0,1.0,1.0,1.0,0.0,4.0,2.3496,7.0,7.0,2.6875
A,1,5555559350522028,2.7946,1.0,1.0,1.0,1.0,4.0,5.0,2.0778,6.0,8.0,4.125
A,1,4532019894065217,3.9887,1.0,1.0,1.0,1.0,2.0,4.0,3.25,10.0,2.0,4.125
A,1,5105105674704168,2.3178,1.0,1.0,1.0,1.0,3.0,5.0,2.7335,7.0,3.0,3.75
A,1,4111118354841718,3.3677,1.0,1.0,1.0,1.0,0.0,4.0,2.1774,6.0,7.0,3.625
A,1,4532014741182596,3.9625,1.0,1.0,1.0,1.0,2.0,4.0,3.1556,10.0,3.0,3.875
A,1,6011005357299679,0.9642,1.0,1.0,1.0,1.0,5.0,6.0,2.9056,8.0,3.0,4.375
A,1,4111119796320584,1.8604,1.0,1.0,1.0,1.0,0.0,4.0,3.0244,10.0,5.0,3.875
A,1,4111118595672245,3.2547,1.0,1.0,1.0,1.0,0.0,4.0,2.7272,8.0,5.0,3.875
A,1,4111112277326238,2.9895,1.0,1.0,1.0,1.0,0.0,4.0,2.5244,7.0,5.0,3.1875
A,1,4111119701264422,3.3687,1.0,1.0,1.0,1.0,0.0,4.0,2.4363,7.0,6.0,2.875
A,1,4111117086998358,4.5935,1.0,1.0,1.0,1.0,0.0,4.0,2.8522,9.0,5.0,4.5
A,1,4532010702644939,2.0144,1.0,1.0,1.0,1.0,2.0,4.0,3.0306,9.0,3.0,3.6875
A,1,5105109810309106,1.5336,1.0,1.0,1.0,1.0,3.0,5.0,2.5244,7.0,5.0,3.0625
A,1,4242429277764321,2.5187,1.0,1.0,1.0,1.0,1.0,4.0,2.4772,7.0,5.0,4.125
A,1,4111112449384958,3.3611,1.0,1.0,1.0,1.0,0.0,4.0,2.5244,7.0,5.0,4.0625
A,1,4242424401561792,2.9485,1.0,1.0,1.0,1.0,1.0,4.0,2.6494,8.0,5.0,3.5625
A,1,5555554032617387,1.9796,1.0,1.0,1.0,1.0,4.0,5.0,2.7806,9.0,6.0,4.4375
A,1,5555556733679350,1.989,1.0,1.0,1.0,1.0,4.0,5.0,2.2246,6.0,7.0,4.9375
A,1,5105100329709944,1.6364,1.0,1.0,1.0,1.0,3.0,5.0,2.8278,8.0,4.0,3.6875
A,1,4111112816648134,3.3529,1.0,1.0,1.0,1.0,0.0,4.0,2.2246,6.0,7.0,3.25
A,1,4532012596621007,1.9689,1.0,1.0,1.0,1.0,2.0,4.0,3.0306,9.0,3.0,3.3125
A,1,4111112181899981,4.1932,1.0,1.0,1.0,1.0,0.0,4.0,1.9056,5.0,8.0,4.0625
A,1,4111114569950048,3.9286,1.0,1.0,1.0,1.0,0.0,4.0,2.6022,7.0,5.0,3.6875
A,1,4242423204693406,2.2616,1.0,1.0,1.0,1.0,1.0,4.0,2.3994,6.0,5.0,3.4375
A,1,5555555353691372,3.1019,1.0,1.0,1.0,1.0,4.0,5.0,2.2028,7.0,8.0,4.625
A,1,4111116115209506,2.2298,1.0,1.0,1.0,1.0,0.0,4.0,2.3968,7.0,7.0,2.75
A,1,5105105125734301,2.5219,1.0,1.0,1.0,1.0,3.0,5.0,2.5778,7.0,4.0,2.6875
A,1,5105109333656991,0.8349,1.0,1.0,1.0,1.0,3.0,5.0,2.5613,6.0,3.0,4.125
A,1,4532018069594258,3.1888,1.0,1.0,1.0,1.0,2.0,4.0,3.0778,9.0,3.0,4.4375
A,1,4111113222134636,2.0648,1.0,1.0,1.0,1.0,0.0,4.0,2.1863,5.0,6.0,2.5625
A,1,4111113559757058,3.4894,1.0,1.0,1.0,1.0,0.0,4.0,2.6494,8.0,5.0,3.9375
A,1,4111119364109724,3.8641,1.0,1.0,1.0,1.0,0.0,4.0,2.6085,8.0,6.0,3.375
A,1,5555551735142218,1.3364,1.0,1.0,1.0,1.0,4.0,5.0,2.3496,7.0,7.0,4.0
A,1,4111116552568190,3.5518,1.0,1.0,1.0,1.0,0.0,4.0,2.6085,8.0,6.0,3.5
A,1,4242424864564242,2.8493,1.0,1.0,1.0,1.0,1.0,4.0,1.9212,5.0,7.0,3.9375
A,1,4111110559718916,3.3838,1.0,1.0,1.0,1.0,0.0,4.0,2.5218,8.0,7.0,3.75
A,1,5555552252905706,2.8436,1.0,1.0,1.0,1.0,4.0,5.0,2.0778,6.0,8.0,4.25
A,1,5105107897449720,2.3124,1.0,1.0,1.0,1.0,3.0,5.0,2.9056,8.0,3.0,4.3125
A,1,4111118373198330,3.383,1.0,1.0,1.0,1.0,0.0,4.0,2.4056,7.0,6.0,3.375
A,1,5105104714545731,2.2623,1.0,1.0,1.0,1.0,3.0,5.0,2.4528,6.0,4.0,3.3125
A,1,4111119276774227,2.4275,1.0,1.0,1.0,1.0,0.0,4.0,2.3522,6.0,5.0,3.875
A,1,4111113195484893,3.0917,1.0,1.0,1.0,1.0,0.0,4.0,2.3585,6.0,6.0,3.9375
A,1,4532018643841324,1.7063,1.0,1.0,1.0,1.0,2.0,4.0,2.8278,8.0,4.0,3.625
A,1,4111119800006468,2.6277,1.0,1.0,1.0,1.0,0.0,4.0,2.3994,6.0,5.0,3.125
A,1,4111119788306658,4.1059,1.0,1.0,1.0,1.0,0.0,4.0,2.8522,9.0,5.0,4.3125
A,1,4111115396944542,3.1021,1.0,1.0,1.0,1.0,0.0,4.0,2.5244,7.0,5.0,3.75
A,1,4532011047417866,2.0144,1.0,1.0,1.0,1.0,2.0,4.0,3.0306,9.0,3.0,3.6875
A,1,4532014987306701,3.8881,1.0,1.0,1.0,1.0,2.0,4.0,3.2028,10.0,3.0,3.75
A,1,4532010968852234,3.0751,1.0,1.0,1.0,1.0,2.0,4.0,3.0778,9.0,3.0,3.875
A,1,4242426895159132,2.279,1.0,1.0,1.0,1.0,1.0,4.0,2.8278,8.0,4.0,4.1875
A,1,5555557691820721,2.4031,1.0,1.0,1.0,1.0,4.0,5.0,2.6556,8.0,6.0,4.5625
A,1,4111113604196674,3.3058,1.0,1.0,1.0,1.0,0.0,4.0,2.4363,7.0,6.0,3.4375
A,1,6011000353422573,1.2171,1.0,1.0,1.0,1.0,5.0,6.0,2.8278,8.0,4.0,2.625
A,1,4242422162279497,2.464,1.0,1.0,1.0,1.0,1.0,4.0,2.2806,6.0,6.0,4.1875
A,1,5105107403000868,2.0116,1.0,1.0,1.0,1.0,3.0,5.0,2.6556,8.0,6.0,3.0
A,1,4111111447744981,3.7479,1.0,1.0,1.0,1.0,0.0,4.0,1.9212,5.0,7.0,3.625
A,1,4242422487094712,2.6499,1.0,1.0,1.0,1.0,1.0,4.0,2.4238,7.0,5.0,3.875
A,1,4242427499269285,2.5621,1.0,1.0,1.0,1.0,1.0,4.0,2.4772,7.0,5.0,4.9375
A,1,4111110214051638,3.8227,1.0,1.0,1.0,1.0,0.0,4.0,2.5218,8.0,7.0,2.4375
A,1,4111119599331853,3.0957,1.0,1.0,1.0,1.0,0.0,4.0,2.3113,6.0,6.0,4.0
A,1,4111119433596406,3.8788,1.0,1.0,1.0,1.0,0.0,4.0,2.6022,7.0,5.0,3.625
A,1,4111115232935290,3.7445,1.0,1.0,1.0,1.0,0.0,4.0,2.6022,7.0,5.0,3.0625
A,1,6011005641608396,0.4926,1.0,1.0,1.0,1.0,5.0,6.0,2.7028,8.0,4.0,3.5
A,1,4242421921795959,3.9425,1.0,1.0,1.0,1.0,1.0,4.0,2.4528,6.0,4.0,4.6875
A,1,4111115802915334,3.6959,1.0,1.0,1.0,1.0,0.0,4.0,2.6556,8.0,6.0,3.0625
A,1,4111117926483025,2.1826,1.0,1.0,1.0,1.0,0.0,4.0,3.0244,10.0,5.0,3.4375
A,1,4242421206489914,2.1553,1.0,1.0,1.0,1.0,1.0,4.0,2.5244,7.0,5.0,3.875
A,1,4242429014850342,3.1912,1.0,1.0,1.0,1.0,1.0,4.0,2.6494,8.0,5.0,3.375
A,1,4242429864372371,2.7046,1.0,1.0,1.0,1.0,1.0,4.0,2.75,8.0,4.0,4.25
A,1,4111112310019840,1.6892,1.0,1.0,1.0,1.0,0.0,4.0,2.3496,7.0,7.0,2.3125
A,1,5105109482798909,1.858,1.0,1.0,1.0,1.0,3.0,5.0,2.8278,8.0,4.0,4.8125
A,1,4111110777263067,3.1488,1.0,1.0,1.0,1.0,0.0,4.0,2.5244,7.0,5.0,3.375
A,1,4111111902881674,3.0655,1.0,1.0,1.0,1.0,0.0,4.0,2.5218,8.0,7.0,3.4375
A,1,4111112888406510,3.0446,1.0,1.0,1.0,1.0,0.0,4.0,2.4835,7.0,6.0,3.1875
A,1,4111110463777966,3.9844,1.0,1.0,1.0,1.0,0.0,4.0,2.555,7.0,5.0,4.0
A,1,4111110513858444,2.9829,1.0,1.0,1.0,1.0,0.0,4.0,2.2806,6.0,6.0,3.1875
A,1,4242425976659556,3.6733,1.0,1.0,1.0,1.0,1.0,4.0,2.4835,6.0,4.0,5.0625
A,1,6011002869123414,0.257,1.0,1.0,1.0,1.0,5.0,6.0,2.8278,8.0,4.0,3.0
A,1,4111117388894172,3.4922,1.0,1.0,1.0,1.0,0.0,4.0,2.4835,7.0,6.0,4.125
A,1,4111114871998040,3.2876,1.0,1.0,1.0,1.0,0.0,4.0,2.3585,6.0,6.0,3.6875
A,1,4242425892802959,3.8154,1.0,1.0,1.0,1.0,1.0,4.0,2.43,6.0,5.0,4.6875
A,1,4111114406347770,2.5998,1.0,1.0,1.0,1.0,0.0,4.0,2.3522,6.0,5.0,3.1875
A,1,6011009385295436,2.1048,1.0,1.0,1.0,1.0,5.0,6.0,3.0778,9.0,3.0,3.875
A,1,4532012883971693,4.0762,1.0,1.0,1.0,1.0,2.0,4.0,3.2028,10.0,3.0,4.4375
A,1,4111113417347217,3.8611,1.0,1.0,1.0,1.0,0.0,4.0,2.0524,5.0,7.0,3.0
A,1,4242424112169596,2.9068,1.0,1.0,1.0,1.0,1.0,4.0,2.4528,6.0,4.0,3.875
A,1,6011004156214377,0.257,1.0,1.0,1.0,1.0,5.0,6.0,2.8278,8.0,4.0,3.0
A,1,4532019466962817,4.6593,1.0,1.0,1.0,1.0,2.0,4.0,3.2028,10.0,3.0,4.5625
A,1,4242421536004870,2.8362,1.0,1.0,1.0,1.0,1.0,4.0,2.9056,9.0,4.0,3.25
A,1,5555556818045113,1.2162,1.0,1.0,1.0,1.0,4.0,5.0,2.3496,7.0,7.0,4.1875
A,1,4111116526524170,3.4863,1.0,1.0,1.0,1.0,0.0,4.0,2.5306,7.0,6.0,2.9375
A,1,4242422734448281,2.2355,1.0,1.0,1.0,1.0,1.0,4.0,2.18,6.0,6.0,3.8125
A,1,4532017838282930,2.7768,1.0,1.0,1.0,1.0,2.0,4.0,2.9835,9.0,3.0,4.0625
A,1,4111112585162168,3.2959,1.0,1.0,1.0,1.0,0.0,4.0,2.2718,6.0,7.0,3.3125
A,1,5105107123492155,1.7745,1.0,1.0,1.0,1.0,3.0,5.0,2.75,8.0,4.0,3.1875
A,1,4111119052259054,2.8355,1.0,1.0,1.0,1.0,0.0,4.0,2.4772,6.0,5.0,3.125
A,1,4242420361343809,2.1025,1.0,1.0,1.0,1.0,1.0,4.0,2.7806,8.0,4.0,3.4375
A,1,5555550531609909,2.5671,1.0,1.0,1.0,1.0,4.0,5.0,2.1774,6.0,7.0,4.5
A,1,4242425997055768,2.7467,1.0,1.0,1.0,1.0,1.0,4.0,2.8585,8.0,3.0,4.9375
A,1,4111116938772318,3.4919,1.0,1.0,1.0,1.0,0.0,4.0,2.6556,8.0,6.0,3.9375
A,1,4242427172734431,2.9916,1.0,1.0,1.0,1.0,1.0,4.0,2.2272,5.0,5.0,3.5625
A,1,4111116203079498,3.0455,1.0,1.0,1.0,1.0,0.0,4.0,2.8994,9.0,5.0,3.5625
A,1,4111118012330872,3.5923,1.0,1.0,1.0,1.0,0.0,4.0,2.5306,7.0,6.0,2.6875
A,1,4242425053111828,2.6757,1.0,1.0,1.0,1.0,1.0,4.0,2.6556,7.0,4.0,3.25
A,1,4242426359707228,2.8767,1.0,1.0,1.0,1.0,1.0,4.0,2.8522,9.0,5.0,4.1875
A,1,4242424079067270,2.9715,1.0,1.0,1.0,1.0,1.0,4.0,2.4056,6.0,4.0,3.75
A,1,4111116759350186,3.9656,1.0,1.0,1.0,1.0,0.0,4.0,2.7806,9.0,6.0,3.6875
A,1,5105109335485597,1.74,1.0,1.0,1.0,1.0,3.0,5.0,2.7744,8.0,5.0,4.375
A,1,4111117646898841,3.1288,1.0,1.0,1.0,1.0,0.0,4.0,2.3113,6.0,6.0,4.375
A,1,4111115650663390,3.9513,1.0,1.0,1.0,1.0,0.0,4.0,2.6022,7.0,5.0,3.25
A,1,4111117082411406,2.4097,1.0,1.0,1.0,1.0,0.0,4.0,2.3496,7.0,7.0,2.625
A,1,4532013458916436,2.268,1.0,1.0,1.0,1.0,2.0,4.0,3.0306,9.0,3.0,4.0
A,1,4111118561126655,3.2967,1.0,1.0,1.0,1.0,0.0,4.0,2.1774,6.0,7.0,3.375
A,1,4242422397277951,2.8197,1.0,1.0,1.0,1.0,1.0,4.0,2.555,7.0,5.0,4.375
A,1,5555558218298961,1.6166,1.0,1.0,1.0,1.0,4.0,5.0,2.3585,6.0,6.0,5.25
A,1,4111119757597089,4.762,1.0,1.0,1.0,1.0,0.0,4.0,2.555,7.0,5.0,4.6875
A,1,5105109209545799,2.0204,1.0,1.0,1.0,1.0,3.0,5.0,2.5778,7.0,4.0,4.4375
A,1,4532015605397253,2.0237,1.0,1.0,1.0,1.0,2.0,4.0,2.9528,9.0,4.0,3.75
A,1,4242426127903430,2.9138,1.0,1.0,1.0,1.0,1.0,4.0,2.75,8.0,4.0,3.3125
A,1,4111111525675131,2.635,1.0,1.0,1.0,1.0,0.0,4.0,2.2028,7.0,8.0,2.8125
A,1,4111118130980889,3.3843,1.0,1.0,1.0,1.0,0.0,4.0,2.2806,6.0,6.0,3.9375
A,1,4242425625673891,2.5233,1.0,1.0,1.0,1.0,1.0,4.0,2.9528,9.0,4.0,4.375
A,1,4111111816050259,3.4245,1.0,1.0,1.0,1.0,0.0,4.0,2.5218,8.0,7.0,2.875
A,1,5105102562401189,0.8896,1.0,1.0,1.0,1.0,3.0,5.0,2.7806,8.0,4.0,3.125
A,1,4532011636996031,2.1847,1.0,1.0,1.0,1.0,2.0,4.0,2.8585,8.0,3.0,3.6875
A,1,5105104942420442,2.3504,1.0,1.0,1.0,1.0,3.0,5.0,2.43,6.0,5.0,2.9375
A,1,4111118884610005,2.2277,1.0,1.0,1.0,1.0,0.0,4.0,2.3113,6.0,6.0,3.0625
A,1,5105107001775200,2.8141,1.0,1.0,1.0,1.0,3.0,5.0,2.1391,5.0,6.0,2.5625
A,1,5105100464491605,1.6956,1.0,1.0,1.0,1.0,3.0,5.0,2.4835,6.0,4.0,3.1875
A,1,4111113884399451,3.0917,1.0,1.0,1.0,1.0,0.0,4.0,2.3585,6.0,6.0,3.9375
A,1,5105108780745760,1.4376,1.0,1.0,1.0,1.0,3.0,5.0,2.6556,7.0,4.0,4.0
A,1,4242424402621603,2.2428,1.0,1.0,1.0,1.0,1.0,4.0,2.2988,6.0,5.0,2.875
A,1,4111112700265326,4.1679,1.0,1.0,1.0,1.0,0.0,4.0,2.7272,8.0,5.0,2.625
A,1,4111113916734139,3.3381,1.0,1.0,1.0,1.0,0.0,4.0,2.2246,6.0,7.0,3.4375
A,1,4111118624434419,3.1891,1.0,1.0,1.0,1.0,0.0,4.0,2.305,7.0,6.0,3.375
A,1,4242423247002466,2.5225,1.0,1.0,1.0,1.0,1.0,4.0,2.2988,6.0,5.0,3.25
A,1,4242420944895697,2.4124,1.0,1.0,1.0,1.0,1.0,4.0,2.68,8.0,5.0,4.9375
A,1,4111113119220779,2.5782,1.0,1.0,1.0,1.0,0.0,4.0,2.3968,7.0,7.0,3.125
A,1,6011007462674135,1.0799,1.0,1.0,1.0,1.0,5.0,6.0,2.8585,8.0,3.0,3.3125
A,1,4111116814346070,3.2376,1.0,1.0,1.0,1.0,0.0,4.0,2.4835,7.0,6.0,3.0
A,1,4242428571483679,2.8771,1.0,1.0,1.0,1.0,1.0,4.0,2.9528,9.0,4.0,4.75
A,1,4111115554871396,3.3274,1.0,1.0,1.0,1.0,0.0,4.0,2.6085,8.0,6.0,3.875
A,1,4111117303376495,3.4791,1.0,1.0,1.0,1.0,0.0,4.0,2.7272,8.0,5.0,3.5
A,1,4111115248195079,3.8268,1.0,1.0,1.0,1.0,0.0,4.0,2.6556,8.0,6.0,3.6875
A,1,4242422551524909,2.1884,1.0,1.0,1.0,1.0,1.0,4.0,2.3522,6.0,5.0,3.75
A,1,4242425619817322,2.9396,1.0,1.0,1.0,1.0,1.0,4.0,2.8522,9.0,5.0,3.875
A,1,4111114092386637,3.0455,1.0,1.0,1.0,1.0,0.0,4.0,2.8994,9.0,5.0,3.5625
A,1,4111115972156628,3.8268,1.0,1.0,1.0,1.0,0.0,4.0,2.6556,8.0,6.0,3.75
A,1,4111116126233685,3.0446,1.0,1.0,1.0,1.0,0.0,4.0,2.4835,7.0,6.0,3.1875
A,1,4111116341426916,3.0336,1.0,1.0,1.0,1.0,0.0,4.0,2.1774,6.0,7.0,3.1875
A,1,4111117711404657,3.0336,1.0,1.0,1.0,1.0,0.0,4.0,2.1774,6.0,7.0,3.1875
A,1,4242429845407189,3.4418,1.0,1.0,1.0,1.0,1.0,4.0,2.7272,8.0,5.0,4.5625
A,1,4111112596647033,3.6163,1.0,1.0,1.0,1.0,0.0,4.0,2.8994,9.0,5.0,3.375
A,1,4111114703717485,3.3058,1.0,1.0,1.0,1.0,0.0,4.0,2.4363,7.0,6.0,3.4375
A,1,4111116830532885,3.5902,1.0,1.0,1.0,1.0,0.0,4.0,2.7272,8.0,5.0,3.5625
A,1,4242420953858107,3.035,1.0,1.0,1.0,1.0,1.0,4.0,3.0306,9.0,3.0,4.0
A,1,4111114543491911,3.6357,1.0,1.0,1.0,1.0,0.0,4.0,1.875,5.0,8.0,3.125
A,1,6011003118713450,2.3315,1.0,1.0,1.0,1.0,5.0,6.0,2.6494,8.0,5.0,2.5625
A,1,4242423990227906,2.9849,1.0,1.0,1.0,1.0,1.0,4.0,2.555,7.0,5.0,4.0625
A,1,5555557703068210,1.8661,1.0,1.0,1.0,1.0,4.0,5.0,2.6085,8.0,6.0,4.0
A,1,4242423942505383,2.9717,1.0,1.0,1.0,1.0,1.0,4.0,2.5778,7.0,4.0,3.75
A,1,4111118086304241,2.898,1.0,1.0,1.0,1.0,0.0,4.0,2.4835,7.0,6.0,2.8125
A,1,4111114380053758,3.7971,1.0,1.0,1.0,1.0,0.0,4.0,2.6494,7.0,5.0,3.25
A,1,4242426522332557,2.1865,1.0,1.0,1.0,1.0,1.0,4.0,2.3113,6.0,6.0,3.625
A,1,5105103783356327,1.6364,1.0,1.0,1.0,1.0,3.0,5.0,2.8278,8.0,4.0,3.6875
A,1,4111119123559110,2.3531,1.0,1.0,1.0,1.0,0.0,4.0,2.25,7.0,8.0,2.8125
A,1,4242429930147757,2.1775,1.0,1.0,1.0,1.0,1.0,4.0,2.7806,8.0,4.0,4.375
A,1,4242429145184819,3.1638,1.0,1.0,1.0,1.0,1.0,4.0,2.43,6.0,5.0,4.25
A,1,4532013998141644,2.1165,1.0,1.0,1.0,1.0,2.0,4.0,2.9528,9.0,4.0,4.0
A,1,4111112181081903,2.9439,1.0,1.0,1.0,1.0,0.0,4.0,2.25,7.0,8.0,2.625
A,1,4111110759992899,4.4992,1.0,1.0,1.0,1.0,0.0,4.0,2.5488,8.0,5.0,4.75
A,1,4111114783715417,3.0247,1.0,1.0,1.0,1.0,0.0,4.0,2.1774,6.0,7.0,3.5
A,1,4111115645896287,4.0002,1.0,1.0,1.0,1.0,0.0,4.0,2.7744,8.0,5.0,4.3125
A,1,4242429677778111,2.9581,1.0,1.0,1.0,1.0,1.0,4.0,2.6085,7.0,4.0,4.5
A,1,4242428500105203,3.4653,1.0,1.0,1.0,1.0,1.0,4.0,2.5778,7.0,4.0,2.625
A,1,4111116364889990,4.2135,1.0,1.0,1.0,1.0,0.0,4.0,2.6022,7.0,5.0,4.4375
A,1,4242424962600104,1.5001,1.0,1.0,1.0,1.0,1.0,4.0,2.3522,6.0,5.0,3.125
A,1,4532014682806286,2.3177,1.0,1.0,1.0,1.0,2.0,4.0,2.8585,8.0,3.0,4.0625
A,1,4242425085267275,2.9849,1.0,1.0,1.0,1.0,1.0,4.0,2.555,7.0,5.0,4.0625
A,1,4111110698955023,2.772,1.0,1.0,1.0,1.0,0.0,4.0,2.8994,9.0,5.0,3.5
A,1,4242425274973113,2.6674,1.0,1.0,1.0,1.0,1.0,4.0,2.625,7.0,4.0,3.75
A,1,4111118083128924,3.2039,1.0,1.0,1.0,1.0,0.0,4.0,2.4835,7.0,6.0,3.375
A,1,5105107198156016,1.7929,1.0,1.0,1.0,1.0,3.0,5.0,2.555,7.0,5.0,3.5
A,1,4111112150112242,3.7521,1.0,1.0,1.0,1.0,0.0,4.0,1.875,5.0,8.0,1.8125
A,1,4242420435809967,2.841,1.0,1.0,1.0,1.0,1.0,4.0,2.9528,9.0,4.0,4.3125
A,1,5555553156599769,2.3652,1.0,1.0,1.0,1.0,4.0,5.0,2.0778,6.0,8.0,5.625
A,1,4242428259527243,2.7299,1.0,1.0,1.0,1.0,1.0,4.0,2.4056,7.0,6.0,4.0625
A,1,4111114938078968,3.8173,1.0,1.0,1.0,1.0,0.0,4.0,2.7272,8.0,5.0,4.4375
A,1,4111112369839304,3.4791,1.0,1.0,1.0,1.0,0.0,4.0,2.7272,8.0,5.0,3.5
A,1,5105106131338871,2.3863,1.0,1.0,1.0,1.0,3.0,5.0,2.6022,7.0,5.0,3.3125
A,1,5105101092064723,2.0287,1.0,1.0,1.0,1.0,3.0,5.0,2.9528,9.0,4.0,2.875
A,1,4242429106981484,3.1865,1.0,1.0,1.0,1.0,1.0,4.0,2.6022,7.0,5.0,4.25
A,1,4532016060346827,1.8257,1.0,1.0,1.0,1.0,2.0,4.0,3.0306,9.0,3.0,3.5625
A,1,4242428847560953,3.5207,1.0,1.0,1.0,1.0,1.0,4.0,2.9528,9.0,4.0,4.5625
A,1,4532017634945672,3.1612,1.0,1.0,1.0,1.0,2.0,4.0,3.0778,9.0,3.0,4.25
A,1,4111119266365408,3.8148,1.0,1.0,1.0,1.0,0.0,4.0,2.8522,9.0,5.0,3.625
A,1,4111117419715610,2.763,1.0,1.0,1.0,1.0,0.0,4.0,2.25,7.0,8.0,3.125
A,1,4532019058263939,2.2874,1.0,1.0,1.0,1.0,2.0,4.0,3.0306,9.0,3.0,4.3125
A,1,4242424369588969,3.4094,1.0,1.0,1.0,1.0,1.0,4.0,2.6556,7.0,4.0,5.3125
A,1,5105109362306112,1.8689,1.0,1.0,1.0,1.0,3.0,5.0,2.7028,7.0,4.0,2.8125
A,1,4242423441219049,2.2947,1.0,1.0,1.0,1.0,1.0,4.0,2.2806,6.0,6.0,3.4375
A,1,4111115564335556,3.1635,1.0,1.0,1.0,1.0,0.0,4.0,2.1738,5.0,5.0,3.5
A,1,6011001998728036,0.1426,1.0,1.0,1.0,1.0,5.0,6.0,2.8278,8.0,4.0,3.8125
A,1,6011002949218655,1.2433,1.0,1.0,1.0,1.0,5.0,6.0,2.9056,8.0,3.0,3.6875
A,1,4242420930016027,3.0876,1.0,1.0,1.0,1.0,1.0,4.0,2.7028,8.0,4.0,2.875
A,1,4111112738298307,3.8241,1.0,1.0,1.0,1.0,0.0,4.0,2.7744,8.0,5.0,3.625
A,1,4532013208086019,1.8889,1.0,1.0,1.0,1.0,2.0,4.0,3.0,9.0,4.0,3.25
A,1,4242425486615999,2.0497,1.0,1.0,1.0,1.0,1.0,4.0,2.6556,7.0,4.0,5.0
A,1,5555557312857003,1.7422,1.0,1.0,1.0,1.0,4.0,5.0,2.3968,7.0,7.0,4.125
A,1,4111113269433339,3.2944,1.0,1.0,1.0,1.0,0.0,4.0,2.2988,6.0,5.0,3.375
A,1,4111114082649630,3.791,1.0,1.0,1.0,1.0,0.0,4.0,2.7272,8.0,5.0,3.1875
A,1,5105109198115174,1.5846,1.0,1.0,1.0,1.0,3.0,5.0,2.4835,7.0,6.0,3.625
A,1,4242423274562192,2.9839,1.0,1.0,1.0,1.0,1.0,4.0,2.5306,8.0,6.0,3.6875
A,1,4111110559497057,3.3731,1.0,1.0,1.0,1.0,0.0,4.0,2.4772,6.0,5.0,3.75
A,1,4111117003512365,4.0409,1.0,1.0,1.0,1.0,0.0,4.0,2.6556,8.0,6.0,2.5625
A,1,4111114984573177,3.8832,1.0,1.0,1.0,1.0,0.0,4.0,2.4363,7.0,6.0,4.0
A,1,4532017622218785,1.8481,1.0,1.0,1.0,1.0,2.0,4.0,3.0,9.0,4.0,3.9375
A,1,4242423926976220,2.5332,1.0,1.0,1.0,1.0,1.0,4.0,2.4835,7.0,6.0,4.0
A,1,5555553669568228,1.5806,1.0,1.0,1.0,1.0,4.0,5.0,2.2246,6.0,7.0,5.3125
A,1,4111119871753634,3.3026,1.0,1.0,1.0,1.0,0.0,4.0,2.6556,8.0,6.0,3.875
A,1,4532017128499368,4.4926,1.0,1.0,1.0,1.0,2.0,4.0,3.25,10.0,2.0,4.5
A,1,4111113374411949,3.6503,1.0,1.0,1.0,1.0,0.0,4.0,2.0218,5.0,7.0,3.375
A,1,4111110726302214,2.9897,1.0,1.0,1.0,1.0,0.0,4.0,2.4835,7.0,6.0,2.25
A,1,4242426065898386,3.3873,1.0,1.0,1.0,1.0,1.0,4.0,2.8113,8.0,3.0,4.8125
A,1,5105100379184220,1.395,1.0,1.0,1.0,1.0,3.0,5.0,2.9528,9.0,4.0,3.0
A,1,4111118547934743,3.0755,1.0,1.0,1.0,1.0,0.0,4.0,2.5244,7.0,5.0,3.9375
A,1,4242422153391368,2.5991,1.0,1.0,1.0,1.0,1.0,4.0,2.7806,8.0,4.0,3.6875
A,1,4532018616366069,2.3619,1.0,1.0,1.0,1.0,2.0,4.0,2.8994,9.0,5.0,4.125
A,1,6011006557624799,1.3042,1.0,1.0,1.0,1.0,5.0,6.0,2.9056,8.0,3.0,4.25
A,1,4242427814771460,2.8431,1.0,1.0,1.0,1.0,1.0,4.0,2.555,7.0,5.0,3.9375
A,1,4242429428115068,2.4821,1.0,1.0,1.0,1.0,1.0,4.0,2.75,8.0,4.0,3.875
A,1,4111111934182844,3.6875,1.0,1.0,1.0,1.0,0.0,4.0,2.1468,6.0,7.0,3.3125
A,1,4242426864147399,3.4418,1.0,1.0,1.0,1.0,1.0,4.0,2.7272,8.0,5.0,4.6875
A,1,4111111471001217,3.7521,1.0,1.0,1.0,1.0,0.0,4.0,1.8419,5.0,9.0,2.0625
A,1,5105100772321585,1.6692,1.0,1.0,1.0,1.0,3.0,5.0,2.6556,7.0,4.0,3.25
A,1,5105105338098825,1.2925,1.0,1.0,1.0,1.0,3.0,5.0,2.6556,7.0,4.0,3.9375
A,1,4111119904178056,3.7769,1.0,1.0,1.0,1.0,0.0,4.0,2.6556,8.0,6.0,3.625
A,1,4532017915622164,1.9646,1.0,1.0,1.0,1.0,2.0,4.0,3.0306,9.0,3.0,3.625
A,1,5105105349564153,2.0642,1.0,1.0,1.0,1.0,3.0,5.0,2.6022,7.0,5.0,3.5625
A,1,4111117735583965,3.5043,1.0,1.0,1.0,1.0,0.0,4.0,2.7272,8.0,5.0,4.1875
A,1,4532013166385304,1.5863,1.0,1.0,1.0,1.0,2.0,4.0,2.875,8.0,4.0,3.375
A,1,5105105738593086,1.553,1.0,1.0,1.0,1.0,3.0,5.0,2.8278,8.0,4.0,4.125
A,1,5105101565252516,1.832,1.0,1.0,1.0,1.0,3.0,5.0,2.1556,5.0,6.0,3.125
A,1,5105107680627037,1.5866,1.0,1.0,1.0,1.0,3.0,5.0,2.8278,8.0,4.0,3.625
A,1,4111111083000821,2.6348,1.0,1.0,1.0,1.0,0.0,4.0,2.1468,6.0,7.0,2.0
A,1,4242422164956878,3.3816,1.0,1.0,1.0,1.0,1.0,4.0,2.75,8.0,4.0,4.625
A,1,5105100540207934,2.5299,1.0,1.0,1.0,1.0,3.0,5.0,2.7272,8.0,5.0,2.875
A,1,4242427074673166,2.3879,1.0,1.0,1.0,1.0,1.0,4.0,2.6085,7.0,4.0,4.0625
A,1,5105107582870818,1.8242,1.0,1.0,1.0,1.0,3.0,5.0,2.4835,6.0,4.0,4.125
A,1,5555557364932431,2.2613,1.0,1.0,1.0,1.0,4.0,5.0,2.6085,8.0,6.0,4.5
A,1,4242429321952930,2.8807,1.0,1.0,1.0,1.0,1.0,4.0,2.555,7.0,5.0,3.8125
A,1,4111117470103680,2.898,1.0,1.0,1.0,1.0,0.0,4.0,2.4835,7.0,6.0,2.8125
A,1,4111111719534607,3.2244,1.0,1.0,1.0,1.0,0.0,4.0,2.5218,8.0,7.0,3.25
A,1,5105103152883026,1.4089,1.0,1.0,1.0,1.0,3.0,5.0,2.7335,7.0,3.0,3.125
A,1,4532019392228788,2.8156,1.0,1.0,1.0,1.0,2.0,4.0,2.9528,9.0,4.0,4.5625
A,1,4242423422333447,3.4258,1.0,1.0,1.0,1.0,1.0,4.0,1.805,4.0,6.0,3.3125
A,1,4532017724043883,2.3697,1.0,1.0,1.0,1.0,2.0,4.0,2.9056,8.0,3.0,3.8125
A,1,4111119791491570,3.0688,1.0,1.0,1.0,1.0,0.0,4.0,2.2246,6.0,7.0,3.8125
A,1,4111115891951166,4.4395,1.0,1.0,1.0,1.0,0.0,4.0,2.125,6.0,8.0,3.75
A,1,5105101630990355,2.2623,1.0,1.0,1.0,1.0,3.0,5.0,2.4528,6.0,4.0,3.3125
A,1,5555557144491575,3.2242,1.0,1.0,1.0,1.0,4.0,5.0,1.9528,5.0,8.0,4.8125
A,1,6011004203711862,1.6086,1.0,1.0,1.0,1.0,5.0,6.0,2.75,8.0,4.0,2.625
A,1,6011003517746051,1.3874,1.0,1.0,1.0,1.0,5.0,6.0,2.625,7.0,4.0,2.9375
A,1,4111116880357589,4.1059,1.0,1.0,1.0,1.0,0.0,4.0,2.8522,9.0,5.0,4.25
A,1,4111117031171713,4.2422,1.0,1.0,1.0,1.0,0.0,4.0,1.7947,5.0,9.0,2.5
A,1,4242421004918775,2.6684,1.0,1.0,1.0,1.0,1.0,4.0,2.8278,8.0,4.0,3.75
A,1,4111111599034751,3.2314,1.0,1.0,1.0,1.0,0.0,4.0,2.3968,7.0,7.0,3.3125
A,1,4532014615570504,1.6753,1.0,1.0,1.0,1.0,2.0,4.0,2.7806,8.0,4.0,3.25
A,1,4111114309717491,3.5869,1.0,1.0,1.0,1.0,0.0,4.0,2.2246,6.0,7.0,3.375
A,1,4111118895895868,3.6801,1.0,1.0,1.0,1.0,0.0,4.0,2.2988,6.0,5.0,5.1875
A,1,4111117059790535,3.9286,1.0,1.0,1.0,1.0,0.0,4.0,2.6022,7.0,5.0,3.6875
A,1,5555557045093710,1.2959,1.0,1.0,1.0,1.0,4.0,5.0,2.3496,7.0,7.0,4.125
A,1,5555555651484181,3.4597,1.0,1.0,1.0,1.0,4.0,5.0,1.9528,5.0,8.0,4.5625
A,1,4111115260431741,3.8433,1.0,1.0,1.0,1.0,0.0,4.0,2.4746,8.0,7.0,2.625
A,1,4111118057024257,3.6777,1.0,1.0,1.0,1.0,0.0,4.0,2.6494,7.0,5.0,3.0625
A,1,5105109549784371,2.3124,1.0,1.0,1.0,1.0,3.0,5.0,2.9056,8.0,3.0,4.3125
A,1,5555550998488425,1.1938,1.0,1.0,1.0,1.0,4.0,5.0,2.2246,6.0,7.0,5.4375
A,1,4111113006464563,3.5311,1.0,1.0,1.0,1.0,0.0,4.0,2.43,6.0,5.0,2.875
A,1,5105106418581664,1.9243,1.0,1.0,1.0,1.0,3.0,5.0,2.5306,6.0,4.0,3.8125
A,1,4242428120121614,1.9314,1.0,1.0,1.0,1.0,1.0,4.0,2.2744,6.0,5.0,2.75
A,1,4111111500102788,2.4097,1.0,1.0,1.0,1.0,0.0,4.0,2.3496,7.0,7.0,2.5625
A,1,4242428243908780,2.6491,1.0,1.0,1.0,1.0,1.0,4.0,2.5778,7.0,4.0,4.1875
A,1,5555559077493776,2.3387,1.0,1.0,1.0,1.0,4.0,5.0,2.4056,7.0,6.0,5.5625
A,1,5555556214685884,2.2375,1.0,1.0,1.0,1.0,4.0,5.0,2.2246,6.0,7.0,5.125
A,1,5555550347934327,1.9426,1.0,1.0,1.0,1.0,4.0,5.0,2.4835,7.0,6.0,4.5
A,1,4242421080899535,3.235,1.0,1.0,1.0,1.0,1.0,4.0,2.9056,8.0,3.0,4.125
A,1,6011003696877594,1.428,1.0,1.0,1.0,1.0,5.0,6.0,3.0306,9.0,3.0,4.5
A,1,4111111634394020,3.6393,1.0,1.0,1.0,1.0,0.0,4.0,2.4835,7.0,6.0,2.5625
A,1,4532010537468991,3.7632,1.0,1.0,1.0,1.0,2.0,4.0,3.25,10.0,2.0,4.1875
A,1,4111113760564459,3.7291,1.0,1.0,1.0,1.0,0.0,4.0,2.7272,8.0,5.0,3.625
A,1,4242422656398472,2.5179,1.0,1.0,1.0,1.0,1.0,4.0,2.6494,8.0,5.0,4.375
A,1,4111113908967515,3.557,1.0,1.0,1.0,1.0,0.0,4.0,2.7806,9.0,6.0,3.875
A,1,4111118458145347,3.317,1.0,1.0,1.0,1.0,0.0,4.0,2.2806,6.0,6.0,3.625
A,1,5105108686676671,2.5402,1.0,1.0,1.0,1.0,3.0,5.0,2.4772,6.0,5.0,4.5625
A,1,4111116004096808,2.6277,1.0,1.0,1.0,1.0,0.0,4.0,2.3994,6.0,5.0,3.125
A,1,4242428020414994,2.6988,1.0,1.0,1.0,1.0,1.0,4.0,2.2806,6.0,6.0,3.6875
A,1,4242428460968814,3.6222,1.0,1.0,1.0,1.0,1.0,4.0,2.555,7.0,5.0,4.5
A,1,4111114222631993,2.4521,1.0,1.0,1.0,1.0,0.0,4.0,2.3585,6.0,6.0,3.125
A,1,4242420362141988,2.8086,1.0,1.0,1.0,1.0,1.0,4.0,2.75,8.0,4.0,3.75
A,1,4111116219525872,3.5518,1.0,1.0,1.0,1.0,0.0,4.0,2.6085,8.0,6.0,3.5
A,1,4111116945079962,3.7298,1.0,1.0,1.0,1.0,0.0,4.0,2.7272,8.0,5.0,4.125
A,1,4532014459529020,1.4491,1.0,1.0,1.0,1.0,2.0,4.0,2.6863,7.0,3.0,3.4375
A,1,4242423788923138,2.1302,1.0,1.0,1.0,1.0,1.0,4.0,2.6085,7.0,4.0,4.375
A,1,4111117812801652,3.3883,1.0,1.0,1.0,1.0,0.0,4.0,2.5218,8.0,7.0,3.0625
A,1,4532011759694991,2.8156,1.0,1.0,1.0,1.0,2.0,4.0,2.9528,9.0,4.0,4.6875
A,1,4111117116179144,3.8571,1.0,1.0,1.0,1.0,0.0,4.0,1.7947,5.0,9.0,3.125
A,1,5555553560859437,1.8662,1.0,1.0,1.0,1.0,4.0,5.0,2.375,8.0,8.0,5.0
A,1,4111116923090395,3.4791,1.0,1.0,1.0,1.0,0.0,4.0,2.7272,8.0,5.0,3.4375
A,1,5555555156614142,2.1757,1.0,1.0,1.0,1.0,4.0,5.0,1.9528,5.0,8.0,4.0625
A,1,4111112805483063,3.773,1.0,1.0,1.0,1.0,0.0,4.0,2.7744,8.0,5.0,3.0
A,1,4111119438852200,3.3322,1.0,1.0,1.0,1.0,0.0,4.0,2.7744,8.0,5.0,3.125
A,1,4111111643636817,3.5869,1.0,1.0,1.0,1.0,0.0,4.0,2.2246,6.0,7.0,3.375
A,1,4242425755111811,2.6311,1.0,1.0,1.0,1.0,1.0,4.0,2.3829,6.0,5.0,3.3125
A,1,4242423481838005,2.5351,1.0,1.0,1.0,1.0,1.0,4.0,2.6556,7.0,4.0,3.625
A,1,4242421761223971,2.9338,1.0,1.0,1.0,1.0,1.0,4.0,2.555,7.0,5.0,3.5625
A,1,4242420451650717,2.6381,1.0,1.0,1.0,1.0,1.0,4.0,2.7028,7.0,4.0,3.375
A,1,4242423939550186,2.769,1.0,1.0,1.0,1.0,1.0,4.0,3.0306,9.0,3.0,4.1875
A,1,5555553043883954,2.7886,1.0,1.0,1.0,1.0,4.0,5.0,2.2246,6.0,7.0,4.8125
A,1,4242422184616783,2.4284,1.0,1.0,1.0,1.0,1.0,4.0,2.625,7.0,4.0,4.0
A,1,6011009753893523,1.1881,1.0,1.0,1.0,1.0,5.0,6.0,3.0306,9.0,3.0,3.875
A,1,4111119357952726,3.9403,1.0,1.0,1.0,1.0,0.0,4.0,2.7744,8.0,5.0,4.0
A,1,4242422573183775,2.3054,1.0,1.0,1.0,1.0,1.0,4.0,2.6556,7.0,4.0,4.125
A,1,5555550162257358,2.2833,1.0,1.0,1.0,1.0,4.0,5.0,2.375,8.0,8.0,4.3125
A,1,4111110576216068,3.28,1.0,1.0,1.0,1.0,0.0,4.0,2.6085,8.0,6.0,3.125
A,1,4242428493820404,2.6988,1.0,1.0,1.0,1.0,1.0,4.0,2.2806,6.0,6.0,3.75
A,1,4532012264912019,1.7155,1.0,1.0,1.0,1.0,2.0,4.0,2.8278,8.0,4.0,3.1875
A,1,4532012461681557,2.0144,1.0,1.0,1.0,1.0,2.0,4.0,3.0306,9.0,3.0,3.75
A,1,4111111839077925,3.9656,1.0,1.0,1.0,1.0,0.0,4.0,2.7806,9.0,6.0,3.75
A,1,4111112836548561,3.349,1.0,1.0,1.0,1.0,0.0,4.0,2.5306,7.0,6.0,3.5625
A,1,6011004552695542,0.4317,1.0,1.0,1.0,1.0,5.0,6.0,2.7028,7.0,4.0,3.4375
A,1,4111115563230808,3.773,1.0,1.0,1.0,1.0,0.0,4.0,2.7744,8.0,5.0,3.0625
A,1,4111116118308081,3.2954,1.0,1.0,1.0,1.0,0.0,4.0,2.0778,6.0,8.0,2.8125
A,1,5555550905443877,2.2354,1.0,1.0,1.0,1.0,4.0,5.0,2.3968,7.0,7.0,4.8125
A,1,4532012336717404,2.3853,1.0,1.0,1.0,1.0,2.0,4.0,2.9056,8.0,3.0,3.25
A,1,4111116391920834,3.8392,1.0,1.0,1.0,1.0,0.0,4.0,2.6556,8.0,6.0,3.375
A,1,5105105507705176,2.0472,1.0,1.0,1.0,1.0,3.0,5.0,2.18,5.0,5.0,3.4375
A,1,4532010667207243,2.3853,1.0,1.0,1.0,1.0,2.0,4.0,2.9056,8.0,3.0,3.25
A,1,5105100784403199,1.4477,1.0,1.0,1.0,1.0,3.0,5.0,2.8278,8.0,4.0,3.5625
A,1,4242421053075964,2.7802,1.0,1.0,1.0,1.0,1.0,4.0,2.9528,9.0,4.0,3.625
A,1,4111116638390452,3.1503,1.0,1.0,1.0,1.0,0.0,4.0,2.8994,9.0,5.0,3.4375
A,1,5105101875827254,1.181,1.0,1.0,1.0,1.0,3.0,5.0,2.7028,7.0,4.0,3.8125
A,1,5105103672969412,2.6954,1.0,1.0,1.0,1.0,3.0,5.0,3.0778,9.0,3.0,3.8125
A,1,4111118151364831,3.9155,1.0,1.0,1.0,1.0,0.0,4.0,2.125,6.0,8.0,3.0625
A,1,4242429887506864,2.1222,1.0,1.0,1.0,1.0,1.0,4.0,2.7806,8.0,4.0,4.9375
A,1,4111113408896800,3.5329,1.0,1.0,1.0,1.0,0.0,4.0,2.555,7.0,5.0,3.4375
A,1,5555554423492077,1.9426,1.0,1.0,1.0,1.0,4.0,5.0,2.4835,7.0,6.0,4.5
A,1,5105100346166078,1.6158,1.0,1.0,1.0,1.0,3.0,5.0,2.7806,8.0,4.0,3.3125
A,1,4111112628927924,3.1021,1.0,1.0,1.0,1.0,0.0,4.0,2.5244,7.0,5.0,3.75
A,1,4111115491106468,2.7766,1.0,1.0,1.0,1.0,0.0,4.0,2.3496,7.0,7.0,3.3125
A,1,4532011623867898,4.6593,1.0,1.0,1.0,1.0,2.0,4.0,3.2028,10.0,3.0,4.5625
A,1,5105108269709287,1.9724,1.0,1.0,1.0,1.0,3.0,5.0,2.9528,8.0,3.0,4.375
A,1,4111112128163160,2.9766,1.0,1.0,1.0,1.0,0.0,4.0,2.25,7.0,8.0,2.4375
A,1,5555557366258256,1.7583,1.0,1.0,1.0,1.0,4.0,5.0,2.0778,6.0,8.0,5.0
A,1,4111110718204634,3.328,1.0,1.0,1.0,1.0,0.0,4.0,2.6085,8.0,6.0,2.75
A,1,6011008499621784,1.2553,1.0,1.0,1.0,1.0,5.0,6.0,2.9056,8.0,3.0,4.125
A,1,5555550405110711,1.557,1.0,1.0,1.0,1.0,4.0,5.0,1.9746,5.0,7.0,3.125
A,1,4242428367242800,2.3653,1.0,1.0,1.0,1.0,1.0,4.0,2.5244,7.0,5.0,3.625
A,1,4111110741289750,3.8152,1.0,1.0,1.0,1.0,0.0,4.0,2.6556,8.0,6.0,3.25
A,1,4532016833177400,1.8411,1.0,1.0,1.0,1.0,2.0,4.0,3.0306,9.0,3.0,3.375
A,1,4111119305453017,3.3556,1.0,1.0,1.0,1.0,0.0,4.0,2.5306,7.0,6.0,2.875
A,1,4242429080905921,2.2298,1.0,1.0,1.0,1.0,1.0,4.0,2.6085,7.0,4.0,3.8125
A,1,4111114416875075,2.8917,1.0,1.0,1.0,1.0,0.0,4.0,2.4835,7.0,6.0,3.5
A,1,4111117703499533,3.9286,1.0,1.0,1.0,1.0,0.0,4.0,2.6022,7.0,5.0,3.6875
A,1,6011006257524398,2.972,1.0,1.0,1.0,1.0,5.0,6.0,3.2028,10.0,3.0,3.6875
A,1,4111115288820693,3.8646,1.0,1.0,1.0,1.0,0.0,4.0,2.8522,9.0,5.0,3.75
A,1,4532018005361762,2.417,1.0,1.0,1.0,1.0,2.0,4.0,3.0778,9.0,3.0,3.3125
A,1,4242422784275378,1.3133,1.0,1.0,1.0,1.0,1.0,4.0,2.3522,6.0,5.0,4.4375
A,1,5105103253078260,1.3997,1.0,1.0,1.0,1.0,3.0,5.0,2.8278,8.0,4.0,3.0
A,1,5555557998975863,2.937,1.0,1.0,1.0,1.0,4.0,5.0,2.2246,6.0,7.0,6.3125
A,1,4242428466407098,2.8689,1.0,1.0,1.0,1.0,1.0,4.0,2.6022,7.0,5.0,4.375
A,1,5105106339174219,1.592,1.0,1.0,1.0,1.0,3.0,5.0,3.0,9.0,4.0,3.5625
A,1,4111114142761441,4.2095,1.0,1.0,1.0,1.0,0.0,4.0,1.7744,5.0,8.0,2.6875
A,1,5105108422756696,1.8813,1.0,1.0,1.0,1.0,3.0,5.0,3.0306,9.0,3.0,4.1875
A,1,5555555507746601,2.8143,1.0,1.0,1.0,1.0,4.0,5.0,2.125,6.0,8.0,4.4375
A,1,4111116373675729,3.7298,1.0,1.0,1.0,1.0,0.0,4.0,2.7272,8.0,5.0,4.0
A,1,4242426791623884,3.2149,1.0,1.0,1.0,1.0,1.0,4.0,2.75,8.0,4.0,4.5
A,1,4111118409065347,3.4023,1.0,1.0,1.0,1.0,0.0,4.0,2.8522,9.0,5.0,3.4375
A,1,5105102705876776,1.3174,1.0,1.0,1.0,1.0,3.0,5.0,2.6556,7.0,4.0,4.1875
A,1,4532019099691932,2.6747,1.0,1.0,1.0,1.0,2.0,4.0,2.7744,8.0,5.0,4.5
A,1,4111112126154450,3.1283,1.0,1.0,1.0,1.0,0.0,4.0,2.2246,6.0,7.0,2.4375
A,1,4242426030196023,2.4505,1.0,1.0,1.0,1.0,1.0,4.0,2.6556,7.0,4.0,3.0
A,1,4111115289474268,3.7298,1.0,1.0,1.0,1.0,0.0,4.0,2.7272,8.0,5.0,4.0
A,1,4242427358634652,2.1624,1.0,1.0,1.0,1.0,1.0,4.0,2.625,7.0,4.0,4.1875
A,1,5555550539047797,2.2375,1.0,1.0,1.0,1.0,4.0,5.0,2.2246,6.0,7.0,5.0625
A,1,4111118416435798,3.8025,1.0,1.0,1.0,1.0,0.0,4.0,2.6085,8.0,6.0,4.0
A,1,4111116729733404,3.8441,1.0,1.0,1.0,1.0,0.0,4.0,2.7272,8.0,5.0,3.375
A,1,4532013679166993,3.4474,1.0,1.0,1.0,1.0,2.0,4.0,2.9835,9.0,3.0,4.625
A,1,5105104361979076,2.304,1.0,1.0,1.0,1.0,3.0,5.0,2.9056,8.0,3.0,4.0
A,1,5555552451857609,2.156,1.0,1.0,1.0,1.0,4.0,5.0,2.5,9.0,8.0,4.8125
A,1,4532018979243004,2.0673,1.0,1.0,1.0,1.0,2.0,4.0,3.0306,9.0,3.0,3.8125
A,1,5105107121910265,2.4273,1.0,1.0,1.0,1.0,3.0,5.0,2.555,7.0,5.0,2.875
A,1,4242428979674390,1.4738,1.0,1.0,1.0,1.0,1.0,4.0,2.7806,8.0,4.0,5.0
A,1,4242423272371356,2.9338,1.0,1.0,1.0,1.0,1.0,4.0,2.555,7.0,5.0,3.5625
A,1,4111115251166512,3.8998,1.0,1.0,1.0,1.0,0.0,4.0,1.9528,5.0,8.0,2.6875
A,1,4242421187527773,2.8746,1.0,1.0,1.0,1.0,1.0,4.0,2.5778,7.0,4.0,4.125
A,1,5555555104394581,2.0583,1.0,1.0,1.0,1.0,4.0,5.0,2.25,7.0,8.0,4.375
A,1,4242426493530536,2.1428,1.0,1.0,1.0,1.0,1.0,4.0,2.6556,7.0,4.0,3.875
A,1,4111111565840017,2.6588,1.0,1.0,1.0,1.0,0.0,4.0,2.3968,7.0,7.0,2.875
A,1,4111112294124269,3.4365,1.0,1.0,1.0,1.0,0.0,4.0,2.1085,5.0,6.0,3.125
A,1,4111114229155640,3.4045,1.0,1.0,1.0,1.0,0.0,4.0,2.4835,7.0,6.0,2.9375
A,1,5105106649428966,2.0135,1.0,1.0,1.0,1.0,3.0,5.0,2.875,8.0,4.0,4.5
A,1,4111113605874394,3.8148,1.0,1.0,1.0,1.0,0.0,4.0,2.8522,9.0,5.0,3.625
A,1,4111112909944739,3.5182,1.0,1.0,1.0,1.0,0.0,4.0,2.4772,7.0,5.0,4.0625
A,1,4111119551528959,3.2523,1.0,1.0,1.0,1.0,0.0,4.0,2.2335,6.0,6.0,4.1875
A,1,4242427097427335,2.8746,1.0,1.0,1.0,1.0,1.0,4.0,2.5778,7.0,4.0,4.0625
A,1,4242422595561529,1.2274,1.0,1.0,1.0,1.0,1.0,4.0,2.3522,6.0,5.0,4.1875
A,1,4111117333131845,3.4406,1.0,1.0,1.0,1.0,0.0,4.0,2.1468,6.0,7.0,2.9375
A,1,4242424033478175,3.0919,1.0,1.0,1.0,1.0,1.0,4.0,2.7272,8.0,5.0,3.75
A,1,5105101976823582,1.8564,1.0,1.0,1.0,1.0,3.0,5.0,3.0306,9.0,3.0,3.9375
A,1,4111113571922011,3.493,1.0,1.0,1.0,1.0,0.0,4.0,2.375,8.0,8.0,2.5
A,1,6011003890957564,0.9115,1.0,1.0,1.0,1.0,5.0,6.0,3.0,9.0,4.0,4.0
A,1,4111113774737000,3.2388,1.0,1.0,1.0,1.0,0.0,4.0,2.2272,5.0,5.0,2.9375
A,1,5555556552419417,2.7534,1.0,1.0,1.0,1.0,4.0,5.0,2.25,7.0,8.0,4.625
A,1,5555554234355935,3.0206,1.0,1.0,1.0,1.0,4.0,5.0,1.7947,5.0,9.0,4.5625
A,1,4111113419796551,3.31,1.0,1.0,1.0,1.0,0.0,4.0,2.3968,7.0,7.0,3.6875
A,1,6011005441228155,1.0988,1.0,1.0,1.0,1.0,5.0,6.0,2.6556,7.0,4.0,2.8125
A,1,5105106513183770,1.7295,1.0,1.0,1.0,1.0,3.0,5.0,2.6556,7.0,4.0,3.3125
A,1,4111118918787696,3.9072,1.0,1.0,1.0,1.0,0.0,4.0,2.3585,6.0,6.0,4.875
A,1,6011004197643931,0.4317,1.0,1.0,1.0,1.0,5.0,6.0,2.7028,7.0,4.0,3.4375
A,1,4242420003785953,3.0471,1.0,1.0,1.0,1.0,1.0,4.0,2.8585,8.0,3.0,3.625
A,1,5105101113916794,2.1224,1.0,1.0,1.0,1.0,3.0,5.0,2.6556,8.0,6.0,3.375
A,1,5555554880916212,1.8208,1.0,1.0,1.0,1.0,4.0,5.0,2.6556,8.0,6.0,4.4375
A,1,4242427056095214,2.6199,1.0,1.0,1.0,1.0,1.0,4.0,2.75,8.0,4.0,3.5625
A,1,4111113782834575,3.295,1.0,1.0,1.0,1.0,0.0,4.0,2.6494,7.0,5.0,3.8125
A,1,4532015934321040,2.5463,1.0,1.0,1.0,1.0,2.0,4.0,2.7335,7.0,3.0,2.875
A,1,4532018086791283,3.7632,1.0,1.0,1.0,1.0,2.0,4.0,3.2028,10.0,3.0,4.1875
A,1,4242424044654632,2.7961,1.0,1.0,1.0,1.0,1.0,4.0,2.1468,6.0,7.0,3.5
A,1,4111118088796915,3.5448,1.0,1.0,1.0,1.0,0.0,4.0,2.6085,8.0,6.0,4.375
A,1,5555557154430265,2.1546,1.0,1.0,1.0,1.0,4.0,5.0,2.375,8.0,8.0,4.1875
A,1,4242425521990639,2.2097,1.0,1.0,1.0,1.0,1.0,4.0,2.7806,8.0,4.0,4.1875
A,1,4242424768456123,2.8161,1.0,1.0,1.0,1.0,1.0,4.0,2.6494,8.0,5.0,4.0
A,1,4111113176496528,3.9656,1.0,1.0,1.0,1.0,0.0,4.0,2.7806,9.0,6.0,3.75
A,1,4111117099196156,2.6498,1.0,1.0,1.0,1.0,0.0,4.0,2.3496,7.0,7.0,3.875
A,1,4532017369240315,1.4734,1.0,1.0,1.0,1.0,2.0,4.0,3.0778,9.0,3.0,3.4375
A,1,4111115606879066,3.3,1.0,1.0,1.0,1.0,0.0,4.0,2.6494,8.0,5.0,3.875
A,1,5105100640878238,1.8541,1.0,1.0,1.0,1.0,3.0,5.0,2.9528,9.0,4.0,3.625
A,1,5555555348486250,2.7534,1.0,1.0,1.0,1.0,4.0,5.0,2.25,7.0,8.0,4.6875
A,1,4242427425809337,2.6447,1.0,1.0,1.0,1.0,1.0,4.0,2.75,8.0,4.0,4.125
A,1,6011000611813100,0.6892,1.0,1.0,1.0,1.0,5.0,6.0,1.9363,5.0,6.0,1.8125
A,1,5555559535551660,2.0541,1.0,1.0,1.0,1.0,4.0,5.0,1.7988,6.0,10.0,4.6875
A,1,4532015985177283,2.8436,1.0,1.0,1.0,1.0,2.0,4.0,3.0778,9.0,3.0,4.375
A,1,4111113340919843,2.7743,1.0,1.0,1.0,1.0,0.0,4.0,2.3113,6.0,6.0,3.3125
A,1,4532019568213325,2.6438,1.0,1.0,1.0,1.0,2.0,4.0,2.9835,9.0,3.0,3.6875
A,1,4111116518422276,3.0737,1.0,1.0,1.0,1.0,0.0,4.0,2.4835,7.0,6.0,3.25
A,1,4532010376960678,3.7632,1.0,1.0,1.0,1.0,2.0,4.0,3.1556,10.0,3.0,4.1875
A,1,5555555180498819,1.7144,1.0,1.0,1.0,1.0,4.0,5.0,2.2246,6.0,7.0,5.1875
A,1,4111119571494364,2.8454,1.0,1.0,1.0,1.0,0.0,4.0,2.4056,7.0,6.0,3.8125
A,1,4111112014979596,3.0903,1.0,1.0,1.0,1.0,0.0,4.0,2.6085,8.0,6.0,3.8125
A,1,4242426192979547,3.5946,1.0,1.0,1.0,1.0,1.0,4.0,2.5778,7.0,4.0,4.8125
A,1,4242424211421187,3.487,1.0,1.0,1.0,1.0,1.0,4.0,2.0488,5.0,5.0,3.0625
A,1,4111116330476120,3.5923,1.0,1.0,1.0,1.0,0.0,4.0,2.5306,7.0,6.0,2.5625
A,1,4242423015834892,2.4866,1.0,1.0,1.0,1.0,1.0,4.0,2.75,8.0,4.0,3.8125
A,1,4242422595647211,2.4151,1.0,1.0,1.0,1.0,1.0,4.0,2.5244,7.0,5.0,3.75
A,1,4111115844243794,3.9428,1.0,1.0,1.0,1.0,0.0,4.0,2.5488,8.0,5.0,3.6875
A,1,4111115886351869,3.6445,1.0,1.0,1.0,1.0,0.0,4.0,2.4835,7.0,6.0,4.25
A,1,6011006966423874,0.6489,1.0,1.0,1.0,1.0,5.0,6.0,2.9528,9.0,4.0,3.9375
A,1,4111117263833162,2.6196,1.0,1.0,1.0,1.0,0.0,4.0,2.4835,7.0,6.0,3.125
A,1,4242425293468780,2.3483,1.0,1.0,1.0,1.0,1.0,4.0,2.875,9.0,4.0,4.375
A,1,6011007620336502,2.2799,1.0,1.0,1.0,1.0,5.0,6.0,2.6022,7.0,5.0,2.625
A,1,4111119694213683,3.5794,1.0,1.0,1.0,1.0,0.0,4.0,2.5306,7.0,6.0,3.75
A,1,4111111738118291,3.6827,1.0,1.0,1.0,1.0,0.0,4.0,2.0919,7.0,9.0,3.125
A,1,5105105323201293,1.8033,1.0,1.0,1.0,1.0,3.0,5.0,2.5141,6.0,3.0,2.625
A,1,5105108521868244,2.3178,1.0,1.0,1.0,1.0,3.0,5.0,2.7335,7.0,3.0,3.75
A,1,4242429596264730,2.7046,1.0,1.0,1.0,1.0,1.0,4.0,2.75,8.0,4.0,4.3125
A,1,4111115540432923,3.7807,1.0,1.0,1.0,1.0,0.0,4.0,2.6022,7.0,5.0,2.875
A,1,5105100661923467,1.9534,1.0,1.0,1.0,1.0,3.0,5.0,2.9835,9.0,3.0,3.5
A,1,4111117927914929,4.1286,1.0,1.0,1.0,1.0,0.0,4.0,2.1556,5.0,6.0,4.25
A,1,4242427316561237,2.6073,1.0,1.0,1.0,1.0,1.0,4.0,2.7028,7.0,4.0,3.6875
A,1,4111110574411265,1.6714,1.0,1.0,1.0,1.0,0.0,4.0,2.3496,7.0,7.0,2.75
A,1,4242424112112935,2.4587,1.0,1.0,1.0,1.0,1.0,4.0,2.2744,6.0,5.0,2.9375
A,1,5105103866648012,1.4943,1.0,1.0,1.0,1.0,3.0,5.0,2.8585,8.0,3.0,3.5
A,1,6011002009464371,1.641,1.0,1.0,1.0,1.0,5.0,6.0,2.7272,8.0,5.0,2.75
A,1,4111119569638865,4.8112,1.0,1.0,1.0,1.0,0.0,4.0,2.6022,7.0,5.0,4.625
A,1,5555552119041653,1.5473,1.0,1.0,1.0,1.0,4.0,5.0,2.4746,8.0,7.0,3.875
A,1,4242429964832670,3.2149,1.0,1.0,1.0,1.0,1.0,4.0,2.75,8.0,4.0,4.5
A,1,4242421164236406,2.0618,1.0,1.0,1.0,1.0,1.0,4.0,2.3522,6.0,5.0,3.1875
A,1,4532013884705957,3.1888,1.0,1.0,1.0,1.0,2.0,4.0,3.0778,9.0,3.0,4.4375
A,1,4111114139458365,3.0027,1.0,1.0,1.0,1.0,0.0,4.0,2.4835,7.0,6.0,3.5625
A,1,5105105074033986,1.7152,1.0,1.0,1.0,1.0,3.0,5.0,2.9528,9.0,4.0,3.5625
A,1,4111112190160417,2.9766,1.0,1.0,1.0,1.0,0.0,4.0,2.25,7.0,8.0,2.5
A,1,5555556686551846,0.3793,1.0,1.0,1.0,1.0,4.0,5.0,1.875,5.0,8.0,5.3125
A,1,4242428988376821,2.6341,1.0,1.0,1.0,1.0,1.0,4.0,2.7028,8.0,4.0,4.875
A,1,4242421716347800,2.1718,1.0,1.0,1.0,1.0,1.0,4.0,2.8278,8.0,4.0,3.4375
A,1,5105103379670990,1.4196,1.0,1.0,1.0,1.0,3.0,5.0,2.7028,7.0,4.0,4.0625
A,1,4111112994708635,1.8604,1.0,1.0,1.0,1.0,0.0,4.0,3.0244,10.0,5.0,3.875
A,1,4532015048940255,1.4981,1.0,1.0,1.0,1.0,2.0,4.0,2.7806,8.0,4.0,3.5625
A,1,4532019106397051,1.3751,1.0,1.0,1.0,1.0,2.0,4.0,3.0306,9.0,3.0,3.5
A,1,4532018081322159,2.3179,1.0,1.0,1.0,1.0,2.0,4.0,2.9056,8.0,3.0,3.375
A,1,4111114205223172,2.1359,1.0,1.0,1.0,1.0,0.0,4.0,2.4056,7.0,6.0,2.3125
A,1,4111119851472098,3.3026,1.0,1.0,1.0,1.0,0.0,4.0,2.6556,8.0,6.0,3.875
A,1,4111118707838312,2.8917,1.0,1.0,1.0,1.0,0.0,4.0,2.4835,7.0,6.0,3.5
A,1,4111116766664397,3.795,1.0,1.0,1.0,1.0,0.0,4.0,2.2988,6.0,5.0,4.3125
A,1,4111114828160694,3.0027,1.0,1.0,1.0,1.0,0.0,4.0,2.4835,7.0,6.0,3.5625
A,1,5105100443779039,1.8869,1.0,1.0,1.0,1.0,3.0,5.0,2.75,7.0,4.0,3.625
A,1,4242427495701307,2.2771,1.0,1.0,1.0,1.0,1.0,4.0,2.7806,8.0,4.0,3.8125
A,1,4242423797334509,2.3653,1.0,1.0,1.0,1.0,1.0,4.0,2.6556,7.0,4.0,4.25
A,1,4242423863349308,2.8746,1.0,1.0,1.0,1.0,1.0,4.0,2.5778,7.0,4.0,4.0625
A,1,4111112613229237,2.8013,1.0,1.0,1.0,1.0,0.0,4.0,2.4056,7.0,6.0,2.875
A,1,5555559401684744,2.4463,1.0,1.0,1.0,1.0,4.0,5.0,2.5306,8.0,6.0,4.8125
A,1,4242428093174418,2.5884,1.0,1.0,1.0,1.0,1.0,4.0,2.7272,8.0,5.0,3.9375
A,1,4242428893964133,2.8756,1.0,1.0,1.0,1.0,1.0,4.0,2.6556,7.0,4.0,4.5
A,1,4242428673275973,3.1721,1.0,1.0,1.0,1.0,1.0,4.0,2.7806,8.0,4.0,4.6875
A,1,4532019986170008,3.5371,1.0,1.0,1.0,1.0,2.0,4.0,3.125,10.0,4.0,3.9375
A,1,4111116923190203,2.9266,1.0,1.0,1.0,1.0,0.0,4.0,2.5306,7.0,6.0,2.75
A,1,4111117762294346,3.9286,1.0,1.0,1.0,1.0,0.0,4.0,2.6022,7.0,5.0,3.6875
A,1,4242427430462239,2.8599,1.0,1.0,1.0,1.0,1.0,4.0,2.4238,7.0,5.0,3.625
A,1,4111114336130213,3.3728,1.0,1.0,1.0,1.0,0.0,4.0,2.1468,6.0,7.0,2.1875
A,1,4111118479824581,3.8832,1.0,1.0,1.0,1.0,0.0,4.0,2.4363,7.0,6.0,4.0625
A,1,4532013669454771,2.8758,1.0,1.0,1.0,1.0,2.0,4.0,3.0778,9.0,3.0,4.1875
A,1,4111115366683070,3.9413,1.0,1.0,1.0,1.0,0.0,4.0,2.7272,8.0,5.0,3.3125
A,1,5105103755104374,2.1688,1.0,1.0,1.0,1.0,3.0,5.0,2.5306,6.0,4.0,3.1875
A,1,5105107646777637,2.6373,1.0,1.0,1.0,1.0,3.0,5.0,2.6022,7.0,5.0,4.5
A,1,5555555710071672,2.4216,1.0,1.0,1.0,1.0,4.0,5.0,2.2246,6.0,7.0,4.125
A,1,4532014441423951,2.3607,1.0,1.0,1.0,1.0,2.0,4.0,2.6022,7.0,5.0,3.25
A,1,4532019679923903,2.6489,1.0,1.0,1.0,1.0,2.0,4.0,2.9528,9.0,4.0,4.5
A,1,4111112287639489,3.7148,1.0,1.0,1.0,1.0,0.0,4.0,2.7744,8.0,5.0,4.1875
A,1,4111110708131680,2.4097,1.0,1.0,1.0,1.0,0.0,4.0,2.3496,7.0,7.0,2.6875
A,1,5555550717144564,2.4705,1.0,1.0,1.0,1.0,4.0,5.0,2.2246,6.0,7.0,4.3125
A,1,4242429147577259,3.9425,1.0,1.0,1.0,1.0,1.0,4.0,2.4528,6.0,4.0,4.625
A,1,4242422529124741,2.4704,1.0,1.0,1.0,1.0,1.0,4.0,2.18,6.0,6.0,3.4375
A,1,4242424334487818,2.2675,1.0,1.0,1.0,1.0,1.0,4.0,2.3113,6.0,6.0,4.25
A,1,4111117824942601,3.8401,1.0,1.0,1.0,1.0,0.0,4.0,2.6085,8.0,6.0,3.25
A,1,4111119070911538,3.2244,1.0,1.0,1.0,1.0,0.0,4.0,2.5218,8.0,7.0,3.25
A,1,4532019158821644,2.1229,1.0,1.0,1.0,1.0,2.0,4.0,3.0306,9.0,3.0,3.9375
A,1,5105101623025896,1.9603,1.0,1.0,1.0,1.0,3.0,5.0,2.8585,8.0,3.0,3.375
A,1,4111119123315448,2.23,1.0,1.0,1.0,1.0,0.0,4.0,2.3496,7.0,7.0,3.0625
A,1,4532015374838081,2.5037,1.0,1.0,1.0,1.0,2.0,4.0,2.9056,8.0,3.0,3.875
A,1,4111113034449784,3.2784,1.0,1.0,1.0,1.0,0.0,4.0,2.4238,7.0,5.0,3.4375
A,1,5555557977997326,2.1072,1.0,1.0,1.0,1.0,4.0,5.0,2.2335,6.0,6.0,6.0
A,1,6011009988525825,1.7723,1.0,1.0,1.0,1.0,5.0,6.0,2.7335,7.0,3.0,4.3125
A,1,4242429434623634,3.4774,1.0,1.0,1.0,1.0,1.0,4.0,2.1085,5.0,6.0,3.875
A,1,4111116951991589,4.1912,1.0,1.0,1.0,1.0,0.0,4.0,2.1468,6.0,7.0,4.4375
A,1,4532017556747239,1.9698,1.0,1.0,1.0,1.0,2.0,4.0,3.0306,9.0,3.0,4.375
A,1,4111119623561277,3.638,1.0,1.0,1.0,1.0,0.0,4.0,2.6556,8.0,6.0,3.5625
A,1,4111110722755092,3.7445,1.0,1.0,1.0,1.0,0.0,4.0,2.6022,7.0,5.0,3.0
A,1,5105106494512617,1.4477,1.0,1.0,1.0,1.0,3.0,5.0,2.8278,8.0,4.0,3.5625
A,1,5105102931617952,1.4477,1.0,1.0,1.0,1.0,3.0,5.0,2.8278,8.0,4.0,3.5625
A,1,4242429705428846,2.8631,1.0,1.0,1.0,1.0,1.0,4.0,2.6494,8.0,5.0,4.4375
A,1,4111111007599742,3.6474,1.0,1.0,1.0,1.0,0.0,4.0,2.5306,7.0,6.0,3.3125
A,1,4111116109499238,3.8516,1.0,1.0,1.0,1.0,0.0,4.0,2.6085,8.0,6.0,3.75
A,1,6011008612607678,1.6277,1.0,1.0,1.0,1.0,5.0,6.0,2.4528,6.0,4.0,3.6875
A,1,4111110250355778,3.791,1.0,1.0,1.0,1.0,0.0,4.0,2.7272,8.0,5.0,3.1875
A,1,4532010775031485,1.8519,1.0,1.0,1.0,1.0,2.0,4.0,2.9056,8.0,3.0,3.4375
A,1,4111113491186101,3.8636,1.0,1.0,1.0,1.0,0.0,4.0,2.0919,7.0,9.0,2.6875
A,1,4111114914915605,3.5778,1.0,1.0,1.0,1.0,0.0,4.0,2.2246,6.0,7.0,3.3125
A,1,4242421489942118,3.302,1.0,1.0,1.0,1.0,1.0,4.0,2.2272,5.0,5.0,4.0625
A,1,4242425404900119,2.9374,1.0,1.0,1.0,1.0,1.0,4.0,2.43,6.0,5.0,3.1875
A,1,4111114785682318,3.0903,1.0,1.0,1.0,1.0,0.0,4.0,2.6085,8.0,6.0,3.8125
A,1,4242426395958215,2.5227,1.0,1.0,1.0,1.0,1.0,4.0,2.7806,8.0,4.0,4.4375
A,1,5105100425259075,1.3994,1.0,1.0,1.0,1.0,3.0,5.0,2.5244,7.0,5.0,3.1875
A,1,4242425020639109,2.6656,1.0,1.0,1.0,1.0,1.0,4.0,2.7806,8.0,4.0,3.3125
A,1,4111112410238688,3.0446,1.0,1.0,1.0,1.0,0.0,4.0,2.4835,7.0,6.0,3.1875
A,1,4111113651808494,3.6629,1.0,1.0,1.0,1.0,0.0,4.0,2.6085,8.0,6.0,3.5625
A,1,6011005698269282,1.7234,1.0,1.0,1.0,1.0,5.0,6.0,2.7335,7.0,3.0,4.0625
A,1,4242422339258267,2.803,1.0,1.0,1.0,1.0,1.0,4.0,2.6085,8.0,6.0,4.0625
A,1,4242428809782629,3.6797,1.0,1.0,1.0,1.0,1.0,4.0,2.555,7.0,5.0,4.8125
A,1,4111119013043860,3.6393,1.0,1.0,1.0,1.0,0.0,4.0,2.4835,7.0,6.0,2.6875
A,1,6011006201239408,2.1767,1.0,1.0,1.0,1.0,5.0,6.0,2.7272,8.0,5.0,2.6875
A,1,4242420327390126,3.1303,1.0,1.0,1.0,1.0,1.0,4.0,2.7272,8.0,5.0,3.1875
A,1,4111111857985504,2.626,1.0,1.0,1.0,1.0,0.0,4.0,2.4835,7.0,6.0,3.8125
A,1,4111115418845180,4.1832,1.0,1.0,1.0,1.0,0.0,4.0,2.0524,5.0,7.0,3.3125
A,1,4111114020174873,2.898,1.0,1.0,1.0,1.0,0.0,4.0,2.4835,7.0,6.0,2.8125
A,1,4111116764681963,3.7116,1.0,1.0,1.0,1.0,0.0,4.0,2.4056,7.0,6.0,4.0625
A,1,4111110961210197,2.3531,1.0,1.0,1.0,1.0,0.0,4.0,2.25,7.0,8.0,2.8125
A,1,4242424296463963,3.3351,1.0,1.0,1.0,1.0,1.0,4.0,2.2272,5.0,5.0,4.375
A,1,4111116321704548,3.9169,1.0,1.0,1.0,1.0,0.0,4.0,2.7335,9.0,6.0,3.0625
A,1,4242427158758024,2.3879,1.0,1.0,1.0,1.0,1.0,4.0,2.625,7.0,4.0,4.0625
A,1,5105100587603383,1.2367,1.0,1.0,1.0,1.0,3.0,5.0,2.6556,7.0,4.0,3.4375
A,1,5105105707350922,1.7517,1.0,1.0,1.0,1.0,3.0,5.0,2.625,7.0,4.0,3.25
A,1,4111112703193244,2.8449,1.0,1.0,1.0,1.0,0.0,4.0,2.4835,7.0,6.0,2.75
A,1,4111115131163002,0.9379,1.0,1.0,1.0,1.0,0.0,4.0,2.25,7.0,8.0,1.9375
A,1,4242424631357375,2.1428,1.0,1.0,1.0,1.0,1.0,4.0,2.6556,7.0,4.0,3.875
A,1,4242427330094660,2.2507,1.0,1.0,1.0,1.0,1.0,4.0,2.6556,7.0,4.0,3.5
A,1,5555556632286877,1.6642,1.0,1.0,1.0,1.0,4.0,5.0,2.3585,6.0,6.0,5.3125
A,1,4242423668758794,2.8665,1.0,1.0,1.0,1.0,1.0,4.0,2.8278,8.0,4.0,5.0625
A,1,4242421201322888,2.0719,1.0,1.0,1.0,1.0,1.0,4.0,2.3113,6.0,6.0,3.3125
A,1,4242423034193817,2.4104,1.0,1.0,1.0,1.0,1.0,4.0,2.7806,8.0,4.0,3.5625
A,1,4532010820877338,2.1575,1.0,1.0,1.0,1.0,2.0,4.0,2.8585,8.0,3.0,3.8125
A,1,4532015542754558,1.992,1.0,1.0,1.0,1.0,2.0,4.0,2.6085,8.0,6.0,4.0625
A,1,4111118347596965,4.0278,1.0,1.0,1.0,1.0,0.0,4.0,2.7744,8.0,5.0,4.4375
A,1,4111117556318335,3.3058,1.0,1.0,1.0,1.0,0.0,4.0,2.4363,7.0,6.0,3.4375
A,1,4532018303423108,2.0695,1.0,1.0,1.0,1.0,2.0,4.0,2.7028,7.0,4.0,2.9375
A,1,4111116015825195,3.2487,1.0,1.0,1.0,1.0,0.0,4.0,2.4746,8.0,7.0,3.1875
A,1,4532018997857652,3.1688,1.0,1.0,1.0,1.0,2.0,4.0,3.2028,10.0,3.0,5.0625
A,1,6011008027848958,0.3928,1.0,1.0,1.0,1.0,5.0,6.0,2.875,9.0,4.0,4.1875
A,1,5105100246036553,2.0522,1.0,1.0,1.0,1.0,3.0,5.0,2.625,7.0,4.0,2.875
A,1,5555557758139841,1.8148,1.0,1.0,1.0,1.0,4.0,5.0,2.3968,7.0,7.0,5.1875
A,1,4242420169394293,2.9151,1.0,1.0,1.0,1.0,1.0,4.0,2.5778,7.0,4.0,4.0
A,1,4111112208055120,2.8187,1.0,1.0,1.0,1.0,0.0,4.0,2.3113,6.0,6.0,2.125
A,1,4242428970713486,2.8685,1.0,1.0,1.0,1.0,1.0,4.0,2.9528,9.0,4.0,4.4375
A,1,5105107752266946,2.2635,1.0,1.0,1.0,1.0,3.0,5.0,2.9056,8.0,3.0,4.125
A,1,4532015773898157,2.8981,1.0,1.0,1.0,1.0,2.0,4.0,3.0306,9.0,3.0,4.6875
A,1,4111113815876668,3.6577,1.0,1.0,1.0,1.0,0.0,4.0,2.4363,7.0,6.0,4.1875
A,1,4242426070685059,3.1693,1.0,1.0,1.0,1.0,1.0,4.0,2.8585,8.0,3.0,4.0
A,1,4242423807148188,2.8746,1.0,1.0,1.0,1.0,1.0,4.0,2.5778,7.0,4.0,4.125
A,1,4111110475040148,2.2007,1.0,1.0,1.0,1.0,0.0,4.0,2.2335,6.0,6.0,2.625
A,1,4532017423000374,1.8772,1.0,1.0,1.0,1.0,2.0,4.0,2.6556,7.0,4.0,2.8125
A,1,4111119652771243,3.5501,1.0,1.0,1.0,1.0,0.0,4.0,2.6556,8.0,6.0,3.4375
A,1,4111117657681805,3.3196,1.0,1.0,1.0,1.0,0.0,4.0,2.5306,7.0,6.0,3.875
A,1,4242421096842750,2.655,1.0,1.0,1.0,1.0,1.0,4.0,2.875,9.0,4.0,3.75
A,1,4111119214059624,3.0446,1.0,1.0,1.0,1.0,0.0,4.0,2.4835,7.0,6.0,3.1875
A,1,4111118348026491,3.8641,1.0,1.0,1.0,1.0,0.0,4.0,2.6085,8.0,6.0,3.375
A,1,5555555218603521,2.0464,1.0,1.0,1.0,1.0,4.0,5.0,2.25,7.0,8.0,3.9375
A,1,6011009789543761,1.1138,1.0,1.0,1.0,1.0,5.0,6.0,3.0306,9.0,3.0,4.1875
A,1,4111113420138066,3.5923,1.0,1.0,1.0,1.0,0.0,4.0,2.5306,7.0,6.0,2.625
A,1,4242428825202222,3.5207,1.0,1.0,1.0,1.0,1.0,4.0,1.7947,5.0,9.0,3.1875
A,1,6011009126470041,1.882,1.0,1.0,1.0,1.0,5.0,6.0,2.5244,7.0,5.0,2.625
A,1,4111116049633136,2.0175,1.0,1.0,1.0,1.0,0.0,4.0,2.3113,6.0,6.0,3.125
A,1,4111114175852919,3.31,1.0,1.0,1.0,1.0,0.0,4.0,2.3968,7.0,7.0,3.75
A,1,4111112705190495,3.4971,1.0,1.0,1.0,1.0,0.0,4.0,2.5306,7.0,6.0,3.1875
A,1,4532019758927031,3.877,1.0,1.0,1.0,1.0,2.0,4.0,3.125,9.0,2.0,4.125
A,1,4111112988342193,3.5166,1.0,1.0,1.0,1.0,0.0,4.0,2.4056,6.0,6.0,3.625
A,1,5555555572596360,2.8843,1.0,1.0,1.0,1.0,4.0,5.0,2.0919,7.0,9.0,4.875
A,1,4242427864190215,2.4479,1.0,1.0,1.0,1.0,1.0,4.0,2.875,9.0,4.0,3.8125
A,1,4532011728241452,1.6462,1.0,1.0,1.0,1.0,2.0,4.0,2.7806,8.0,4.0,3.1875
A,1,5105109034173676,2.2017,1.0,1.0,1.0,1.0,3.0,5.0,2.9056,8.0,3.0,3.625
A,1,4242421485176380,2.6229,1.0,1.0,1.0,1.0,1.0,4.0,2.9528,9.0,4.0,3.8125
A,1,4111112298116071,3.1509,1.0,1.0,1.0,1.0,0.0,4.0,2.375,8.0,8.0,2.875
A,1,4532015704422002,2.5984,1.0,1.0,1.0,1.0,2.0,4.0,2.5778,7.0,4.0,2.5625
A,1,4111110097973114,2.5391,1.0,1.0,1.0,1.0,0.0,4.0,2.2718,6.0,7.0,3.125
A,1,5105108440067902,2.3022,1.0,1.0,1.0,1.0,3.0,5.0,2.8994,9.0,5.0,3.25
A,1,4111118379146168,3.0502,1.0,1.0,1.0,1.0,0.0,4.0,2.3968,7.0,7.0,3.875
A,1,4111119545789238,4.0002,1.0,1.0,1.0,1.0,0.0,4.0,2.7744,8.0,5.0,4.3125
A,1,4242429812698562,3.8381,1.0,1.0,1.0,1.0,1.0,4.0,2.6022,7.0,5.0,4.625
A,1,4111113472117406,1.6714,1.0,1.0,1.0,1.0,0.0,4.0,2.3496,7.0,7.0,2.75
A,1,4111116008489496,3.3876,1.0,1.0,1.0,1.0,0.0,4.0,2.4772,6.0,5.0,3.9375
A,1,5555555202579471,2.5867,1.0,1.0,1.0,1.0,4.0,5.0,2.25,7.0,8.0,4.5
A,1,4532019707227848,2.2874,1.0,1.0,1.0,1.0,2.0,4.0,3.0306,9.0,3.0,4.3125
A,1,4111112613623066,2.017,1.0,1.0,1.0,1.0,0.0,4.0,2.2806,6.0,6.0,2.75
A,1,4111113807390058,3.8201,1.0,1.0,1.0,1.0,0.0,4.0,2.7272,8.0,5.0,3.25
A,1,4111111116886337,4.3095,1.0,1.0,1.0,1.0,0.0,4.0,2.125,6.0,8.0,3.3125
A,1,4111119423170543,3.8877,1.0,1.0,1.0,1.0,0.0,4.0,2.6085,8.0,6.0,2.9375
A,1,4111112146465977,3.2331,1.0,1.0,1.0,1.0,0.0,4.0,2.4835,7.0,6.0,3.75
A,1,4242426142416624,3.2134,1.0,1.0,1.0,1.0,1.0,4.0,1.8829,4.0,6.0,3.375
A,1,4242426833062836,2.4941,1.0,1.0,1.0,1.0,1.0,4.0,2.4835,6.0,4.0,3.9375
A,1,4532019814302179,2.8883,1.0,1.0,1.0,1.0,2.0,4.0,3.0778,9.0,3.0,3.6875
A,1,4242420725397178,2.5556,1.0,1.0,1.0,1.0,1.0,4.0,2.9056,9.0,4.0,4.1875
A,1,4242427722216061,2.4462,1.0,1.0,1.0,1.0,1.0,4.0,2.3585,6.0,6.0,3.25
A,1,4111115053659086,3.4791,1.0,1.0,1.0,1.0,0.0,4.0,2.7272,8.0,5.0,3.5
A,1,4111116999753785,4.0164,1.0,1.0,1.0,1.0,0.0,4.0,2.7272,8.0,5.0,4.8125
A,1,4532017663698705,4.4926,1.0,1.0,1.0,1.0,2.0,4.0,3.2028,10.0,3.0,4.5
A,1,6011007696884328,1.7918,1.0,1.0,1.0,1.0,5.0,6.0,2.9835,9.0,3.0,4.3125
A,1,4242427430638697,2.592,1.0,1.0,1.0,1.0,1.0,4.0,2.8278,8.0,4.0,4.4375
A,1,5555556505746221,2.1999,1.0,1.0,1.0,1.0,4.0,5.0,2.25,7.0,8.0,4.25
A,1,4111119760599510,3.2331,1.0,1.0,1.0,1.0,0.0,4.0,2.4835,7.0,6.0,3.75
A,1,4242424098408968,3.8154,1.0,1.0,1.0,1.0,1.0,4.0,2.43,6.0,5.0,4.625
A,1,4111112561958910,3.0655,1.0,1.0,1.0,1.0,0.0,4.0,2.5218,8.0,7.0,3.4375
A,1,5105109547788846,2.361,1.0,1.0,1.0,1.0,3.0,5.0,2.9056,8.0,3.0,4.875
A,1,4111114212335712,3.1283,1.0,1.0,1.0,1.0,0.0,4.0,2.2246,6.0,7.0,2.4375
A,1,4242428001806580,2.7214,1.0,1.0,1.0,1.0,1.0,4.0,2.6085,7.0,4.0,3.375
A,1,5105106806426043,1.5957,1.0,1.0,1.0,1.0,3.0,5.0,2.8278,8.0,4.0,3.1875
A,1,4532016955465120,1.6155,1.0,1.0,1.0,1.0,2.0,4.0,2.875,8.0,4.0,3.625
A,1,4111111007140182,3.437,1.0,1.0,1.0,1.0,0.0,4.0,2.0778,6.0,8.0,2.0625
A,1,5555552148909722,2.428,1.0,1.0,1.0,1.0,4.0,5.0,2.6085,8.0,6.0,4.625
A,1,5105100408726256,1.6248,1.0,1.0,1.0,1.0,3.0,5.0,2.8278,8.0,4.0,3.25
A,1,4242424316256892,2.8161,1.0,1.0,1.0,1.0,1.0,4.0,2.6494,8.0,5.0,4.0
A,1,4111119993148002,3.2039,1.0,1.0,1.0,1.0,0.0,4.0,2.4835,7.0,6.0,3.375
A,1,6011008325132568,0.6298,1.0,1.0,1.0,1.0,5.0,6.0,2.7806,7.0,3.0,3.1875
A,1,4532019989607238,4.1299,1.0,1.0,1.0,1.0,2.0,4.0,3.2028,10.0,3.0,4.75
A,1,4242426206871441,2.1847,1.0,1.0,1.0,1.0,1.0,4.0,2.5244,7.0,5.0,3.5625
A,1,5555552823458227,2.8051,1.0,1.0,1.0,1.0,4.0,5.0,2.1468,6.0,7.0,4.5625
A,1,4111115024201562,3.0353,1.0,1.0,1.0,1.0,0.0,4.0,2.3585,6.0,6.0,2.25
A,1,4111118129519318,3.2569,1.0,1.0,1.0,1.0,0.0,4.0,2.25,7.0,8.0,3.5
A,1,6011008155200865,1.3103,1.0,1.0,1.0,1.0,5.0,6.0,2.43,6.0,5.0,3.0
A,1,6011007623360848,-0.0804,1.0,1.0,1.0,1.0,5.0,6.0,2.8278,8.0,4.0,3.4375
A,1,4111111538168389,2.3024,1.0,1.0,1.0,1.0,0.0,4.0,2.3496,7.0,7.0,3.8125
A,1,5105101748237954,1.9556,1.0,1.0,1.0,1.0,3.0,5.0,3.0306,9.0,3.0,3.875
A,1,4242423471117444,3.6875,1.0,1.0,1.0,1.0,1.0,4.0,2.0524,5.0,7.0,3.375
A,1,4111118449840790,3.065,1.0,1.0,1.0,1.0,0.0,4.0,2.3994,6.0,5.0,3.875
A,1,6011004097619288,0.2766,1.0,1.0,1.0,1.0,5.0,6.0,2.8278,8.0,4.0,3.875
A,1,5555550024293120,1.8241,1.0,1.0,1.0,1.0,4.0,5.0,2.4363,7.0,6.0,3.3125
A,1,4111110319031139,3.9326,1.0,1.0,1.0,1.0,0.0,4.0,1.9528,5.0,8.0,2.4375
A,1,4242428819207104,2.6176,1.0,1.0,1.0,1.0,1.0,4.0,2.625,7.0,4.0,3.625
A,1,4111116030389615,3.2552,1.0,1.0,1.0,1.0,0.0,4.0,2.6556,8.0,6.0,3.125
A,1,4242426384042906,2.4151,1.0,1.0,1.0,1.0,1.0,4.0,2.5244,7.0,5.0,3.75
A,1,5105105771316551,2.0229,1.0,1.0,1.0,1.0,3.0,5.0,2.2988,6.0,5.0,3.3125
A,1,4111110582371477,3.9613,1.0,1.0,1.0,1.0,0.0,4.0,2.6085,8.0,6.0,3.3125
A,1,4532016604413638,1.6397,1.0,1.0,1.0,1.0,2.0,4.0,2.8585,8.0,3.0,3.5
A,1,4111114262313015,2.1771,1.0,1.0,1.0,1.0,0.0,4.0,2.3968,7.0,7.0,2.25
A,1,4532016011869091,1.4787,1.0,1.0,1.0,1.0,2.0,4.0,2.9528,9.0,4.0,3.5
A,1,4532010258469251,1.8257,1.0,1.0,1.0,1.0,2.0,4.0,3.0306,9.0,3.0,3.5625
A,1,4111115443962984,3.4894,1.0,1.0,1.0,1.0,0.0,4.0,2.6494,8.0,5.0,3.9375
A,1,5105104917586565,1.9127,1.0,1.0,1.0,1.0,3.0,5.0,2.7272,8.0,5.0,4.25
A,1,4111117603486788,4.0336,1.0,1.0,1.0,1.0,0.0,4.0,2.6022,7.0,5.0,4.125
A,1,4532012224096234,2.0512,1.0,1.0,1.0,1.0,2.0,4.0,2.7272,8.0,5.0,3.0625
A,1,4532011185419237,1.3555,1.0,1.0,1.0,1.0,2.0,4.0,3.0,9.0,4.0,3.5
A,1,4242420927205443,2.922,1.0,1.0,1.0,1.0,1.0,4.0,2.4238,7.0,5.0,3.375
A,1,4242423785239546,2.387,1.0,1.0,1.0,1.0,1.0,4.0,2.75,8.0,4.0,4.375
A,1,4532010943192797,2.5299,1.0,1.0,1.0,1.0,2.0,4.0,2.9528,8.0,3.0,4.125
A,1,4532019123904806,2.3497,1.0,1.0,1.0,1.0,2.0,4.0,3.0778,9.0,3.0,3.5625
A,1,5555551088951876,1.1384,1.0,1.0,1.0,1.0,4.0,5.0,2.3496,7.0,7.0,5.1875
A,1,4111112942037400,4.0259,1.0,1.0,1.0,1.0,0.0,4.0,2.555,7.0,5.0,2.5
A,1,4111118186429419,3.0688,1.0,1.0,1.0,1.0,0.0,4.0,2.2246,6.0,7.0,3.8125
A,1,4111115305743951,3.0446,1.0,1.0,1.0,1.0,0.0,4.0,2.4835,7.0,6.0,3.1875
A,1,4242423595465893,3.0423,1.0,1.0,1.0,1.0,1.0,4.0,2.6556,7.0,4.0,4.6875
A,1,4532010074559475,1.3648,1.0,1.0,1.0,1.0,2.0,4.0,2.7806,8.0,4.0,3.8125
A,1,4111110467617341,3.1031,1.0,1.0,1.0,1.0,0.0,4.0,2.2246,6.0,7.0,3.0
A,1,4111117435259817,3.8268,1.0,1.0,1.0,1.0,0.0,4.0,2.6556,8.0,6.0,3.75
A,1,4532012296541596,2.5704,1.0,1.0,1.0,1.0,2.0,4.0,2.9056,8.0,3.0,4.0
A,1,4242424892218209,2.5476,1.0,1.0,1.0,1.0,1.0,4.0,2.2806,6.0,6.0,3.9375
A,1,6011009919144498,1.6592,1.0,1.0,1.0,1.0,5.0,6.0,2.4056,6.0,4.0,4.125
A,1,4242426964046012,1.8125,1.0,1.0,1.0,1.0,1.0,4.0,2.3522,6.0,5.0,3.5
A,1,4111118145428635,2.9148,1.0,1.0,1.0,1.0,0.0,4.0,2.4835,7.0,6.0,3.4375
A,1,4532018552915481,1.5889,1.0,1.0,1.0,1.0,2.0,4.0,2.8278,8.0,4.0,3.9375
A,1,4111110231581385,2.2829,1.0,1.0,1.0,1.0,0.0,4.0,2.3968,7.0,7.0,2.8125
A,1,5105107695193710,1.5961,1.0,1.0,1.0,1.0,3.0,5.0,2.6556,7.0,4.0,3.75
A,1,4532017195390946,3.1612,1.0,1.0,1.0,1.0,2.0,4.0,3.0778,9.0,3.0,4.25
A,1,4532019126566933,2.5299,1.0,1.0,1.0,1.0,2.0,4.0,2.9056,8.0,3.0,4.0625
A,1,5555558602041472,1.8412,1.0,1.0,1.0,1.0,4.0,5.0,2.6556,8.0,6.0,4.0
A,1,5555551930711585,2.4068,1.0,1.0,1.0,1.0,4.0,5.0,2.2028,7.0,8.0,4.375
A,1,4242423149996195,3.7039,1.0,1.0,1.0,1.0,1.0,4.0,2.5778,7.0,4.0,4.625
A,1,4242427585906006,3.1693,1.0,1.0,1.0,1.0,1.0,4.0,2.8585,8.0,3.0,4.0
A,1,4111118457724522,3.3923,1.0,1.0,1.0,1.0,0.0,4.0,2.43,6.0,5.0,3.4375
A,1,4111113741815590,3.2244,1.0,1.0,1.0,1.0,0.0,4.0,2.5218,8.0,7.0,3.25
A,1,4111114104830168,2.358,1.0,1.0,1.0,1.0,0.0,4.0,2.2246,6.0,7.0,2.75
A,1,4111114755383194,3.1833,1.0,1.0,1.0,1.0,0.0,4.0,2.4835,7.0,6.0,3.625
A,1,4111117022466775,3.6103,1.0,1.0,1.0,1.0,0.0,4.0,2.6022,7.0,5.0,3.4375
A,1,4532015082167906,3.8881,1.0,1.0,1.0,1.0,2.0,4.0,3.2028,10.0,3.0,3.6875
A,1,4532018985326041,3.7168,1.0,1.0,1.0,1.0,2.0,4.0,3.125,9.0,2.0,3.8125
A,1,4532018058031395,1.996,1.0,1.0,1.0,1.0,2.0,4.0,2.8585,8.0,3.0,3.5625
A,1,4532012944158256,2.6166,1.0,1.0,1.0,1.0,2.0,4.0,2.9835,9.0,3.0,3.8125
A,1,5105100141307240,1.4531,1.0,1.0,1.0,1.0,3.0,5.0,2.5244,7.0,5.0,2.125
A,1,4242420224687137,3.0874,1.0,1.0,1.0,1.0,1.0,4.0,2.6494,8.0,5.0,3.625
A,1,4111115840858231,3.1949,1.0,1.0,1.0,1.0,0.0,4.0,2.4835,7.0,6.0,3.3125
A,1,5555559888124719,1.8261,1.0,1.0,1.0,1.0,4.0,5.0,2.4835,7.0,6.0,5.4375
A,1,5105100018585076,1.531,1.0,1.0,1.0,1.0,3.0,5.0,2.3522,6.0,5.0,3.25
A,1,5105108321095212,1.8832,1.0,1.0,1.0,1.0,3.0,5.0,2.6085,7.0,4.0,2.8125
A,1,4111113678888677,3.1017,1.0,1.0,1.0,1.0,0.0,4.0,2.3522,6.0,5.0,4.8125
A,1,5105105712484005,1.7017,1.0,1.0,1.0,1.0,3.0,5.0,2.5778,7.0,4.0,3.0
A,1,4111110379922789,3.7298,1.0,1.0,1.0,1.0,0.0,4.0,2.7272,8.0,5.0,4.0625
A,1,5105103368013749,1.9534,1.0,1.0,1.0,1.0,3.0,5.0,2.9835,9.0,3.0,3.5
A,1,4242423618010098,3.0663,1.0,1.0,1.0,1.0,1.0,4.0,2.8585,8.0,3.0,3.375
A,1,4111115769004007,3.3494,1.0,1.0,1.0,1.0,0.0,4.0,2.5244,7.0,5.0,2.9375
A,1,4111114918096410,3.3238,1.0,1.0,1.0,1.0,0.0,4.0,2.2246,6.0,7.0,3.1875
A,1,4111115700693199,3.8018,1.0,1.0,1.0,1.0,0.0,4.0,2.6085,8.0,6.0,3.625
A,1,4111117124152414,4.0208,1.0,1.0,1.0,1.0,0.0,4.0,1.875,5.0,8.0,2.5
A,1,4242429849364162,2.1964,1.0,1.0,1.0,1.0,1.0,4.0,2.5244,7.0,5.0,4.375
A,1,4242429811659953,3.7966,1.0,1.0,1.0,1.0,1.0,4.0,2.8585,8.0,3.0,4.625
A,1,4242428336208296,3.0341,1.0,1.0,1.0,1.0,1.0,4.0,2.6022,7.0,5.0,4.0625
A,1,6011000962502724,1.5198,1.0,1.0,1.0,1.0,5.0,6.0,2.7272,8.0,5.0,2.8125
A,1,4242422341401442,3.3788,1.0,1.0,1.0,1.0,1.0,4.0,1.9212,5.0,7.0,2.6875
A,1,4111119733842427,3.8788,1.0,1.0,1.0,1.0,0.0,4.0,2.6022,7.0,5.0,3.625
A,1,5555557669686914,2.7796,1.0,1.0,1.0,1.0,4.0,5.0,2.4056,7.0,6.0,5.75
A,1,4111117685926990,3.7882,1.0,1.0,1.0,1.0,0.0,4.0,2.8522,9.0,5.0,4.375
A,1,4111111892776389,3.8375,1.0,1.0,1.0,1.0,0.0,4.0,2.6556,8.0,6.0,4.3125
A,1,4242426595668804,3.0423,1.0,1.0,1.0,1.0,1.0,4.0,2.6556,7.0,4.0,4.6875
A,1,4532017415666331,1.996,1.0,1.0,1.0,1.0,2.0,4.0,2.8585,8.0,3.0,3.5625
A,1,5555553052714132,1.7091,1.0,1.0,1.0,1.0,4.0,5.0,2.3968,7.0,7.0,3.625
A,1,4532012668138237,2.0673,1.0,1.0,1.0,1.0,2.0,4.0,3.0306,9.0,3.0,3.8125
A,1,4111110297174562,3.8152,1.0,1.0,1.0,1.0,0.0,4.0,2.6556,8.0,6.0,3.25
A,1,4111119301201519,2.9766,1.0,1.0,1.0,1.0,0.0,4.0,2.25,7.0,8.0,2.5
A,1,4111112786574609,3.1299,1.0,1.0,1.0,1.0,0.0,4.0,2.8994,9.0,5.0,3.9375
A,1,4242427043316608,2.1718,1.0,1.0,1.0,1.0,1.0,4.0,2.8278,8.0,4.0,3.5
A,1,4242426347211978,2.6447,1.0,1.0,1.0,1.0,1.0,4.0,2.75,8.0,4.0,4.125
A,1,4111110745264486,3.5476,1.0,1.0,1.0,1.0,0.0,4.0,2.6494,8.0,5.0,3.4375
A,1,4242427461608510,2.1718,1.0,1.0,1.0,1.0,1.0,4.0,2.8278,8.0,4.0,3.5
A,1,4111110836893938,3.9844,1.0,1.0,1.0,1.0,0.0,4.0,2.555,7.0,5.0,4.125
A,1,4111110718458099,3.5794,1.0,1.0,1.0,1.0,0.0,4.0,2.5306,7.0,6.0,3.75
A,1,4242420788652352,2.7708,1.0,1.0,1.0,1.0,1.0,4.0,2.7272,8.0,5.0,4.0
A,1,4111111527205713,2.9682,1.0,1.0,1.0,1.0,0.0,4.0,2.3968,7.0,7.0,2.625
A,1,4242427757198077,2.8187,1.0,1.0,1.0,1.0,1.0,4.0,2.68,8.0,5.0,4.75
A,1,4242425479030834,2.6542,1.0,1.0,1.0,1.0,1.0,4.0,2.7272,8.0,5.0,3.8125
A,1,4532012936192909,1.6935,1.0,1.0,1.0,1.0,2.0,4.0,2.8278,8.0,4.0,4.0625
A,1,5555554832159440,1.0412,1.0,1.0,1.0,1.0,4.0,5.0,2.4746,8.0,7.0,4.375
A,1,4111111074695894,3.3274,1.0,1.0,1.0,1.0,0.0,4.0,2.6085,8.0,6.0,3.875
A,1,4111114238934506,3.9655,1.0,1.0,1.0,1.0,0.0,4.0,2.8522,9.0,5.0,3.3125
A,1,4242427403663029,2.6176,1.0,1.0,1.0,1.0,1.0,4.0,2.625,7.0,4.0,3.625
A,1,4111117820199297,3.2065,1.0,1.0,1.0,1.0,0.0,4.0,2.4835,7.0,6.0,3.9375
A,1,5555559248220215,1.8703,1.0,1.0,1.0,1.0,4.0,5.0,2.2718,7.0,7.0,4.0625
A,1,5555553675913301,1.3449,1.0,1.0,1.0,1.0,4.0,5.0,2.3496,7.0,7.0,4.25
A,1,4111112212462817,2.6203,1.0,1.0,1.0,1.0,0.0,4.0,2.1468,6.0,7.0,2.75
A,1,4111118898765993,4.325,1.0,1.0,1.0,1.0,0.0,4.0,2.68,8.0,5.0,5.0625
A,1,5105101144343836,1.444,1.0,1.0,1.0,1.0,3.0,5.0,2.6556,7.0,4.0,3.0625
A,1,5105108620767925,2.304,1.0,1.0,1.0,1.0,3.0,5.0,2.9056,8.0,3.0,4.0
A,1,4111113602882010,3.672,1.0,1.0,1.0,1.0,0.0,4.0,2.4835,7.0,6.0,2.4375
A,1,4111110105284199,2.8603,1.0,1.0,1.0,1.0,0.0,4.0,2.3968,7.0,7.0,3.0
A,1,5105100780056181,1.2222,1.0,1.0,1.0,1.0,3.0,5.0,2.3522,6.0,5.0,3.0
A,1,5555551696894385,2.1848,1.0,1.0,1.0,1.0,4.0,5.0,2.3968,7.0,7.0,5.5625
A,1,5105107104452004,2.3045,1.0,1.0,1.0,1.0,3.0,5.0,2.3829,6.0,5.0,2.4375
A,1,4242427099798790,3.9229,1.0,1.0,1.0,1.0,1.0,4.0,2.4835,6.0,4.0,5.1875
A,1,4111110490228439,3.3038,1.0,1.0,1.0,1.0,0.0,4.0,2.6022,7.0,5.0,3.125
A,1,4111111042628001,1.9159,1.0,1.0,1.0,1.0,0.0,4.0,2.2246,6.0,7.0,2.0625
A,1,5105100614582055,1.6906,1.0,1.0,1.0,1.0,3.0,5.0,2.4772,7.0,5.0,3.0
A,1,4111117003243136,2.8271,1.0,1.0,1.0,1.0,0.0,4.0,2.4835,7.0,6.0,2.375
A,1,4111116267052308,3.3256,1.0,1.0,1.0,1.0,0.0,4.0,2.8994,9.0,5.0,3.0
A,1,4111110695774880,3.6546,1.0,1.0,1.0,1.0,0.0,4.0,2.7744,8.0,5.0,3.9375
A,1,4111112881136254,2.7885,1.0,1.0,1.0,1.0,0.0,4.0,2.3968,7.0,7.0,3.0625
A,1,5105101396613910,1.7752,1.0,1.0,1.0,1.0,3.0,5.0,2.4772,6.0,5.0,3.1875
A,1,5555553815751744,3.4271,1.0,1.0,1.0,1.0,4.0,5.0,2.125,6.0,8.0,4.6875
A,1,4111117759303134,3.0446,1.0,1.0,1.0,1.0,0.0,4.0,2.4835,7.0,6.0,3.1875
A,1,4111113966157827,3.7464,1.0,1.0,1.0,1.0,0.0,4.0,2.7806,9.0,6.0,3.9375
A,1,5105102702028280,2.1573,1.0,1.0,1.0,1.0,3.0,5.0,2.3994,6.0,5.0,2.6875
A,1,4111111784886684,4.7156,1.0,1.0,1.0,1.0,0.0,4.0,2.1085,5.0,6.0,4.3125
A,1,4242421196925596,3.1745,1.0,1.0,1.0,1.0,1.0,4.0,2.5306,6.0,4.0,4.4375
A,1,5555559762881715,1.6559,1.0,1.0,1.0,1.0,4.0,5.0,2.3968,7.0,7.0,5.25
A,1,5105103063165570,1.9639,1.0,1.0,1.0,1.0,3.0,5.0,2.4528,6.0,4.0,3.0
A,1,4532018211848222,2.3436,1.0,1.0,1.0,1.0,2.0,4.0,2.555,7.0,5.0,3.3125
A,1,4111116964426052,3.9951,1.0,1.0,1.0,1.0,0.0,4.0,2.555,7.0,5.0,3.3125
A,1,4111112351706412,3.8227,1.0,1.0,1.0,1.0,0.0,4.0,2.5218,8.0,7.0,2.5
A,1,4532019160488887,4.3813,1.0,1.0,1.0,1.0,2.0,4.0,3.125,10.0,4.0,4.625
A,1,4111116887251389,4.1375,1.0,1.0,1.0,1.0,0.0,4.0,2.7335,9.0,6.0,4.125
A,1,5555552823094295,1.8984,1.0,1.0,1.0,1.0,4.0,5.0,2.3496,7.0,7.0,4.625
A,1,5105100542996161,1.2367,1.0,1.0,1.0,1.0,3.0,5.0,2.6556,7.0,4.0,3.4375
A,1,4111114052438352,3.4049,1.0,1.0,1.0,1.0,0.0,4.0,2.6022,7.0,5.0,2.8125
A,1,5105102521286762,1.7295,1.0,1.0,1.0,1.0,3.0,5.0,2.6556,7.0,4.0,3.3125
A,1,4111115074379052,3.8632,1.0,1.0,1.0,1.0,0.0,4.0,2.7744,8.0,5.0,3.1875
A,1,4242421243866538,2.4284,1.0,1.0,1.0,1.0,1.0,4.0,2.625,7.0,4.0,4.0
A,1,4111115962472597,3.6835,1.0,1.0,1.0,1.0,0.0,4.0,2.6494,7.0,5.0,4.0625
A,1,4532011006457713,1.6592,1.0,1.0,1.0,1.0,2.0,4.0,2.9056,8.0,3.0,3.0625
A,1,4242425207243477,2.6714,1.0,1.0,1.0,1.0,1.0,4.0,2.2516,6.0,5.0,3.6875
A,1,4242421866347345,2.7303,1.0,1.0,1.0,1.0,1.0,4.0,2.7272,8.0,5.0,4.0625
A,1,5555554572298002,1.3449,1.0,1.0,1.0,1.0,4.0,5.0,2.3496,7.0,7.0,4.3125
A,1,4242421270349085,2.4663,1.0,1.0,1.0,1.0,1.0,4.0,2.875,9.0,4.0,3.5625
A,1,4111112857120233,4.0658,1.0,1.0,1.0,1.0,0.0,4.0,2.6085,8.0,6.0,2.625
A,1,4111115037646266,3.9126,1.0,1.0,1.0,1.0,0.0,4.0,2.6494,8.0,5.0,3.375
A,1,4111113635123614,3.0956,1.0,1.0,1.0,1.0,0.0,4.0,2.2246,6.0,7.0,2.6875
A,1,4242420767906761,2.4358,1.0,1.0,1.0,1.0,1.0,4.0,2.6863,7.0,3.0,4.1875
A,1,4242425196554173,2.4757,1.0,1.0,1.0,1.0,1.0,4.0,2.7806,8.0,4.0,4.0
A,1,4532016043787576,3.1612,1.0,1.0,1.0,1.0,2.0,4.0,3.0778,9.0,3.0,4.25
A,1,4242429968776311,3.9029,1.0,1.0,1.0,1.0,1.0,4.0,2.9056,8.0,3.0,4.6875
A,1,5105101181626093,2.0165,1.0,1.0,1.0,1.0,3.0,5.0,2.7272,8.0,5.0,3.0625
A,1,4111114637000891,3.8877,1.0,1.0,1.0,1.0,0.0,4.0,2.6085,8.0,6.0,2.9375
A,1,4242422574160129,2.8262,1.0,1.0,1.0,1.0,1.0,4.0,2.6494,8.0,5.0,3.4375
A,1,4242425481277571,3.1131,1.0,1.0,1.0,1.0,1.0,4.0,2.4528,6.0,4.0,4.0625
A,1,5105102280461044,2.3363,1.0,1.0,1.0,1.0,3.0,5.0,2.6556,7.0,4.0,2.6875
A,1,4111115125503866,3.28,1.0,1.0,1.0,1.0,0.0,4.0,2.6085,8.0,6.0,3.125
A,1,4111119922383696,4.0336,1.0,1.0,1.0,1.0,0.0,4.0,2.6022,7.0,5.0,4.125
A,1,5555558429522159,3.0901,1.0,1.0,1.0,1.0,4.0,5.0,2.0778,6.0,8.0,4.8125
A,1,4532010799240336,1.9646,1.0,1.0,1.0,1.0,2.0,4.0,3.0306,9.0,3.0,3.625
A,1,5105106775277104,1.6288,1.0,1.0,1.0,1.0,3.0,5.0,2.6085,7.0,4.0,3.625
A,1,4111112204746938,3.8684,1.0,1.0,1.0,1.0,0.0,4.0,2.8522,9.0,5.0,3.375
A,1,4111118472601895,3.9656,1.0,1.0,1.0,1.0,0.0,4.0,2.7806,9.0,6.0,3.6875
A,1,4111111285349125,2.7885,1.0,1.0,1.0,1.0,0.0,4.0,2.3968,7.0,7.0,3.0625
A,1,4532015100006953,2.3957,1.0,1.0,1.0,1.0,2.0,4.0,2.7272,8.0,5.0,2.75
A,1,4242421932443029,2.2673,1.0,1.0,1.0,1.0,1.0,4.0,2.2988,6.0,5.0,3.4375
A,1,4242426738244810,2.6996,1.0,1.0,1.0,1.0,1.0,4.0,2.6494,8.0,5.0,3.8125
A,1,4532015526104754,1.6772,1.0,1.0,1.0,1.0,2.0,4.0,2.8278,8.0,4.0,3.375
A,1,5555556910209765,2.3447,1.0,1.0,1.0,1.0,4.0,5.0,2.3968,7.0,7.0,4.6875
A,1,4242427950599642,3.7039,1.0,1.0,1.0,1.0,1.0,4.0,2.5778,7.0,4.0,4.625
A,1,4111116962449718,3.4922,1.0,1.0,1.0,1.0,0.0,4.0,2.4835,7.0,6.0,4.0625
A,1,4111115357922198,3.8268,1.0,1.0,1.0,1.0,0.0,4.0,2.6556,8.0,6.0,3.75
A,1,4532011495708188,2.2275,1.0,1.0,1.0,1.0,2.0,4.0,3.0306,9.0,3.0,4.125
A,1,4532011557311830,1.4501,1.0,1.0,1.0,1.0,2.0,4.0,2.7806,8.0,4.0,3.0625
A,1,4111119523802565,3.8684,1.0,1.0,1.0,1.0,0.0,4.0,2.8522,9.0,5.0,3.375
A,1,5555557949694845,2.1906,1.0,1.0,1.0,1.0,4.0,5.0,2.1774,6.0,7.0,5.9375
A,1,4111119207767902,3.8788,1.0,1.0,1.0,1.0,0.0,4.0,2.6022,7.0,5.0,3.625
A,1,4111119692876135,4.0321,1.0,1.0,1.0,1.0,0.0,4.0,2.7806,9.0,6.0,4.0625
A,1,4532017513680986,4.0486,1.0,1.0,1.0,1.0,2.0,4.0,3.25,10.0,2.0,4.25
A,1,4111116420516702,3.5923,1.0,1.0,1.0,1.0,0.0,4.0,2.5306,7.0,6.0,2.625
A,1,4242427771461584,3.1373,1.0,1.0,1.0,1.0,1.0,4.0,2.555,7.0,5.0,4.25
A,1,4111112329675467,3.8739,1.0,1.0,1.0,1.0,0.0,4.0,2.7744,8.0,5.0,3.75
A,1,5105103062004614,2.8533,1.0,1.0,1.0,1.0,3.0,5.0,2.6022,7.0,5.0,2.375
A,1,4242421508442884,2.0476,1.0,1.0,1.0,1.0,1.0,4.0,2.2335,6.0,6.0,3.875
A,1,5105103268939316,2.258,1.0,1.0,1.0,1.0,3.0,5.0,2.9056,8.0,3.0,3.875
A,1,4532016263167848,3.1013,1.0,1.0,1.0,1.0,2.0,4.0,3.0778,9.0,3.0,4.125
A,1,4111110711158548,3.9155,1.0,1.0,1.0,1.0,0.0,4.0,2.125,6.0,8.0,3.0625
A,1,4242427291996184,3.7039,1.0,1.0,1.0,1.0,1.0,4.0,2.5778,7.0,4.0,4.625
A,1,4111113864612303,2.898,1.0,1.0,1.0,1.0,0.0,4.0,2.4835,7.0,6.0,2.8125
A,1,5555552502901091,2.7901,1.0,1.0,1.0,1.0,4.0,5.0,2.0996,5.0,7.0,3.6875
A,1,4111114012706344,2.8892,1.0,1.0,1.0,1.0,0.0,4.0,2.4056,7.0,6.0,2.5
A,1,4242427971609644,3.214,1.0,1.0,1.0,1.0,1.0,4.0,2.6022,7.0,5.0,4.4375
A,1,4242422279240846,2.3852,1.0,1.0,1.0,1.0,1.0,4.0,2.305,7.0,6.0,3.875
A,1,4242422323368866,2.9535,1.0,1.0,1.0,1.0,1.0,4.0,2.2579,5.0,5.0,4.0625
A,1,4111115051323412,2.8549,1.0,1.0,1.0,1.0,0.0,4.0,2.2718,6.0,7.0,2.1875
A,1,4111118421815281,3.7381,1.0,1.0,1.0,1.0,0.0,4.0,1.9528,5.0,8.0,3.0625
A,1,4242422429687862,3.3268,1.0,1.0,1.0,1.0,1.0,4.0,2.2806,6.0,6.0,4.5
A,1,6011008115259563,0.4441,1.0,1.0,1.0,1.0,5.0,6.0,2.7806,8.0,4.0,3.3125
A,1,4111114369907206,3.4503,1.0,1.0,1.0,1.0,0.0,4.0,2.7744,8.0,5.0,3.4375
A,1,4111114435155673,2.5495,1.0,1.0,1.0,1.0,0.0,4.0,2.3113,6.0,6.0,3.25
A,1,4532010246474611,1.0787,1.0,1.0,1.0,1.0,2.0,4.0,2.8278,8.0,4.0,3.125
A,1,4242428268140616,3.1253,1.0,1.0,1.0,1.0,1.0,4.0,2.4528,6.0,4.0,3.75
A,1,4111118890878836,4.8535,1.0,1.0,1.0,1.0,0.0,4.0,2.5488,8.0,5.0,4.625
A,1,5105101662269553,1.4074,1.0,1.0,1.0,1.0,3.0,5.0,2.6556,7.0,4.0,3.5625
A,1,4242422768613529,2.8767,1.0,1.0,1.0,1.0,1.0,4.0,2.8522,9.0,5.0,4.1875
A,1,4242425100972909,2.6674,1.0,1.0,1.0,1.0,1.0,4.0,2.6085,7.0,4.0,3.75
A,1,4242427642180561,2.7588,1.0,1.0,1.0,1.0,1.0,4.0,2.75,8.0,4.0,3.625
A,1,4111112803251397,3.7502,1.0,1.0,1.0,1.0,0.0,4.0,2.7806,9.0,6.0,3.0625
A,1,4111111294243848,3.2459,1.0,1.0,1.0,1.0,0.0,4.0,2.2806,6.0,6.0,3.375
A,1,4111114467046691,2.7818,1.0,1.0,1.0,1.0,0.0,4.0,2.2335,6.0,6.0,3.5
A,1,4111111471904766,3.5869,1.0,1.0,1.0,1.0,0.0,4.0,2.2246,6.0,7.0,3.375
A,1,6011001452366687,0.2773,1.0,1.0,1.0,1.0,5.0,6.0,2.9056,9.0,4.0,3.5
A,1,4242429519001797,3.3882,1.0,1.0,1.0,1.0,1.0,4.0,2.7335,7.0,3.0,4.125
A,1,4532011801178308,1.6753,1.0,1.0,1.0,1.0,2.0,4.0,2.7806,8.0,4.0,3.25
A,1,4111111798534247,3.8516,1.0,1.0,1.0,1.0,0.0,4.0,2.6085,8.0,6.0,3.6875
A,1,4111118798294607,4.0002,1.0,1.0,1.0,1.0,0.0,4.0,2.7744,8.0,5.0,4.3125
A,1,4242424390852178,2.606,1.0,1.0,1.0,1.0,1.0,4.0,2.875,9.0,4.0,4.0625
A,1,4111116122150867,3.5552,1.0,1.0,1.0,1.0,0.0,4.0,2.5218,8.0,7.0,2.9375
A,1,4532019236549043,2.3969,1.0,1.0,1.0,1.0,2.0,4.0,2.9056,8.0,3.0,3.75
A,1,4111117993744572,3.9844,1.0,1.0,1.0,1.0,0.0,4.0,2.555,7.0,5.0,4.125
A,1,4111117645719014,2.7766,1.0,1.0,1.0,1.0,0.0,4.0,2.3496,7.0,7.0,3.3125
A,1,4242420553950643,2.5351,1.0,1.0,1.0,1.0,1.0,4.0,2.6556,7.0,4.0,3.625
A,1,4242428800388368,2.5266,1.0,1.0,1.0,1.0,1.0,4.0,2.43,6.0,5.0,4.375
A,1,4111110187986430,3.5501,1.0,1.0,1.0,1.0,0.0,4.0,2.6556,8.0,6.0,3.4375
A,1,5555550757360179,1.8984,1.0,1.0,1.0,1.0,4.0,5.0,2.3496,7.0,7.0,4.6875
A,1,4111111880923878,3.6443,1.0,1.0,1.0,1.0,0.0,4.0,2.5306,8.0,6.0,3.9375
A,1,5555554510647062,1.7422,1.0,1.0,1.0,1.0,4.0,5.0,2.3968,7.0,7.0,4.0625
A,1,4111114046366958,3.7994,1.0,1.0,1.0,1.0,0.0,4.0,2.68,8.0,5.0,3.75
A,1,5105108665603837,2.4949,1.0,1.0,1.0,1.0,3.0,5.0,2.7335,7.0,3.0,4.0
A,1,4532017577270542,1.235,1.0,1.0,1.0,1.0,2.0,4.0,2.6556,7.0,4.0,3.8125
A,1,4242421251942924,3.5533,1.0,1.0,1.0,1.0,1.0,4.0,2.055,5.0,6.0,3.5625
A,1,4242425364345602,2.2384,1.0,1.0,1.0,1.0,1.0,4.0,2.3994,6.0,5.0,3.5
A,1,4532016295265388,2.2874,1.0,1.0,1.0,1.0,2.0,4.0,3.0306,9.0,3.0,4.3125
A,1,4532013968159550,1.9527,1.0,1.0,1.0,1.0,2.0,4.0,3.0,9.0,4.0,4.125
A,1,5555555994809169,2.3526,1.0,1.0,1.0,1.0,4.0,5.0,2.2718,7.0,7.0,5.625
A,1,4111110816276401,2.2298,1.0,1.0,1.0,1.0,0.0,4.0,2.3968,7.0,7.0,2.75
A,1,4242422720305818,3.1227,1.0,1.0,1.0,1.0,1.0,4.0,2.7272,8.0,5.0,3.375
A,1,4242421949114761,1.7357,1.0,1.0,1.0,1.0,1.0,4.0,2.3522,6.0,5.0,3.8125
A,1,5105102745100047,2.5083,1.0,1.0,1.0,1.0,3.0,5.0,2.43,6.0,5.0,2.625
A,1,4242424424259044,3.3305,1.0,1.0,1.0,1.0,1.0,4.0,1.7744,5.0,8.0,3.5
A,1,4111115624951871,3.1534,1.0,1.0,1.0,1.0,0.0,4.0,2.5218,8.0,7.0,3.5625
A,1,4111118826823773,3.7479,1.0,1.0,1.0,1.0,0.0,4.0,2.6022,7.0,5.0,3.9375
A,1,4111117959436767,4.6709,1.0,1.0,1.0,1.0,0.0,4.0,2.6022,7.0,5.0,4.5
A,1,4111117327064622,3.7445,1.0,1.0,1.0,1.0,0.0,4.0,2.6022,7.0,5.0,3.0
A,1,4242427216716550,2.5575,1.0,1.0,1.0,1.0,1.0,4.0,2.7028,7.0,4.0,3.625
A,1,4111119879721765,3.5448,1.0,1.0,1.0,1.0,0.0,4.0,2.6085,8.0,6.0,4.375
A,1,4111115103994590,3.218,1.0,1.0,1.0,1.0,0.0,4.0,2.3585,6.0,6.0,3.375
A,1,4111118168820791,3.4372,1.0,1.0,1.0,1.0,0.0,4.0,2.4746,8.0,7.0,3.6875
A,1,4532016952667819,4.6593,1.0,1.0,1.0,1.0,2.0,4.0,3.2028,10.0,3.0,4.625
A,1,5555554998318848,2.7005,1.0,1.0,1.0,1.0,4.0,5.0,2.2806,6.0,6.0,5.75
A,1,6011008436290669,0.3731,1.0,1.0,1.0,1.0,5.0,6.0,2.75,8.0,4.0,3.8125
A,1,6011004623960685,0.3527,1.0,1.0,1.0,1.0,5.0,6.0,2.875,9.0,4.0,3.5625
A,1,4111112224272253,2.8891,1.0,1.0,1.0,1.0,0.0,4.0,2.18,6.0,6.0,2.5
A,1,4242424306226715,3.1912,1.0,1.0,1.0,1.0,1.0,4.0,2.6494,8.0,5.0,3.375
A,1,6011009664653115,1.2978,1.0,1.0,1.0,1.0,5.0,6.0,2.5778,7.0,4.0,3.375
A,1,4532013981498332,1.7176,1.0,1.0,1.0,1.0,2.0,4.0,2.875,8.0,4.0,4.0625
A,1,4532013862016724,2.2892,1.0,1.0,1.0,1.0,2.0,4.0,3.0778,9.0,3.0,3.375
A,1,4111115307945729,3.8739,1.0,1.0,1.0,1.0,0.0,4.0,2.7744,8.0,5.0,3.75
A,1,4532011369707407,2.0144,1.0,1.0,1.0,1.0,2.0,4.0,3.0306,9.0,3.0,3.6875
A,1,6011006869778366,2.1739,1.0,1.0,1.0,1.0,5.0,6.0,2.6022,7.0,5.0,4.625
A,1,4111112856454955,2.9994,1.0,1.0,1.0,1.0,0.0,4.0,2.4772,7.0,5.0,3.875
A,1,4111115474837568,4.0336,1.0,1.0,1.0,1.0,0.0,4.0,2.6022,7.0,5.0,4.125
A,1,4111114360888975,3.8205,1.0,1.0,1.0,1.0,0.0,4.0,2.8522,9.0,5.0,4.1875
A,1,4242426940322214,2.3881,1.0,1.0,1.0,1.0,1.0,4.0,2.305,7.0,6.0,3.1875
A,1,4111116252965258,3.8512,1.0,1.0,1.0,1.0,0.0,4.0,2.555,7.0,5.0,3.6875
A,1,4242423565211285,2.7883,1.0,1.0,1.0,1.0,1.0,4.0,2.555,7.0,5.0,3.5
A,1,4242423819095468,2.8685,1.0,1.0,1.0,1.0,1.0,4.0,2.9528,9.0,4.0,4.4375
A,1,4111118143472528,3.1949,1.0,1.0,1.0,1.0,0.0,4.0,2.4835,7.0,6.0,3.3125
A,1,4242421883544890,2.8106,1.0,1.0,1.0,1.0,1.0,4.0,2.68,8.0,5.0,4.25
A,1,5105107442299083,2.7429,1.0,1.0,1.0,1.0,3.0,5.0,3.0778,9.0,3.0,3.75
A,1,4111117258095678,3.4156,1.0,1.0,1.0,1.0,0.0,4.0,2.8994,9.0,5.0,4.125
A,1,5105104230851712,1.8428,1.0,1.0,1.0,1.0,3.0,5.0,2.7806,8.0,4.0,2.8125
A,1,4111116757681996,4.2697,1.0,1.0,1.0,1.0,0.0,4.0,2.4835,7.0,6.0,4.5625
A,1,4532018971540670,3.9625,1.0,1.0,1.0,1.0,2.0,4.0,3.2028,10.0,3.0,3.875
A,1,4242422190661427,2.0392,1.0,1.0,1.0,1.0,1.0,4.0,2.5244,7.0,5.0,3.5
A,1,4242427568750264,2.4478,1.0,1.0,1.0,1.0,1.0,4.0,2.625,7.0,4.0,4.25
A,1,4242428256607337,2.5045,1.0,1.0,1.0,1.0,1.0,4.0,2.8278,8.0,4.0,4.0625
A,1,4111118226915666,3.4525,1.0,1.0,1.0,1.0,0.0,4.0,2.4056,7.0,6.0,3.75
A,1,5105106965615337,1.2925,1.0,1.0,1.0,1.0,3.0,5.0,2.6556,7.0,4.0,3.9375
A,1,4111118821587480,3.4525,1.0,1.0,1.0,1.0,0.0,4.0,2.4056,7.0,6.0,3.75
A,1,4111114884696912,3.3774,1.0,1.0,1.0,1.0,0.0,4.0,2.3585,6.0,6.0,4.125
A,1,5105109396630826,2.304,1.0,1.0,1.0,1.0,3.0,5.0,2.9056,8.0,3.0,4.0
A,1,4532010489961266,3.1013,1.0,1.0,1.0,1.0,2.0,4.0,3.0778,9.0,3.0,4.125
A,1,4111110161112342,2.8854,1.0,1.0,1.0,1.0,0.0,4.0,1.9669,6.0,9.0,1.875
A,1,4242424426580272,2.5921,1.0,1.0,1.0,1.0,1.0,4.0,2.305,7.0,6.0,3.625
A,1,4532012925283685,2.076,1.0,1.0,1.0,1.0,2.0,4.0,2.9528,9.0,4.0,4.0625
A,1,4111118572720462,3.8201,1.0,1.0,1.0,1.0,0.0,4.0,2.7272,8.0,5.0,3.25
A,1,4111111859908363,3.0655,1.0,1.0,1.0,1.0,0.0,4.0,2.6556,8.0,6.0,3.8125
A,1,4111112672764041,2.7342,1.0,1.0,1.0,1.0,0.0,4.0,2.3585,6.0,6.0,3.0
A,1,4111112469283114,2.23,1.0,1.0,1.0,1.0,0.0,4.0,2.3496,7.0,7.0,3.0625
A,1,4111119670256987,3.4755,1.0,1.0,1.0,1.0,0.0,4.0,2.8994,9.0,5.0,4.25
A,1,4532012537939146,3.1418,1.0,1.0,1.0,1.0,2.0,4.0,3.0778,9.0,3.0,4.0
A,1,4111111226510660,3.0007,1.0,1.0,1.0,1.0,0.0,4.0,2.2246,6.0,7.0,2.375
A,1,4111110950161898,2.9685,1.0,1.0,1.0,1.0,0.0,4.0,2.3968,7.0,7.0,3.5
A,1,6011001595754955,1.3442,1.0,1.0,1.0,1.0,5.0,6.0,2.555,7.0,5.0,3.9375
A,1,4242420787576693,3.544,1.0,1.0,1.0,1.0,1.0,4.0,2.9835,9.0,3.0,4.75
A,1,4242423437684123,2.5721,1.0,1.0,1.0,1.0,1.0,4.0,2.4772,7.0,5.0,3.6875
A,1,4111118026455699,3.6546,1.0,1.0,1.0,1.0,0.0,4.0,2.7744,8.0,5.0,3.9375
A,1,4242422775802875,3.1638,1.0,1.0,1.0,1.0,1.0,4.0,2.43,6.0,5.0,4.3125
A,1,4111119955972233,3.7479,1.0,1.0,1.0,1.0,0.0,4.0,2.6022,7.0,5.0,3.9375
A,1,4111111744397194,3.4562,1.0,1.0,1.0,1.0,0.0,4.0,2.0218,5.0,7.0,3.625
A,1,4111110680778839,3.7298,1.0,1.0,1.0,1.0,0.0,4.0,2.7272,8.0,5.0,4.0625
A,1,4242427479977170,1.9026,1.0,1.0,1.0,1.0,1.0,4.0,2.3522,6.0,5.0,4.75
A,1,6011001414816175,1.4253,1.0,1.0,1.0,1.0,5.0,6.0,2.4835,7.0,6.0,2.875
A,1,5105107825123868,2.0458,1.0,1.0,1.0,1.0,3.0,5.0,2.8585,8.0,3.0,3.875
A,1,4111115387602356,3.6163,1.0,1.0,1.0,1.0,0.0,4.0,2.8994,9.0,5.0,3.375
A,1,4242422022859348,2.1761,1.0,1.0,1.0,1.0,1.0,4.0,2.4056,7.0,6.0,3.8125
A,1,4242426016973502,2.6413,1.0,1.0,1.0,1.0,1.0,4.0,2.9528,9.0,4.0,3.5625
A,1,5105108066718945,2.0513,1.0,1.0,1.0,1.0,3.0,5.0,2.8585,8.0,3.0,4.125
A,1,4111117437084627,3.6107,1.0,1.0,1.0,1.0,0.0,4.0,2.68,8.0,5.0,3.5625
A,1,4242423169083619,3.2755,1.0,1.0,1.0,1.0,1.0,4.0,2.9056,8.0,3.0,4.0
A,1,4532012463308142,1.5459,1.0,1.0,1.0,1.0,2.0,4.0,2.8585,8.0,3.0,3.0
A,1,4111110774761857,2.8454,1.0,1.0,1.0,1.0,0.0,4.0,2.4056,7.0,6.0,3.8125
A,1,5105101011566089,1.1504,1.0,1.0,1.0,1.0,3.0,5.0,2.3522,6.0,5.0,3.0625
A,1,4111111634770369,3.2611,1.0,1.0,1.0,1.0,0.0,4.0,2.5306,7.0,6.0,3.4375
A,1,4111117599542404,3.0523,1.0,1.0,1.0,1.0,0.0,4.0,2.5244,7.0,5.0,3.625
A,1,4242425029793147,2.6447,1.0,1.0,1.0,1.0,1.0,4.0,2.75,8.0,4.0,4.0625
A,1,5105102482956221,1.6158,1.0,1.0,1.0,1.0,3.0,5.0,2.7806,8.0,4.0,3.3125
A,1,4242428856809556,2.7922,1.0,1.0,1.0,1.0,1.0,4.0,2.6863,7.0,3.0,4.875
A,1,4532016066941720,1.3751,1.0,1.0,1.0,1.0,2.0,4.0,3.0306,9.0,3.0,3.5
A,1,4242420141178913,2.8416,1.0,1.0,1.0,1.0,1.0,4.0,2.7028,8.0,4.0,3.3125
A,1,4111116254487723,3.5902,1.0,1.0,1.0,1.0,0.0,4.0,2.7272,8.0,5.0,3.5625
A,1,4111119018832549,3.7769,1.0,1.0,1.0,1.0,0.0,4.0,2.6556,8.0,6.0,3.625
A,1,4242422586889020,2.9849,1.0,1.0,1.0,1.0,1.0,4.0,2.555,7.0,5.0,4.125
A,1,4532015382699087,4.4926,1.0,1.0,1.0,1.0,2.0,4.0,3.25,10.0,2.0,4.5
A,1,4242425724677306,2.8746,1.0,1.0,1.0,1.0,1.0,4.0,2.5778,7.0,4.0,4.0625
A,1,4111110612909122,3.0956,1.0,1.0,1.0,1.0,0.0,4.0,2.2246,6.0,7.0,2.5625
A,1,4111117777758533,3.795,1.0,1.0,1.0,1.0,0.0,4.0,2.2988,6.0,5.0,4.25
A,1,4111115506072945,3.8201,1.0,1.0,1.0,1.0,0.0,4.0,2.7272,8.0,5.0,3.25
A,1,4111116869728388,4.4602,1.0,1.0,1.0,1.0,0.0,4.0,2.6494,8.0,5.0,4.625
A,1,4532014877370163,2.0673,1.0,1.0,1.0,1.0,2.0,4.0,3.0306,9.0,3.0,3.8125
A,1,4242429683262225,1.9344,1.0,1.0,1.0,1.0,1.0,4.0,2.3496,7.0,7.0,3.9375
A,1,4111113340809713,3.4045,1.0,1.0,1.0,1.0,0.0,4.0,2.4835,7.0,6.0,2.9375
A,1,6011009648291230,0.4531,1.0,1.0,1.0,1.0,5.0,6.0,2.8278,8.0,4.0,3.25
A,1,4111111689489311,4.4395,1.0,1.0,1.0,1.0,0.0,4.0,2.125,6.0,8.0,3.6875
A,1,4111114970666670,3.2835,1.0,1.0,1.0,1.0,0.0,4.0,2.3994,6.0,5.0,3.75
A,1,5105108879752982,2.5786,1.0,1.0,1.0,1.0,3.0,5.0,2.7806,7.0,3.0,4.8125
A,1,4532017314335939,2.0045,1.0,1.0,1.0,1.0,2.0,4.0,2.7744,8.0,5.0,3.875
A,1,6011008529354562,0.9129,1.0,1.0,1.0,1.0,5.0,6.0,3.0306,9.0,3.0,3.5625
A,1,5105104257581218,1.3192,1.0,1.0,1.0,1.0,3.0,5.0,2.625,7.0,4.0,3.4375
A,1,4111117743717639,3.3843,1.0,1.0,1.0,1.0,0.0,4.0,2.2806,6.0,6.0,3.9375
A,1,4111118317508198,3.4372,1.0,1.0,1.0,1.0,0.0,4.0,2.4746,8.0,7.0,3.6875
A,1,4242420957101595,3.3321,1.0,1.0,1.0,1.0,1.0,4.0,2.7335,7.0,3.0,3.75
A,1,4111113489987320,3.4653,1.0,1.0,1.0,1.0,0.0,4.0,2.7744,8.0,5.0,3.875
A,1,4242421624058580,2.4787,1.0,1.0,1.0,1.0,1.0,4.0,2.625,7.0,4.0,3.5625
A,1,4111116758539979,4.0164,1.0,1.0,1.0,1.0,0.0,4.0,2.7272,8.0,5.0,4.8125
A,1,5555554958062915,1.7798,1.0,1.0,1.0,1.0,4.0,5.0,2.375,8.0,8.0,4.9375
A,1,4111113442201025,2.0333,1.0,1.0,1.0,1.0,0.0,4.0,2.3113,6.0,6.0,2.0
A,1,4111115441705997,3.2876,1.0,1.0,1.0,1.0,0.0,4.0,2.3585,6.0,6.0,3.75
A,1,4532019340569432,2.3969,1.0,1.0,1.0,1.0,2.0,4.0,2.9056,8.0,3.0,3.75
A,1,4111117691451611,2.8961,1.0,1.0,1.0,1.0,0.0,4.0,1.9669,6.0,9.0,3.125
A,1,4242423336860576,3.118,1.0,1.0,1.0,1.0,1.0,4.0,2.8113,8.0,3.0,4.0625
A,1,5105101140483073,2.4188,1.0,1.0,1.0,1.0,3.0,5.0,2.625,7.0,4.0,2.6875
A,1,4532016697358484,4.6593,1.0,1.0,1.0,1.0,2.0,4.0,3.2028,10.0,3.0,4.6875
A,1,4111115191838642,3.0423,1.0,1.0,1.0,1.0,0.0,4.0,2.5218,8.0,7.0,3.5
A,1,4111118627807165,3.8268,1.0,1.0,1.0,1.0,0.0,4.0,2.6556,8.0,6.0,3.6875
A,1,4532012382423212,1.8105,1.0,1.0,1.0,1.0,2.0,4.0,2.4835,7.0,6.0,2.75
A,1,4242429151413250,2.7082,1.0,1.0,1.0,1.0,1.0,4.0,2.5778,7.0,4.0,3.0625
A,1,4242427648648611,3.1638,1.0,1.0,1.0,1.0,1.0,4.0,2.43,6.0,5.0,4.3125
A,1,4242427571658058,2.8711,1.0,1.0,1.0,1.0,1.0,4.0,2.8585,8.0,3.0,4.375
A,1,4111114797958367,4.4149,1.0,1.0,1.0,1.0,0.0,4.0,2.7272,8.0,5.0,4.625
A,1,5105107781419722,1.6364,1.0,1.0,1.0,1.0,3.0,5.0,2.8278,8.0,4.0,3.75
A,1,5555556643721086,2.58,1.0,1.0,1.0,1.0,4.0,5.0,2.7335,9.0,6.0,4.5625
A,1,4111118258665965,4.1368,1.0,1.0,1.0,1.0,0.0,4.0,2.555,7.0,5.0,4.3125
A,1,4242426837672374,2.9735,1.0,1.0,1.0,1.0,1.0,4.0,2.4528,6.0,4.0,4.4375
A,1,5555551428614457,1.7316,1.0,1.0,1.0,1.0,4.0,5.0,2.3496,7.0,7.0,4.5
A,1,4111119767339514,3.5527,1.0,1.0,1.0,1.0,0.0,4.0,2.5306,7.0,6.0,3.9375
A,1,4242420678571043,2.83,1.0,1.0,1.0,1.0,1.0,4.0,2.9528,9.0,4.0,3.6875
A,1,4242426650176354,2.2771,1.0,1.0,1.0,1.0,1.0,4.0,2.7806,8.0,4.0,3.8125
A,1,4111117061211801,2.1054,1.0,1.0,1.0,1.0,0.0,4.0,2.0919,7.0,9.0,2.25
A,1,4111118060379706,3.4791,1.0,1.0,1.0,1.0,0.0,4.0,2.7272,8.0,5.0,3.4375
A,1,4532013659304259,2.3697,1.0,1.0,1.0,1.0,2.0,4.0,2.9056,8.0,3.0,3.8125
A,1,4242420920203668,3.1765,1.0,1.0,1.0,1.0,1.0,4.0,2.555,7.0,5.0,3.375
A,1,4111117488778085,2.2938,1.0,1.0,1.0,1.0,0.0,4.0,2.3522,6.0,5.0,4.4375
A,1,4111117902664333,3.8201,1.0,1.0,1.0,1.0,0.0,4.0,2.7272,8.0,5.0,3.25
A,1,4111113092698660,3.7291,1.0,1.0,1.0,1.0,0.0,4.0,2.7272,8.0,5.0,3.625
A,1,5555557197569491,1.6628,1.0,1.0,1.0,1.0,4.0,5.0,2.2246,6.0,7.0,5.5
A,1,4111111144064279,2.8397,1.0,1.0,1.0,1.0,0.0,4.0,2.2718,7.0,7.0,2.9375
A,1,4532013393101813,2.5194,1.0,1.0,1.0,1.0,2.0,4.0,2.6494,8.0,5.0,2.9375
A,1,4111115710754866,3.5296,1.0,1.0,1.0,1.0,0.0,4.0,2.5306,7.0,6.0,3.625
A,1,4242424363126022,2.4102,1.0,1.0,1.0,1.0,1.0,4.0,2.2806,6.0,6.0,2.9375
A,1,4111111864908952,3.0655,1.0,1.0,1.0,1.0,0.0,4.0,2.6556,8.0,6.0,3.8125
A,1,4111118664149919,4.7057,1.0,1.0,1.0,1.0,0.0,4.0,2.0524,5.0,7.0,4.125
A,1,4242423629594551,2.6491,1.0,1.0,1.0,1.0,1.0,4.0,2.5778,7.0,4.0,4.1875
A,1,4111119568270124,3.9907,1.0,1.0,1.0,1.0,0.0,4.0,2.7806,9.0,6.0,3.3125
A,1,4111115926308127,2.2114,1.0,1.0,1.0,1.0,0.0,4.0,2.9056,10.0,6.0,3.25
A,1,4111112787099853,3.1901,1.0,1.0,1.0,1.0,0.0,4.0,2.8994,9.0,5.0,4.1875
A,1,5555559575051662,3.0026,1.0,1.0,1.0,1.0,4.0,5.0,2.0919,7.0,9.0,4.75
A,1,4532014152353082,1.9517,1.0,1.0,1.0,1.0,2.0,4.0,2.7335,7.0,3.0,3.0
A,1,4242421985953411,2.3459,1.0,1.0,1.0,1.0,1.0,4.0,2.6556,7.0,4.0,4.0
A,1,4242423099960332,2.4296,1.0,1.0,1.0,1.0,1.0,4.0,2.4835,6.0,4.0,3.875
A,1,4532014221969694,2.0922,1.0,1.0,1.0,1.0,2.0,4.0,2.8585,8.0,3.0,4.1875
A,1,4532017881186434,2.7768,1.0,1.0,1.0,1.0,2.0,4.0,2.9835,9.0,3.0,4.0625
A,1,5105108042308845,1.6017,1.0,1.0,1.0,1.0,3.0,5.0,2.6556,7.0,4.0,3.375
A,1,4111115272563689,2.9405,1.0,1.0,1.0,1.0,0.0,4.0,2.8994,9.0,5.0,3.875
A,1,4111118733904997,4.186,1.0,1.0,1.0,1.0,0.0,4.0,2.6022,7.0,5.0,4.25
A,1,4242428613146797,2.2468,1.0,1.0,1.0,1.0,1.0,4.0,2.8278,8.0,4.0,4.375
A,1,4111112739730365,3.8684,1.0,1.0,1.0,1.0,0.0,4.0,2.8522,9.0,5.0,3.375
A,1,4242428741817194,3.1638,1.0,1.0,1.0,1.0,1.0,4.0,2.43,6.0,5.0,4.25
A,1,6011001594755862,1.731,1.0,1.0,1.0,1.0,5.0,6.0,2.9835,9.0,3.0,3.75
A,1,6011006607386266,1.3455,1.0,1.0,1.0,1.0,5.0,6.0,2.4056,7.0,6.0,3.625
A,1,4111111855539873,3.2065,1.0,1.0,1.0,1.0,0.0,4.0,2.4835,7.0,6.0,3.9375
A,1,4532019112467872,3.9625,1.0,1.0,1.0,1.0,2.0,4.0,3.1556,10.0,3.0,3.875
A,1,4111112013516175,3.493,1.0,1.0,1.0,1.0,0.0,4.0,2.375,8.0,8.0,2.5
A,1,4532010605395670,1.4787,1.0,1.0,1.0,1.0,2.0,4.0,2.9528,9.0,4.0,3.5
A,1,5105109267020404,2.5589,1.0,1.0,1.0,1.0,3.0,5.0,2.7744,8.0,5.0,2.875
A,1,4111113691593262,3.2611,1.0,1.0,1.0,1.0,0.0,4.0,2.5306,7.0,6.0,3.4375
A,1,4111118197226580,3.7769,1.0,1.0,1.0,1.0,0.0,4.0,2.7806,9.0,6.0,3.5625
A,1,4111110422621230,1.9686,1.0,1.0,1.0,1.0,0.0,4.0,2.2806,6.0,6.0,1.9375
A,1,5555553511789733,2.7886,1.0,1.0,1.0,1.0,4.0,5.0,2.2246,6.0,7.0,4.8125
A,1,4111113412237850,3.3032,1.0,1.0,1.0,1.0,0.0,4.0,2.6556,8.0,6.0,2.75
A,1,5105102855902638,1.6364,1.0,1.0,1.0,1.0,3.0,5.0,2.8278,8.0,4.0,3.75
A,1,5555553238066100,1.5235,1.0,1.0,1.0,1.0,4.0,5.0,2.4835,7.0,6.0,3.6875
A,1,4111113789028593,3.1299,1.0,1.0,1.0,1.0,0.0,4.0,2.8994,9.0,5.0,3.9375
A,1,4111113048985880,2.8424,1.0,1.0,1.0,1.0,0.0,4.0,2.5244,7.0,5.0,3.875
A,1,4111112438928526,3.7291,1.0,1.0,1.0,1.0,0.0,4.0,2.7272,8.0,5.0,3.625
A,1,4111117256219353,3.8152,1.0,1.0,1.0,1.0,0.0,4.0,2.6556,8.0,6.0,3.25
A,1,4242426826971993,2.6351,1.0,1.0,1.0,1.0,1.0,4.0,2.7806,8.0,4.0,4.875
A,1,4532016087827767,2.6924,1.0,1.0,1.0,1.0,2.0,4.0,3.0,9.0,4.0,4.5625
A,1,4532012623928425,2.342,1.0,1.0,1.0,1.0,2.0,4.0,2.8994,9.0,5.0,3.625
A,1,5105106917160200,1.8091,1.0,1.0,1.0,1.0,3.0,5.0,2.5244,7.0,5.0,2.75
A,1,5105109551015268,1.6244,1.0,1.0,1.0,1.0,3.0,5.0,2.4772,7.0,5.0,3.375
A,1,4532018105031232,2.0513,1.0,1.0,1.0,1.0,2.0,4.0,2.6863,7.0,3.0,2.5
A,1,4111113294105233,3.6393,1.0,1.0,1.0,1.0,0.0,4.0,2.4835,7.0,6.0,2.5625
A,1,4111117043019058,3.757,1.0,1.0,1.0,1.0,0.0,4.0,2.6085,8.0,6.0,2.875
A,1,4111114692179002,3.3194,1.0,1.0,1.0,1.0,0.0,4.0,2.5306,7.0,6.0,3.0625
A,1,5105101434437231,1.8007,1.0,1.0,1.0,1.0,3.0,5.0,2.6556,7.0,4.0,2.75
A,1,4111117658493762,3.4156,1.0,1.0,1.0,1.0,0.0,4.0,2.8994,9.0,5.0,4.125
A,1,4111118811233285,2.8209,1.0,1.0,1.0,1.0,0.0,4.0,2.2246,6.0,7.0,3.125
A,1,4111119619504778,3.7776,1.0,1.0,1.0,1.0,0.0,4.0,2.6556,8.0,6.0,4.0625
A,1,5105109104003167,2.8962,1.0,1.0,1.0,1.0,3.0,5.0,2.6494,8.0,5.0,2.6875
A,1,4111118314920081,2.2829,1.0,1.0,1.0,1.0,0.0,4.0,2.3968,7.0,7.0,2.8125
A,1,4111117991336892,3.8025,1.0,1.0,1.0,1.0,0.0,4.0,2.6085,8.0,6.0,4.125
A,1,5555555826093446,2.0916,1.0,1.0,1.0,1.0,4.0,5.0,2.5218,8.0,7.0,4.8125
A,1,4532010515405825,1.6543,1.0,1.0,1.0,1.0,2.0,4.0,2.6022,7.0,5.0,3.125
A,1,5105109047775301,1.3192,1.0,1.0,1.0,1.0,3.0,5.0,2.6085,7.0,4.0,3.4375
A,1,4242424893012627,3.2642,1.0,1.0,1.0,1.0,1.0,4.0,2.7744,9.0,5.0,3.75
A,1,5555555048932488,1.6615,1.0,1.0,1.0,1.0,4.0,5.0,2.3496,7.0,7.0,5.0625
A,1,5105108399200215,1.6401,1.0,1.0,1.0,1.0,3.0,5.0,2.6556,7.0,4.0,3.1875
A,1,4532018991095796,3.9585,1.0,1.0,1.0,1.0,2.0,4.0,3.125,10.0,4.0,4.875
A,1,4111113655436474,2.9421,1.0,1.0,1.0,1.0,0.0,4.0,2.3994,6.0,5.0,3.5
A,1,4111110687385877,3.8101,1.0,1.0,1.0,1.0,0.0,4.0,2.68,8.0,5.0,4.25
A,1,4111113512595207,3.7208,1.0,1.0,1.0,1.0,0.0,4.0,2.6085,8.0,6.0,3.0
A,1,5555559696326282,1.3945,1.0,1.0,1.0,1.0,4.0,5.0,2.3113,6.0,6.0,5.1875
A,1,5105102438413863,2.1726,1.0,1.0,1.0,1.0,3.0,5.0,2.9056,8.0,3.0,3.375
A,1,4111116604146094,3.6467,1.0,1.0,1.0,1.0,0.0,4.0,2.1085,5.0,6.0,3.0625
A,1,4111117957565393,4.186,1.0,1.0,1.0,1.0,0.0,4.0,2.6022,7.0,5.0,4.25
A,1,4111119233174677,3.1833,1.0,1.0,1.0,1.0,0.0,4.0,2.4835,7.0,6.0,3.625
A,1,4242424314771942,2.6988,1.0,1.0,1.0,1.0,1.0,4.0,2.2806,6.0,6.0,3.75
A,1,4111115117972525,3.5778,1.0,1.0,1.0,1.0,0.0,4.0,2.2246,6.0,7.0,3.3125
A,1,6011003327331466,1.4322,1.0,1.0,1.0,1.0,5.0,6.0,2.6085,7.0,4.0,2.875
A,1,4242429524489334,2.8419,1.0,1.0,1.0,1.0,1.0,4.0,2.2806,6.0,6.0,4.3125
A,1,5555555051673839,2.7275,1.0,1.0,1.0,1.0,4.0,5.0,2.375,8.0,8.0,4.8125
A,1,4111113703998616,3.0655,1.0,1.0,1.0,1.0,0.0,4.0,2.6556,8.0,6.0,3.8125
A,1,4532013344965100,1.2144,1.0,1.0,1.0,1.0,2.0,4.0,2.8585,8.0,3.0,3.125
A,1,4532013782488474,1.4358,1.0,1.0,1.0,1.0,2.0,4.0,2.8278,8.0,4.0,4.375
A,1,4242421136918875,3.2565,1.0,1.0,1.0,1.0,1.0,4.0,2.9835,9.0,3.0,4.1875
A,1,4242428903614207,2.6052,1.0,1.0,1.0,1.0,1.0,4.0,2.875,9.0,4.0,3.625
A,1,5555550734902697,2.0046,1.0,1.0,1.0,1.0,4.0,5.0,2.6556,8.0,6.0,4.8125
A,1,4242424471207698,2.7756,1.0,1.0,1.0,1.0,1.0,4.0,2.6494,8.0,5.0,4.125
A,1,4111117146139456,2.5369,1.0,1.0,1.0,1.0,0.0,4.0,2.3496,7.0,7.0,3.4375
A,1,4111112237901310,2.2476,1.0,1.0,1.0,1.0,0.0,4.0,2.3968,7.0,7.0,2.3125
A,1,4111113900687855,3.2342,1.0,1.0,1.0,1.0,0.0,4.0,2.8994,9.0,5.0,3.75
A,1,5555557073726025,2.4705,1.0,1.0,1.0,1.0,4.0,5.0,2.2246,6.0,7.0,4.3125
A,1,4532011340647318,2.6322,1.0,1.0,1.0,1.0,2.0,4.0,2.9835,9.0,3.0,3.25
A,1,4532016102813339,1.983,1.0,1.0,1.0,1.0,2.0,4.0,2.9528,9.0,4.0,3.1875
A,1,4111116344429123,2.8374,1.0,1.0,1.0,1.0,0.0,4.0,2.2806,6.0,6.0,2.9375
A,1,4242420253772636,3.2416,1.0,1.0,1.0,1.0,1.0,4.0,2.6022,7.0,5.0,3.6875
A,1,4532014609755533,1.9506,1.0,1.0,1.0,1.0,2.0,4.0,2.9528,9.0,4.0,3.875
A,1,6011001973643028,0.8108,1.0,1.0,1.0,1.0,5.0,6.0,2.9528,9.0,4.0,3.1875
A,1,4242428809104311,2.736,1.0,1.0,1.0,1.0,1.0,4.0,2.6556,7.0,4.0,3.3125
A,0,5555559575960466,0.6219,1.0,1.0,1.0,1.0,4.0,5.0,2.0778,6.0,8.0,5.4375
A,0,4111116328178949,-6.7409,1.0,1.0,0.0,1.0,0.0,4.0,2.6556,8.0,6.0,4.125
A,0,5105104069489182,-7.0322,1.0,1.0,0.0,1.0,3.0,5.0,2.9056,8.0,3.0,3.9375
A,0,4532012743422885,-7.1822,1.0,1.0,0.0,1.0,2.0,4.0,2.8278,8.0,4.0,3.75
A,0,4242421993186285,2.2468,1.0,1.0,1.0,1.0,1.0,4.0,2.8278,8.0,4.0,4.375
A,0,5555552491829112,-6.9824,1.0,1.0,0.0,1.0,4.0,5.0,2.3113,6.0,6.0,4.3125
A,0,5105104920426130,2.2385,1.0,1.0,1.0,1.0,3.0,5.0,2.8278,8.0,4.0,2.6875
A,0,4242427175328322,2.4963,1.0,1.0,1.0,1.0,1.0,4.0,2.4835,7.0,6.0,3.625
A,0,5105105846020027,-6.8083,1.0,1.0,0.0,1.0,3.0,5.0,2.7272,8.0,5.0,2.875
A,0,4111111888327862,-6.3892,1.0,1.0,0.0,1.0,0.0,4.0,2.4056,7.0,6.0,3.875
A,0,5105105969329919,-7.7401,1.0,1.0,0.0,1.0,3.0,5.0,2.555,7.0,5.0,4.625
A,0,6011007992732137,-7.3192,1.0,1.0,0.0,1.0,5.0,6.0,2.7335,7.0,3.0,3.625
A,0,5555551705142084,-6.7585,1.0,1.0,0.0,1.0,4.0,5.0,2.3968,7.0,7.0,3.875
A,0,5105106412815289,-7.3498,1.0,1.0,0.0,1.0,3.0,5.0,2.8278,8.0,4.0,3.625
A,0,4242429149315958,-7.7134,1.0,1.0,0.0,1.0,1.0,4.0,2.6556,7.0,4.0,4.5
A,0,4111113062283357,-7.0142,1.0,1.0,0.0,1.0,0.0,4.0,2.8522,9.0,5.0,3.0
A,0,4111119039278020,-6.8237,1.0,1.0,0.0,1.0,0.0,4.0,2.7272,8.0,5.0,3.0625
A,0,6011007566550013,-7.1585,1.0,1.0,0.0,1.0,5.0,6.0,2.3829,6.0,5.0,2.875
A,0,5105108290288622,-7.5434,1.0,1.0,0.0,1.0,3.0,5.0,2.6556,7.0,4.0,3.6875
A,0,4111111884880784,-7.5941,1.0,1.0,0.0,1.0,0.0,4.0,2.0079,5.0,6.0,4.0625
A,0,4242429936729616,2.4812,1.0,1.0,1.0,1.0,1.0,4.0,2.6085,7.0,4.0,4.75
A,0,4242426157691528,-6.934,1.0,1.0,0.0,1.0,1.0,4.0,2.8278,8.0,4.0,4.25
A,0,5105108962106561,-7.5348,1.0,1.0,0.0,1.0,3.0,5.0,2.6085,7.0,4.0,3.5
A,0,4242420505802945,-6.9487,1.0,1.0,0.0,1.0,1.0,4.0,2.4056,6.0,4.0,3.5
A,0,6011009096004568,-7.551,1.0,1.0,0.0,1.0,5.0,6.0,2.4835,7.0,6.0,3.4375
A,0,4111118481831696,-6.1346,1.0,1.0,0.0,1.0,0.0,4.0,2.2246,6.0,7.0,3.9375
A,0,6011006938180064,-7.2788,1.0,1.0,0.0,1.0,5.0,6.0,2.555,7.0,5.0,3.3125
A,0,5555552428727533,-7.374,1.0,1.0,0.0,1.0,4.0,5.0,2.2246,6.0,7.0,4.5625
A,0,5105108676038623,-6.993,1.0,1.0,0.0,1.0,3.0,5.0,2.9056,8.0,3.0,3.8125
A,0,6011009268453607,1.8786,1.0,1.0,1.0,1.0,5.0,6.0,3.0778,10.0,4.0,3.625
A,0,5105105152963290,-7.8129,1.0,1.0,0.0,1.0,3.0,5.0,2.6556,7.0,4.0,3.375
A,0,6011002740976286,-7.5011,1.0,1.0,0.0,1.0,5.0,6.0,2.8278,8.0,4.0,3.6875
A,0,4242426573557771,2.4754,1.0,1.0,1.0,1.0,1.0,4.0,2.6085,7.0,4.0,4.4375
A,0,4532012163024242,-6.6892,1.0,1.0,0.0,1.0,2.0,4.0,2.6022,7.0,5.0,2.5625
A,0,4242422411369341,-7.6213,1.0,1.0,0.0,1.0,1.0,4.0,2.3522,6.0,5.0,3.25
A,0,4111111489235501,-6.6608,1.0,1.0,0.0,1.0,0.0,4.0,2.5218,8.0,7.0,2.9375
A,0,4242426725043646,-6.8212,1.0,1.0,0.0,1.0,1.0,4.0,2.4772,7.0,5.0,3.8125
A,0,5555554331538982,-8.3684,1.0,1.0,0.0,1.0,4.0,5.0,2.3496,7.0,7.0,4.75
A,0,4242422003436969,-7.0342,1.0,1.0,0.0,1.0,1.0,4.0,2.5,6.0,4.0,3.75
A,0,4111111046175418,-7.3826,1.0,1.0,0.0,1.0,0.0,4.0,2.2028,7.0,8.0,2.875
A,0,4111118097286204,-6.8585,1.0,1.0,0.0,1.0,0.0,4.0,2.7744,8.0,5.0,3.4375
A,0,5105107648691539,1.67,1.0,1.0,1.0,1.0,3.0,5.0,3.0306,9.0,3.0,4.375
A,0,4532017046033656,-7.4083,1.0,1.0,0.0,1.0,2.0,4.0,2.8585,8.0,3.0,3.4375
A,0,4532019733143570,-7.3918,1.0,1.0,0.0,1.0,2.0,4.0,2.875,8.0,4.0,3.5625
A,0,5555557447166567,-8.7616,1.0,1.0,0.0,1.0,4.0,5.0,2.0524,5.0,7.0,5.1875
A,0,4532013240968214,-7.8728,1.0,1.0,0.0,1.0,2.0,4.0,3.0306,9.0,3.0,3.375
A,0,4111113180231021,-8.3658,1.0,1.0,0.0,1.0,0.0,4.0,2.125,6.0,8.0,1.875
A,0,5105105729366602,-7.3651,1.0,1.0,0.0,1.0,3.0,5.0,2.8585,8.0,3.0,3.625
A,0,5555556598589177,-8.1824,1.0,1.0,0.0,1.0,4.0,5.0,2.125,6.0,8.0,5.9375
A,0,4242425539565049,-6.4263,1.0,1.0,0.0,1.0,1.0,4.0,2.5778,7.0,4.0,4.3125
A,0,4242426035328607,-7.112,1.0,1.0,0.0,1.0,1.0,4.0,2.8278,8.0,4.0,3.625
A,0,4111117879455174,-6.8899,1.0,1.0,0.0,1.0,0.0,4.0,2.3113,6.0,6.0,4.125
A,0,5105104286717464,-6.993,1.0,1.0,0.0,1.0,3.0,5.0,2.9056,8.0,3.0,3.8125
A,0,4242424591412346,-6.9172,1.0,1.0,0.0,1.0,1.0,4.0,2.4056,7.0,6.0,3.5625
A,0,5105103512919637,-7.3498,1.0,1.0,0.0,1.0,3.0,5.0,2.8278,8.0,4.0,3.625
A,0,4242428697703933,-7.6989,1.0,1.0,0.0,1.0,1.0,4.0,2.8585,8.0,3.0,4.5625
A,0,4111119411758400,-7.3907,1.0,1.0,0.0,1.0,0.0,4.0,2.3496,7.0,7.0,3.0
A,0,5105105568531912,-7.0752,1.0,1.0,0.0,1.0,3.0,5.0,2.6494,8.0,5.0,3.5625
A,0,5555559184179646,-7.9687,1.0,1.0,0.0,1.0,4.0,5.0,2.5306,7.0,6.0,5.3125
A,0,4532015002830308,-6.7941,1.0,1.0,0.0,1.0,2.0,4.0,2.6022,7.0,5.0,2.75
A,0,4532014514143450,-6.6933,1.0,1.0,0.0,1.0,2.0,4.0,2.43,6.0,5.0,2.875
A,0,6011005329779380,-7.5558,1.0,1.0,0.0,1.0,5.0,6.0,3.0,9.0,4.0,3.8125
A,0,4242428974801398,-7.9267,1.0,1.0,0.0,1.0,1.0,4.0,2.7806,8.0,4.0,4.6875
A,0,5555559901498782,-8.0887,1.0,1.0,0.0,1.0,4.0,5.0,2.6085,8.0,6.0,5.4375
A,0,6011009674392795,1.2425,1.0,1.0,1.0,1.0,5.0,6.0,3.0306,9.0,3.0,4.3125
A,0,6011005267439947,-7.1168,1.0,1.0,0.0,1.0,5.0,6.0,3.0778,9.0,3.0,4.0
A,0,5555559093089532,-7.3785,1.0,1.0,0.0,1.0,4.0,5.0,2.2246,6.0,7.0,4.875
A,0,4111113292524318,-6.9784,1.0,1.0,0.0,1.0,0.0,4.0,2.4835,7.0,6.0,3.0
A,0,4532016677233051,-7.5686,1.0,1.0,0.0,1.0,2.0,4.0,2.9528,8.0,3.0,3.4375
A,0,5555555462877354,-8.5369,1.0,1.0,0.0,1.0,4.0,5.0,2.25,7.0,8.0,5.0625
A,0,4532015564927035,-7.1365,1.0,1.0,0.0,1.0,2.0,4.0,3.0,9.0,4.0,3.8125
A,0,4111110885267078,-6.7558,1.0,1.0,0.0,1.0,0.0,4.0,2.7272,8.0,5.0,3.75
A,0,5105105168250909,-7.1111,1.0,1.0,0.0,1.0,3.0,5.0,2.5778,7.0,4.0,3.5625
A,0,4242420901471288,-7.1407,1.0,1.0,0.0,1.0,1.0,4.0,2.625,7.0,4.0,3.625
A,0,5555555989187957,-9.1072,1.0,1.0,0.0,1.0,4.0,5.0,1.9528,5.0,8.0,6.125
A,0,4111114187334008,-6.9415,1.0,1.0,0.0,1.0,0.0,4.0,2.3585,6.0,6.0,2.9375
A,0,4111110281192575,-6.8277,1.0,1.0,0.0,1.0,0.0,4.0,2.5218,8.0,7.0,3.0625
A,0,5105108935874240,-7.0637,1.0,1.0,0.0,1.0,3.0,5.0,3.0306,9.0,3.0,3.875
A,0,6011005798882626,-6.9969,1.0,1.0,0.0,1.0,5.0,6.0,2.8585,8.0,3.0,4.3125
A,0,5105105072975256,-6.9854,1.0,1.0,0.0,1.0,3.0,5.0,2.6022,7.0,5.0,3.75
A,0,6011000119335108,-7.3597,1.0,1.0,0.0,1.0,5.0,6.0,2.4238,7.0,5.0,2.4375
A,0,6011001190514249,-7.3748,1.0,1.0,0.0,1.0,5.0,6.0,2.5244,7.0,5.0,2.75
A,0,5105105581793154,-7.0897,1.0,1.0,0.0,1.0,3.0,5.0,2.6494,8.0,5.0,3.75
A,0,5555551518132906,-6.896,1.0,1.0,0.0,1.0,4.0,5.0,2.4746,8.0,7.0,4.125
A,0,4242424545504632,-7.5944,1.0,1.0,0.0,1.0,1.0,4.0,2.2335,6.0,6.0,3.5
A,0,4242424109830427,-6.885,1.0,1.0,0.0,1.0,1.0,4.0,2.6494,8.0,5.0,3.5
A,0,5555555336478727,-8.3505,1.0,1.0,0.0,1.0,4.0,5.0,2.3496,7.0,7.0,5.125
A,0,4532013414410961,1.6983,1.0,1.0,1.0,1.0,2.0,4.0,2.75,8.0,4.0,3.0
A,0,5105100198050597,-7.4958,1.0,1.0,0.0,1.0,3.0,5.0,2.3522,6.0,5.0,3.5
A,0,4111110407686535,-6.879,1.0,1.0,0.0,1.0,0.0,4.0,2.7744,8.0,5.0,3.3125
A,0,4111114904420340,-7.5725,1.0,1.0,0.0,1.0,0.0,4.0,2.2516,6.0,5.0,2.4375
A,0,5105101643581525,-7.2314,1.0,1.0,0.0,1.0,3.0,5.0,2.6494,8.0,5.0,3.25
A,0,6011007188059307,-7.3603,1.0,1.0,0.0,1.0,5.0,6.0,2.7272,8.0,5.0,3.5
A,0,4532011262062341,-6.9018,1.0,1.0,0.0,1.0,2.0,4.0,2.7028,7.0,4.0,2.625
A,0,5555558865011144,-6.361,1.0,1.0,0.0,1.0,4.0,5.0,2.2246,6.0,7.0,4.25
A,0,4532013719774647,-7.2086,1.0,1.0,0.0,1.0,2.0,4.0,2.9528,9.0,4.0,4.375
A,0,5555556108363845,-7.8186,1.0,1.0,0.0,1.0,4.0,5.0,2.3968,7.0,7.0,4.625
A,0,5555551419808430,-6.8732,1.0,1.0,0.0,1.0,4.0,5.0,2.5306,7.0,6.0,4.25
A,0,5105108987406102,-7.4017,1.0,1.0,0.0,1.0,3.0,5.0,2.9528,9.0,4.0,3.5625
A,0,4111113031996183,2.5517,1.0,1.0,1.0,1.0,0.0,4.0,2.3496,7.0,7.0,3.25
A,0,5105103668455817,-6.999,1.0,1.0,0.0,1.0,3.0,5.0,2.8278,8.0,4.0,4.0625
A,0,4532012637141657,-7.3178,1.0,1.0,0.0,1.0,2.0,4.0,2.9528,8.0,3.0,3.5625
A,0,6011004799337414,-7.3192,1.0,1.0,0.0,1.0,5.0,6.0,2.7335,7.0,3.0,3.6875
A,0,6011005964046078,-7.2719,1.0,1.0,0.0,1.0,5.0,6.0,2.7272,8.0,5.0,3.5625
A,0,4532012577360975,-7.0357,1.0,1.0,0.0,1.0,2.0,4.0,3.0306,9.0,3.0,4.125
A,0,4242429188263028,-6.8666,1.0,1.0,0.0,1.0,1.0,4.0,2.68,8.0,5.0,4.0625
A,0,4111112817530526,-6.6167,1.0,1.0,0.0,1.0,0.0,4.0,2.7806,9.0,6.0,3.0
A,0,5555559575286000,-7.3645,1.0,1.0,0.0,1.0,4.0,5.0,2.2028,7.0,8.0,4.5
A,0,6011003789572434,-7.8373,1.0,1.0,0.0,1.0,5.0,6.0,3.2028,10.0,3.0,3.75
A,0,4111119537154274,-7.2386,1.0,1.0,0.0,1.0,0.0,4.0,2.4835,7.0,6.0,3.5
A,0,4242421571143319,-6.9775,1.0,1.0,0.0,1.0,1.0,4.0,2.5778,7.0,4.0,3.3125
A,0,4532014569094577,-7.3495,1.0,1.0,0.0,1.0,2.0,4.0,3.0306,9.0,3.0,4.4375
A,0,4111116833476186,-6.8547,1.0,1.0,0.0,1.0,0.0,4.0,2.3585,6.0,6.0,3.8125
A,0,4532019349047135,-7.3323,1.0,1.0,0.0,1.0,2.0,4.0,2.9056,8.0,3.0,3.75
A,0,4532017048300168,-7.8156,1.0,1.0,0.0,1.0,2.0,4.0,3.0,9.0,4.0,3.25
A,0,5105106998013208,-7.3498,1.0,1.0,0.0,1.0,3.0,5.0,2.8278,8.0,4.0,3.625
A,0,4242422708130633,-7.4382,1.0,1.0,0.0,1.0,1.0,4.0,2.7806,8.0,4.0,3.1875
A,0,4532012411613644,-6.9404,1.0,1.0,0.0,1.0,2.0,4.0,2.625,7.0,4.0,2.9375
A,0,4111117804004827,-6.8854,1.0,1.0,0.0,1.0,0.0,4.0,2.43,6.0,5.0,3.0625
A,0,6011005255229512,-7.563,1.0,1.0,0.0,1.0,5.0,6.0,2.4056,6.0,4.0,2.875
A,0,5105100702450897,-7.4277,1.0,1.0,0.0,1.0,3.0,5.0,2.7272,8.0,5.0,3.375
A,0,4532015899061445,-7.0357,1.0,1.0,0.0,1.0,2.0,4.0,3.0306,9.0,3.0,4.125
A,0,6011007864366475,-7.1098,1.0,1.0,0.0,1.0,5.0,6.0,2.8278,8.0,4.0,4.0
A,0,6011001515109352,-7.0908,1.0,1.0,0.0,1.0,5.0,6.0,2.4772,7.0,5.0,2.5
A,0,6011005033432146,-7.3594,1.0,1.0,0.0,1.0,5.0,6.0,2.6556,7.0,4.0,2.4375
A,0,5105108965960400,-6.9854,1.0,1.0,0.0,1.0,3.0,5.0,2.6022,7.0,5.0,3.6875
A,0,5555550803264564,-6.8056,1.0,1.0,0.0,1.0,4.0,5.0,2.3968,7.0,7.0,4.25
A,0,4242425929869579,-7.4013,1.0,1.0,0.0,1.0,1.0,4.0,2.5778,7.0,4.0,5.4375
A,0,4111114490252814,-6.9642,1.0,1.0,0.0,1.0,0.0,4.0,2.4056,7.0,6.0,3.0
A,0,4532018949229026,2.076,1.0,1.0,1.0,1.0,2.0,4.0,2.9528,9.0,4.0,4.125
A,0,5105106843650193,-7.3506,1.0,1.0,0.0,1.0,3.0,5.0,2.8585,8.0,3.0,3.5625
A,0,6011004874539800,-7.5648,1.0,1.0,0.0,1.0,5.0,6.0,2.8994,9.0,5.0,3.5
A,0,4532012411890192,-7.4085,1.0,1.0,0.0,1.0,2.0,4.0,2.8278,8.0,4.0,3.25
A,0,4242426083405424,-7.0528,1.0,1.0,0.0,1.0,1.0,4.0,2.4056,7.0,6.0,3.375
A,0,4242424540462604,-7.8478,1.0,1.0,0.0,1.0,1.0,4.0,2.0218,5.0,7.0,3.3125
A,0,4532011865228279,-7.2395,1.0,1.0,0.0,1.0,2.0,4.0,3.125,10.0,4.0,4.0625
A,0,6011003740369932,-7.8552,1.0,1.0,0.0,1.0,5.0,6.0,2.8278,8.0,4.0,3.375
A,0,5105104909725421,-7.3604,1.0,1.0,0.0,1.0,3.0,5.0,2.7335,7.0,3.0,3.4375
A,0,5105102975867798,-9.2102,1.0,1.0,0.0,1.0,3.0,5.0,2.9056,8.0,3.0,5.0
A,0,5555553109417297,-7.9469,1.0,1.0,0.0,1.0,4.0,5.0,2.6556,8.0,6.0,4.5625
A,0,5105102561642900,-7.273,1.0,1.0,0.0,1.0,3.0,5.0,2.6556,7.0,4.0,2.9375
A,0,4111118037394268,-7.5521,1.0,1.0,0.0,1.0,0.0,4.0,2.8994,9.0,5.0,3.6875
A,0,6011002228698113,-7.9552,1.0,1.0,0.0,1.0,5.0,6.0,2.6556,7.0,4.0,3.125
A,0,4532019428058049,-6.8646,1.0,1.0,0.0,1.0,2.0,4.0,2.9056,8.0,3.0,4.0
A,0,4242424100477288,-7.0542,1.0,1.0,0.0,1.0,1.0,4.0,2.3994,6.0,5.0,3.6875
A,0,4242421147425245,-7.3722,1.0,1.0,0.0,1.0,1.0,4.0,2.055,5.0,6.0,3.3125
A,0,4532010571784154,1.996,1.0,1.0,1.0,1.0,2.0,4.0,2.8585,8.0,3.0,3.5625
A,0,4242427824220679,-6.6125,1.0,1.0,0.0,1.0,1.0,4.0,2.4056,7.0,6.0,4.0625
A,0,4242427393261113,-7.4101,1.0,1.0,0.0,1.0,1.0,4.0,2.6085,7.0,4.0,3.375
A,0,4532016908485841,-7.0247,1.0,1.0,0.0,1.0,2.0,4.0,3.0306,9.0,3.0,4.25
A,0,5555553914296346,-7.7644,1.0,1.0,0.0,1.0,4.0,5.0,2.5306,7.0,6.0,4.8125
A,0,4532010294537434,1.2111,1.0,1.0,1.0,1.0,2.0,4.0,2.8278,8.0,4.0,3.5
A,0,4242423813091915,-7.1017,1.0,1.0,0.0,1.0,1.0,4.0,2.8585,8.0,3.0,3.625
A,0,5555550559883774,0.4652,1.0,1.0,1.0,1.0,4.0,5.0,2.25,7.0,8.0,5.375
A,0,4242428966138467,-8.2379,1.0,1.0,0.0,1.0,1.0,4.0,2.7806,8.0,4.0,4.75
A,0,6011009491264998,-7.3408,1.0,1.0,0.0,1.0,5.0,6.0,2.6556,7.0,4.0,4.3125
A,0,4532014985891472,3.6052,1.0,1.0,1.0,1.0,2.0,4.0,3.0778,9.0,3.0,4.5
A,0,5105107559300534,1.4889,1.0,1.0,1.0,1.0,3.0,5.0,2.5244,7.0,5.0,3.3125
A,0,4111113379148495,-6.7228,1.0,1.0,0.0,1.0,0.0,4.0,2.4835,7.0,6.0,3.875
A,0,4242425612540075,-6.9775,1.0,1.0,0.0,1.0,1.0,4.0,2.5778,7.0,4.0,3.3125
A,0,4111119970300026,-7.0948,1.0,1.0,0.0,1.0,0.0,4.0,2.6494,8.0,5.0,2.8125
A,0,4532015129862825,-6.8552,1.0,1.0,0.0,1.0,2.0,4.0,2.9528,9.0,4.0,3.9375
A,0,5555553745783552,-8.9243,1.0,1.0,0.0,1.0,4.0,5.0,1.9669,6.0,9.0,4.9375
A,0,4532018231027260,2.1485,1.0,1.0,1.0,1.0,2.0,4.0,2.9528,9.0,4.0,2.875
A,0,4532017566578297,-7.953,1.0,1.0,0.0,1.0,2.0,4.0,3.1556,10.0,3.0,4.8125
A,0,4242426864427070,-6.6128,1.0,1.0,0.0,1.0,1.0,4.0,2.3994,6.0,5.0,3.875
A,0,4532019197138860,-7.3232,1.0,1.0,0.0,1.0,2.0,4.0,3.2028,10.0,3.0,4.1875
A,0,4532019716700539,-6.6397,1.0,1.0,0.0,1.0,2.0,4.0,3.0778,9.0,3.0,3.875
A,0,4242423565325799,-7.7134,1.0,1.0,0.0,1.0,1.0,4.0,2.6556,7.0,4.0,4.5
A,0,4532013974625740,-6.6397,1.0,1.0,0.0,1.0,2.0,4.0,3.0778,9.0,3.0,3.875
A,0,5555553236812899,-7.9686,1.0,1.0,0.0,1.0,4.0,5.0,2.5306,7.0,6.0,5.0625
A,0,4111112658286551,-6.7655,1.0,1.0,0.0,1.0,0.0,4.0,2.3585,6.0,6.0,3.5625
A,0,5105109725113659,-7.2372,1.0,1.0,0.0,1.0,3.0,5.0,2.75,8.0,4.0,3.75
A,0,5105107635812015,1.1089,1.0,1.0,1.0,1.0,3.0,5.0,2.7028,8.0,4.0,3.125
A,0,4532018099845935,-7.865,1.0,1.0,0.0,1.0,2.0,4.0,2.9056,8.0,3.0,4.6875
A,0,6011008961504571,-7.704,1.0,1.0,0.0,1.0,5.0,6.0,2.75,8.0,4.0,3.375
A,0,4242429853291936,-7.9267,1.0,1.0,0.0,1.0,1.0,4.0,2.7806,8.0,4.0,4.5625
A,0,5105100429057374,-7.5761,1.0,1.0,0.0,1.0,3.0,5.0,2.8278,8.0,4.0,3.3125
A,0,4532017935320946,-6.8582,1.0,1.0,0.0,1.0,2.0,4.0,3.0778,9.0,3.0,3.9375
A,0,5555556267953380,-8.4203,1.0,1.0,0.0,1.0,4.0,5.0,2.5218,8.0,7.0,4.9375
A,0,5555552639488969,-8.3297,1.0,1.0,0.0,1.0,4.0,5.0,2.4835,7.0,6.0,5.875
A,0,4532013450708319,-7.7551,1.0,1.0,0.0,1.0,2.0,4.0,3.0306,9.0,3.0,3.4375
A,0,6011007914790942,-7.5761,1.0,1.0,0.0,1.0,5.0,6.0,2.6556,7.0,4.0,3.75
A,0,5105107390527155,-7.1784,1.0,1.0,0.0,1.0,3.0,5.0,2.555,7.0,5.0,3.5
A,0,4532011701554729,-7.5686,1.0,1.0,0.0,1.0,2.0,4.0,2.9056,8.0,3.0,3.5
A,0,4111115708344264,-6.8624,1.0,1.0,0.0,1.0,0.0,4.0,2.7744,9.0,5.0,3.25
A,0,4242425391213537,-7.2087,1.0,1.0,0.0,1.0,1.0,4.0,2.6556,7.0,4.0,3.5625
A,0,5105108158872307,-7.1766,1.0,1.0,0.0,1.0,3.0,5.0,2.6863,7.0,3.0,3.8125
A,0,4532015395987843,-8.101,1.0,1.0,0.0,1.0,2.0,4.0,3.0306,9.0,3.0,4.75
A,0,4532019805265655,-6.7871,1.0,1.0,0.0,1.0,2.0,4.0,2.8994,9.0,5.0,4.125
A,0,4111114456967801,-6.6831,1.0,1.0,0.0,1.0,0.0,4.0,2.6085,8.0,6.0,3.6875
A,0,5105105386843539,-6.999,1.0,1.0,0.0,1.0,3.0,5.0,2.8278,8.0,4.0,4.125
A,0,5555552746460500,-6.3205,1.0,1.0,0.0,1.0,4.0,5.0,2.2246,6.0,7.0,4.0
A,0,5105100465037093,-7.1704,1.0,1.0,0.0,1.0,3.0,5.0,2.7272,8.0,5.0,3.0625
A,0,6011000437865607,1.257,1.0,1.0,1.0,1.0,5.0,6.0,2.7272,8.0,5.0,3.375
A,0,4242424513832730,-7.387,1.0,1.0,0.0,1.0,1.0,4.0,2.7028,8.0,4.0,3.375
A,0,4532012570050187,-7.646,1.0,1.0,0.0,1.0,2.0,4.0,2.8278,8.0,4.0,3.125
A,0,4532016521113066,-6.9099,1.0,1.0,0.0,1.0,2.0,4.0,2.7028,7.0,4.0,2.875
A,0,4532014048400597,-7.5652,1.0,1.0,0.0,1.0,2.0,4.0,2.875,9.0,4.0,3.5
A,0,5105103567756109,-7.3211,1.0,1.0,0.0,1.0,3.0,5.0,2.6556,7.0,4.0,3.8125
A,0,5105101391001497,-7.2181,1.0,1.0,0.0,1.0,3.0,5.0,2.5244,7.0,5.0,2.9375
A,0,5555556498729488,-8.3297,1.0,1.0,0.0,1.0,4.0,5.0,2.4835,7.0,6.0,5.9375
A,0,4242426413065315,-7.3961,1.0,1.0,0.0,1.0,1.0,4.0,2.7028,7.0,4.0,3.25
A,0,4242422231389144,-7.163,1.0,1.0,0.0,1.0,1.0,4.0,2.2988,6.0,5.0,3.4375
A,0,4111111417534590,-7.3907,1.0,1.0,0.0,1.0,0.0,4.0,2.3496,7.0,7.0,3.0
A,0,4111118001342643,-7.042,1.0,1.0,0.0,1.0,0.0,4.0,2.4835,7.0,6.0,2.5
A,0,4242429012046186,-7.1914,1.0,1.0,0.0,1.0,1.0,4.0,2.625,7.0,4.0,3.4375
A,0,6011007109963510,-7.4991,1.0,1.0,0.0,1.0,5.0,6.0,2.5244,7.0,5.0,3.0625
A,0,5555550878315558,-9.2102,1.0,1.0,0.0,1.0,4.0,5.0,1.9197,6.0,9.0,5.0
A,0,4532015551477082,-7.4063,1.0,1.0,0.0,1.0,2.0,4.0,2.875,8.0,4.0,3.6875
A,0,5555550004794081,-6.5961,1.0,1.0,0.0,1.0,4.0,5.0,2.4056,7.0,6.0,3.9375
A,0,5555553371550363,-8.1015,1.0,1.0,0.0,1.0,4.0,5.0,2.0,6.0,8.0,4.125
A,0,6011002502402335,-6.8468,1.0,1.0,0.0,1.0,5.0,6.0,2.6022,7.0,5.0,2.125
A,0,6011009987812070,-7.018,1.0,1.0,0.0,1.0,5.0,6.0,2.6022,7.0,5.0,3.6875
A,0,4111119096407719,2.5112,1.0,1.0,1.0,1.0,0.0,4.0,2.3585,6.0,6.0,3.8125
A,0,4111115238458240,-7.1,1.0,1.0,0.0,1.0,0.0,4.0,2.6022,7.0,5.0,3.125
A,0,6011001986048521,-7.5762,1.0,1.0,0.0,1.0,5.0,6.0,2.75,8.0,4.0,3.25
A,0,4111116361352847,-6.9233,1.0,1.0,0.0,1.0,0.0,4.0,2.6556,8.0,6.0,3.375
A,0,4242420143745477,-6.8327,1.0,1.0,0.0,1.0,1.0,4.0,2.4363,7.0,6.0,3.75
A,0,4532010084145841,-7.6725,1.0,1.0,0.0,1.0,2.0,4.0,2.6556,7.0,4.0,3.125
A,0,5555557985123411,-7.5628,1.0,1.0,0.0,1.0,4.0,5.0,2.4746,8.0,7.0,4.4375
A,0,4111116851727531,-7.2294,1.0,1.0,0.0,1.0,0.0,4.0,2.5218,8.0,7.0,3.375
A,0,5105108543420657,-7.6525,1.0,1.0,0.0,1.0,3.0,5.0,2.9528,9.0,4.0,3.5
A,0,4532018230338555,-7.1964,1.0,1.0,0.0,1.0,2.0,4.0,2.625,7.0,4.0,3.5625
A,0,5105107850867220,-7.5065,1.0,1.0,0.0,1.0,3.0,5.0,2.7028,7.0,4.0,3.5625
A,0,5105101768951828,-7.0683,1.0,1.0,0.0,1.0,3.0,5.0,2.7806,8.0,4.0,4.1875
A,0,4242420476558320,-6.9995,1.0,1.0,0.0,1.0,1.0,4.0,2.75,8.0,4.0,3.625
A,0,4242421085050352,-6.9638,1.0,1.0,0.0,1.0,1.0,4.0,2.6085,7.0,4.0,2.9375
A,0,4242424297930207,-6.6365,1.0,1.0,0.0,1.0,1.0,4.0,2.3994,6.0,5.0,3.8125
A,0,6011007986066938,-7.5981,1.0,1.0,0.0,1.0,5.0,6.0,2.625,7.0,4.0,4.375
A,0,6011003842942575,-8.1726,1.0,1.0,0.0,1.0,5.0,6.0,3.2028,10.0,3.0,3.5625
A,0,5105102484506846,-7.2865,1.0,1.0,0.0,1.0,3.0,5.0,2.7335,7.0,3.0,3.6875
A,0,4242424142825873,-6.4599,1.0,1.0,0.0,1.0,1.0,4.0,2.4238,7.0,5.0,3.875
A,0,5555551676791073,-7.9322,1.0,1.0,0.0,1.0,4.0,5.0,2.4835,7.0,6.0,4.8125
A,0,6011005162111890,-7.4462,1.0,1.0,0.0,1.0,5.0,6.0,2.4056,7.0,6.0,2.625
A,0,4242423148871901,-7.1814,1.0,1.0,0.0,1.0,1.0,4.0,2.7806,8.0,4.0,3.75
A,0,6011001178519679,-6.6637,1.0,1.0,0.0,1.0,5.0,6.0,2.6022,7.0,5.0,3.875
A,0,5105101070962074,-7.1704,1.0,1.0,0.0,1.0,3.0,5.0,2.7272,8.0,5.0,3.0
A,0,4242421234063049,-7.7595,1.0,1.0,0.0,1.0,1.0,4.0,2.5244,7.0,5.0,3.125
A,0,5105101266953841,-7.4017,1.0,1.0,0.0,1.0,3.0,5.0,2.9528,9.0,4.0,3.5625
A,0,4242421071726358,2.7802,1.0,1.0,1.0,1.0,1.0,4.0,2.9528,9.0,4.0,3.625
A,0,4242423821064348,-7.3819,1.0,1.0,0.0,1.0,1.0,4.0,2.5244,7.0,5.0,3.5625
A,0,5105108388811906,-6.6257,1.0,1.0,0.0,1.0,3.0,5.0,2.5778,7.0,4.0,4.0
A,0,4242425231734434,1.7461,1.0,1.0,1.0,1.0,1.0,4.0,2.2335,6.0,6.0,3.375
A,0,5555556242822356,-6.9229,1.0,1.0,0.0,1.0,4.0,5.0,2.1468,6.0,7.0,4.375
A,0,4242423866042110,-7.2304,1.0,1.0,0.0,1.0,1.0,4.0,2.625,7.0,4.0,3.0625
A,0,4532019891732185,-6.8942,1.0,1.0,0.0,1.0,2.0,4.0,3.0778,9.0,3.0,4.25
A,0,4532013556604587,1.9932,1.0,1.0,1.0,1.0,2.0,4.0,3.0,9.0,4.0,4.0
A,0,5105101073429202,-7.0246,1.0,1.0,0.0,1.0,3.0,5.0,2.7806,8.0,4.0,2.625
A,0,4532019706817860,-7.3232,1.0,1.0,0.0,1.0,2.0,4.0,3.2028,10.0,3.0,4.1875
A,0,4242429218217970,-6.5427,1.0,1.0,0.0,1.0,1.0,4.0,2.6022,7.0,5.0,4.0
A,0,4111112469750881,-6.5415,1.0,1.0,0.0,1.0,0.0,4.0,2.7806,9.0,6.0,3.6875
A,0,6011006737185181,-7.1104,1.0,1.0,0.0,1.0,5.0,6.0,2.6022,7.0,5.0,3.4375
A,0,5105106102814642,-7.1599,1.0,1.0,0.0,1.0,3.0,5.0,2.7028,7.0,4.0,2.875
A,0,5555554499921603,2.0295,1.0,1.0,1.0,1.0,4.0,5.0,2.6085,8.0,6.0,4.8125
A,0,5105105690984176,-6.9189,1.0,1.0,0.0,1.0,3.0,5.0,2.8585,8.0,3.0,4.1875
A,0,4111111196316466,-8.0975,1.0,1.0,0.0,1.0,0.0,4.0,1.875,5.0,8.0,3.25
A,0,4242421600931544,-7.0519,1.0,1.0,0.0,1.0,1.0,4.0,2.7272,8.0,5.0,3.1875
A,0,4242423366014009,-7.6329,1.0,1.0,0.0,1.0,1.0,4.0,2.6556,7.0,4.0,3.125
A,0,5105103630611618,-6.754,1.0,1.0,0.0,1.0,3.0,5.0,2.43,6.0,5.0,2.9375
A,0,5555558837729134,-8.2173,1.0,1.0,0.0,1.0,4.0,5.0,2.6556,8.0,6.0,5.125
A,0,4111111855897939,-7.7196,1.0,1.0,0.0,1.0,0.0,4.0,2.4835,7.0,6.0,4.5625
A,0,5555553946354544,-8.9503,1.0,1.0,0.0,1.0,4.0,5.0,1.875,5.0,8.0,4.8125
A,0,4111110422982463,-6.7801,1.0,1.0,0.0,1.0,0.0,4.0,2.68,8.0,5.0,3.0625
A,0,5555556101140817,-7.0607,1.0,1.0,0.0,1.0,4.0,5.0,2.4056,7.0,6.0,3.6875
A,0,4242421036908502,-7.5407,1.0,1.0,0.0,1.0,1.0,4.0,2.9056,9.0,4.0,3.25
A,0,4111113795551908,-6.7844,1.0,1.0,0.0,1.0,0.0,4.0,2.6085,8.0,6.0,3.8125
A,0,4532017497390649,-7.8593,1.0,1.0,0.0,1.0,2.0,4.0,3.0306,9.0,3.0,4.5625
A,0,5105109910570376,-7.5434,1.0,1.0,0.0,1.0,3.0,5.0,2.6556,7.0,4.0,3.6875
A,0,5555553241719948,-8.0131,1.0,1.0,0.0,1.0,4.0,5.0,2.6556,8.0,6.0,4.875
A,0,5105106363387620,1.4943,1.0,1.0,1.0,1.0,3.0,5.0,2.8585,8.0,3.0,3.5
A,0,4242426328369370,-7.0143,1.0,1.0,0.0,1.0,1.0,4.0,2.7806,8.0,4.0,4.0625
A,0,4532010168680345,-7.5686,1.0,1.0,0.0,1.0,2.0,4.0,2.9528,8.0,3.0,3.5
A,0,6011003109737493,-7.8455,1.0,1.0,0.0,1.0,5.0,6.0,2.6556,7.0,4.0,3.375
A,0,4532017565395290,-7.2429,1.0,1.0,0.0,1.0,2.0,4.0,3.0,9.0,4.0,4.125
A,0,6011006423256588,-7.5889,1.0,1.0,0.0,1.0,5.0,6.0,2.9056,8.0,3.0,3.5625
A,0,4111117681502668,-6.6831,1.0,1.0,0.0,1.0,0.0,4.0,2.6085,8.0,6.0,3.625
A,0,5105106293175299,-6.9189,1.0,1.0,0.0,1.0,3.0,5.0,2.8585,8.0,3.0,4.0625
A,0,6011002023819870,-7.3217,1.0,1.0,0.0,1.0,5.0,6.0,2.7272,8.0,5.0,3.0
A,0,5105109774846575,-7.9448,1.0,1.0,0.0,1.0,3.0,5.0,2.8278,8.0,4.0,4.625
A,0,6011008191424893,-7.4866,1.0,1.0,0.0,1.0,5.0,6.0,2.8278,8.0,4.0,3.5625
A,0,4111118912877349,-6.8258,1.0,1.0,0.0,1.0,0.0,4.0,2.5306,7.0,6.0,4.1875
A,0,4242421318373002,-7.0014,1.0,1.0,0.0,1.0,1.0,4.0,2.6556,7.0,4.0,2.875
A,0,4532013139875833,-6.7871,1.0,1.0,0.0,1.0,2.0,4.0,2.8994,9.0,5.0,4.0625
A,0,5105103361643121,-6.8975,1.0,1.0,0.0,1.0,3.0,5.0,2.6022,7.0,5.0,2.625
A,0,4532012630174178,-7.9991,1.0,1.0,0.0,1.0,2.0,4.0,3.0778,9.0,3.0,3.375
A,0,6011001285861265,-7.0694,1.0,1.0,0.0,1.0,5.0,6.0,2.5306,6.0,4.0,3.25
A,0,5555559944713291,-8.5119,1.0,1.0,0.0,1.0,4.0,5.0,2.4835,7.0,6.0,4.9375
A,0,5105109354890234,-7.5254,1.0,1.0,0.0,1.0,3.0,5.0,2.9056,8.0,3.0,3.6875
A,0,4242424525262397,-6.5655,1.0,1.0,0.0,1.0,1.0,4.0,2.4056,7.0,6.0,3.9375
A,0,4532011513281644,-7.646,1.0,1.0,0.0,1.0,2.0,4.0,2.8278,8.0,4.0,3.125
A,0,5105109920293454,-7.2865,1.0,1.0,0.0,1.0,3.0,5.0,2.7335,7.0,3.0,3.6875
A,0,5555550889268781,-7.8976,1.0,1.0,0.0,1.0,4.0,5.0,2.5306,8.0,6.0,5.4375
A,0,5105102446686860,-7.2387,1.0,1.0,0.0,1.0,3.0,5.0,2.7028,7.0,4.0,3.875
A,0,6011002534300518,-7.0582,1.0,1.0,0.0,1.0,5.0,6.0,2.7272,8.0,5.0,2.4375
A,0,5555553983629301,-7.9221,1.0,1.0,0.0,1.0,4.0,5.0,2.6085,8.0,6.0,4.625
A,0,4532010930439511,-7.5336,1.0,1.0,0.0,1.0,2.0,4.0,2.7335,7.0,3.0,3.125
A,0,4111110482536568,-6.8585,1.0,1.0,0.0,1.0,0.0,4.0,2.7744,8.0,5.0,3.5
A,0,4242422452293928,-6.6385,1.0,1.0,0.0,1.0,1.0,4.0,2.1468,6.0,7.0,4.0
A,0,5555555989185065,-9.0175,1.0,1.0,0.0,1.0,4.0,5.0,1.9669,6.0,9.0,5.375
A,0,5105100938823568,-6.8784,1.0,1.0,0.0,1.0,3.0,5.0,2.8585,8.0,3.0,4.0
A,0,4242428065953136,-7.033,1.0,1.0,0.0,1.0,1.0,4.0,3.0306,9.0,3.0,4.0
A,0,5105106249413394,-7.5109,1.0,1.0,0.0,1.0,3.0,5.0,2.9056,8.0,3.0,3.5625
A,0,4242420424122540,-7.8583,1.0,1.0,0.0,1.0,1.0,4.0,1.9363,5.0,6.0,2.625
A,0,4532014197304019,-7.3982,1.0,1.0,0.0,1.0,2.0,4.0,2.8585,8.0,3.0,3.3125
A,0,4532017974640047,-6.8552,1.0,1.0,0.0,1.0,2.0,4.0,2.9056,9.0,4.0,3.9375
A,0,4532017405380533,-7.4779,1.0,1.0,0.0,1.0,2.0,4.0,2.7806,8.0,4.0,3.3125
A,0,4111119149235493,-7.0974,1.0,1.0,0.0,1.0,0.0,4.0,2.3113,6.0,6.0,3.625
A,0,4532014988523463,-7.1815,1.0,1.0,0.0,1.0,2.0,4.0,3.0306,9.0,3.0,4.1875
A,0,4242421392111011,-8.2409,1.0,1.0,0.0,1.0,1.0,4.0,2.2335,6.0,6.0,2.375
A,0,4111114920040374,-6.9102,1.0,1.0,0.0,1.0,0.0,4.0,2.4772,7.0,5.0,2.625
A,0,4111116609444160,-7.2557,1.0,1.0,0.0,1.0,0.0,4.0,2.1085,5.0,6.0,3.0625
A,0,4111112718787639,-6.8617,1.0,1.0,0.0,1.0,0.0,4.0,2.6085,8.0,6.0,4.1875
A,0,5105101919143361,1.2381,1.0,1.0,1.0,1.0,3.0,5.0,2.5306,7.0,6.0,3.125
A,0,5105101941408671,-7.2999,1.0,1.0,0.0,1.0,3.0,5.0,2.7272,8.0,5.0,3.3125
A,0,6011002677043618,-7.7967,1.0,1.0,0.0,1.0,5.0,6.0,2.7806,8.0,4.0,3.25
A,0,5105100028765832,-7.5761,1.0,1.0,0.0,1.0,3.0,5.0,2.8278,8.0,4.0,3.3125
A,0,6011004118976348,-7.5011,1.0,1.0,0.0,1.0,5.0,6.0,2.8278,8.0,4.0,3.6875
A,0,4242422104621713,-7.1863,1.0,1.0,0.0,1.0,1.0,4.0,2.4772,7.0,5.0,2.8125
A,0,4111117908100626,-6.6737,1.0,1.0,0.0,1.0,0.0,4.0,2.6085,8.0,6.0,3.0
A,0,4242421158839280,2.2933,1.0,1.0,1.0,1.0,1.0,4.0,2.7806,8.0,4.0,3.9375
A,0,6011006635151317,-6.7418,1.0,1.0,0.0,1.0,5.0,6.0,2.43,6.0,5.0,2.875
A,0,4242422592985604,-6.9737,1.0,1.0,0.0,1.0,1.0,4.0,2.5244,7.0,5.0,4.25
A,0,5105102925322574,-7.4248,1.0,1.0,0.0,1.0,3.0,5.0,2.75,8.0,4.0,3.3125
A,0,5555556449057215,-7.7187,1.0,1.0,0.0,1.0,4.0,5.0,2.375,8.0,8.0,4.5625
A,0,6011005236500046,-7.0833,1.0,1.0,0.0,1.0,5.0,6.0,2.4835,7.0,6.0,2.4375
A,0,6011001736392601,-6.9304,1.0,1.0,0.0,1.0,5.0,6.0,2.5778,7.0,4.0,2.875
A,0,5105105330692822,-7.5913,1.0,1.0,0.0,1.0,3.0,5.0,2.8585,8.0,3.0,3.25
A,0,5105105402816157,-7.5795,1.0,1.0,0.0,1.0,3.0,5.0,2.7028,8.0,4.0,3.1875
A,0,6011000004943603,-7.4246,1.0,1.0,0.0,1.0,5.0,6.0,2.2718,6.0,7.0,2.3125
A,0,4242424221190022,-7.7858,1.0,1.0,0.0,1.0,1.0,4.0,2.0218,5.0,7.0,2.5625
A,0,4532014699297851,-8.0011,1.0,1.0,0.0,1.0,2.0,4.0,3.2028,10.0,3.0,4.6875
A,0,6011005274663570,-7.7274,1.0,1.0,0.0,1.0,5.0,6.0,2.8278,8.0,4.0,3.3125
A,0,4532019810164803,-7.7551,1.0,1.0,0.0,1.0,2.0,4.0,3.0306,9.0,3.0,3.4375
A,0,4111118183222383,-7.2557,1.0,1.0,0.0,1.0,0.0,4.0,2.1391,5.0,6.0,3.0625
A,0,4242428244090333,-7.6123,1.0,1.0,0.0,1.0,1.0,4.0,2.3522,6.0,5.0,3.375
A,0,5105106178082114,-7.4905,1.0,1.0,0.0,1.0,3.0,5.0,2.7272,8.0,5.0,3.125
A,0,4532016103730568,-7.8728,1.0,1.0,0.0,1.0,2.0,4.0,3.0306,9.0,3.0,3.375
A,0,4111118741696096,-6.8478,1.0,1.0,0.0,1.0,0.0,4.0,2.4835,7.0,6.0,4.0625
A,0,4242426390970776,-7.1429,1.0,1.0,0.0,1.0,1.0,4.0,2.7335,7.0,3.0,4.5
A,0,5105102957482232,1.3589,1.0,1.0,1.0,1.0,3.0,5.0,2.9528,9.0,4.0,3.5
A,0,4242426470548293,-6.5991,1.0,1.0,0.0,1.0,1.0,4.0,2.7744,9.0,5.0,4.125
A,0,4532019825109015,-7.4083,1.0,1.0,0.0,1.0,2.0,4.0,2.8585,8.0,3.0,3.4375
A,0,5105103784891016,-7.4162,1.0,1.0,0.0,1.0,3.0,5.0,2.9528,9.0,4.0,3.6875
A,0,4532013354388576,-7.048,1.0,1.0,0.0,1.0,2.0,4.0,2.9528,9.0,4.0,4.1875
A,0,4532012524235501,-6.7855,1.0,1.0,0.0,1.0,2.0,4.0,2.5,6.0,4.0,2.75
A,0,4532012410550188,-7.2135,1.0,1.0,0.0,1.0,2.0,4.0,2.7335,7.0,3.0,3.0625
A,0,4111119473635661,-7.123,1.0,1.0,0.0,1.0,0.0,4.0,2.4835,7.0,6.0,3.6875
A,0,5105109343957317,-6.6686,1.0,1.0,0.0,1.0,3.0,5.0,2.7335,7.0,3.0,3.9375
A,0,4532011002200672,-7.3431,1.0,1.0,0.0,1.0,2.0,4.0,2.6494,8.0,5.0,2.1875
A,0,4532014953857538,-7.3076,1.0,1.0,0.0,1.0,2.0,4.0,2.9528,9.0,4.0,4.5
A,0,4242420100806334,-6.7351,1.0,1.0,0.0,1.0,1.0,4.0,2.5778,7.0,4.0,2.6875
A,0,4111115964879541,-6.9935,1.0,1.0,0.0,1.0,0.0,4.0,2.4835,7.0,6.0,4.1875
A,0,4532015734112076,-7.5586,1.0,1.0,0.0,1.0,2.0,4.0,2.9528,8.0,3.0,3.1875
A,0,4242429550803389,-6.5836,1.0,1.0,0.0,1.0,1.0,4.0,2.7806,7.0,3.0,4.25
A,0,5105101240578783,-7.3506,1.0,1.0,0.0,1.0,3.0,5.0,2.8585,8.0,3.0,3.5625
A,0,5555557405834195,-7.8421,1.0,1.0,0.0,1.0,4.0,5.0,2.375,8.0,8.0,4.75
A,0,4242427369850285,-7.3157,1.0,1.0,0.0,1.0,1.0,4.0,2.9528,9.0,4.0,4.4375
A,0,6011004134295667,-7.6384,1.0,1.0,0.0,1.0,5.0,6.0,2.9835,9.0,3.0,3.4375
A,0,4111111065865559,-6.7894,1.0,1.0,0.0,1.0,0.0,4.0,2.4056,7.0,6.0,3.6875
A,0,5105104405448514,-7.2559,1.0,1.0,0.0,1.0,3.0,5.0,2.18,5.0,5.0,3.1875
A,0,4111114677599672,-6.7063,1.0,1.0,0.0,1.0,0.0,4.0,2.6022,7.0,5.0,4.4375
A,0,5105100657781462,-7.3651,1.0,1.0,0.0,1.0,3.0,5.0,2.8585,8.0,3.0,3.625
A,0,4532013057116256,-7.5586,1.0,1.0,0.0,1.0,2.0,4.0,2.9056,8.0,3.0,3.1875
A,0,5105108611710682,-7.1687,1.0,1.0,0.0,1.0,3.0,5.0,2.6022,7.0,5.0,3.25
A,0,5105103827486076,-7.0323,1.0,1.0,0.0,1.0,3.0,5.0,3.0778,9.0,3.0,3.9375
A,0,4532016873892598,-9.2102,1.0,1.0,0.0,1.0,2.0,4.0,3.2028,10.0,3.0,5.0
A,0,4532019113287458,-6.8582,1.0,1.0,0.0,1.0,2.0,4.0,3.0778,9.0,3.0,3.9375
A,0,6011000916860457,-7.4621,1.0,1.0,0.0,1.0,5.0,6.0,2.68,8.0,5.0,3.375
A,0,5105104714864430,-7.6454,1.0,1.0,0.0,1.0,3.0,5.0,2.7806,8.0,4.0,3.3125
A,0,6011009019430019,-8.2487,1.0,1.0,0.0,1.0,5.0,6.0,2.2335,6.0,6.0,2.75
A,0,4532010474662046,-7.6056,1.0,1.0,0.0,1.0,2.0,4.0,2.7806,8.0,4.0,3.375
A,0,4242420560693482,-6.6615,1.0,1.0,0.0,1.0,1.0,4.0,2.75,8.0,4.0,3.8125
A,0,4532016486319050,-7.6291,1.0,1.0,0.0,1.0,2.0,4.0,3.0778,9.0,3.0,3.5625
A,0,5555550617290482,-6.5695,1.0,1.0,0.0,1.0,4.0,5.0,2.7806,9.0,6.0,4.3125
A,0,5555559865407146,-8.5041,1.0,1.0,0.0,1.0,4.0,5.0,2.5218,8.0,7.0,5.0
A,0,4242425605215684,-6.7636,1.0,1.0,0.0,1.0,1.0,4.0,2.5778,7.0,4.0,3.75
A,0,5105109024378125,-7.5504,1.0,1.0,0.0,1.0,3.0,5.0,2.9835,9.0,3.0,3.3125
A,0,5105103326225757,1.601,1.0,1.0,1.0,1.0,3.0,5.0,2.7028,7.0,4.0,3.375
A,0,4111118186610311,-8.4627,1.0,1.0,0.0,1.0,0.0,4.0,1.9669,6.0,9.0,2.75
A,0,5105109986365291,-7.2587,1.0,1.0,0.0,1.0,3.0,5.0,2.8585,8.0,3.0,4.375
A,0,4111112058414113,-8.2421,1.0,1.0,0.0,1.0,0.0,4.0,2.2028,7.0,8.0,2.375
A,0,5555550445161943,-7.2321,1.0,1.0,0.0,1.0,4.0,5.0,2.3496,7.0,7.0,4.1875
A,0,5555555890592788,-8.5005,1.0,1.0,0.0,1.0,4.0,5.0,2.0778,6.0,8.0,5.6875
A,0,4532018250822630,-7.4085,1.0,1.0,0.0,1.0,2.0,4.0,2.8278,8.0,4.0,3.1875
A,0,4111111015006240,-8.4141,1.0,1.0,0.0,1.0,0.0,4.0,2.1468,6.0,7.0,1.75
A,0,4111110024523752,-6.9192,1.0,1.0,0.0,1.0,0.0,4.0,2.6022,7.0,5.0,2.4375
A,0,5105103034624753,-7.7382,1.0,1.0,0.0,1.0,3.0,5.0,2.8585,8.0,3.0,3.0625
A,0,4111115280699379,-7.7897,1.0,1.0,0.0,1.0,0.0,4.0,2.9772,10.0,5.0,4.1875
A,0,4532011537925892,-7.0357,1.0,1.0,0.0,1.0,2.0,4.0,3.0306,9.0,3.0,4.125
A,0,4111112323839739,3.0523,1.0,1.0,1.0,1.0,0.0,4.0,2.5244,7.0,5.0,3.625
A,0,4532019461378942,-7.1665,1.0,1.0,0.0,1.0,2.0,4.0,3.2028,10.0,3.0,4.25
A,0,5555556272596946,-8.2648,1.0,1.0,0.0,1.0,4.0,5.0,2.2246,6.0,7.0,5.375
A,0,5105106501751322,-7.0667,1.0,1.0,0.0,1.0,3.0,5.0,2.5778,7.0,4.0,2.75
A,0,4242422515086563,-7.1814,1.0,1.0,0.0,1.0,1.0,4.0,2.7806,8.0,4.0,3.6875
A,0,5105102084959989,-8.254,1.0,1.0,0.0,1.0,3.0,5.0,2.6556,7.0,4.0,4.6875
A,0,4111118592921423,-7.3801,1.0,1.0,0.0,1.0,0.0,4.0,2.4835,7.0,6.0,3.375
A,0,6011004772943360,-7.9514,1.0,1.0,0.0,1.0,5.0,6.0,2.875,8.0,4.0,3.3125
A,0,4242422176450159,2.7588,1.0,1.0,1.0,1.0,1.0,4.0,2.75,8.0,4.0,3.625
A,0,4532012832039699,-6.7039,1.0,1.0,0.0,1.0,2.0,4.0,2.9835,9.0,3.0,4.125
A,0,4111113391413139,-8.0015,1.0,1.0,0.0,1.0,0.0,4.0,1.75,4.0,8.0,2.875
A,0,5105102820540264,-7.3971,1.0,1.0,0.0,1.0,3.0,5.0,2.6556,7.0,4.0,2.8125
A,0,5555555159151464,1.7942,1.0,1.0,1.0,1.0,4.0,5.0,1.7947,5.0,9.0,4.4375
A,0,4242420884837470,-6.6074,1.0,1.0,0.0,1.0,1.0,4.0,2.43,6.0,5.0,4.1875
A,0,4532014427799035,-6.9051,1.0,1.0,0.0,1.0,2.0,4.0,2.9528,8.0,3.0,4.0625
A,0,4242425010460018,-6.7351,1.0,1.0,0.0,1.0,1.0,4.0,2.5778,7.0,4.0,2.6875
A,0,4532018616558700,-6.8302,1.0,1.0,0.0,1.0,2.0,4.0,3.0306,9.0,3.0,3.8125
A,0,6011007053072635,-6.9329,1.0,1.0,0.0,1.0,5.0,6.0,2.6494,7.0,5.0,2.875
A,0,4111115339562394,-6.6061,1.0,1.0,0.0,1.0,0.0,4.0,2.6022,7.0,5.0,3.625
A,0,4111116904990789,-7.1929,1.0,1.0,0.0,1.0,0.0,4.0,2.5244,7.0,5.0,4.375
A,0,4532018558001685,-6.9137,1.0,1.0,0.0,1.0,2.0,4.0,2.7806,8.0,4.0,3.8125
A,0,6011006306920699,-7.4128,1.0,1.0,0.0,1.0,5.0,6.0,2.3522,6.0,5.0,3.625
A,0,5555558796553640,-7.8569,1.0,1.0,0.0,1.0,4.0,5.0,2.375,8.0,8.0,5.1875
A,0,4111117948108687,-6.9935,1.0,1.0,0.0,1.0,0.0,4.0,2.4835,7.0,6.0,4.1875
A,0,4532018216679472,-7.3232,1.0,1.0,0.0,1.0,2.0,4.0,3.2028,10.0,3.0,4.1875
A,0,4242429744606435,-6.8143,1.0,1.0,0.0,1.0,1.0,4.0,2.6085,8.0,6.0,4.125
A,0,4111114353491639,2.5115,1.0,1.0,1.0,1.0,0.0,4.0,2.3113,6.0,6.0,3.5
A,0,6011006745295144,-7.6794,1.0,1.0,0.0,1.0,5.0,6.0,2.8585,8.0,3.0,3.4375
A,0,4111114799549305,3.9844,1.0,1.0,1.0,1.0,0.0,4.0,2.555,7.0,5.0,4.0
A,0,6011003573231092,-7.1759,1.0,1.0,0.0,1.0,5.0,6.0,2.7806,8.0,4.0,2.6875
A,0,5105108857183466,-6.9189,1.0,1.0,0.0,1.0,3.0,5.0,2.8585,8.0,3.0,4.25
A,0,5555555067309108,-6.896,1.0,1.0,0.0,1.0,4.0,5.0,2.4746,8.0,7.0,4.3125
A,0,5555550699243365,-7.6968,1.0,1.0,0.0,1.0,4.0,5.0,2.3968,7.0,7.0,4.8125
A,0,4242421207033736,-7.6329,1.0,1.0,0.0,1.0,1.0,4.0,2.6556,7.0,4.0,3.125
A,0,4111111876153609,-7.2615,1.0,1.0,0.0,1.0,0.0,4.0,2.6468,9.0,7.0,3.4375
A,0,4242426401953111,-7.2073,1.0,1.0,0.0,1.0,1.0,4.0,2.7028,8.0,4.0,3.0625
A,0,5555552059446598,-8.5369,1.0,1.0,0.0,1.0,4.0,5.0,2.25,7.0,8.0,5.125
A,0,4242423227113103,-7.1323,1.0,1.0,0.0,1.0,1.0,4.0,2.3829,6.0,5.0,2.5625
A,0,5555557397380802,-7.7644,1.0,1.0,0.0,1.0,4.0,5.0,2.5306,7.0,6.0,4.8125
A,0,4242425058097230,-7.1669,1.0,1.0,0.0,1.0,1.0,4.0,2.7806,8.0,4.0,3.5625
A,0,4532017843434587,-6.9398,1.0,1.0,0.0,1.0,2.0,4.0,2.8278,8.0,4.0,4.25
A,0,5105106169469394,-6.7157,1.0,1.0,0.0,1.0,3.0,5.0,2.7335,7.0,3.0,4.3125
A,0,4111119047634489,-6.5947,1.0,1.0,0.0,1.0,0.0,4.0,2.6494,8.0,5.0,3.9375
A,0,6011002445132646,-7.6558,1.0,1.0,0.0,1.0,5.0,6.0,2.6863,7.0,3.0,2.8125
A,0,4532011849474593,-7.2319,1.0,1.0,0.0,1.0,2.0,4.0,3.0,9.0,4.0,4.3125
A,0,5555554894244874,1.449,1.0,1.0,1.0,1.0,4.0,5.0,2.18,6.0,6.0,5.25
A,0,4532015140317287,2.4457,1.0,1.0,1.0,1.0,2.0,4.0,2.9528,8.0,3.0,3.3125
A,0,4242424996868902,-7.6835,1.0,1.0,0.0,1.0,1.0,4.0,2.4528,6.0,4.0,4.9375
A,0,5555552372493228,-7.2854,1.0,1.0,0.0,1.0,4.0,5.0,2.4056,7.0,6.0,4.5
A,0,6011007071575678,-6.4812,1.0,1.0,0.0,1.0,5.0,6.0,2.4528,6.0,4.0,3.8125
A,0,4532013821507067,-7.9991,1.0,1.0,0.0,1.0,2.0,4.0,3.0778,9.0,3.0,3.375
A,0,5555557978346016,-8.1666,1.0,1.0,0.0,1.0,4.0,5.0,2.7806,9.0,6.0,5.0625
A,0,4242427623617873,-7.1607,1.0,1.0,0.0,1.0,1.0,4.0,2.6556,7.0,4.0,4.25
A,0,4532019314276218,-7.5662,1.0,1.0,0.0,1.0,2.0,4.0,3.1556,10.0,3.0,3.625
A,0,4111111052305063,-7.8946,1.0,1.0,0.0,1.0,0.0,4.0,2.4835,7.0,6.0,2.125
A,0,4111115148960434,-7.0236,1.0,1.0,0.0,1.0,0.0,4.0,2.5306,8.0,6.0,3.3125
A,0,6011001298980870,-7.0954,1.0,1.0,0.0,1.0,5.0,6.0,2.555,7.0,5.0,3.75
A,0,4111114900783284,-7.0484,1.0,1.0,0.0,1.0,0.0,4.0,2.7272,8.0,5.0,3.375
A,0,5105108183449052,-7.6014,1.0,1.0,0.0,1.0,3.0,5.0,2.8585,8.0,3.0,3.5
A,0,4242422885506762,2.8086,1.0,1.0,1.0,1.0,1.0,4.0,2.6022,7.0,5.0,4.1875
A,0,5105104889480201,1.2135,1.0,1.0,1.0,1.0,3.0,5.0,2.6556,7.0,4.0,3.5
A,0,5555552089664679,-8.0887,1.0,1.0,0.0,1.0,4.0,5.0,2.6085,8.0,6.0,5.4375
A,0,4242422556576480,-6.5298,1.0,1.0,0.0,1.0,1.0,4.0,2.5778,7.0,4.0,4.125
A,0,4242425513195905,-7.0008,1.0,1.0,0.0,1.0,1.0,4.0,2.6556,7.0,4.0,3.8125
A,0,5555553063625305,-8.0451,1.0,1.0,0.0,1.0,4.0,5.0,1.9528,5.0,8.0,3.9375
A,0,6011004233598838,-6.8698,1.0,1.0,0.0,1.0,5.0,6.0,2.9835,9.0,3.0,3.8125
A,0,5555556434065316,-6.361,1.0,1.0,0.0,1.0,4.0,5.0,2.2246,6.0,7.0,4.25
A,0,5105108057686752,-7.2857,1.0,1.0,0.0,1.0,3.0,5.0,2.7028,7.0,4.0,4.125
A,0,5555557350505044,-8.4903,1.0,1.0,0.0,1.0,4.0,5.0,1.7947,5.0,9.0,3.9375
A,0,4532012943815266,-6.6996,1.0,1.0,0.0,1.0,2.0,4.0,3.0778,9.0,3.0,3.8125
A,0,4532016989842245,2.7314,1.0,1.0,1.0,1.0,2.0,4.0,3.0306,9.0,3.0,4.5
A,0,4532014279293724,1.734,1.0,1.0,1.0,1.0,2.0,4.0,2.8278,8.0,4.0,4.0
A,0,4111110062424324,-7.4476,1.0,1.0,0.0,1.0,0.0,4.0,2.3522,6.0,5.0,2.25
A,0,5105104713306893,-7.5605,1.0,1.0,0.0,1.0,3.0,5.0,2.9835,9.0,3.0,3.5
A,0,4111110825461469,-6.8984,1.0,1.0,0.0,1.0,0.0,4.0,2.6085,8.0,6.0,3.375
A,0,4111110274758105,-7.0751,1.0,1.0,0.0,1.0,0.0,4.0,2.5306,7.0,6.0,3.0
A,0,4111111462831447,-7.1068,1.0,1.0,0.0,1.0,0.0,4.0,2.2718,7.0,7.0,3.0625
A,0,6011000456672002,-7.0833,1.0,1.0,0.0,1.0,5.0,6.0,2.4835,7.0,6.0,2.5
A,0,5555558912426236,-7.9221,1.0,1.0,0.0,1.0,4.0,5.0,2.6085,8.0,6.0,4.5625
A,0,5555557259715035,-8.2475,1.0,1.0,0.0,1.0,4.0,5.0,2.0919,7.0,9.0,4.625
A,0,5105108888911976,-8.2376,1.0,1.0,0.0,1.0,3.0,5.0,2.625,7.0,4.0,4.8125
A,0,4242425378439571,-7.2514,1.0,1.0,0.0,1.0,1.0,4.0,2.8278,8.0,4.0,4.375
A,0,5105108892261000,-7.1267,1.0,1.0,0.0,1.0,3.0,5.0,2.6022,7.0,5.0,3.0
A,0,4111110479970454,-6.9536,1.0,1.0,0.0,1.0,0.0,4.0,2.3994,6.0,5.0,3.625
A,0,5555550896935437,-7.9069,1.0,1.0,0.0,1.0,4.0,5.0,2.5218,8.0,7.0,5.25
A,0,4111119126177810,-7.0255,1.0,1.0,0.0,1.0,0.0,4.0,2.375,8.0,8.0,3.1875
A,0,5105107852502675,-6.9854,1.0,1.0,0.0,1.0,3.0,5.0,2.6022,7.0,5.0,3.6875
A,0,5105107840065386,-7.3498,1.0,1.0,0.0,1.0,3.0,5.0,2.8278,8.0,4.0,3.6875
A,0,5555550602695124,-6.8056,1.0,1.0,0.0,1.0,4.0,5.0,2.3968,7.0,7.0,4.0625
A,0,5555558996279566,-8.1704,1.0,1.0,0.0,1.0,4.0,5.0,2.1774,6.0,7.0,6.0625
A,0,6011005598583249,-7.2879,1.0,1.0,0.0,1.0,5.0,6.0,3.0306,9.0,3.0,4.125
A,0,4242422019836623,-6.8565,1.0,1.0,0.0,1.0,1.0,4.0,2.7272,8.0,5.0,3.625
A,0,4532012278808390,-6.4383,1.0,1.0,0.0,1.0,2.0,4.0,2.9835,9.0,3.0,3.875
A,0,4111115777044754,-8.6193,1.0,1.0,0.0,1.0,0.0,4.0,2.1494,5.0,5.0,3.6875
A,0,4111111599268880,-6.716,1.0,1.0,0.0,1.0,0.0,4.0,2.6085,8.0,6.0,4.0625
A,0,4532013665175553,-6.7044,1.0,1.0,0.0,1.0,2.0,4.0,2.7272,8.0,5.0,3.8125
A,0,5555559833118377,-8.2454,1.0,1.0,0.0,1.0,4.0,5.0,2.3585,6.0,6.0,5.0
A,0,4532018412998728,-7.8593,1.0,1.0,0.0,1.0,2.0,4.0,3.0306,9.0,3.0,4.5625
A,0,4111114803249041,2.118,1.0,1.0,1.0,1.0,0.0,4.0,2.4056,7.0,6.0,2.75
A,0,5105100001682998,-7.0778,1.0,1.0,0.0,1.0,3.0,5.0,2.6022,7.0,5.0,3.4375
A,0,5105103043049400,-7.2112,1.0,1.0,0.0,1.0,3.0,5.0,2.3585,6.0,6.0,2.4375
A,0,5555550851545827,-8.2475,1.0,1.0,0.0,1.0,4.0,5.0,2.0919,7.0,9.0,4.6875
A,0,5555558268549278,-8.5892,1.0,1.0,0.0,1.0,4.0,5.0,2.3496,7.0,7.0,5.5625
A,0,4242426316645892,-7.0319,1.0,1.0,0.0,1.0,1.0,4.0,2.7028,8.0,4.0,4.25
A,0,5555559445215552,-8.6906,1.0,1.0,0.0,1.0,4.0,5.0,1.6738,5.0,10.0,4.5
A,0,4242429322209042,-7.8478,1.0,1.0,0.0,1.0,1.0,4.0,2.0218,5.0,7.0,3.1875
A,0,4111110547251900,-6.9353,1.0,1.0,0.0,1.0,0.0,4.0,2.4835,7.0,6.0,2.625
A,0,4242420311295749,-6.9995,1.0,1.0,0.0,1.0,1.0,4.0,2.75,8.0,4.0,3.6875
A,0,4111116967689464,-8.424,1.0,1.0,0.0,1.0,0.0,4.0,2.3522,6.0,5.0,4.625
A,0,4242429720990167,-7.1607,1.0,1.0,0.0,1.0,1.0,4.0,2.6556,7.0,4.0,4.25
A,0,4111116812110072,1.188,1.0,1.0,1.0,1.0,0.0,4.0,2.25,7.0,8.0,2.3125
A,0,5105103332965555,-7.4586,1.0,1.0,0.0,1.0,3.0,5.0,2.4835,7.0,6.0,3.625
A,0,4111119266212199,-7.2042,1.0,1.0,0.0,1.0,0.0,4.0,2.0524,5.0,7.0,3.5
A,0,4111117436001223,-7.8746,1.0,1.0,0.0,1.0,0.0,4.0,2.5306,7.0,6.0,2.3125
A,0,5555554952603939,-8.6467,1.0,1.0,0.0,1.0,4.0,5.0,2.3496,7.0,7.0,5.0
A,0,4532012303448011,-7.0167,1.0,1.0,0.0,1.0,2.0,4.0,2.6863,7.0,3.0,2.5625
A,0,4111114117991530,-7.2183,1.0,1.0,0.0,1.0,0.0,4.0,2.25,7.0,8.0,3.0625
A,0,4242424828088352,-6.6976,1.0,1.0,0.0,1.0,1.0,4.0,2.2744,6.0,5.0,4.125
A,0,4532012879738894,-9.0553,1.0,1.0,0.0,1.0,2.0,4.0,3.0778,9.0,3.0,5.0
A,0,4111111201266545,-7.2839,1.0,1.0,0.0,1.0,0.0,4.0,2.2718,6.0,7.0,2.5625
A,0,4532010006625777,-7.4186,1.0,1.0,0.0,1.0,2.0,4.0,2.8278,8.0,4.0,3.4375
A,0,4532010994752959,-7.8632,1.0,1.0,0.0,1.0,2.0,4.0,2.8278,8.0,4.0,4.625
A,0,5555551145784291,-7.8744,1.0,1.0,0.0,1.0,4.0,5.0,2.3496,7.0,7.0,4.5
A,0,4242426883344041,-7.2237,1.0,1.0,0.0,1.0,1.0,4.0,2.4835,7.0,6.0,3.6875
A,0,4111114045537450,2.1774,1.0,1.0,1.0,1.0,0.0,4.0,2.3522,6.0,5.0,2.875
A,0,4111118160490205,3.328,1.0,1.0,1.0,1.0,0.0,4.0,2.6085,8.0,6.0,2.75
A,0,6011009390588988,-7.6447,1.0,1.0,0.0,1.0,5.0,6.0,2.5778,7.0,4.0,4.6875
A,0,4111118922371083,-6.8869,1.0,1.0,0.0,1.0,0.0,4.0,2.6556,8.0,6.0,3.25
A,0,4242423629875516,-7.3083,1.0,1.0,0.0,1.0,1.0,4.0,2.9528,9.0,4.0,4.375
A,0,6011009355991702,-7.5705,1.0,1.0,0.0,1.0,5.0,6.0,2.7806,8.0,4.0,3.625
A,0,5105105065312638,-7.6851,1.0,1.0,0.0,1.0,3.0,5.0,2.6556,7.0,4.0,3.1875
A,0,6011008362164328,-7.484,1.0,1.0,0.0,1.0,5.0,6.0,2.7335,7.0,3.0,3.1875
A,0,6011003774484716,-7.7508,1.0,1.0,0.0,1.0,5.0,6.0,2.6863,7.0,3.0,3.6875
A,0,5555550500199106,1.0466,1.0,1.0,1.0,1.0,4.0,5.0,2.0218,5.0,7.0,3.8125
A,0,4111118537488386,-6.8754,1.0,1.0,0.0,1.0,0.0,4.0,2.5244,7.0,5.0,4.3125
A,0,5555558395074296,-9.0233,1.0,1.0,0.0,1.0,4.0,5.0,2.6468,9.0,7.0,5.1875
A,0,4532012897421282,-7.0513,1.0,1.0,0.0,1.0,2.0,4.0,2.8994,9.0,5.0,3.75
A,0,4111118440378415,-6.9612,1.0,1.0,0.0,1.0,0.0,4.0,2.4056,7.0,6.0,3.3125
A,0,6011009070919795,0.3183,1.0,1.0,1.0,1.0,5.0,6.0,2.3522,6.0,5.0,4.0
A,0,5105103264308610,-7.3415,1.0,1.0,0.0,1.0,3.0,5.0,2.8278,8.0,4.0,2.8125
A,0,6011008454098622,-0.081,1.0,1.0,1.0,1.0,5.0,6.0,2.875,8.0,4.0,3.5
A,0,5555559654691527,-8.7864,1.0,1.0,0.0,1.0,4.0,5.0,2.25,7.0,8.0,5.25
A,0,5105103823807412,1.2812,1.0,1.0,1.0,1.0,3.0,5.0,2.9056,8.0,3.0,3.125
A,0,6011009881675998,-8.4571,1.0,1.0,0.0,1.0,5.0,6.0,2.6863,7.0,3.0,4.875
A,0,5105104877527805,-7.3081,1.0,1.0,0.0,1.0,3.0,5.0,2.6556,7.0,4.0,4.0625
A,0,4111113148467233,-7.0847,1.0,1.0,0.0,1.0,0.0,4.0,2.4363,7.0,6.0,3.125
A,0,4242427385503536,-6.5696,1.0,1.0,0.0,1.0,1.0,4.0,2.8113,8.0,3.0,3.9375
A,0,4242422117720112,-7.2981,1.0,1.0,0.0,1.0,1.0,4.0,2.1085,5.0,6.0,2.625
A,0,4242423882991407,-6.8214,1.0,1.0,0.0,1.0,1.0,4.0,2.75,8.0,4.0,4.3125
A,0,6011001006712110,-8.0183,1.0,1.0,0.0,1.0,5.0,6.0,1.9363,5.0,6.0,1.6875
A,0,4532011793014761,-7.9434,1.0,1.0,0.0,1.0,2.0,4.0,3.0,9.0,4.0,3.375
A,0,5105109199569604,-7.3254,1.0,1.0,0.0,1.0,3.0,5.0,2.4835,6.0,4.0,4.375
A,0,5105107027752750,-7.2566,1.0,1.0,0.0,1.0,3.0,5.0,2.25,5.0,4.0,3.375
A,0,4242426100627552,-6.9207,1.0,1.0,0.0,1.0,1.0,4.0,2.6022,7.0,5.0,3.25
A,0,6011007311226973,-7.7092,1.0,1.0,0.0,1.0,5.0,6.0,2.7028,7.0,4.0,3.0625
A,0,4111117215284983,-6.708,1.0,1.0,0.0,1.0,0.0,4.0,2.6556,8.0,6.0,3.625
A,0,5555551871278556,-8.4969,1.0,1.0,0.0,1.0,4.0,5.0,2.125,6.0,8.0,5.0
A,0,5105106120650498,-7.6454,1.0,1.0,0.0,1.0,3.0,5.0,2.7806,8.0,4.0,3.3125
A,0,5555550197212725,2.4216,1.0,1.0,1.0,1.0,4.0,5.0,2.2246,6.0,7.0,4.125
A,0,5555551652267692,-7.849,1.0,1.0,0.0,1.0,4.0,5.0,2.1774,6.0,7.0,4.75
A,0,4532012418643081,-7.5586,1.0,1.0,0.0,1.0,2.0,4.0,2.9056,8.0,3.0,3.25
A,0,6011003685116375,-7.7177,1.0,1.0,0.0,1.0,5.0,6.0,2.6556,7.0,4.0,3.3125
A,0,5105109539996228,-7.9448,1.0,1.0,0.0,1.0,3.0,5.0,2.8278,8.0,4.0,4.625
A,0,5555556482308537,-8.0857,1.0,1.0,0.0,1.0,4.0,5.0,2.5218,8.0,7.0,4.75
A,0,4111112959901369,-6.4635,1.0,1.0,0.0,1.0,0.0,4.0,2.5306,8.0,6.0,3.875
A,0,4111113909178312,-7.2993,1.0,1.0,0.0,1.0,0.0,4.0,2.5218,8.0,7.0,3.25
A,0,6011000709175506,-7.1155,1.0,1.0,0.0,1.0,5.0,6.0,2.3585,6.0,6.0,3.0
A,0,6011004542492146,-7.6351,1.0,1.0,0.0,1.0,5.0,6.0,2.6556,7.0,4.0,3.0625
A,0,4532018278796244,-7.6304,1.0,1.0,0.0,1.0,2.0,4.0,3.1556,10.0,3.0,4.5
A,0,5555553335148358,-8.9459,1.0,1.0,0.0,1.0,4.0,5.0,1.875,5.0,8.0,4.5625
A,0,4242421622215146,-7.1308,1.0,1.0,0.0,1.0,1.0,4.0,2.1085,5.0,6.0,3.0
A,0,4111116491160814,-7.2054,1.0,1.0,0.0,1.0,0.0,4.0,2.0778,6.0,8.0,3.0625
A,0,4532011970181794,1.8274,1.0,1.0,1.0,1.0,2.0,4.0,3.0,9.0,4.0,3.875
A,0,5105102084585166,-7.5289,1.0,1.0,0.0,1.0,3.0,5.0,2.6556,7.0,4.0,3.5625
A,0,5105102918860263,-7.5109,1.0,1.0,0.0,1.0,3.0,5.0,2.9056,8.0,3.0,3.5625
A,0,5105105656668186,-6.3674,1.0,1.0,0.0,1.0,3.0,5.0,2.2272,5.0,5.0,4.3125
A,0,6011007731998352,-7.1417,1.0,1.0,0.0,1.0,5.0,6.0,3.0306,9.0,3.0,3.875
A,0,5105103374438698,-7.0793,1.0,1.0,0.0,1.0,3.0,5.0,3.0778,9.0,3.0,4.1875
A,0,4532010787281282,-7.1822,1.0,1.0,0.0,1.0,2.0,4.0,2.8278,8.0,4.0,3.75
A,0,4111113545791111,-8.0338,1.0,1.0,0.0,1.0,0.0,4.0,1.9669,6.0,9.0,2.875
A,0,4242423605329377,-6.9673,1.0,1.0,0.0,1.0,1.0,4.0,2.7806,8.0,4.0,3.9375
A,0,5105101058221418,-7.1324,1.0,1.0,0.0,1.0,3.0,5.0,2.43,6.0,5.0,2.75
A,0,5555556586056698,0.021,1.0,1.0,1.0,1.0,4.0,5.0,1.875,5.0,8.0,5.5625
A,0,4242428136160380,-7.297,1.0,1.0,0.0,1.0,1.0,4.0,2.7806,7.0,3.0,3.375
A,0,5105106585089927,-7.3462,1.0,1.0,0.0,1.0,3.0,5.0,2.8278,8.0,4.0,4.4375
A,0,6011006045089968,-6.6637,1.0,1.0,0.0,1.0,5.0,6.0,2.6022,7.0,5.0,3.9375
A,0,4242420303717088,-7.0146,1.0,1.0,0.0,1.0,1.0,4.0,2.7335,7.0,3.0,3.4375
A,0,4111111228946565,3.349,1.0,1.0,1.0,1.0,0.0,4.0,2.5306,7.0,6.0,3.5625
A,0,5105108319939347,-6.9189,1.0,1.0,0.0,1.0,3.0,5.0,2.8585,8.0,3.0,4.25
A,0,4242423585193935,2.7212,1.0,1.0,1.0,1.0,1.0,4.0,2.6863,7.0,3.0,4.3125
A,0,4242428306313390,-7.5354,1.0,1.0,0.0,1.0,1.0,4.0,2.7806,8.0,4.0,3.375
A,0,4111119466069416,-7.0065,1.0,1.0,0.0,1.0,0.0,4.0,2.1085,5.0,6.0,3.75
A,0,6011006876805790,-6.6702,1.0,1.0,0.0,1.0,5.0,6.0,2.6022,7.0,5.0,4.0
A,0,4532016824467351,-6.6996,1.0,1.0,0.0,1.0,2.0,4.0,3.0778,9.0,3.0,3.8125
A,0,4242429176542216,2.1316,1.0,1.0,1.0,1.0,1.0,4.0,2.5244,7.0,5.0,3.8125
A,0,4111111190848554,-6.8167,1.0,1.0,0.0,1.0,0.0,4.0,2.2246,6.0,7.0,3.375
A,0,5105102344341284,-7.2048,1.0,1.0,0.0,1.0,3.0,5.0,2.7028,7.0,4.0,2.9375
A,0,5105101715578280,-6.9819,1.0,1.0,0.0,1.0,3.0,5.0,2.4528,6.0,4.0,3.5
A,0,5555551067200265,-6.8228,1.0,1.0,0.0,1.0,4.0,5.0,2.2246,6.0,7.0,3.6875
A,0,5105107463734745,2.4489,1.0,1.0,1.0,1.0,3.0,5.0,2.7335,7.0,3.0,3.875
A,0,5555555254149762,-7.889,1.0,1.0,0.0,1.0,4.0,5.0,2.25,7.0,8.0,4.6875
A,0,5105102334220903,-7.3267,1.0,1.0,0.0,1.0,3.0,5.0,2.6556,7.0,4.0,2.5
A,0,5105104915051712,-7.061,1.0,1.0,0.0,1.0,3.0,5.0,2.4772,7.0,5.0,2.9375
A,0,4242424336155441,-7.1513,1.0,1.0,0.0,1.0,1.0,4.0,2.3585,6.0,6.0,3.375
A,0,5555555054588219,-8.1219,1.0,1.0,0.0,1.0,4.0,5.0,2.0919,7.0,9.0,4.8125
A,0,4532011046918508,-7.4099,1.0,1.0,0.0,1.0,2.0,4.0,3.0306,9.0,3.0,3.5625
A,0,5555552522232460,-7.455,1.0,1.0,0.0,1.0,4.0,5.0,2.0462,6.0,7.0,3.625
A,0,4111110103168584,2.2829,1.0,1.0,1.0,1.0,0.0,4.0,2.3968,7.0,7.0,2.8125
A,0,5105100128303279,2.0362,1.0,1.0,1.0,1.0,3.0,5.0,2.8278,8.0,4.0,2.9375
A,0,5105109888200350,-7.1552,1.0,1.0,0.0,1.0,3.0,5.0,2.555,7.0,5.0,3.4375
A,0,4242421788158821,-6.66,1.0,1.0,0.0,1.0,1.0,4.0,2.4056,6.0,4.0,4.1875
A,0,4242422134609598,-6.9767,1.0,1.0,0.0,1.0,1.0,4.0,2.875,9.0,4.0,4.0625
A,0,4532016347548615,-6.9952,1.0,1.0,0.0,1.0,2.0,4.0,3.0306,9.0,3.0,4.0
A,0,5105104641515480,-7.264,1.0,1.0,0.0,1.0,3.0,5.0,2.4056,6.0,4.0,3.125
A,0,6011000767476142,-7.447,1.0,1.0,0.0,1.0,5.0,6.0,2.4835,6.0,4.0,3.25
A,0,5555553670916101,1.5474,1.0,1.0,1.0,1.0,4.0,5.0,2.4835,7.0,6.0,4.0
A,0,4532018906729069,-7.4913,1.0,1.0,0.0,1.0,2.0,4.0,3.1556,10.0,3.0,4.4375
A,0,4532016940583579,-7.4913,1.0,1.0,0.0,1.0,2.0,4.0,3.2028,10.0,3.0,4.4375
A,0,4242425048111507,-7.6329,1.0,1.0,0.0,1.0,1.0,4.0,2.6556,7.0,4.0,3.125
A,0,4111118808866797,-7.974,1.0,1.0,0.0,1.0,0.0,4.0,2.5244,7.0,5.0,4.75
A,0,5555551887315327,-7.5278,1.0,1.0,0.0,1.0,4.0,5.0,2.2718,6.0,7.0,4.6875
A,0,4532012148633896,-6.9052,1.0,1.0,0.0,1.0,2.0,4.0,3.0778,9.0,3.0,4.0625
A,0,4242427115434152,-7.6213,1.0,1.0,0.0,1.0,1.0,4.0,2.3522,6.0,5.0,3.1875
A,0,4242420379327963,-7.3174,1.0,1.0,0.0,1.0,1.0,4.0,2.6556,7.0,4.0,4.1875
A,0,4242420062225224,-8.1767,1.0,1.0,0.0,1.0,1.0,4.0,1.875,5.0,8.0,2.6875
A,0,4242423755063747,-7.1717,1.0,1.0,0.0,1.0,1.0,4.0,2.6556,7.0,4.0,4.0625
A,0,6011003668890308,-6.8621,1.0,1.0,0.0,1.0,5.0,6.0,2.43,6.0,5.0,3.6875
A,0,4111112421747658,-7.2154,1.0,1.0,0.0,1.0,0.0,4.0,2.4835,7.0,6.0,3.4375
A,0,4532012285263581,-7.1677,1.0,1.0,0.0,1.0,2.0,4.0,2.8278,8.0,4.0,3.5625
A,0,4111114486228133,-7.1783,1.0,1.0,0.0,1.0,0.0,4.0,2.3585,6.0,6.0,3.125
A,0,6011009791365837,-7.1573,1.0,1.0,0.0,1.0,5.0,6.0,2.9056,8.0,3.0,4.125
A,0,4532013394323341,0.9701,1.0,1.0,1.0,1.0,2.0,4.0,2.4835,7.0,6.0,3.125
A,0,4532017360164267,-7.3178,1.0,1.0,0.0,1.0,2.0,4.0,2.9528,8.0,3.0,3.5625
A,0,5105109414508431,-7.6026,1.0,1.0,0.0,1.0,3.0,5.0,2.6085,7.0,4.0,3.1875
A,0,5105101172860205,-7.0667,1.0,1.0,0.0,1.0,3.0,5.0,2.5778,7.0,4.0,2.75
A,0,5105102899960843,-7.5496,1.0,1.0,0.0,1.0,3.0,5.0,3.0306,9.0,3.0,4.375
A,0,4242428751476871,-7.7134,1.0,1.0,0.0,1.0,1.0,4.0,2.6556,7.0,4.0,4.5
A,0,6011003811959903,-7.2321,1.0,1.0,0.0,1.0,5.0,6.0,2.5778,7.0,4.0,3.5
A,0,4532018024610738,-7.9991,1.0,1.0,0.0,1.0,2.0,4.0,3.0778,9.0,3.0,3.375
A,0,4111113931555599,-6.5385,1.0,1.0,0.0,1.0,0.0,4.0,2.1085,5.0,6.0,3.9375
A,0,5555553762682854,-7.933,1.0,1.0,0.0,1.0,4.0,5.0,2.3968,7.0,7.0,5.0625
A,0,6011005399104504,-7.1593,1.0,1.0,0.0,1.0,5.0,6.0,2.6022,7.0,5.0,3.0
A,0,5555555425793010,-6.7057,1.0,1.0,0.0,1.0,4.0,5.0,2.375,8.0,8.0,4.125
A,0,4532015912984676,-7.6304,1.0,1.0,0.0,1.0,2.0,4.0,3.25,10.0,2.0,4.5
A,0,5555556925065061,2.7019,1.0,1.0,1.0,1.0,4.0,5.0,2.0778,6.0,8.0,4.375
A,0,6011003302394581,-7.5009,1.0,1.0,0.0,1.0,5.0,6.0,2.9056,9.0,4.0,2.875
A,0,6011001011611034,-8.0101,1.0,1.0,0.0,1.0,5.0,6.0,1.9212,5.0,7.0,1.625
A,0,4242421828159855,-7.249,1.0,1.0,0.0,1.0,1.0,4.0,2.4835,6.0,4.0,4.375
A,0,4111119441147186,-7.8586,1.0,1.0,0.0,1.0,0.0,4.0,2.0,6.0,8.0,3.375
A,0,6011001247554060,-6.9301,1.0,1.0,0.0,1.0,5.0,6.0,2.6022,7.0,5.0,2.625
A,0,4242428237520306,-7.149,1.0,1.0,0.0,1.0,1.0,4.0,2.7272,8.0,5.0,3.375
A,0,4532015527222870,-7.0007,1.0,1.0,0.0,1.0,2.0,4.0,2.7272,8.0,5.0,3.4375
A,0,5105100938730462,-8.4203,1.0,1.0,0.0,1.0,3.0,5.0,3.125,10.0,4.0,3.375
A,0,4242425037904880,-6.8479,1.0,1.0,0.0,1.0,1.0,4.0,2.7806,8.0,4.0,3.875
A,0,5105107846027438,-6.9931,1.0,1.0,0.0,1.0,3.0,5.0,3.0778,9.0,3.0,3.8125
A,0,4111112982726475,-6.5334,1.0,1.0,0.0,1.0,0.0,4.0,2.7272,8.0,5.0,3.8125
A,0,5555557364382271,-7.9469,1.0,1.0,0.0,1.0,4.0,5.0,2.6556,8.0,6.0,4.5625
A,0,5105100505706298,-7.3592,1.0,1.0,0.0,1.0,3.0,5.0,2.6494,8.0,5.0,3.375
A,0,5105101052926276,-7.8598,1.0,1.0,0.0,1.0,3.0,5.0,2.6863,7.0,3.0,3.25
A,0,5105107382099026,-7.7569,1.0,1.0,0.0,1.0,3.0,5.0,3.0,9.0,4.0,3.625
A,0,5105106025543620,-7.3146,1.0,1.0,0.0,1.0,3.0,5.0,2.625,7.0,4.0,2.8125
A,0,4111119794596850,-7.1025,1.0,1.0,0.0,1.0,0.0,4.0,2.7272,8.0,5.0,4.4375
A,0,4111119716895840,-6.7409,1.0,1.0,0.0,1.0,0.0,4.0,2.6556,8.0,6.0,4.125
A,0,4532016980950743,-7.1775,1.0,1.0,0.0,1.0,2.0,4.0,3.2028,10.0,3.0,4.125
A,0,6011000408855164,-7.0765,1.0,1.0,0.0,1.0,5.0,6.0,2.4772,6.0,5.0,3.0625
A,0,5555552824710711,-6.9939,1.0,1.0,0.0,1.0,4.0,5.0,2.4835,7.0,6.0,3.9375
A,0,4111117429706551,-6.7587,1.0,1.0,0.0,1.0,0.0,4.0,2.6556,8.0,6.0,3.4375
A,0,5555550810133201,-7.5978,1.0,1.0,0.0,1.0,4.0,5.0,2.3113,6.0,6.0,3.0625
A,0,6011006875004240,-7.0196,1.0,1.0,0.0,1.0,5.0,6.0,2.6556,8.0,6.0,2.75
A,0,4242420047006153,-7.1384,1.0,1.0,0.0,1.0,1.0,4.0,2.7028,8.0,4.0,2.75
A,0,5105107571827143,-7.4046,1.0,1.0,0.0,1.0,3.0,5.0,2.7806,8.0,4.0,3.5625
A,0,5555554750307233,-6.3205,1.0,1.0,0.0,1.0,4.0,5.0,2.2246,6.0,7.0,4.0
A,0,5555556529856175,-8.683,1.0,1.0,0.0,1.0,4.0,5.0,2.0919,7.0,9.0,5.25
A,0,6011001062980338,-7.1593,1.0,1.0,0.0,1.0,5.0,6.0,2.6022,7.0,5.0,3.0
A,0,4532014901955532,-7.0893,1.0,1.0,0.0,1.0,2.0,4.0,2.75,7.0,4.0,3.625
A,0,6011005397228605,0.3949,1.0,1.0,1.0,1.0,5.0,6.0,3.0,9.0,4.0,3.4375
A,0,4532015430470178,-7.6863,1.0,1.0,0.0,1.0,2.0,4.0,2.9056,8.0,3.0,3.375
A,0,5555550617152815,-6.7222,1.0,1.0,0.0,1.0,4.0,5.0,2.2028,7.0,8.0,4.125
A,0,4532011954040088,-7.5363,1.0,1.0,0.0,1.0,2.0,4.0,2.8278,8.0,4.0,3.375
A,0,4242425439821919,-6.4263,1.0,1.0,0.0,1.0,1.0,4.0,2.5778,7.0,4.0,4.3125
A,0,6011008477151582,-7.7374,1.0,1.0,0.0,1.0,5.0,6.0,2.8278,8.0,4.0,3.5
A,0,4532012974374943,-7.0965,1.0,1.0,0.0,1.0,2.0,4.0,2.8278,8.0,4.0,4.1875
A,0,4532014369598647,-8.1981,1.0,1.0,0.0,1.0,2.0,4.0,3.2028,10.0,3.0,4.75
A,0,6011007524139564,0.9282,1.0,1.0,1.0,1.0,5.0,6.0,3.0306,9.0,3.0,3.375
A,0,4532014441179289,-6.8617,1.0,1.0,0.0,1.0,2.0,4.0,2.9528,9.0,4.0,4.0
A,0,6011006888986303,-6.4401,1.0,1.0,0.0,1.0,5.0,6.0,2.4528,6.0,4.0,4.1875
A,0,6011004356169296,-7.5705,1.0,1.0,0.0,1.0,5.0,6.0,2.7806,8.0,4.0,3.6875
A,0,4111115711310455,-7.4996,1.0,1.0,0.0,1.0,0.0,4.0,2.0778,6.0,8.0,2.5625
A,0,5105100398792067,-7.3445,1.0,1.0,0.0,1.0,3.0,5.0,3.0,9.0,4.0,3.9375
A,0,4242424119159961,-6.4738,1.0,1.0,0.0,1.0,1.0,4.0,2.4056,6.0,4.0,4.0
A,0,5555551787784606,-7.9986,1.0,1.0,0.0,1.0,4.0,5.0,2.4835,7.0,6.0,5.25
A,0,4111112085946529,-6.6608,1.0,1.0,0.0,1.0,0.0,4.0,2.7744,8.0,5.0,3.6875
A,0,4532019323914302,-7.4358,1.0,1.0,0.0,1.0,2.0,4.0,2.7028,7.0,4.0,3.1875
A,0,5555550540826219,-6.9494,1.0,1.0,0.0,1.0,4.0,5.0,2.5218,8.0,7.0,4.1875
A,0,4532015704198807,-6.8647,1.0,1.0,0.0,1.0,2.0,4.0,3.0778,9.0,3.0,4.0
A,0,4242424055880185,-6.5928,1.0,1.0,0.0,1.0,1.0,4.0,2.4835,6.0,4.0,3.875
A,0,6011009119668670,-6.6055,1.0,1.0,0.0,1.0,5.0,6.0,2.375,6.0,4.0,3.8125
A,0,5105109357664634,-7.0793,1.0,1.0,0.0,1.0,3.0,5.0,2.9056,8.0,3.0,4.0625
A,0,4111115033252559,-7.1634,1.0,1.0,0.0,1.0,0.0,4.0,2.5244,7.0,5.0,3.0
A,0,4532013629866133,-6.7359,1.0,1.0,0.0,1.0,2.0,4.0,2.9528,9.0,4.0,3.875
A,0,6011003227091032,-7.7213,1.0,1.0,0.0,1.0,5.0,6.0,2.555,7.0,5.0,2.3125
A,0,5105105204937821,-7.5504,1.0,1.0,0.0,1.0,3.0,5.0,2.9835,9.0,3.0,3.3125
A,0,5555550758209600,-6.7645,1.0,1.0,0.0,1.0,4.0,5.0,2.2718,7.0,7.0,4.1875
A,0,5105108902714930,-7.6525,1.0,1.0,0.0,1.0,3.0,5.0,2.9528,9.0,4.0,3.4375
A,0,5555555749447394,-9.1114,1.0,1.0,0.0,1.0,4.0,5.0,2.0218,5.0,7.0,5.375
A,0,5555556148712525,-7.3253,1.0,1.0,0.0,1.0,4.0,5.0,2.25,7.0,8.0,4.4375
A,0,4111115896603743,-7.5521,1.0,1.0,0.0,1.0,0.0,4.0,2.8994,9.0,5.0,3.75
A,0,4111114820115931,-7.2184,1.0,1.0,0.0,1.0,0.0,4.0,2.375,8.0,8.0,2.6875
A,0,6011007564157485,-7.3192,1.0,1.0,0.0,1.0,5.0,6.0,2.7335,7.0,3.0,3.75
A,0,4242422367512086,-6.8206,1.0,1.0,0.0,1.0,1.0,4.0,2.8522,9.0,5.0,3.625
A,0,4111113333603284,-7.5589,1.0,1.0,0.0,1.0,0.0,4.0,2.4238,7.0,5.0,2.75
A,0,5555555466695418,-8.6875,1.0,1.0,0.0,1.0,4.0,5.0,2.0778,6.0,8.0,5.25
A,0,4111116208098892,-6.2296,1.0,1.0,0.0,1.0,0.0,4.0,2.6022,7.0,5.0,3.8125
A,0,4242420992552446,-6.657,1.0,1.0,0.0,1.0,1.0,4.0,2.2988,6.0,5.0,4.0
A,0,4111110962110490,-7.2985,1.0,1.0,0.0,1.0,0.0,4.0,2.2246,6.0,7.0,2.5625
A,0,5555551626731990,-7.9469,1.0,1.0,0.0,1.0,4.0,5.0,2.6556,8.0,6.0,4.625
A,0,5555552921408181,1.5069,1.0,1.0,1.0,1.0,4.0,5.0,2.4835,7.0,6.0,4.125
A,0,4111116805707145,-7.176,1.0,1.0,0.0,1.0,0.0,4.0,2.5306,7.0,6.0,3.25
A,0,4532018042863968,-6.8942,1.0,1.0,0.0,1.0,2.0,4.0,3.0778,9.0,3.0,4.3125
A,0,5555551142015662,-6.8228,1.0,1.0,0.0,1.0,4.0,5.0,2.2246,6.0,7.0,3.625
A,0,4111119935736293,-6.7683,1.0,1.0,0.0,1.0,0.0,4.0,2.68,8.0,5.0,4.0625
A,0,4111115918102337,-7.2014,1.0,1.0,0.0,1.0,0.0,4.0,2.6468,9.0,7.0,3.0
A,0,6011003712972938,-7.6034,1.0,1.0,0.0,1.0,5.0,6.0,2.9056,8.0,3.0,3.6875
A,0,6011007689701944,-7.3446,1.0,1.0,0.0,1.0,5.0,6.0,2.7028,7.0,4.0,3.9375
A,0,4111119650488428,3.4645,1.0,1.0,1.0,1.0,0.0,4.0,2.68,8.0,5.0,3.9375
A,0,6011001720575187,-7.2999,1.0,1.0,0.0,1.0,5.0,6.0,2.5778,7.0,4.0,3.1875
A,0,5105102590853651,-7.1885,1.0,1.0,0.0,1.0,3.0,5.0,2.68,8.0,5.0,3.5
A,0,4111118267952803,-8.0023,1.0,1.0,0.0,1.0,0.0,4.0,3.0244,10.0,5.0,3.6875
A,0,4532013399555517,1.6938,1.0,1.0,1.0,1.0,2.0,4.0,2.7272,8.0,5.0,4.1875
A,0,5105109837263745,-7.3516,1.0,1.0,0.0,1.0,3.0,5.0,3.2028,10.0,3.0,4.125
A,0,4532011771867954,-7.4839,1.0,1.0,0.0,1.0,2.0,4.0,3.1556,10.0,3.0,4.375
A,0,4242424051377115,-7.3954,1.0,1.0,0.0,1.0,1.0,4.0,2.6556,7.0,4.0,3.25
A,0,4111118341341003,-7.7339,1.0,1.0,0.0,1.0,0.0,4.0,2.0524,5.0,7.0,2.25
A,0,5105105503520561,0.6781,1.0,1.0,1.0,1.0,3.0,5.0,2.2335,6.0,6.0,2.75
A,0,4532010054339779,-6.6396,1.0,1.0,0.0,1.0,2.0,4.0,2.9056,8.0,3.0,3.875
A,0,5105106929452441,-7.2865,1.0,1.0,0.0,1.0,3.0,5.0,2.7335,7.0,3.0,3.625
A,0,5105101365361929,-7.5065,1.0,1.0,0.0,1.0,3.0,5.0,2.7028,7.0,4.0,3.5625
A,0,5555554315617053,-6.876,1.0,1.0,0.0,1.0,4.0,5.0,2.25,7.0,8.0,4.0625
A,0,4111117753697251,-6.7844,1.0,1.0,0.0,1.0,0.0,4.0,2.6085,8.0,6.0,3.8125
A,0,5105105276917432,1.8193,1.0,1.0,1.0,1.0,3.0,5.0,3.0306,9.0,3.0,3.625
A,0,4532016629472283,-7.199,1.0,1.0,0.0,1.0,2.0,4.0,3.125,10.0,4.0,4.0
A,0,5555554914673151,0.9965,1.0,1.0,1.0,1.0,4.0,5.0,2.3496,7.0,7.0,4.4375
A,0,4532011490910402,-7.147,1.0,1.0,0.0,1.0,2.0,4.0,2.6556,7.0,4.0,2.8125
A,0,5555553600476685,-8.2451,1.0,1.0,0.0,1.0,4.0,5.0,2.3496,7.0,7.0,4.6875
A,0,4111113486594132,-6.8984,1.0,1.0,0.0,1.0,0.0,4.0,2.6085,8.0,6.0,3.375
A,0,6011007489393156,1.0889,1.0,1.0,1.0,1.0,5.0,6.0,3.0306,9.0,3.0,3.9375
A,0,4242422141978052,2.9485,1.0,1.0,1.0,1.0,1.0,4.0,2.6494,8.0,5.0,3.5625
A,0,4242426744834168,-6.8427,1.0,1.0,0.0,1.0,1.0,4.0,2.4835,7.0,6.0,4.3125
A,0,6011009482910234,-0.1837,1.0,1.0,1.0,1.0,5.0,6.0,2.8278,8.0,4.0,3.125
A,0,4242427987848603,-7.9928,1.0,1.0,0.0,1.0,1.0,4.0,2.7806,8.0,4.0,4.875
A,0,4532016141791641,-7.1273,1.0,1.0,0.0,1.0,2.0,4.0,2.8522,9.0,5.0,3.4375
A,0,4111112620658276,-6.9076,1.0,1.0,0.0,1.0,0.0,4.0,2.68,8.0,5.0,3.3125
A,0,5105104527156469,-7.0119,1.0,1.0,0.0,1.0,3.0,5.0,2.8278,8.0,4.0,3.8125
A,0,6011005646299679,-7.5668,1.0,1.0,0.0,1.0,5.0,6.0,2.7806,8.0,4.0,4.4375
A,0,4242426878814208,1.996,1.0,1.0,1.0,1.0,1.0,4.0,2.5,7.0,4.0,4.375
A,0,4242426146233041,2.2081,1.0,1.0,1.0,1.0,1.0,4.0,2.3994,6.0,5.0,3.0
A,0,4242421280475222,-7.1784,1.0,1.0,0.0,1.0,1.0,4.0,2.2718,7.0,7.0,3.1875
A,0,5555557495110753,-7.5184,1.0,1.0,0.0,1.0,4.0,5.0,2.25,7.0,8.0,4.5
A,0,5105108769412963,-7.3516,1.0,1.0,0.0,1.0,3.0,5.0,3.2028,10.0,3.0,4.1875
A,0,4242427472756077,-6.7132,1.0,1.0,0.0,1.0,1.0,4.0,2.2744,6.0,5.0,4.375
A,0,4532010368495271,-7.5662,1.0,1.0,0.0,1.0,2.0,4.0,3.25,10.0,2.0,3.75
A,0,5105105608978196,-7.0628,1.0,1.0,0.0,1.0,3.0,5.0,2.7335,7.0,3.0,4.4375
A,0,6011000170198435,-6.7275,1.0,1.0,0.0,1.0,5.0,6.0,2.7744,9.0,5.0,2.875
A,0,4242423764888134,-6.8464,1.0,1.0,0.0,1.0,1.0,4.0,2.555,7.0,5.0,4.375
A,0,5555550020028226,-7.6248,1.0,1.0,0.0,1.0,4.0,5.0,2.0306,5.0,6.0,3.25
A,0,4242424826709862,-7.2912,1.0,1.0,0.0,1.0,1.0,4.0,2.5244,7.0,5.0,4.375
A,0,4532012453828474,-6.7844,1.0,1.0,0.0,1.0,2.0,4.0,2.8278,8.0,4.0,3.875
A,0,4532012587265431,-7.4244,1.0,1.0,0.0,1.0,2.0,4.0,3.0306,9.0,3.0,3.625
A,0,4532017357565430,-7.1822,1.0,1.0,0.0,1.0,2.0,4.0,2.8278,8.0,4.0,3.75
A,0,5555559078629607,-7.86,1.0,1.0,0.0,1.0,4.0,5.0,2.5306,7.0,6.0,5.25
A,0,5105101415746015,-7.5211,1.0,1.0,0.0,1.0,3.0,5.0,2.3522,6.0,5.0,2.875
A,0,6011006290178440,-7.3217,1.0,1.0,0.0,1.0,5.0,6.0,2.7272,8.0,5.0,3.0625
A,0,5555559025411420,-6.9766,1.0,1.0,0.0,1.0,4.0,5.0,2.2718,6.0,7.0,3.625
A,0,4242426269760467,-7.1864,1.0,1.0,0.0,1.0,1.0,4.0,2.375,6.0,4.0,4.4375
A,0,6011008599074455,-7.1098,1.0,1.0,0.0,1.0,5.0,6.0,2.8278,8.0,4.0,4.0
A,0,4532010257611713,1.2205,1.0,1.0,1.0,1.0,2.0,4.0,2.875,8.0,4.0,3.0
A,0,4532011723674291,-7.4099,1.0,1.0,0.0,1.0,2.0,4.0,3.0306,9.0,3.0,3.5625
A,0,4242421065076970,-7.1017,1.0,1.0,0.0,1.0,1.0,4.0,2.8585,8.0,3.0,3.6875
A,0,4111111682549323,-6.8869,1.0,1.0,0.0,1.0,0.0,4.0,2.6556,8.0,6.0,3.25
A,0,5555550815381030,-7.2426,1.0,1.0,0.0,1.0,4.0,5.0,2.0996,5.0,7.0,3.6875
A,0,4242427841201319,-7.387,1.0,1.0,0.0,1.0,1.0,4.0,2.7028,8.0,4.0,3.375
A,0,4242425565932353,-6.4738,1.0,1.0,0.0,1.0,1.0,4.0,2.4056,6.0,4.0,4.0
A,0,4111112757894239,-6.5782,1.0,1.0,0.0,1.0,0.0,4.0,2.7744,8.0,5.0,4.0625
A,0,5105105830546667,-7.0213,1.0,1.0,0.0,1.0,3.0,5.0,2.7806,8.0,4.0,3.875
A,0,5105102215840489,-7.3604,1.0,1.0,0.0,1.0,3.0,5.0,2.7335,7.0,3.0,3.4375
A,0,6011009339221583,-7.6693,1.0,1.0,0.0,1.0,5.0,6.0,2.8585,8.0,3.0,3.3125
A,0,4111112927306507,3.093,1.0,1.0,1.0,1.0,0.0,4.0,2.8994,9.0,5.0,3.125
A,0,5555554624697652,-7.8818,1.0,1.0,0.0,1.0,4.0,5.0,2.2246,6.0,7.0,5.0625
A,0,5105101291936301,-6.8783,1.0,1.0,0.0,1.0,3.0,5.0,2.6022,7.0,5.0,2.9375
A,0,4111110886406282,-7.3376,1.0,1.0,0.0,1.0,0.0,4.0,2.4772,6.0,5.0,3.3125
A,0,4111119172870128,-7.0555,1.0,1.0,0.0,1.0,0.0,4.0,2.3968,7.0,7.0,3.375
A,0,5555552659385824,-8.5369,1.0,1.0,0.0,1.0,4.0,5.0,2.25,7.0,8.0,5.125
A,0,5105103836240372,-7.899,1.0,1.0,0.0,1.0,3.0,5.0,3.0306,9.0,3.0,3.125
A,0,6011005722353309,-7.1595,1.0,1.0,0.0,1.0,5.0,6.0,2.8278,8.0,4.0,2.9375
A,0,5555553472600327,-6.8327,1.0,1.0,0.0,1.0,4.0,5.0,2.5306,7.0,6.0,4.0
A,0,5105105261739739,-7.0388,1.0,1.0,0.0,1.0,3.0,5.0,2.9056,8.0,3.0,4.0
A,0,6011003900034131,-1.4513,1.0,1.0,1.0,1.0,5.0,6.0,2.2335,6.0,6.0,2.0
A,0,6011004998788361,-7.3441,1.0,1.0,0.0,1.0,5.0,6.0,2.8585,8.0,3.0,4.4375
A,0,4242422021102452,-7.7508,1.0,1.0,0.0,1.0,1.0,4.0,2.0218,5.0,7.0,2.3125
A,0,6011005931504731,-7.0502,1.0,1.0,0.0,1.0,5.0,6.0,2.75,8.0,4.0,2.875
A,0,6011003213430115,-8.4646,1.0,1.0,0.0,1.0,5.0,6.0,2.4772,7.0,5.0,1.9375
A,0,4111112576652751,-6.8307,1.0,1.0,0.0,1.0,0.0,4.0,2.3585,6.0,6.0,3.4375
A,0,4111112564879890,-7.5003,1.0,1.0,0.0,1.0,0.0,4.0,2.8994,9.0,5.0,4.1875
A,0,4532015634780003,-7.4749,1.0,1.0,0.0,1.0,2.0,4.0,2.9528,9.0,4.0,3.1875
A,0,6011000033523621,-8.3107,1.0,1.0,0.0,1.0,5.0,6.0,2.43,6.0,5.0,2.0625
A,0,5555559620317458,-9.2102,1.0,1.0,0.0,1.0,4.0,5.0,2.7718,10.0,7.0,4.6875
A,0,5555551066519189,-7.5291,1.0,1.0,0.0,1.0,4.0,5.0,2.2246,6.0,7.0,4.75
A,0,4532019357320321,-7.646,1.0,1.0,0.0,1.0,2.0,4.0,2.8278,8.0,4.0,3.125
A,0,6011008990215931,-7.6399,1.0,1.0,0.0,1.0,5.0,6.0,2.7028,8.0,4.0,3.4375
A,0,4532014796054227,-6.8302,1.0,1.0,0.0,1.0,2.0,4.0,3.0306,9.0,3.0,3.8125
A,0,5105105123846969,-7.2099,1.0,1.0,0.0,1.0,3.0,5.0,3.0306,9.0,3.0,4.0625
A,0,4111111969202473,-6.8869,1.0,1.0,0.0,1.0,0.0,4.0,2.6556,8.0,6.0,3.25
A,0,4532011943068259,-6.8161,1.0,1.0,0.0,1.0,2.0,4.0,3.125,9.0,2.0,3.875
A,0,5555554589006600,-6.7814,1.0,1.0,0.0,1.0,4.0,5.0,2.1468,6.0,7.0,4.25
A,0,4111114766638549,-6.914,1.0,1.0,0.0,1.0,0.0,4.0,2.68,8.0,5.0,4.1875
A,0,4532016080934520,-7.8156,1.0,1.0,0.0,1.0,2.0,4.0,3.0,9.0,4.0,3.25
A,0,5105106596306784,-6.878,1.0,1.0,0.0,1.0,3.0,5.0,2.9835,9.0,3.0,4.125
A,0,4111110028131227,-8.6942,1.0,1.0,0.0,1.0,0.0,4.0,2.3496,7.0,7.0,2.1875
A,0,6011008480473793,-7.3727,1.0,1.0,0.0,1.0,5.0,6.0,2.875,8.0,4.0,3.8125
A,0,4111113209741875,-6.7778,1.0,1.0,0.0,1.0,0.0,4.0,2.7806,9.0,6.0,3.4375
A,0,5105107411956300,-7.4969,1.0,1.0,0.0,1.0,3.0,5.0,2.7028,8.0,4.0,3.0
A,0,4111110653617174,-7.1395,1.0,1.0,0.0,1.0,0.0,4.0,2.3968,7.0,7.0,3.0625
A,0,5105102517967796,-7.0628,1.0,1.0,0.0,1.0,3.0,5.0,2.7335,7.0,3.0,4.4375
A,0,4242426548523879,-7.7448,1.0,1.0,0.0,1.0,1.0,4.0,2.75,8.0,4.0,4.6875
A,0,4532012690048707,-7.5474,1.0,1.0,0.0,1.0,2.0,4.0,3.125,10.0,4.0,3.625
A,0,4242427169986484,-7.948,1.0,1.0,0.0,1.0,1.0,4.0,2.6022,7.0,5.0,5.0
A,0,4532014279654722,-6.8552,1.0,1.0,0.0,1.0,2.0,4.0,2.9528,9.0,4.0,3.9375
A,0,6011004573548445,-7.556,1.0,1.0,0.0,1.0,5.0,6.0,2.7806,8.0,4.0,3.5625
A,0,4111117713584764,-6.6792,1.0,1.0,0.0,1.0,0.0,4.0,2.4363,7.0,6.0,3.8125
A,0,4111115866582143,-6.9825,1.0,1.0,0.0,1.0,0.0,4.0,2.5306,7.0,6.0,3.5625
A,0,6011006024904226,-6.9874,1.0,1.0,0.0,1.0,5.0,6.0,2.43,6.0,5.0,2.6875
A,0,5555551994715385,-8.5369,1.0,1.0,0.0,1.0,4.0,5.0,2.25,7.0,8.0,5.125
A,0,6011008699927642,-7.3367,1.0,1.0,0.0,1.0,5.0,6.0,2.8585,8.0,3.0,4.375
A,0,5555555847310710,-6.8056,1.0,1.0,0.0,1.0,4.0,5.0,2.3968,7.0,7.0,4.125
A,0,4111110226646878,-6.6061,1.0,1.0,0.0,1.0,0.0,4.0,2.6022,7.0,5.0,3.625
A,0,4242420125680466,-6.8792,1.0,1.0,0.0,1.0,1.0,4.0,2.5778,7.0,4.0,3.5
A,0,4532012998422945,-7.0091,1.0,1.0,0.0,1.0,2.0,4.0,2.7806,8.0,4.0,4.3125
A,0,4532015635777360,-6.7043,1.0,1.0,0.0,1.0,2.0,4.0,2.8585,8.0,3.0,4.0
A,0,4532017060783701,-7.6027,1.0,1.0,0.0,1.0,2.0,4.0,2.9528,9.0,4.0,3.375
A,0,6011002570893574,-7.8663,1.0,1.0,0.0,1.0,5.0,6.0,3.125,10.0,4.0,3.625
A,0,4532012959580448,-6.8941,1.0,1.0,0.0,1.0,2.0,4.0,2.9056,8.0,3.0,4.3125
A,0,4242422925476851,2.5501,1.0,1.0,1.0,1.0,1.0,4.0,2.6494,8.0,5.0,4.1875
A,0,4532012299889815,-8.016,1.0,1.0,0.0,1.0,2.0,4.0,2.8585,8.0,3.0,4.75
A,0,4111111920238136,-7.2204,1.0,1.0,0.0,1.0,0.0,4.0,2.5218,8.0,7.0,2.75
A,0,4111117031727091,-7.5922,1.0,1.0,0.0,1.0,0.0,4.0,2.3496,7.0,7.0,2.875
A,0,6011006948593596,1.4604,1.0,1.0,1.0,1.0,5.0,6.0,2.8585,8.0,3.0,4.5
A,0,4532015198833299,-7.4944,1.0,1.0,0.0,1.0,2.0,4.0,2.9056,8.0,3.0,4.5
A,0,4111114068288423,-6.9946,1.0,1.0,0.0,1.0,0.0,4.0,2.555,7.0,5.0,3.375
A,0,6011002973453721,-8.0161,1.0,1.0,0.0,1.0,5.0,6.0,3.0306,9.0,3.0,3.1875
A,0,5555559018920272,-7.7004,1.0,1.0,0.0,1.0,4.0,5.0,2.4835,7.0,6.0,4.375
A,0,4111114352613448,-7.0361,1.0,1.0,0.0,1.0,0.0,4.0,2.4056,7.0,6.0,3.0625
A,0,5105106471853126,-7.6525,1.0,1.0,0.0,1.0,3.0,5.0,2.9528,9.0,4.0,3.4375
A,0,5555557167536775,-9.2102,1.0,1.0,0.0,1.0,4.0,5.0,1.875,5.0,8.0,5.25
A,0,4532010689880813,-6.9022,1.0,1.0,0.0,1.0,2.0,4.0,2.9528,9.0,4.0,4.125
A,0,5105109502539751,-7.0628,1.0,1.0,0.0,1.0,3.0,5.0,2.555,7.0,5.0,3.625
A,0,6011000501545539,-7.2178,1.0,1.0,0.0,1.0,5.0,6.0,2.4772,7.0,5.0,2.8125
A,0,6011003651352690,0.7422,1.0,1.0,1.0,1.0,5.0,6.0,2.6556,7.0,4.0,3.0
A,0,6011003312862269,0.1189,1.0,1.0,1.0,1.0,5.0,6.0,2.6863,7.0,3.0,3.125
A,0,5555556912555986,-9.0175,1.0,1.0,0.0,1.0,4.0,5.0,1.9669,6.0,9.0,5.375
A,0,6011001288328541,-8.0342,1.0,1.0,0.0,1.0,5.0,6.0,2.7806,8.0,4.0,3.125
A,0,4111117770104790,-7.3941,1.0,1.0,0.0,1.0,0.0,4.0,2.1085,5.0,6.0,3.1875
A,0,5555556131411748,-6.6431,1.0,1.0,0.0,1.0,4.0,5.0,2.4056,7.0,6.0,4.125
A,0,5555555880372515,-8.2475,1.0,1.0,0.0,1.0,4.0,5.0,2.0919,7.0,9.0,4.625
A,0,4242420267285454,-6.4836,1.0,1.0,0.0,1.0,1.0,4.0,2.4238,7.0,5.0,3.8125
A,0,6011003722044024,-7.925,1.0,1.0,0.0,1.0,5.0,6.0,2.555,7.0,5.0,2.25
A,0,5105105083052144,-7.0667,1.0,1.0,0.0,1.0,3.0,5.0,2.5778,7.0,4.0,2.75
A,0,6011009946112588,-7.1632,1.0,1.0,0.0,1.0,5.0,6.0,2.8278,8.0,4.0,3.8125
A,0,4242421218619768,-7.3174,1.0,1.0,0.0,1.0,1.0,4.0,2.6556,7.0,4.0,4.1875
A,0,4242420565465483,-6.5919,1.0,1.0,0.0,1.0,1.0,4.0,2.555,7.0,5.0,4.0
A,0,6011007990392977,-7.0387,1.0,1.0,0.0,1.0,5.0,6.0,2.5778,7.0,4.0,4.375
A,0,6011007750314736,-7.7177,1.0,1.0,0.0,1.0,5.0,6.0,2.6556,7.0,4.0,3.1875
A,0,5555553432066261,-6.9939,1.0,1.0,0.0,1.0,4.0,5.0,2.4835,7.0,6.0,3.9375
A,0,5555559856187699,-7.8506,1.0,1.0,0.0,1.0,4.0,5.0,2.2246,6.0,7.0,6.125
A,0,4111116718011022,-9.2102,1.0,1.0,0.0,1.0,0.0,4.0,2.25,7.0,8.0,2.3125
A,0,5555559067695381,-7.9069,1.0,1.0,0.0,1.0,4.0,5.0,2.5218,8.0,7.0,5.25
A,0,6011003056198527,-7.9215,1.0,1.0,0.0,1.0,5.0,6.0,2.9528,9.0,4.0,3.375
A,0,4532010402085342,2.4128,1.0,1.0,1.0,1.0,2.0,4.0,2.6556,7.0,4.0,2.6875
A,0,4111110107898437,-7.0709,1.0,1.0,0.0,1.0,0.0,4.0,2.5306,7.0,6.0,3.5
A,0,6011006210832795,-7.7938,1.0,1.0,0.0,1.0,5.0,6.0,2.9528,9.0,4.0,3.1875
A,0,4532019806285190,-6.8582,1.0,1.0,0.0,1.0,2.0,4.0,3.0778,9.0,3.0,3.9375
A,0,4532019046459846,-7.5493,1.0,1.0,0.0,1.0,2.0,4.0,3.0,9.0,4.0,4.375
A,0,5555559078350724,-7.9623,1.0,1.0,0.0,1.0,4.0,5.0,2.5218,8.0,7.0,4.6875
A,0,4111113952294719,-7.123,1.0,1.0,0.0,1.0,0.0,4.0,2.4835,7.0,6.0,3.75
A,0,4111119019989672,-6.4851,1.0,1.0,0.0,1.0,0.0,4.0,2.5306,8.0,6.0,4.3125
A,0,5555559429659257,-8.4852,1.0,1.0,0.0,1.0,4.0,5.0,2.0778,6.0,8.0,5.5
A,0,4532018291029731,-7.4099,1.0,1.0,0.0,1.0,2.0,4.0,3.0306,9.0,3.0,3.5625
A,0,5555553071306574,-6.8056,1.0,1.0,0.0,1.0,4.0,5.0,2.3968,7.0,7.0,4.125
A,0,4532012952770529,-6.9037,1.0,1.0,0.0,1.0,2.0,4.0,2.8278,8.0,4.0,3.9375
A,0,4111119263320914,-7.0751,1.0,1.0,0.0,1.0,0.0,4.0,2.5306,7.0,6.0,3.0
A,0,4111112053524739,-6.7515,1.0,1.0,0.0,1.0,0.0,4.0,2.7744,8.0,5.0,3.0625
A,0,4111114165415453,3.4985,1.0,1.0,1.0,1.0,0.0,4.0,1.9746,5.0,7.0,2.9375
A,0,4242425176405431,-7.149,1.0,1.0,0.0,1.0,1.0,4.0,2.7272,8.0,5.0,3.375
A,0,5555550495303429,-6.5148,1.0,1.0,0.0,1.0,4.0,5.0,2.2718,6.0,7.0,4.3125
A,0,4111113513424426,-7.343,1.0,1.0,0.0,1.0,0.0,4.0,2.2806,6.0,6.0,2.6875
A,0,5555555519819318,-9.089,1.0,1.0,0.0,1.0,4.0,5.0,1.9528,5.0,8.0,5.0
A,0,6011006572091456,-7.7967,1.0,1.0,0.0,1.0,5.0,6.0,2.7806,8.0,4.0,3.3125
A,0,6011004243065847,-7.7938,1.0,1.0,0.0,1.0,5.0,6.0,2.9528,9.0,4.0,3.1875
A,0,5105106643548804,-7.2865,1.0,1.0,0.0,1.0,3.0,5.0,2.7335,7.0,3.0,3.75
A,0,4242429688668206,-7.2126,1.0,1.0,0.0,1.0,1.0,4.0,2.4056,6.0,4.0,4.8125
A,0,6011008422844502,-7.3056,1.0,1.0,0.0,1.0,5.0,6.0,2.6556,7.0,4.0,2.9375
A,0,5555559672077425,-8.5629,1.0,1.0,0.0,1.0,4.0,5.0,2.3496,7.0,7.0,4.9375
A,0,4242426719628375,-7.4073,1.0,1.0,0.0,1.0,1.0,4.0,2.9528,9.0,4.0,4.5
A,0,4111118073102753,-7.0382,1.0,1.0,0.0,1.0,0.0,4.0,2.6556,8.0,6.0,2.8125
A,0,4111115411649142,2.7188,1.0,1.0,1.0,1.0,0.0,4.0,2.0,6.0,8.0,2.875
A,0,4532015160302323,-7.0767,1.0,1.0,0.0,1.0,2.0,4.0,2.6556,7.0,4.0,2.5
A,0,5105104436900474,-7.4248,1.0,1.0,0.0,1.0,3.0,5.0,2.75,8.0,4.0,3.3125
A,0,6011007804284596,-7.5558,1.0,1.0,0.0,1.0,5.0,6.0,3.0,9.0,4.0,3.8125
A,0,6011000179498706,-7.018,1.0,1.0,0.0,1.0,5.0,6.0,2.6022,7.0,5.0,3.6875
A,0,5105102501909233,-6.6673,1.0,1.0,0.0,1.0,3.0,5.0,2.5306,6.0,4.0,2.875
A,0,5555550209695182,-7.4479,1.0,1.0,0.0,1.0,4.0,5.0,2.3968,7.0,7.0,4.5
A,0,4532014057958968,-8.1981,1.0,1.0,0.0,1.0,2.0,4.0,3.2028,10.0,3.0,4.75
A,0,4111114418597496,-6.5142,1.0,1.0,0.0,1.0,0.0,4.0,2.4056,7.0,6.0,4.125
A,0,4242425615278596,-7.5561,1.0,1.0,0.0,1.0,1.0,4.0,2.7806,8.0,4.0,4.5
A,0,6011007642236976,-7.5011,1.0,1.0,0.0,1.0,5.0,6.0,2.8278,8.0,4.0,3.75
A,0,5105100844044225,-6.9619,1.0,1.0,0.0,1.0,3.0,5.0,2.4528,6.0,4.0,2.8125
A,0,4532012167377639,-7.0357,1.0,1.0,0.0,1.0,2.0,4.0,3.0306,9.0,3.0,4.125
A,0,4532016755958232,-7.2088,1.0,1.0,0.0,1.0,2.0,4.0,3.0778,10.0,4.0,4.1875
A,0,5105100756634678,-6.8784,1.0,1.0,0.0,1.0,3.0,5.0,2.8585,8.0,3.0,4.0
A,0,6011008800943496,-7.214,1.0,1.0,0.0,1.0,5.0,6.0,2.6494,7.0,5.0,3.6875
A,0,4242424666211435,-7.5111,1.0,1.0,0.0,1.0,1.0,4.0,2.3522,6.0,5.0,3.5
A,0,5555552791116056,-7.2321,1.0,1.0,0.0,1.0,4.0,5.0,2.3496,7.0,7.0,4.25
A,0,5555554719352736,-7.8406,1.0,1.0,0.0,1.0,4.0,5.0,2.5218,8.0,7.0,4.8125
A,0,5555559626363289,-8.3185,1.0,1.0,0.0,1.0,4.0,5.0,2.3585,6.0,6.0,5.25
A,0,6011002675861971,-7.5705,1.0,1.0,0.0,1.0,5.0,6.0,2.7806,8.0,4.0,3.75
A,0,5555553809470906,-8.2333,1.0,1.0,0.0,1.0,4.0,5.0,2.6085,8.0,6.0,4.75
A,0,4242424633087579,-7.3083,1.0,1.0,0.0,1.0,1.0,4.0,2.9528,9.0,4.0,4.375
A,0,6011001183460801,-7.4413,1.0,1.0,0.0,1.0,5.0,6.0,2.2988,6.0,5.0,2.5
A,0,5105103447020714,-7.3971,1.0,1.0,0.0,1.0,3.0,5.0,2.6556,7.0,4.0,2.75
A,0,4111117305318368,-6.8012,1.0,1.0,0.0,1.0,0.0,4.0,2.6085,8.0,6.0,3.3125
A,0,4242420791328718,-6.9045,1.0,1.0,0.0,1.0,1.0,4.0,2.8278,8.0,4.0,4.0
A,0,4111119235072660,-7.4504,1.0,1.0,0.0,1.0,0.0,4.0,2.8994,9.0,5.0,3.0625
A,0,4111117094513977,-7.0702,1.0,1.0,0.0,1.0,0.0,4.0,2.4835,7.0,6.0,3.8125
A,0,5555553725865115,-8.2475,1.0,1.0,0.0,1.0,4.0,5.0,2.0919,7.0,9.0,4.5625
A,0,5555559004345042,-6.9742,1.0,1.0,0.0,1.0,4.0,5.0,2.1774,6.0,7.0,3.8125
A,0,5105101662757279,-6.6751,1.0,1.0,0.0,1.0,3.0,5.0,2.7335,7.0,3.0,4.0
A,0,5555558298460284,-8.1072,1.0,1.0,0.0,1.0,4.0,5.0,2.4835,7.0,6.0,5.0625
A,0,6011000909660851,-7.5249,1.0,1.0,0.0,1.0,5.0,6.0,2.3113,6.0,6.0,3.25
A,0,5555558921721810,-7.041,1.0,1.0,0.0,1.0,4.0,5.0,2.4835,7.0,6.0,4.3125
A,0,4111115519384501,2.0198,1.0,1.0,1.0,1.0,0.0,4.0,2.3496,7.0,7.0,3.125
A,0,5105101507082783,-7.6851,1.0,1.0,0.0,1.0,3.0,5.0,2.6556,7.0,4.0,3.3125
A,0,4242422768421670,-6.9782,1.0,1.0,0.0,1.0,1.0,4.0,2.5244,7.0,5.0,3.8125
A,0,4532019498596240,-7.3495,1.0,1.0,0.0,1.0,2.0,4.0,3.0306,9.0,3.0,4.4375
A,0,6011000616530511,-7.4948,1.0,1.0,0.0,1.0,5.0,6.0,2.1266,5.0,5.0,2.25
A,0,5105106857314816,-7.0119,1.0,1.0,0.0,1.0,3.0,5.0,2.8278,8.0,4.0,3.8125
A,0,5555555000181542,-7.6436,1.0,1.0,0.0,1.0,4.0,5.0,2.0778,6.0,8.0,3.5
A,0,4532019602132222,-6.7659,1.0,1.0,0.0,1.0,2.0,4.0,2.6556,8.0,6.0,2.75
A,0,4111112236097610,-7.0382,1.0,1.0,0.0,1.0,0.0,4.0,2.6556,8.0,6.0,2.8125
A,0,5555555753938125,-8.1219,1.0,1.0,0.0,1.0,4.0,5.0,2.0919,7.0,9.0,4.875
A,0,4111111890292645,3.5501,1.0,1.0,1.0,1.0,0.0,4.0,2.6556,8.0,6.0,3.4375
A,0,5105106746186817,-7.2857,1.0,1.0,0.0,1.0,3.0,5.0,2.7028,7.0,4.0,4.125
A,0,4111113546156304,-7.2184,1.0,1.0,0.0,1.0,0.0,4.0,2.3585,6.0,6.0,2.875
A,0,4111119292354917,-7.123,1.0,1.0,0.0,1.0,0.0,4.0,2.4835,7.0,6.0,3.75
A,0,5555558283751135,-7.9979,1.0,1.0,0.0,1.0,4.0,5.0,2.125,6.0,8.0,4.5625
A,0,4242420447285091,-6.8111,1.0,1.0,0.0,1.0,1.0,4.0,2.6494,8.0,5.0,3.625
A,0,5105109288760622,-6.9331,1.0,1.0,0.0,1.0,3.0,5.0,2.9056,8.0,3.0,3.875
A,0,4111111779877200,-6.8166,1.0,1.0,0.0,1.0,0.0,4.0,2.4056,7.0,6.0,3.5625
A,0,4532014118996766,-7.6304,1.0,1.0,0.0,1.0,2.0,4.0,3.1556,10.0,3.0,4.5
A,0,4532010872063946,-7.5662,1.0,1.0,0.0,1.0,2.0,4.0,3.2028,10.0,3.0,3.75
A,0,4242425398121815,-7.0008,1.0,1.0,0.0,1.0,1.0,4.0,2.6556,7.0,4.0,3.8125
A,0,5105104550106799,-7.0839,1.0,1.0,0.0,1.0,3.0,5.0,2.5778,7.0,4.0,3.625
A,0,6011006998286713,-6.9969,1.0,1.0,0.0,1.0,5.0,6.0,2.8585,8.0,3.0,4.1875
A,0,4242423747711685,-7.16,1.0,1.0,0.0,1.0,1.0,4.0,2.7806,8.0,4.0,4.1875
A,0,4532013769063530,1.835,1.0,1.0,1.0,1.0,2.0,4.0,2.9528,9.0,4.0,3.5625
A,0,4242425000153149,-7.0014,1.0,1.0,0.0,1.0,1.0,4.0,2.6556,7.0,4.0,2.875
A,0,4111113551120416,-9.2102,1.0,1.0,0.0,1.0,0.0,4.0,2.25,7.0,8.0,2.3125
A,0,5105106133876499,-7.0793,1.0,1.0,0.0,1.0,3.0,5.0,3.0778,9.0,3.0,4.25
A,0,5105109354565915,1.6583,1.0,1.0,1.0,1.0,3.0,5.0,2.4835,7.0,6.0,4.0
A,0,5555559330202595,-8.0787,1.0,1.0,0.0,1.0,4.0,5.0,2.0,5.0,8.0,4.25
A,0,5555550931572931,-7.465,1.0,1.0,0.0,1.0,4.0,5.0,2.3968,7.0,7.0,4.375
A,0,4532010448550454,-7.5792,1.0,1.0,0.0,1.0,2.0,4.0,2.4772,7.0,5.0,3.375
A,0,5105104446182911,-7.2999,1.0,1.0,0.0,1.0,3.0,5.0,2.7272,8.0,5.0,3.25
A,0,4242427503550156,-7.4177,1.0,1.0,0.0,1.0,1.0,4.0,2.7806,8.0,4.0,3.4375
A,0,4242427586120054,-7.1971,1.0,1.0,0.0,1.0,1.0,4.0,2.75,8.0,4.0,3.5
A,0,5555558869842642,-8.4477,1.0,1.0,0.0,1.0,4.0,5.0,2.3585,6.0,6.0,5.4375
A,0,4532011237920441,-7.5451,1.0,1.0,0.0,1.0,2.0,4.0,2.8585,8.0,3.0,3.0
A,0,4111112429374603,-6.8237,1.0,1.0,0.0,1.0,0.0,4.0,2.7272,8.0,5.0,3.0625
A,0,4111110820532578,-6.7515,1.0,1.0,0.0,1.0,0.0,4.0,2.7744,8.0,5.0,3.0625
A,0,6011000907598626,-7.2864,1.0,1.0,0.0,1.0,5.0,6.0,2.7272,8.0,5.0,3.75
A,0,4111116153972513,-7.2993,1.0,1.0,0.0,1.0,0.0,4.0,2.5218,8.0,7.0,3.1875
A,0,4111118174761570,-7.2046,1.0,1.0,0.0,1.0,0.0,4.0,2.3496,7.0,7.0,3.4375
A,0,5105100401086056,-7.5149,1.0,1.0,0.0,1.0,3.0,5.0,2.3113,6.0,6.0,2.625
A,0,5105102150552970,-7.5765,1.0,1.0,0.0,1.0,3.0,5.0,2.3522,6.0,5.0,3.0
A,0,4242423240071507,-6.7159,1.0,1.0,0.0,1.0,1.0,4.0,2.5778,7.0,4.0,2.9375
A,0,4532019536079227,-6.9052,1.0,1.0,0.0,1.0,2.0,4.0,3.0778,9.0,3.0,4.0625
A,0,6011003421612032,-9.11,1.0,1.0,0.0,1.0,5.0,6.0,2.4528,6.0,4.0,2.0
A,0,4242420852170162,-7.2425,1.0,1.0,0.0,1.0,1.0,4.0,2.7272,8.0,5.0,3.125
A,0,5105102518540429,1.6692,1.0,1.0,1.0,1.0,3.0,5.0,2.6556,7.0,4.0,3.25
A,0,4532014951890007,-7.5893,1.0,1.0,0.0,1.0,2.0,4.0,3.0,9.0,4.0,3.625
A,0,6011003741939833,-7.5705,1.0,1.0,0.0,1.0,5.0,6.0,2.7806,8.0,4.0,3.625
A,0,4242429461631875,-6.9909,1.0,1.0,0.0,1.0,1.0,4.0,2.9528,9.0,4.0,4.25
A,0,6011006308949173,-7.5011,1.0,1.0,0.0,1.0,5.0,6.0,2.8278,8.0,4.0,3.625
A,0,4532013530443053,-7.279,1.0,1.0,0.0,1.0,2.0,4.0,2.3829,6.0,5.0,2.8125
A,0,4111115245254512,-8.8137,1.0,1.0,0.0,1.0,0.0,4.0,1.9363,4.0,6.0,2.75
A,0,4532017185044835,-7.3323,1.0,1.0,0.0,1.0,2.0,4.0,2.9056,8.0,3.0,3.75
A,0,5555557862334917,-9.0963,1.0,1.0,0.0,1.0,4.0,5.0,2.7806,9.0,6.0,5.0
A,0,6011009129396142,-7.8455,1.0,1.0,0.0,1.0,5.0,6.0,2.6556,7.0,4.0,3.375
A,0,4111112267755482,-6.6333,1.0,1.0,0.0,1.0,0.0,4.0,2.6022,7.0,5.0,3.5625
A,0,4111116793969070,-6.4849,1.0,1.0,0.0,1.0,0.0,4.0,2.6022,7.0,5.0,4.0625
A,0,4242425536513570,-7.1814,1.0,1.0,0.0,1.0,1.0,4.0,2.7806,8.0,4.0,3.625
A,0,5555552722614735,-7.2321,1.0,1.0,0.0,1.0,4.0,5.0,2.3496,7.0,7.0,4.3125
A,0,4111112518462627,-7.4499,1.0,1.0,0.0,1.0,0.0,4.0,2.4835,7.0,6.0,3.25
A,0,4242424425105656,-7.5111,1.0,1.0,0.0,1.0,1.0,4.0,2.3522,6.0,5.0,3.5
A,0,4242422042719154,-7.1802,1.0,1.0,0.0,1.0,1.0,4.0,2.4238,7.0,5.0,3.3125
A,0,6011006187928888,-7.7728,1.0,1.0,0.0,1.0,5.0,6.0,2.555,7.0,5.0,4.5625
A,0,4111110507523836,-7.4504,1.0,1.0,0.0,1.0,0.0,4.0,2.8994,9.0,5.0,3.0
A,0,5555557724994613,-8.2173,1.0,1.0,0.0,1.0,4.0,5.0,2.6556,8.0,6.0,5.125
A,0,6011004125520650,-7.1075,1.0,1.0,0.0,1.0,5.0,6.0,2.43,6.0,5.0,2.375
A,0,4532014726006396,-7.4244,1.0,1.0,0.0,1.0,2.0,4.0,3.0306,9.0,3.0,3.625
A,0,6011000581706626,-7.342,1.0,1.0,0.0,1.0,5.0,6.0,2.4772,7.0,5.0,3.0625
A,0,4242427497007521,2.9717,1.0,1.0,1.0,1.0,1.0,4.0,2.5778,7.0,4.0,3.75
A,0,5105107279939742,-7.4264,1.0,1.0,0.0,1.0,3.0,5.0,2.9056,8.0,3.0,4.4375
A,0,4111113158218267,-7.2993,1.0,1.0,0.0,1.0,0.0,4.0,2.5218,8.0,7.0,3.25
A,0,5555557635331816,-7.374,1.0,1.0,0.0,1.0,4.0,5.0,2.2246,6.0,7.0,4.5625
A,0,4242422175998254,-7.2912,1.0,1.0,0.0,1.0,1.0,4.0,2.5244,7.0,5.0,4.375
A,0,5555554173157256,-7.3253,1.0,1.0,0.0,1.0,4.0,5.0,2.25,7.0,8.0,4.4375
A,0,4532019965445691,-7.7047,1.0,1.0,0.0,1.0,2.0,4.0,2.8585,8.0,3.0,4.5625
A,0,4242424422994678,-7.6134,1.0,1.0,0.0,1.0,1.0,4.0,2.18,6.0,6.0,4.5625
A,0,4532015899896738,-9.2102,1.0,1.0,0.0,1.0,2.0,4.0,3.1556,10.0,3.0,5.4375
A,0,4111112250673520,-6.7152,1.0,1.0,0.0,1.0,0.0,4.0,2.7272,8.0,5.0,2.5625
A,0,4532017272769037,-6.9022,1.0,1.0,0.0,1.0,2.0,4.0,2.9528,9.0,4.0,4.0625
A,0,5555552491868796,-8.7676,1.0,1.0,0.0,1.0,4.0,5.0,2.6556,8.0,6.0,5.625
A,0,5555559952082079,-7.8818,1.0,1.0,0.0,1.0,4.0,5.0,2.2246,6.0,7.0,5.0625
A,0,4242421099740027,2.895,1.0,1.0,1.0,1.0,1.0,4.0,2.4528,6.0,4.0,3.5625
A,0,4242427736054159,-7.0019,1.0,1.0,0.0,1.0,1.0,4.0,2.9528,9.0,4.0,4.0625
A,0,6011002978095975,-7.1503,1.0,1.0,0.0,1.0,5.0,6.0,2.8278,8.0,4.0,4.3125
A,0,6011007053954127,-7.7938,1.0,1.0,0.0,1.0,5.0,6.0,2.9528,9.0,4.0,3.1875
A,0,4532012286892252,-6.6982,1.0,1.0,0.0,1.0,2.0,4.0,2.7806,9.0,6.0,3.8125
A,0,4532016953875979,-8.7708,1.0,1.0,0.0,1.0,2.0,4.0,3.1556,10.0,3.0,5.1875
A,0,4111118466244595,2.8424,1.0,1.0,1.0,1.0,0.0,4.0,2.5244,7.0,5.0,3.875
A,0,5105101327315515,-7.4797,1.0,1.0,0.0,1.0,3.0,5.0,2.2988,6.0,5.0,2.8125
A,0,6011003564794196,-6.8508,1.0,1.0,0.0,1.0,5.0,6.0,2.8585,8.0,3.0,3.875
A,0,6011004244063177,-7.2608,1.0,1.0,0.0,1.0,5.0,6.0,2.6556,7.0,4.0,2.875
A,0,4532013942057257,-7.3323,1.0,1.0,0.0,1.0,2.0,4.0,2.9056,8.0,3.0,3.6875
A,0,4111114488022897,-6.307,1.0,1.0,0.0,1.0,0.0,4.0,2.555,7.0,5.0,3.8125
A,0,6011002638600533,-7.1125,1.0,1.0,0.0,1.0,5.0,6.0,2.555,7.0,5.0,2.75
A,0,6011004148176907,-7.5443,1.0,1.0,0.0,1.0,5.0,6.0,2.625,7.0,4.0,3.4375
A,0,4242426026868267,-7.6966,1.0,1.0,0.0,1.0,1.0,4.0,2.3522,6.0,5.0,4.3125
A,0,4532013490645478,-7.2395,1.0,1.0,0.0,1.0,2.0,4.0,3.125,10.0,4.0,4.0625
A,0,4532011661843642,-7.4083,1.0,1.0,0.0,1.0,2.0,4.0,2.8585,8.0,3.0,3.5
A,0,4532014505172393,-7.6863,1.0,1.0,0.0,1.0,2.0,4.0,2.9056,8.0,3.0,3.375
A,0,6011000078751229,-7.3217,1.0,1.0,0.0,1.0,5.0,6.0,2.7272,8.0,5.0,3.0625
A,0,6011000491436584,0.3837,1.0,1.0,1.0,1.0,5.0,6.0,2.7806,8.0,4.0,3.25
A,0,4111117702671839,-6.4637,1.0,1.0,0.0,1.0,0.0,4.0,2.7335,9.0,6.0,3.6875
A,0,4242429122465716,-6.9782,1.0,1.0,0.0,1.0,1.0,4.0,2.5244,7.0,5.0,3.8125
A,0,6011003927283176,-7.8397,1.0,1.0,0.0,1.0,5.0,6.0,2.9056,8.0,3.0,3.5
A,0,4532014083571237,-7.5686,1.0,1.0,0.0,1.0,2.0,4.0,2.9528,8.0,3.0,3.4375
A,0,4532012527310387,-7.5586,1.0,1.0,0.0,1.0,2.0,4.0,2.9056,8.0,3.0,3.3125
A,0,4532011027150362,-0.5993,1.0,1.0,1.0,1.0,2.0,4.0,2.8585,8.0,3.0,2.625
A,0,5105108076096696,1.5286,1.0,1.0,1.0,1.0,3.0,5.0,2.625,7.0,4.0,4.3125
A,0,4111110513543034,-8.654,1.0,1.0,0.0,1.0,0.0,4.0,2.1863,5.0,6.0,2.3125
A,0,4242421549130245,-7.6749,1.0,1.0,0.0,1.0,1.0,4.0,2.5244,7.0,5.0,3.25
A,0,6011007194396898,-7.6196,1.0,1.0,0.0,1.0,5.0,6.0,2.8585,8.0,3.0,4.5
A,0,4111119471992579,-6.7458,1.0,1.0,0.0,1.0,0.0,4.0,2.2806,6.0,6.0,4.4375
A,0,5555559758179196,-7.8506,1.0,1.0,0.0,1.0,4.0,5.0,2.2246,6.0,7.0,5.75
A,0,5555553294781635,-8.9235,1.0,1.0,0.0,1.0,4.0,5.0,2.6468,9.0,7.0,4.875
A,0,4532012648188191,-6.8552,1.0,1.0,0.0,1.0,2.0,4.0,2.9528,9.0,4.0,3.9375
A,0,4111115583397877,-6.7063,1.0,1.0,0.0,1.0,0.0,4.0,2.6022,7.0,5.0,4.4375
A,0,4111113918938414,-6.9474,1.0,1.0,0.0,1.0,0.0,4.0,2.0996,5.0,7.0,3.6875
A,0,6011001902165894,-7.5762,1.0,1.0,0.0,1.0,5.0,6.0,2.75,8.0,4.0,3.3125
A,0,5105107456359841,-7.0103,1.0,1.0,0.0,1.0,3.0,5.0,2.9528,9.0,4.0,4.0
A,0,4532019512026279,-7.5893,1.0,1.0,0.0,1.0,2.0,4.0,3.0,9.0,4.0,3.625
A,0,4242428010745686,-6.898,1.0,1.0,0.0,1.0,1.0,4.0,2.8278,8.0,4.0,3.9375
A,0,4532016115429983,-6.8582,1.0,1.0,0.0,1.0,2.0,4.0,3.0778,9.0,3.0,3.9375
A,0,6011003989924498,-8.0961,1.0,1.0,0.0,1.0,5.0,6.0,2.8278,8.0,4.0,4.5625
A,0,4111116972038246,2.772,1.0,1.0,1.0,1.0,0.0,4.0,2.8994,9.0,5.0,3.5
A,0,4242420503127133,-6.9933,1.0,1.0,0.0,1.0,1.0,4.0,2.6556,7.0,4.0,2.6875
A,0,5555552203684589,-7.8406,1.0,1.0,0.0,1.0,4.0,5.0,2.5218,8.0,7.0,4.8125
A,0,4532012926094858,-6.8942,1.0,1.0,0.0,1.0,2.0,4.0,3.0778,9.0,3.0,4.25
A,0,4532015488999894,-1.3259,1.0,1.0,1.0,1.0,2.0,4.0,2.7806,8.0,4.0,5.5
A,0,4111114752099174,-7.1502,1.0,1.0,0.0,1.0,0.0,4.0,2.4835,7.0,6.0,3.5625
A,0,4111111529901250,-7.2839,1.0,1.0,0.0,1.0,0.0,4.0,2.2718,6.0,7.0,2.6875
A,0,5555554350071535,-8.5305,1.0,1.0,0.0,1.0,4.0,5.0,1.9669,6.0,9.0,3.9375
A,0,6011002987632806,-7.5011,1.0,1.0,0.0,1.0,5.0,6.0,2.8278,8.0,4.0,3.6875
A,0,4532016212292128,-6.9361,1.0,1.0,0.0,1.0,2.0,4.0,2.7335,9.0,6.0,3.125
A,0,5105103473563784,-6.9331,1.0,1.0,0.0,1.0,3.0,5.0,2.9056,8.0,3.0,3.875
A,0,5105105990488297,-7.9123,1.0,1.0,0.0,1.0,3.0,5.0,2.8585,8.0,3.0,4.5625
A,0,5105102404948830,-7.7038,1.0,1.0,0.0,1.0,3.0,5.0,2.8278,8.0,4.0,3.375
A,0,4111114833676631,-7.2643,1.0,1.0,0.0,1.0,0.0,4.0,2.3113,6.0,6.0,3.5
A,0,6011009937421492,-7.4431,1.0,1.0,0.0,1.0,5.0,6.0,2.8585,8.0,3.0,3.625
A,0,6011000177574872,0.4926,1.0,1.0,1.0,1.0,5.0,6.0,2.7028,8.0,4.0,3.5
A,0,6011009077927021,-7.1517,1.0,1.0,0.0,1.0,5.0,6.0,2.43,6.0,5.0,3.25
A,0,6011000717736631,-7.3875,1.0,1.0,0.0,1.0,5.0,6.0,2.2806,5.0,4.0,3.0625
A,0,6011005326502241,-7.2763,1.0,1.0,0.0,1.0,5.0,6.0,2.6556,7.0,4.0,2.375
A,0,5105100599539079,-6.5317,1.0,1.0,0.0,1.0,3.0,5.0,2.375,6.0,4.0,4.25
A,0,5555551702703929,-7.213,1.0,1.0,0.0,1.0,4.0,5.0,2.5306,7.0,6.0,4.375
A,0,6011000815758077,1.1229,1.0,1.0,1.0,1.0,5.0,6.0,2.43,6.0,5.0,3.5
A,0,6011002407462209,1.8164,1.0,1.0,1.0,1.0,5.0,6.0,2.6022,7.0,5.0,2.75
A,0,4242425636243695,-6.6027,1.0,1.0,0.0,1.0,1.0,4.0,2.4528,6.0,4.0,4.1875
A,0,4532010306980483,-7.4849,1.0,1.0,0.0,1.0,2.0,4.0,2.9528,9.0,4.0,3.5
A,0,6011005373108309,-6.8875,1.0,1.0,0.0,1.0,5.0,6.0,2.68,8.0,5.0,2.9375
A,0,4532014544576213,-7.4186,1.0,1.0,0.0,1.0,2.0,4.0,2.8278,8.0,4.0,3.5
A,0,4242423551445400,1.6309,1.0,1.0,1.0,1.0,1.0,4.0,2.3113,6.0,6.0,3.0625
A,0,5555557092098380,1.7549,1.0,1.0,1.0,1.0,4.0,5.0,2.4835,7.0,6.0,4.75
A,0,4532010831915745,-7.4244,1.0,1.0,0.0,1.0,2.0,4.0,3.0306,9.0,3.0,3.625
A,0,4532013383922983,-6.893,1.0,1.0,0.0,1.0,2.0,4.0,2.7272,8.0,5.0,4.0625
A,0,4111111855035817,-7.4484,1.0,1.0,0.0,1.0,0.0,4.0,2.3496,7.0,7.0,3.25
A,0,4111118667159937,-7.0473,1.0,1.0,0.0,1.0,0.0,4.0,2.6556,8.0,6.0,4.375
A,0,4111115211207042,1.9159,1.0,1.0,1.0,1.0,0.0,4.0,2.2246,6.0,7.0,2.0625
A,0,5555559991382040,-7.9221,1.0,1.0,0.0,1.0,4.0,5.0,2.6085,8.0,6.0,4.6875
A,0,5105107702745807,-7.0839,1.0,1.0,0.0,1.0,3.0,5.0,2.5778,7.0,4.0,3.6875
A,0,4111113875455144,-7.0776,1.0,1.0,0.0,1.0,0.0,4.0,2.2335,6.0,6.0,3.4375
A,0,5105105450508302,-7.398,1.0,1.0,0.0,1.0,3.0,5.0,2.4238,7.0,5.0,2.75
A,0,4242425210089117,-7.4382,1.0,1.0,0.0,1.0,1.0,4.0,2.7806,8.0,4.0,3.25
A,0,5105106815387558,2.1673,1.0,1.0,1.0,1.0,3.0,5.0,2.555,7.0,5.0,4.25
A,0,6011003294485540,-7.7938,1.0,1.0,0.0,1.0,5.0,6.0,2.9528,9.0,4.0,3.25
A,0,6011003834863801,-7.447,1.0,1.0,0.0,1.0,5.0,6.0,2.4835,6.0,4.0,3.25
A,0,5105105601683262,-7.8598,1.0,1.0,0.0,1.0,3.0,5.0,2.6863,7.0,3.0,3.1875
A,0,5555558784512441,-7.374,1.0,1.0,0.0,1.0,4.0,5.0,2.2246,6.0,7.0,4.625
A,0,4532010750167773,-7.1822,1.0,1.0,0.0,1.0,2.0,4.0,2.8278,8.0,4.0,3.625
A,0,5555555034364169,-7.4724,1.0,1.0,0.0,1.0,4.0,5.0,2.3968,7.0,7.0,4.4375
A,0,4242420568811140,-7.3954,1.0,1.0,0.0,1.0,1.0,4.0,2.6556,7.0,4.0,3.25
A,0,5555552086419169,-8.2582,1.0,1.0,0.0,1.0,4.0,5.0,2.6556,8.0,6.0,4.75
A,0,6011005246887193,-7.3434,1.0,1.0,0.0,1.0,5.0,6.0,3.1556,10.0,3.0,3.8125
A,0,4111118798222856,-6.7683,1.0,1.0,0.0,1.0,0.0,4.0,2.68,8.0,5.0,4.125
A,0,4111116529587025,-6.7757,1.0,1.0,0.0,1.0,0.0,4.0,2.8522,9.0,5.0,3.625
A,0,5105109265447210,-7.5913,1.0,1.0,0.0,1.0,3.0,5.0,2.8585,8.0,3.0,3.25
A,0,5105106252332671,-7.4891,1.0,1.0,0.0,1.0,3.0,5.0,2.7335,7.0,3.0,3.0625
A,0,5105106494101477,-7.5941,1.0,1.0,0.0,1.0,3.0,5.0,2.6556,7.0,4.0,3.4375
A,0,5555559630892512,-7.9623,1.0,1.0,0.0,1.0,4.0,5.0,2.5218,8.0,7.0,4.6875
A,0,5555551093077836,-7.9469,1.0,1.0,0.0,1.0,4.0,5.0,2.6556,8.0,6.0,4.625
A,0,5555552919185640,-7.9623,1.0,1.0,0.0,1.0,4.0,5.0,2.5218,8.0,7.0,4.6875
A,0,4111113116181245,-7.6158,1.0,1.0,0.0,1.0,0.0,4.0,2.0919,7.0,9.0,2.5625
A,0,4532012700112744,-7.0167,1.0,1.0,0.0,1.0,2.0,4.0,2.6863,7.0,3.0,2.6875
A,0,5105109148198454,-6.3946,1.0,1.0,0.0,1.0,3.0,5.0,2.5306,6.0,4.0,4.0625
A,0,5105100515751869,-7.4326,1.0,1.0,0.0,1.0,3.0,5.0,2.4772,7.0,5.0,3.6875
A,0,4242427418994373,-7.4285,1.0,1.0,0.0,1.0,1.0,4.0,2.6022,7.0,5.0,4.5625
A,0,5555557860750343,-7.8186,1.0,1.0,0.0,1.0,4.0,5.0,2.3968,7.0,7.0,4.5625
A,0,5555557174440322,-7.0004,1.0,1.0,0.0,1.0,4.0,5.0,2.4835,7.0,6.0,4.0
A,0,5555553834149906,-8.0131,1.0,1.0,0.0,1.0,4.0,5.0,2.6556,8.0,6.0,4.8125
A,0,6011002688425506,-7.9196,1.0,1.0,0.0,1.0,5.0,6.0,2.7028,7.0,4.0,3.375
A,0,6011007213067503,-6.9301,1.0,1.0,0.0,1.0,5.0,6.0,2.6022,7.0,5.0,2.625
A,0,5105105764563475,-6.9876,1.0,1.0,0.0,1.0,3.0,5.0,2.6494,7.0,5.0,4.0
A,0,5555553988359618,-7.8506,1.0,1.0,0.0,1.0,4.0,5.0,2.2246,6.0,7.0,5.625
A,0,6011004977990849,-8.2041,1.0,1.0,0.0,1.0,5.0,6.0,2.625,7.0,4.0,4.625
A,0,5555558385199286,-8.5892,1.0,1.0,0.0,1.0,4.0,5.0,2.3496,7.0,7.0,5.5625
A,0,4532014207509146,-7.745,1.0,1.0,0.0,1.0,2.0,4.0,3.0306,9.0,3.0,3.3125
A,0,6011006871154636,-7.6399,1.0,1.0,0.0,1.0,5.0,6.0,2.7028,8.0,4.0,3.4375
A,0,5105103785673791,-6.9189,1.0,1.0,0.0,1.0,3.0,5.0,2.8585,8.0,3.0,4.25
A,0,4532010489627895,-8.0011,1.0,1.0,0.0,1.0,2.0,4.0,3.25,10.0,2.0,4.5625
A,0,6011009740719297,-7.2113,1.0,1.0,0.0,1.0,5.0,6.0,2.6085,7.0,4.0,3.9375
A,0,4111118324144548,-7.2294,1.0,1.0,0.0,1.0,0.0,4.0,2.18,6.0,6.0,3.25
A,0,4532015009256172,-7.3573,1.0,1.0,0.0,1.0,2.0,4.0,2.9835,9.0,3.0,3.25
A,0,5555558800284388,-8.1404,1.0,1.0,0.0,1.0,4.0,5.0,2.18,6.0,6.0,4.9375
A,0,4532017533110030,1.1548,1.0,1.0,1.0,1.0,2.0,4.0,2.5778,7.0,4.0,2.375
A,0,6011008182657214,-7.7274,1.0,1.0,0.0,1.0,5.0,6.0,2.8278,8.0,4.0,3.25
A,0,5105106503586004,-7.4664,1.0,1.0,0.0,1.0,3.0,5.0,2.5244,7.0,5.0,3.0625
A,0,5555554444998636,-8.3527,1.0,1.0,0.0,1.0,4.0,5.0,2.2806,6.0,6.0,5.4375
A,0,5555553468184892,-8.088,1.0,1.0,0.0,1.0,4.0,5.0,2.6085,8.0,6.0,5.1875
A,0,4111114658149706,-6.6831,1.0,1.0,0.0,1.0,0.0,4.0,2.6085,8.0,6.0,3.6875
A,0,4532016363935065,-6.9137,1.0,1.0,0.0,1.0,2.0,4.0,2.7806,8.0,4.0,3.8125
A,0,6011005907028837,-7.3139,1.0,1.0,0.0,1.0,5.0,6.0,2.8994,9.0,5.0,3.5625
A,0,4532015223064616,0.8694,1.0,1.0,1.0,1.0,2.0,4.0,2.7806,7.0,3.0,3.125
A,0,4532011584654005,-7.4779,1.0,1.0,0.0,1.0,2.0,4.0,2.7806,8.0,4.0,3.3125
A,0,6011000341914693,-7.0812,1.0,1.0,0.0,1.0,5.0,6.0,2.5,6.0,4.0,3.0
A,0,5555553170309119,-6.6844,1.0,1.0,0.0,1.0,4.0,5.0,2.3585,6.0,6.0,4.0
A,0,4242426884138648,-8.6454,1.0,1.0,0.0,1.0,1.0,4.0,2.3522,6.0,5.0,4.625
A,0,6011009405225118,-7.2192,1.0,1.0,0.0,1.0,5.0,6.0,2.75,8.0,4.0,2.8125
A,0,6011008020725703,-6.8425,1.0,1.0,0.0,1.0,5.0,6.0,2.6556,8.0,6.0,2.625
A,0,6011002672206829,-7.2999,1.0,1.0,0.0,1.0,5.0,6.0,2.5778,7.0,4.0,3.25
A,0,4111113849825044,-6.7844,1.0,1.0,0.0,1.0,0.0,4.0,2.6494,8.0,5.0,3.5
A,0,4111114257595546,-6.7205,1.0,1.0,0.0,1.0,0.0,4.0,2.4772,7.0,5.0,3.8125
A,0,4242429231616591,2.1473,1.0,1.0,1.0,1.0,1.0,4.0,2.6556,7.0,4.0,3.8125
A,0,4111111754264153,-7.3154,1.0,1.0,0.0,1.0,0.0,4.0,2.3496,7.0,7.0,2.9375
A,0,4532016266334414,-7.5628,1.0,1.0,0.0,1.0,2.0,4.0,2.6556,7.0,4.0,3.375
A,0,4532014541204893,-7.6426,1.0,1.0,0.0,1.0,2.0,4.0,2.875,8.0,4.0,3.4375
A,0,4242421125039522,-7.0771,1.0,1.0,0.0,1.0,1.0,4.0,2.4835,7.0,6.0,3.0
A,0,4532018561801571,-7.2341,1.0,1.0,0.0,1.0,2.0,4.0,2.9528,9.0,4.0,3.5625
A,0,5555553919855513,-8.6677,1.0,1.0,0.0,1.0,4.0,5.0,1.8419,5.0,9.0,4.9375
A,0,6011007410763227,-7.3056,1.0,1.0,0.0,1.0,5.0,6.0,2.6556,7.0,4.0,2.9375
A,0,4111113294377516,-6.7819,1.0,1.0,0.0,1.0,0.0,4.0,2.6556,8.0,6.0,3.5
A,0,4532016299846625,-7.4886,1.0,1.0,0.0,1.0,2.0,4.0,3.0306,9.0,3.0,4.5
A,0,4111117724313807,-7.4499,1.0,1.0,0.0,1.0,0.0,4.0,2.4835,7.0,6.0,3.1875
A,0,4111119627894634,-6.9345,1.0,1.0,0.0,1.0,0.0,4.0,2.7272,8.0,5.0,4.1875
A,0,4242424391212189,-7.3955,1.0,1.0,0.0,1.0,1.0,4.0,2.3522,6.0,5.0,3.625
A,0,6011003809672994,-7.2021,1.0,1.0,0.0,1.0,5.0,6.0,2.9528,9.0,4.0,4.0625
A,0,4532015072400320,-6.7128,1.0,1.0,0.0,1.0,2.0,4.0,2.6022,7.0,5.0,2.375
A,0,6011007710193970,-7.6081,1.0,1.0,0.0,1.0,5.0,6.0,2.3522,6.0,5.0,3.25
A,0,5555556597763059,-8.4751,1.0,1.0,0.0,1.0,4.0,5.0,2.125,6.0,8.0,5.4375
A,0,4242421542724376,-6.8601,1.0,1.0,0.0,1.0,1.0,4.0,2.4238,7.0,5.0,3.6875
A,0,4111113250711264,-6.8913,1.0,1.0,0.0,1.0,0.0,4.0,2.5218,8.0,7.0,2.5
A,0,5105105187936489,2.2458,1.0,1.0,1.0,1.0,3.0,5.0,3.0306,9.0,3.0,4.5
A,0,4111112277626212,-7.5897,1.0,1.0,0.0,1.0,0.0,4.0,2.055,5.0,6.0,2.875
A,0,4242426196737055,-7.2193,1.0,1.0,0.0,1.0,1.0,4.0,3.0306,9.0,3.0,4.1875
A,0,5555557407917832,-7.7026,1.0,1.0,0.0,1.0,4.0,5.0,2.7335,9.0,6.0,4.875
A,0,5105107802495097,-6.952,1.0,1.0,0.0,1.0,3.0,5.0,2.8278,8.0,4.0,3.9375
A,0,4111118141966255,-7.0084,1.0,1.0,0.0,1.0,0.0,4.0,2.3968,7.0,7.0,3.5
A,0,5105106750181217,-7.5241,1.0,1.0,0.0,1.0,3.0,5.0,2.555,7.0,5.0,3.125
A,0,6011009839665203,-7.5011,1.0,1.0,0.0,1.0,5.0,6.0,2.8278,8.0,4.0,3.6875
A,0,4532017237241246,-7.4085,1.0,1.0,0.0,1.0,2.0,4.0,2.8278,8.0,4.0,3.3125
A,0,4532011898633712,-7.1305,1.0,1.0,0.0,1.0,2.0,4.0,3.1556,10.0,3.0,3.9375
A,0,4242421273905197,-6.7786,1.0,1.0,0.0,1.0,1.0,4.0,2.8278,8.0,4.0,3.875
A,0,5105106313778266,2.124,1.0,1.0,1.0,1.0,3.0,5.0,2.9056,8.0,3.0,3.8125
A,0,5105108369513775,-6.999,1.0,1.0,0.0,1.0,3.0,5.0,2.8278,8.0,4.0,4.125
A,0,5105105192324257,-7.6454,1.0,1.0,0.0,1.0,3.0,5.0,2.7806,8.0,4.0,3.25
A,0,4111113790076338,-6.8297,1.0,1.0,0.0,1.0,0.0,4.0,2.7272,8.0,5.0,3.4375
A,0,5555557035505066,-8.5374,1.0,1.0,0.0,1.0,4.0,5.0,1.7947,5.0,9.0,4.1875
A,0,4111116105330666,-7.7634,1.0,1.0,0.0,1.0,0.0,4.0,2.2806,6.0,6.0,2.8125
A,0,4242426553233571,-7.1407,1.0,1.0,0.0,1.0,1.0,4.0,2.6085,7.0,4.0,3.625
A,0,5105100306291174,-7.5347,1.0,1.0,0.0,1.0,3.0,5.0,2.875,9.0,4.0,2.8125
A,0,6011006726471406,-7.1885,1.0,1.0,0.0,1.0,5.0,6.0,2.4528,6.0,4.0,3.1875
A,0,4242427801000696,-7.4177,1.0,1.0,0.0,1.0,1.0,4.0,2.7806,8.0,4.0,3.4375
A,0,4532016312262924,-7.0194,1.0,1.0,0.0,1.0,2.0,4.0,2.7744,8.0,5.0,3.25
A,0,6011007050969050,-7.242,1.0,1.0,0.0,1.0,5.0,6.0,2.2718,6.0,7.0,3.0625
A,0,4111117122253606,-6.6873,1.0,1.0,0.0,1.0,0.0,4.0,2.6085,8.0,6.0,2.6875
A,0,4111119639146773,-6.3934,1.0,1.0,0.0,1.0,0.0,4.0,2.4056,6.0,6.0,4.0
A,0,4111115073435656,-6.82,1.0,1.0,0.0,1.0,0.0,4.0,2.6022,7.0,5.0,3.3125
A,0,5555559737940182,0.463,1.0,1.0,1.0,1.0,4.0,5.0,2.7806,9.0,6.0,5.0
A,0,5105100764462062,-7.6032,1.0,1.0,0.0,1.0,3.0,5.0,2.7028,7.0,4.0,3.0625
A,0,6011001341596356,-7.7177,1.0,1.0,0.0,1.0,5.0,6.0,2.6556,7.0,4.0,3.1875
A,0,5555552104692145,-6.7651,1.0,1.0,0.0,1.0,4.0,5.0,2.3968,7.0,7.0,4.0
A,0,4111111138569110,-7.7199,1.0,1.0,0.0,1.0,0.0,4.0,2.2169,8.0,9.0,2.75
A,0,6011000317201595,-6.8786,1.0,1.0,0.0,1.0,5.0,6.0,2.6494,8.0,5.0,2.5625
A,0,4242422822961743,-6.5641,1.0,1.0,0.0,1.0,1.0,4.0,2.5306,8.0,6.0,3.875
A,0,4111113720898974,-6.5782,1.0,1.0,0.0,1.0,0.0,4.0,2.7744,8.0,5.0,4.125
A,0,5105107525673608,-7.0119,1.0,1.0,0.0,1.0,3.0,5.0,2.8278,8.0,4.0,3.8125
A,0,6011004151284642,-7.4297,1.0,1.0,0.0,1.0,5.0,6.0,2.6556,7.0,4.0,2.8125
A,0,4532019405485503,-7.2516,1.0,1.0,0.0,1.0,2.0,4.0,2.7806,8.0,4.0,3.625
A,0,5105102553348778,-7.168,1.0,1.0,0.0,1.0,3.0,5.0,2.875,8.0,4.0,4.0
A,0,5555550603365856,-8.2454,1.0,1.0,0.0,1.0,4.0,5.0,1.9528,5.0,8.0,4.5
A,0,5105109123547132,-7.4935,1.0,1.0,0.0,1.0,3.0,5.0,2.8278,8.0,4.0,3.0625
A,0,5555550493872624,-7.6318,1.0,1.0,0.0,1.0,4.0,5.0,2.7806,9.0,6.0,4.6875
A,0,4111111536797708,-6.2123,1.0,1.0,0.0,1.0,0.0,4.0,2.7335,9.0,6.0,3.875
A,0,4242425268875577,-7.4137,1.0,1.0,0.0,1.0,1.0,4.0,2.4835,6.0,4.0,4.875
A,0,4111114500687042,-7.0507,1.0,1.0,0.0,1.0,0.0,4.0,2.68,8.0,5.0,2.8125
A,0,6011009194364519,-7.5761,1.0,1.0,0.0,1.0,5.0,6.0,2.6556,7.0,4.0,3.6875
A,0,5555558405899913,-8.951,1.0,1.0,0.0,1.0,4.0,5.0,2.3496,7.0,7.0,5.375
A,0,4111111681870780,-6.7463,1.0,1.0,0.0,1.0,0.0,4.0,2.2246,6.0,7.0,3.4375
A,0,4532011362216790,-7.745,1.0,1.0,0.0,1.0,2.0,4.0,3.0306,9.0,3.0,3.25
A,0,4532016310422968,-7.9743,1.0,1.0,0.0,1.0,2.0,4.0,3.0778,9.0,3.0,3.5
A,0,4242422136745724,-6.8601,1.0,1.0,0.0,1.0,1.0,4.0,2.4238,7.0,5.0,3.6875
A,0,5105102330196805,-7.5628,1.0,1.0,0.0,1.0,3.0,5.0,2.7806,8.0,4.0,3.0625
A,0,4532013044553410,-6.7855,1.0,1.0,0.0,1.0,2.0,4.0,2.4835,6.0,4.0,2.75
A,0,4111119748278946,-7.3567,1.0,1.0,0.0,1.0,0.0,4.0,2.6022,7.0,5.0,4.5625
A,0,5105109180609136,-7.5116,1.0,1.0,0.0,1.0,3.0,5.0,2.625,7.0,4.0,3.4375
A,0,5555557225426772,-8.2795,1.0,1.0,0.0,1.0,4.0,5.0,1.9746,5.0,7.0,4.625
A,0,5555553000817984,-7.249,1.0,1.0,0.0,1.0,4.0,5.0,2.6085,8.0,6.0,4.375
A,0,5105107044420303,-7.0042,1.0,1.0,0.0,1.0,3.0,5.0,2.6022,7.0,5.0,2.4375
A,0,4532019370796103,2.0144,1.0,1.0,1.0,1.0,2.0,4.0,3.0306,9.0,3.0,3.75
A,0,6011001880030212,-8.6498,1.0,1.0,0.0,1.0,5.0,6.0,2.2806,6.0,6.0,2.0625
A,0,4111111397298649,-6.8617,1.0,1.0,0.0,1.0,0.0,4.0,2.6085,8.0,6.0,4.1875
A,0,6011006388345597,-7.1573,1.0,1.0,0.0,1.0,5.0,6.0,3.0778,9.0,3.0,4.125
A,0,4532010389005160,-6.9998,1.0,1.0,0.0,1.0,2.0,4.0,2.8994,9.0,5.0,2.9375
A,0,4242422105437298,-6.6841,1.0,1.0,0.0,1.0,1.0,4.0,2.7744,9.0,5.0,3.6875
A,0,4111112261777600,-6.9415,1.0,1.0,0.0,1.0,0.0,4.0,2.3585,6.0,6.0,2.9375
A,0,4111113396849939,-8.0269,1.0,1.0,0.0,1.0,0.0,4.0,2.3522,6.0,5.0,4.5
A,0,5105100432059928,-7.7038,1.0,1.0,0.0,1.0,3.0,5.0,2.8278,8.0,4.0,3.375
A,0,4532011968994221,-6.7039,1.0,1.0,0.0,1.0,2.0,4.0,2.9835,9.0,3.0,4.125
A,0,4532013907387670,-7.0011,1.0,1.0,0.0,1.0,2.0,4.0,3.1085,10.0,3.0,4.0625
A,0,5105107437292281,-7.603,1.0,1.0,0.0,1.0,3.0,5.0,3.0306,9.0,3.0,3.5625
A,0,4111112974399903,-6.9788,1.0,1.0,0.0,1.0,0.0,4.0,2.5244,7.0,5.0,4.0
A,0,5555551104122587,-7.485,1.0,1.0,0.0,1.0,4.0,5.0,2.3496,7.0,7.0,3.8125
A,0,5555556718607424,-7.9469,1.0,1.0,0.0,1.0,4.0,5.0,2.6556,8.0,6.0,4.6875
A,0,5555559976888013,-8.6715,1.0,1.0,0.0,1.0,4.0,5.0,2.6085,8.0,6.0,5.5625
A,0,5555556251392537,-7.889,1.0,1.0,0.0,1.0,4.0,5.0,2.25,7.0,8.0,4.5625
A,0,6011001799727847,-7.2196,1.0,1.0,0.0,1.0,5.0,6.0,2.7806,8.0,4.0,4.3125
A,0,4532019707976672,-8.019,1.0,1.0,0.0,1.0,2.0,4.0,3.0,9.0,4.0,4.6875
A,0,4532010999452880,-6.8941,1.0,1.0,0.0,1.0,2.0,4.0,2.9056,8.0,3.0,4.3125
A,0,4111118055303584,-7.4241,1.0,1.0,0.0,1.0,0.0,4.0,2.4772,6.0,5.0,3.125
A,0,6011007996134135,-0.0804,1.0,1.0,1.0,1.0,5.0,6.0,2.8278,8.0,4.0,3.5
A,0,5555557827964626,-8.1277,1.0,1.0,0.0,1.0,4.0,5.0,2.4835,7.0,6.0,5.4375
A,0,4111115157524096,-6.8012,1.0,1.0,0.0,1.0,0.0,4.0,2.6085,8.0,6.0,3.3125
A,0,5105101367823925,-7.6175,1.0,1.0,0.0,1.0,3.0,5.0,3.0306,9.0,3.0,3.625
A,0,5555557595981919,-9.2102,1.0,1.0,0.0,1.0,4.0,5.0,1.875,5.0,8.0,5.8125
A,0,4111112336498718,-6.708,1.0,1.0,0.0,1.0,0.0,4.0,2.6556,8.0,6.0,3.75
A,0,4242423935842493,-7.6966,1.0,1.0,0.0,1.0,1.0,4.0,2.3522,6.0,5.0,4.25
A,0,5555552017617978,-7.9882,1.0,1.0,0.0,1.0,4.0,5.0,2.6085,8.0,6.0,4.875
A,0,4532016396898916,-9.1427,1.0,1.0,0.0,1.0,2.0,4.0,3.0306,9.0,3.0,5.0
A,0,6011001411823399,-7.3217,1.0,1.0,0.0,1.0,5.0,6.0,2.7272,8.0,5.0,3.0625
A,0,4532010062164746,-7.3982,1.0,1.0,0.0,1.0,2.0,4.0,2.8585,8.0,3.0,3.1875
A,0,5105101091191711,-8.3169,1.0,1.0,0.0,1.0,3.0,5.0,1.9528,5.0,8.0,2.6875
A,0,5105106280323452,-7.3007,1.0,1.0,0.0,1.0,3.0,5.0,2.8585,8.0,3.0,2.9375
A,0,6011000281229212,-7.4855,1.0,1.0,0.0,1.0,5.0,6.0,2.2744,6.0,5.0,2.3125
A,0,6011006237994971,-6.9969,1.0,1.0,0.0,1.0,5.0,6.0,2.8585,8.0,3.0,4.0625
A,0,4111111355563213,-7.5469,1.0,1.0,0.0,1.0,0.0,4.0,2.1774,6.0,7.0,2.6875
A,0,5105109588389319,-8.6252,1.0,1.0,0.0,1.0,3.0,5.0,2.5613,6.0,3.0,4.6875
A,0,6011009219639861,-7.2113,1.0,1.0,0.0,1.0,5.0,6.0,2.6085,7.0,4.0,3.875
A,0,5105107980057436,-7.0637,1.0,1.0,0.0,1.0,3.0,5.0,2.9528,9.0,4.0,3.8125
A,0,4532013509367751,-6.8302,1.0,1.0,0.0,1.0,2.0,4.0,3.0306,9.0,3.0,3.8125
A,0,5105108456605374,-7.3498,1.0,1.0,0.0,1.0,3.0,5.0,2.8278,8.0,4.0,3.75
A,0,4532012283669595,-7.3421,1.0,1.0,0.0,1.0,2.0,4.0,3.0306,9.0,3.0,4.375
A,0,6011000660733522,2.2799,1.0,1.0,1.0,1.0,5.0,6.0,2.6022,7.0,5.0,2.625
A,0,4111119729593917,-7.0478,1.0,1.0,0.0,1.0,0.0,4.0,2.4056,7.0,6.0,4.375
A,0,5555556639429536,-8.1431,1.0,1.0,0.0,1.0,4.0,5.0,2.2246,6.0,7.0,5.1875
A,0,4242424181250883,-6.7636,1.0,1.0,0.0,1.0,1.0,4.0,2.5778,7.0,4.0,3.625
A,0,4242423087664869,-7.9267,1.0,1.0,0.0,1.0,1.0,4.0,2.7806,8.0,4.0,4.6875
A,0,5555558725701990,-7.6968,1.0,1.0,0.0,1.0,4.0,5.0,2.3968,7.0,7.0,4.875
A,0,6011000595442439,0.5134,1.0,1.0,1.0,1.0,5.0,6.0,2.8278,8.0,4.0,3.3125
A,0,5555558817079259,1.1737,1.0,1.0,1.0,1.0,4.0,5.0,2.3968,7.0,7.0,5.375
A,0,6011008910760749,-7.018,1.0,1.0,0.0,1.0,5.0,6.0,2.6022,7.0,5.0,3.6875
A,0,4111113132920247,-6.9353,1.0,1.0,0.0,1.0,0.0,4.0,2.4835,7.0,6.0,2.625
A,0,4532012521882831,1.3132,1.0,1.0,1.0,1.0,2.0,4.0,2.6556,7.0,4.0,3.4375
A,0,5555557594077300,-7.2517,1.0,1.0,0.0,1.0,4.0,5.0,2.1774,6.0,7.0,4.5
A,0,5105101271460612,-6.8975,1.0,1.0,0.0,1.0,3.0,5.0,2.6022,7.0,5.0,2.625
A,0,6011008451721289,-7.8038,1.0,1.0,0.0,1.0,5.0,6.0,2.9528,9.0,4.0,3.4375
A,0,5555555460767369,-8.6118,1.0,1.0,0.0,1.0,4.0,5.0,2.3496,7.0,7.0,5.1875
A,0,5555554480710426,-6.9092,1.0,1.0,0.0,1.0,4.0,5.0,2.6085,8.0,6.0,4.125
A,0,6011003708365574,-7.9615,1.0,1.0,0.0,1.0,5.0,6.0,2.875,8.0,4.0,3.5
A,0,4242427279316794,-7.3498,1.0,1.0,0.0,1.0,1.0,4.0,2.5778,7.0,4.0,4.5625
A,0,4111113961125660,-6.7743,1.0,1.0,0.0,1.0,0.0,4.0,2.4746,8.0,7.0,3.0
A,0,5555559610587154,-7.8421,1.0,1.0,0.0,1.0,4.0,5.0,2.375,8.0,8.0,4.75
A,0,6011001207326207,-7.1075,1.0,1.0,0.0,1.0,5.0,6.0,2.43,6.0,5.0,2.375
A,0,4532011472874151,1.2111,1.0,1.0,1.0,1.0,2.0,4.0,2.8278,8.0,4.0,3.4375
A,0,5105108512082709,-7.8129,1.0,1.0,0.0,1.0,3.0,5.0,2.6556,7.0,4.0,3.375
A,0,4111115428473040,-6.7189,1.0,1.0,0.0,1.0,0.0,4.0,2.6494,8.0,5.0,2.875
A,0,4111112533569280,-7.4307,1.0,1.0,0.0,1.0,0.0,4.0,2.8994,9.0,5.0,3.25
A,0,6011000997241532,-8.0312,1.0,1.0,0.0,1.0,5.0,6.0,2.9528,9.0,4.0,3.125
A,0,5555558666189906,-7.9889,1.0,1.0,0.0,1.0,4.0,5.0,2.2806,6.0,6.0,5.5625
A,0,5555551235098857,-7.597,1.0,1.0,0.0,1.0,4.0,5.0,2.375,8.0,8.0,4.875
A,0,5555555256072289,-7.8903,1.0,1.0,0.0,1.0,4.0,5.0,2.2028,7.0,8.0,4.75
A,0,5105101797232057,-7.7688,1.0,1.0,0.0,1.0,3.0,5.0,2.6863,7.0,3.0,3.4375
A,0,6011007968032046,-7.3944,1.0,1.0,0.0,1.0,5.0,6.0,2.8522,9.0,5.0,3.3125
A,0,4111117893884340,-6.3854,1.0,1.0,0.0,1.0,0.0,4.0,2.555,7.0,5.0,3.9375
A,0,4242423053315235,-7.1069,1.0,1.0,0.0,1.0,1.0,4.0,2.4056,6.0,4.0,3.0
A,0,5555555667003759,-8.0023,1.0,1.0,0.0,1.0,4.0,5.0,2.125,6.0,8.0,4.875
A,0,5105108587139443,-7.0388,1.0,1.0,0.0,1.0,3.0,5.0,2.9056,8.0,3.0,4.0
A,0,4242423924852898,-8.7688,1.0,1.0,0.0,1.0,1.0,4.0,2.3522,6.0,5.0,4.75
A,0,6011007897617575,-7.6806,1.0,1.0,0.0,1.0,5.0,6.0,2.6556,7.0,4.0,4.375
A,0,6011004066629182,-7.2999,1.0,1.0,0.0,1.0,5.0,6.0,2.5778,7.0,4.0,3.25
A,0,6011001111857482,-6.7726,1.0,1.0,0.0,1.0,5.0,6.0,2.6085,8.0,6.0,2.875
A,0,4532015030534235,-6.9043,1.0,1.0,0.0,1.0,2.0,4.0,2.4528,6.0,4.0,2.8125
A,0,4532019096431464,1.4582,1.0,1.0,1.0,1.0,2.0,4.0,2.875,8.0,4.0,3.8125
A,0,5105108656122875,-7.2387,1.0,1.0,0.0,1.0,3.0,5.0,2.7028,7.0,4.0,3.875
A,0,6011003158423694,-8.0161,1.0,1.0,0.0,1.0,5.0,6.0,3.0306,9.0,3.0,3.3125
A,0,4111114329585591,-7.123,1.0,1.0,0.0,1.0,0.0,4.0,2.4835,7.0,6.0,3.75
A,0,5555552995631188,-7.933,1.0,1.0,0.0,1.0,4.0,5.0,2.3968,7.0,7.0,5.125
A,0,4111119164206292,-7.1783,1.0,1.0,0.0,1.0,0.0,4.0,2.3585,6.0,6.0,3.125
A,0,5105103695689518,1.9564,1.0,1.0,1.0,1.0,3.0,5.0,2.7028,7.0,4.0,4.5
A,0,6011005329660469,-7.3886,1.0,1.0,0.0,1.0,5.0,6.0,2.75,8.0,4.0,3.625
A,0,4532015963753677,-7.5274,1.0,1.0,0.0,1.0,2.0,4.0,2.9835,9.0,3.0,4.5625
A,0,5105108823606471,-7.603,1.0,1.0,0.0,1.0,3.0,5.0,3.0306,9.0,3.0,3.5625
A,0,6011003452254168,-8.0755,1.0,1.0,0.0,1.0,5.0,6.0,2.9056,8.0,3.0,3.0
A,0,5105107774871896,-8.256,1.0,1.0,0.0,1.0,3.0,5.0,2.8278,8.0,4.0,4.75
A,0,4242421993464021,2.1847,1.0,1.0,1.0,1.0,1.0,4.0,2.5244,7.0,5.0,3.5625
A,0,6011001113178124,-7.5907,1.0,1.0,0.0,1.0,5.0,6.0,2.4746,8.0,7.0,2.3125
A,0,4532016853165223,-7.4083,1.0,1.0,0.0,1.0,2.0,4.0,2.8585,8.0,3.0,3.5
A,0,5105103216439966,-6.993,1.0,1.0,0.0,1.0,3.0,5.0,2.9056,8.0,3.0,3.8125
A,0,5555557107410941,-6.6844,1.0,1.0,0.0,1.0,4.0,5.0,2.3585,6.0,6.0,4.0
A,0,4532010870312687,-7.6291,1.0,1.0,0.0,1.0,2.0,4.0,3.0778,9.0,3.0,3.5625
A,0,4111112829567787,-7.0952,1.0,1.0,0.0,1.0,0.0,4.0,2.7272,8.0,5.0,4.375
A,0,5555554426563018,-6.9494,1.0,1.0,0.0,1.0,4.0,5.0,2.5218,8.0,7.0,4.3125
A,0,6011007265066741,-7.2999,1.0,1.0,0.0,1.0,5.0,6.0,2.5778,7.0,4.0,3.25
A,0,4111111103349806,-7.6981,1.0,1.0,0.0,1.0,0.0,4.0,2.3968,7.0,7.0,2.75
A,0,4111111212345684,-7.9681,1.0,1.0,0.0,1.0,0.0,4.0,2.3496,7.0,7.0,2.8125
A,0,5555552673505938,-7.597,1.0,1.0,0.0,1.0,4.0,5.0,2.375,8.0,8.0,4.875
A,0,5555551887199656,-8.0601,1.0,1.0,0.0,1.0,4.0,5.0,2.2718,6.0,7.0,5.625
A,0,6011005649733653,-7.4431,1.0,1.0,0.0,1.0,5.0,6.0,2.8585,8.0,3.0,3.6875
A,0,5555555920814990,-8.1233,1.0,1.0,0.0,1.0,4.0,5.0,2.3496,7.0,7.0,4.8125
A,0,6011006839710083,-7.2013,1.0,1.0,0.0,1.0,5.0,6.0,2.6022,7.0,5.0,3.3125
A,0,5555558699107813,-8.2173,1.0,1.0,0.0,1.0,4.0,5.0,2.6556,8.0,6.0,5.125
A,0,4111114683024054,-7.0948,1.0,1.0,0.0,1.0,0.0,4.0,2.6494,8.0,5.0,2.8125
A,0,4532010275594434,-7.1822,1.0,1.0,0.0,1.0,2.0,4.0,2.8278,8.0,4.0,3.625
A,0,5555559974412119,1.992,1.0,1.0,1.0,1.0,4.0,5.0,2.3113,6.0,6.0,4.8125
A,0,4111117195549098,-6.8478,1.0,1.0,0.0,1.0,0.0,4.0,2.4835,7.0,6.0,4.125
A,0,5105107354458543,-6.9854,1.0,1.0,0.0,1.0,3.0,5.0,2.6022,7.0,5.0,3.75
A,0,4532011512696598,2.002,1.0,1.0,1.0,1.0,2.0,4.0,3.0306,9.0,3.0,4.1875
A,0,4242422533299327,-7.0907,1.0,1.0,0.0,1.0,1.0,4.0,2.3113,6.0,6.0,3.9375
A,0,5105107806854429,-7.2099,1.0,1.0,0.0,1.0,3.0,5.0,3.0306,9.0,3.0,4.0625
A,0,6011000634051799,-7.4512,1.0,1.0,0.0,1.0,5.0,6.0,2.7272,8.0,5.0,3.25
A,0,4242428364945871,-7.4222,1.0,1.0,0.0,1.0,1.0,4.0,2.8522,9.0,5.0,4.5625
A,0,4111116034399939,-7.5522,1.0,1.0,0.0,1.0,0.0,4.0,2.3522,6.0,5.0,4.0
A,0,5105100626204971,-7.4935,1.0,1.0,0.0,1.0,3.0,5.0,2.8278,8.0,4.0,3.0625
A,0,4532017013828624,-7.9743,1.0,1.0,0.0,1.0,2.0,4.0,3.0778,9.0,3.0,3.5
A,0,5105107035962744,-7.6175,1.0,1.0,0.0,1.0,3.0,5.0,3.0306,9.0,3.0,3.6875
A,0,4242428030708423,-7.0959,1.0,1.0,0.0,1.0,1.0,4.0,2.4528,6.0,4.0,3.3125
A,0,5555557016457635,-7.889,1.0,1.0,0.0,1.0,4.0,5.0,2.25,7.0,8.0,4.625
A,0,4111111441464841,-8.0015,1.0,1.0,0.0,1.0,0.0,4.0,1.5306,4.0,8.0,2.875
A,0,5555554256803331,-6.896,1.0,1.0,0.0,1.0,4.0,5.0,2.4746,8.0,7.0,4.0625
A,0,5555550018172179,-7.041,1.0,1.0,0.0,1.0,4.0,5.0,2.4835,7.0,6.0,4.125
A,0,5555553912636573,-8.2451,1.0,1.0,0.0,1.0,4.0,5.0,2.3496,7.0,7.0,4.6875
A,0,5555554260429776,-7.7644,1.0,1.0,0.0,1.0,4.0,5.0,2.5306,7.0,6.0,4.8125
A,0,4532018564197558,-8.0156,1.0,1.0,0.0,1.0,2.0,4.0,3.125,10.0,4.0,4.5625
A,0,4242420973510763,-7.3978,1.0,1.0,0.0,1.0,1.0,4.0,3.0306,9.0,3.0,3.6875
A,0,4532012017745531,-8.1475,1.0,1.0,0.0,1.0,2.0,4.0,2.7806,7.0,3.0,3.125
A,0,5105102237434133,-7.3289,1.0,1.0,0.0,1.0,3.0,5.0,2.7028,7.0,4.0,2.75
A,0,6011003187764738,-6.6021,1.0,1.0,0.0,1.0,5.0,6.0,2.7335,7.0,3.0,3.875
A,0,4111118577358183,-6.6323,1.0,1.0,0.0,1.0,0.0,4.0,2.3585,6.0,6.0,4.0
A,0,4242420868069627,-7.4781,1.0,1.0,0.0,1.0,1.0,4.0,2.6556,7.0,4.0,4.375
A,0,5105104116240944,-6.9426,1.0,1.0,0.0,1.0,3.0,5.0,2.5778,7.0,4.0,2.9375
A,0,4532019860001963,-7.5748,1.0,1.0,0.0,1.0,2.0,4.0,3.0,9.0,4.0,3.5625
A,0,4242422492574004,-7.1619,1.0,1.0,0.0,1.0,1.0,4.0,2.18,6.0,6.0,3.4375
A,0,5555550550561817,1.0062,1.0,1.0,1.0,1.0,4.0,5.0,1.9669,6.0,9.0,4.25
A,0,5105103029022196,1.9697,1.0,1.0,1.0,1.0,3.0,5.0,2.6556,7.0,4.0,2.875
A,0,5555558788041386,-7.8969,1.0,1.0,0.0,1.0,4.0,5.0,2.5306,8.0,6.0,5.1875
A,0,6011004466099491,-7.3768,1.0,1.0,0.0,1.0,5.0,6.0,2.3113,5.0,4.0,3.75
A,0,4111115517268768,-6.6801,1.0,1.0,0.0,1.0,0.0,4.0,2.5306,7.0,6.0,4.0
A,0,5105102256250181,1.113,1.0,1.0,1.0,1.0,3.0,5.0,2.4056,6.0,4.0,2.75
A,0,4111115983476443,-6.5747,1.0,1.0,0.0,1.0,0.0,4.0,2.6494,8.0,5.0,3.875
A,0,5105100068291026,-6.8335,1.0,1.0,0.0,1.0,3.0,5.0,2.6022,7.0,5.0,2.875
A,0,5105102766853339,-7.1694,1.0,1.0,0.0,1.0,3.0,5.0,3.0306,9.0,3.0,4.0
A,0,4111110373436131,-7.4743,1.0,1.0,0.0,1.0,0.0,4.0,2.1468,6.0,7.0,2.5
A,0,4242421655522992,-7.0973,1.0,1.0,0.0,1.0,1.0,4.0,2.3113,6.0,6.0,4.0
A,0,4532010486084028,-7.4879,1.0,1.0,0.0,1.0,2.0,4.0,2.7806,8.0,4.0,3.4375
A,0,5555557124162536,-6.8056,1.0,1.0,0.0,1.0,4.0,5.0,2.3968,7.0,7.0,4.1875
A,0,4242428342496694,-7.5156,1.0,1.0,0.0,1.0,1.0,4.0,2.2806,6.0,6.0,4.5625
A,0,4111113315339525,-7.6254,1.0,1.0,0.0,1.0,0.0,4.0,2.2335,6.0,6.0,3.0
A,0,4111110429384751,-6.6659,1.0,1.0,0.0,1.0,0.0,4.0,2.7335,9.0,6.0,3.25
A,0,6011006859875200,-7.109,1.0,1.0,0.0,1.0,5.0,6.0,2.7744,8.0,5.0,3.625
A,0,6011007454470823,0.8108,1.0,1.0,1.0,1.0,5.0,6.0,2.9528,9.0,4.0,3.25
A,0,4111119949418585,-7.8113,1.0,1.0,0.0,1.0,0.0,4.0,2.1863,5.0,6.0,4.4375
A,0,4532011901225942,1.0791,1.0,1.0,1.0,1.0,2.0,4.0,2.7028,7.0,4.0,3.125
A,0,4111119118652037,-1.0408,1.0,1.0,1.0,1.0,0.0,4.0,2.7718,10.0,7.0,3.1875
A,0,4242428296949672,-8.9956,1.0,1.0,0.0,1.0,1.0,4.0,2.3522,6.0,5.0,5.0
A,0,5105101472321495,0.9589,1.0,1.0,1.0,1.0,3.0,5.0,2.8278,8.0,4.0,3.125
A,0,5555552449131691,-7.7004,1.0,1.0,0.0,1.0,4.0,5.0,2.4835,7.0,6.0,4.375
A,0,4111116359578028,-7.6361,1.0,1.0,0.0,1.0,0.0,4.0,3.0244,10.0,5.0,3.875
A,0,4532018028171474,-7.3178,1.0,1.0,0.0,1.0,2.0,4.0,2.9056,8.0,3.0,3.5625
A,0,6011003509146629,-7.7967,1.0,1.0,0.0,1.0,5.0,6.0,2.7806,8.0,4.0,3.3125
A,0,4111113074339497,-6.6799,1.0,1.0,0.0,1.0,0.0,4.0,2.43,6.0,5.0,3.625
A,0,4532013677124557,-6.6396,1.0,1.0,0.0,1.0,2.0,4.0,2.9056,8.0,3.0,3.875
A,0,6011008325394192,0.9282,1.0,1.0,1.0,1.0,5.0,6.0,3.0306,9.0,3.0,3.375
A,0,4111114125773013,-7.3183,1.0,1.0,0.0,1.0,0.0,4.0,2.3968,7.0,7.0,2.625
A,0,5555552269546913,-7.6968,1.0,1.0,0.0,1.0,4.0,5.0,2.3968,7.0,7.0,4.8125
A,0,4532010833673733,-6.7125,1.0,1.0,0.0,1.0,2.0,4.0,2.7806,9.0,6.0,3.625
A,0,4242421745921318,-7.0944,1.0,1.0,0.0,1.0,1.0,4.0,2.7028,8.0,4.0,3.6875
A,0,5555556594765846,-8.5005,1.0,1.0,0.0,1.0,4.0,5.0,2.0778,6.0,8.0,5.625
A,0,6011002106638752,0.1877,1.0,1.0,1.0,1.0,5.0,6.0,2.7806,8.0,4.0,3.0
A,0,4242423140869551,-7.2839,1.0,1.0,0.0,1.0,1.0,4.0,2.9528,9.0,4.0,3.75
A,0,4532011102623631,-7.0767,1.0,1.0,0.0,1.0,2.0,4.0,2.6556,7.0,4.0,2.5
A,0,5105100118316711,1.502,1.0,1.0,1.0,1.0,3.0,5.0,2.3496,7.0,7.0,2.5625
A,0,4242422956146784,-7.1481,1.0,1.0,0.0,1.0,1.0,4.0,2.6494,8.0,5.0,4.375
A,0,4242422894087726,-7.2986,1.0,1.0,0.0,1.0,1.0,4.0,2.5244,7.0,5.0,4.4375
A,0,5555557591073635,-8.0441,1.0,1.0,0.0,1.0,4.0,5.0,2.25,7.0,8.0,4.75
A,0,5105102089132534,-7.7382,1.0,1.0,0.0,1.0,3.0,5.0,2.8585,8.0,3.0,3.0625
A,0,6011004546889298,-7.5044,1.0,1.0,0.0,1.0,5.0,6.0,2.9056,8.0,3.0,4.4375
A,0,4242429172313157,-7.2087,1.0,1.0,0.0,1.0,1.0,4.0,2.6556,7.0,4.0,3.5625
A,0,5555555094671183,-8.5582,1.0,1.0,0.0,1.0,4.0,5.0,2.6468,9.0,7.0,4.625
A,0,4532016321074779,-6.6996,1.0,1.0,0.0,1.0,2.0,4.0,3.0778,9.0,3.0,3.8125
A,0,5555559921738607,-8.1666,1.0,1.0,0.0,1.0,4.0,5.0,2.7806,9.0,6.0,5.125
A,0,4111114321652380,-6.7121,1.0,1.0,0.0,1.0,0.0,4.0,2.6556,8.0,6.0,2.6875
A,0,4532014035910527,-7.5586,1.0,1.0,0.0,1.0,2.0,4.0,2.9056,8.0,3.0,3.1875
A,0,4242425851568407,-7.16,1.0,1.0,0.0,1.0,1.0,4.0,2.7806,8.0,4.0,4.1875
A,0,6011005296898843,-7.6276,1.0,1.0,0.0,1.0,5.0,6.0,3.0306,9.0,3.0,4.375
A,0,4111114182588036,-6.8984,1.0,1.0,0.0,1.0,0.0,4.0,2.6085,8.0,6.0,3.375
A,0,4532014874591888,-7.7444,1.0,1.0,0.0,1.0,2.0,4.0,2.9528,9.0,4.0,4.8125
A,0,5555559467817093,-8.4892,1.0,1.0,0.0,1.0,4.0,5.0,2.7806,9.0,6.0,5.25
A,0,5555556164152211,-8.2339,1.0,1.0,0.0,1.0,4.0,5.0,2.0218,5.0,7.0,3.6875
A,0,6011009032898491,0.0733,1.0,1.0,1.0,1.0,5.0,6.0,2.7806,8.0,4.0,3.8125
A,0,5105106342754341,-7.5913,1.0,1.0,0.0,1.0,3.0,5.0,2.8585,8.0,3.0,3.1875
A,0,4532017260937301,-7.745,1.0,1.0,0.0,1.0,2.0,4.0,3.0306,9.0,3.0,3.3125
A,0,5555553847817163,-7.7644,1.0,1.0,0.0,1.0,4.0,5.0,2.5306,7.0,6.0,4.875
A,0,4532018446841555,-6.8381,1.0,1.0,0.0,1.0,2.0,4.0,2.75,8.0,4.0,4.0625
A,0,4532010398662550,-7.4244,1.0,1.0,0.0,1.0,2.0,4.0,3.0306,9.0,3.0,3.6875
A,0,4111114592600971,-6.8869,1.0,1.0,0.0,1.0,0.0,4.0,2.6556,8.0,6.0,3.25
A,0,4111112053376230,-6.8219,1.0,1.0,0.0,1.0,0.0,4.0,2.7272,8.0,5.0,2.5
A,0,4111114269621167,-6.8257,1.0,1.0,0.0,1.0,0.0,4.0,2.2246,6.0,7.0,3.3125
A,0,4532016569080371,-7.5662,1.0,1.0,0.0,1.0,2.0,4.0,3.2028,10.0,3.0,3.75
A,0,4532012542561059,1.6772,1.0,1.0,1.0,1.0,2.0,4.0,2.8278,8.0,4.0,3.375
A,0,5555555224766715,-7.9979,1.0,1.0,0.0,1.0,4.0,5.0,2.125,6.0,8.0,4.6875
A,0,6011001201435273,-7.1657,1.0,1.0,0.0,1.0,5.0,6.0,2.75,8.0,4.0,2.25
A,0,4532014748374837,-7.3265,1.0,1.0,0.0,1.0,2.0,4.0,2.7806,8.0,4.0,4.375
A,0,4532014669539671,-7.2189,1.0,1.0,0.0,1.0,2.0,4.0,3.0778,9.0,3.0,4.4375
A,0,4532011211828051,-6.7941,1.0,1.0,0.0,1.0,2.0,4.0,2.6022,7.0,5.0,2.75
A,0,5105100814111681,-7.2144,1.0,1.0,0.0,1.0,3.0,5.0,2.2246,6.0,7.0,2.6875
A,0,5105108148822442,0.2573,1.0,1.0,1.0,1.0,3.0,5.0,2.5613,6.0,3.0,3.4375
A,0,4532010401116901,-6.616,1.0,1.0,0.0,1.0,2.0,4.0,2.6494,8.0,5.0,2.375
A,0,4532017437763324,-6.9137,1.0,1.0,0.0,1.0,2.0,4.0,2.7806,8.0,4.0,3.8125
A,0,5105109562340855,-7.0168,1.0,1.0,0.0,1.0,3.0,5.0,2.8522,9.0,5.0,3.6875
A,0,5105107125956501,-7.7222,1.0,1.0,0.0,1.0,3.0,5.0,2.4772,7.0,5.0,3.3125
A,0,6011006151744450,-6.9946,1.0,1.0,0.0,1.0,5.0,6.0,2.4528,6.0,4.0,2.8125
A,0,4242422864882064,-6.6574,1.0,1.0,0.0,1.0,1.0,4.0,2.1266,5.0,5.0,4.125
A,0,5555555165907940,-8.0441,1.0,1.0,0.0,1.0,4.0,5.0,2.25,7.0,8.0,4.75
A,0,4111114143224304,-7.5598,1.0,1.0,0.0,1.0,0.0,4.0,2.055,5.0,6.0,2.25
A,0,4111110162696971,-7.2277,1.0,1.0,0.0,1.0,0.0,4.0,2.3496,7.0,7.0,3.5
A,0,4242423485599200,-7.0421,1.0,1.0,0.0,1.0,1.0,4.0,2.625,7.0,4.0,3.9375
A,0,4111115815965992,-6.3534,1.0,1.0,0.0,1.0,0.0,4.0,2.4363,7.0,6.0,4.25
A,0,5555555773222966,-7.8888,1.0,1.0,0.0,1.0,4.0,5.0,2.2246,6.0,7.0,4.9375
A,0,4111116355929832,-6.3229,1.0,1.0,0.0,1.0,0.0,4.0,2.7744,8.0,5.0,3.8125
A,0,5555558813252253,-7.8342,1.0,1.0,0.0,1.0,4.0,5.0,1.9528,5.0,8.0,4.3125
A,0,5555556154031783,-6.9494,1.0,1.0,0.0,1.0,4.0,5.0,2.5218,8.0,7.0,4.25
A,0,6011001788788002,-7.44,1.0,1.0,0.0,1.0,5.0,6.0,2.3522,6.0,5.0,3.5625
A,0,4242423966739396,-8.3054,1.0,1.0,0.0,1.0,1.0,4.0,2.5141,6.0,3.0,4.9375
A,0,4111112102565127,-7.748,1.0,1.0,0.0,1.0,0.0,4.0,2.3496,7.0,7.0,2.5
A,0,4242424956165086,-7.0033,1.0,1.0,0.0,1.0,1.0,4.0,2.7806,8.0,4.0,4.25
A,0,4111110859010584,2.6624,1.0,1.0,1.0,1.0,0.0,4.0,2.3585,6.0,6.0,3.0625
A,0,6011000691087804,-7.6941,1.0,1.0,0.0,1.0,5.0,6.0,2.4835,7.0,6.0,3.1875
A,0,4242421465396557,-7.0033,1.0,1.0,0.0,1.0,1.0,4.0,2.7806,8.0,4.0,4.3125
A,0,5555554259458177,-8.5369,1.0,1.0,0.0,1.0,4.0,5.0,2.25,7.0,8.0,5.125
A,0,4532019848867835,-8.6161,1.0,1.0,0.0,1.0,2.0,4.0,3.125,10.0,4.0,5.0625
A,0,4532014333118784,1.4981,1.0,1.0,1.0,1.0,2.0,4.0,2.7806,8.0,4.0,3.5625
A,0,6011008536247529,-7.8373,1.0,1.0,0.0,1.0,5.0,6.0,3.2028,10.0,3.0,3.6875
A,0,5105102912108780,-7.8401,1.0,1.0,0.0,1.0,3.0,5.0,2.625,7.0,4.0,3.125
A,0,5555555976035783,1.0598,1.0,1.0,1.0,1.0,4.0,5.0,2.25,7.0,8.0,5.1875
A,0,5105100699167261,-7.5434,1.0,1.0,0.0,1.0,3.0,5.0,2.6556,7.0,4.0,3.6875
A,0,4111117734883678,-6.897,1.0,1.0,0.0,1.0,0.0,4.0,2.43,6.0,5.0,4.375
A,0,4242426943873661,-7.3281,1.0,1.0,0.0,1.0,1.0,4.0,2.7806,8.0,4.0,4.4375
A,0,5105104432800750,-6.9772,1.0,1.0,0.0,1.0,3.0,5.0,2.7272,8.0,5.0,2.8125
A,0,5105100076120080,-8.5883,1.0,1.0,0.0,1.0,3.0,5.0,2.3496,7.0,7.0,2.25
A,0,5105103742502484,-7.5913,1.0,1.0,0.0,1.0,3.0,5.0,2.8585,8.0,3.0,3.1875
A,0,6011001185985775,-7.3003,1.0,1.0,0.0,1.0,5.0,6.0,2.6556,7.0,4.0,4.0
A,0,4532019446209459,-7.0965,1.0,1.0,0.0,1.0,2.0,4.0,2.8278,8.0,4.0,4.1875
A,0,5555554594529995,-9.0502,1.0,1.0,0.0,1.0,4.0,5.0,1.5919,4.0,9.0,5.6875
A,0,4111115272428581,-6.9101,1.0,1.0,0.0,1.0,0.0,4.0,2.3585,6.0,6.0,3.3125
A,0,4532017713442354,-7.3449,1.0,1.0,0.0,1.0,2.0,4.0,2.7028,7.0,4.0,3.4375
A,0,4111119005611051,-7.6443,1.0,1.0,0.0,1.0,0.0,4.0,2.0778,6.0,8.0,2.3125
A,0,6011006928033689,-7.3446,1.0,1.0,0.0,1.0,5.0,6.0,2.7028,7.0,4.0,3.875
A,0,4532018873342032,-7.4186,1.0,1.0,0.0,1.0,2.0,4.0,2.8278,8.0,4.0,3.4375
A,0,5105109154962496,-6.7157,1.0,1.0,0.0,1.0,3.0,5.0,2.7335,7.0,3.0,4.1875
A,0,6011008321514851,-6.9596,1.0,1.0,0.0,1.0,5.0,6.0,2.7272,8.0,5.0,2.875
A,0,4111118616062288,-7.2643,1.0,1.0,0.0,1.0,0.0,4.0,2.3113,6.0,6.0,3.5
A,0,5555551299817107,-8.0539,1.0,1.0,0.0,1.0,4.0,5.0,2.4835,7.0,6.0,4.6875
A,0,6011005919122523,-7.3056,1.0,1.0,0.0,1.0,5.0,6.0,2.6556,7.0,4.0,2.9375
A,0,4242420658794256,-7.1388,1.0,1.0,0.0,1.0,1.0,4.0,2.75,8.0,4.0,4.375
A,0,4242424126374391,-7.3547,1.0,1.0,0.0,1.0,1.0,4.0,2.5244,7.0,5.0,3.625
A,0,4111115950703053,-6.8211,1.0,1.0,0.0,1.0,0.0,4.0,2.555,7.0,5.0,2.875
A,0,5555557940511154,2.7149,1.0,1.0,1.0,1.0,4.0,5.0,2.0778,6.0,8.0,4.1875
A,0,4242424980363173,-6.8355,1.0,1.0,0.0,1.0,1.0,4.0,2.9056,9.0,4.0,3.875
A,0,5555556654906880,-7.8818,1.0,1.0,0.0,1.0,4.0,5.0,2.2246,6.0,7.0,5.125
A,0,4111113161272155,-7.6062,1.0,1.0,0.0,1.0,0.0,4.0,2.25,7.0,8.0,2.625
A,0,5555557861477817,-8.4743,1.0,1.0,0.0,1.0,4.0,5.0,2.2806,6.0,6.0,5.375
A,0,6011003147517582,-7.7938,1.0,1.0,0.0,1.0,5.0,6.0,2.9528,9.0,4.0,3.1875
A,0,5555555570485475,1.5835,1.0,1.0,1.0,1.0,4.0,5.0,1.6738,5.0,10.0,5.0
A,0,4242420364234693,-7.3955,1.0,1.0,0.0,1.0,1.0,4.0,2.3522,6.0,5.0,3.625
A,0,4242424919050898,-7.4855,1.0,1.0,0.0,1.0,1.0,4.0,2.6556,7.0,4.0,4.4375
A,0,5105105322900589,-7.5116,1.0,1.0,0.0,1.0,3.0,5.0,2.625,7.0,4.0,3.4375
A,0,6011008296268805,0.5615,1.0,1.0,1.0,1.0,5.0,6.0,2.6556,7.0,4.0,3.875
A,0,4111118087471985,-6.8478,1.0,1.0,0.0,1.0,0.0,4.0,2.4835,7.0,6.0,4.125
A,0,5555553016790606,-6.65,1.0,1.0,0.0,1.0,4.0,5.0,2.4363,7.0,6.0,4.25
A,0,4242428734035740,-6.7067,1.0,1.0,0.0,1.0,1.0,4.0,2.6022,7.0,5.0,3.6875
A,0,6011008852024175,-7.9648,1.0,1.0,0.0,1.0,5.0,6.0,2.8278,8.0,4.0,3.125
A,0,4242429099735254,-6.7511,1.0,1.0,0.0,1.0,1.0,4.0,2.5778,7.0,4.0,4.4375
A,0,6011001792261896,-7.5761,1.0,1.0,0.0,1.0,5.0,6.0,2.6556,7.0,4.0,3.6875
A,0,6011005983657580,-7.1098,1.0,1.0,0.0,1.0,5.0,6.0,2.8278,8.0,4.0,4.0
A,0,6011003091685157,-7.5762,1.0,1.0,0.0,1.0,5.0,6.0,2.75,8.0,4.0,3.3125
A,0,5555554351438693,-8.3684,1.0,1.0,0.0,1.0,4.0,5.0,2.3496,7.0,7.0,4.75
A,0,4242425280881141,-6.9487,1.0,1.0,0.0,1.0,1.0,4.0,2.4056,6.0,4.0,3.5
A,0,5555557497975433,-8.208,1.0,1.0,0.0,1.0,4.0,5.0,2.0996,5.0,7.0,5.5
A,0,4242426130450234,-7.0319,1.0,1.0,0.0,1.0,1.0,4.0,2.5244,7.0,5.0,2.875
A,0,4532018069592513,-6.8582,1.0,1.0,0.0,1.0,2.0,4.0,3.0778,9.0,3.0,3.9375
A,0,4242428473118256,-6.7853,1.0,1.0,0.0,1.0,1.0,4.0,2.75,8.0,4.0,3.9375
A,0,5105105658597030,-7.0897,1.0,1.0,0.0,1.0,3.0,5.0,2.6494,8.0,5.0,3.75
A,0,5105101726586753,-6.952,1.0,1.0,0.0,1.0,3.0,5.0,2.8278,8.0,4.0,3.875
A,0,5555556297845573,-8.1962,1.0,1.0,0.0,1.0,4.0,5.0,2.375,8.0,8.0,5.375
A,0,4111112611351968,-7.0255,1.0,1.0,0.0,1.0,0.0,4.0,2.375,8.0,8.0,3.1875
A,0,6011007192094267,-7.7009,1.0,1.0,0.0,1.0,5.0,6.0,2.7028,7.0,4.0,3.4375
A,0,4242428441985316,-7.0328,1.0,1.0,0.0,1.0,1.0,4.0,2.7272,8.0,5.0,4.1875
A,0,4532013613901019,-7.3953,1.0,1.0,0.0,1.0,2.0,4.0,2.7806,8.0,4.0,3.0
A,0,5555550084732124,1.3205,1.0,1.0,1.0,1.0,4.0,5.0,2.6556,8.0,6.0,3.8125
A,0,6011007115281623,-7.1285,1.0,1.0,0.0,1.0,5.0,6.0,2.7272,8.0,5.0,2.75
A,0,4111119853556031,-6.8984,1.0,1.0,0.0,1.0,0.0,4.0,2.6085,8.0,6.0,3.375
A,0,4111112036383236,-7.503,1.0,1.0,0.0,1.0,0.0,4.0,2.5244,7.0,5.0,2.8125
A,0,5555550931281135,1.1913,1.0,1.0,1.0,1.0,4.0,5.0,2.3496,7.0,7.0,3.9375
A,0,4532013799129792,-7.8632,1.0,1.0,0.0,1.0,2.0,4.0,2.8278,8.0,4.0,4.5625
A,0,4111112766331395,-6.8984,1.0,1.0,0.0,1.0,0.0,4.0,2.6085,8.0,6.0,3.375
A,0,6011009182038223,-7.2608,1.0,1.0,0.0,1.0,5.0,6.0,2.6556,7.0,4.0,2.875
A,0,5105103640108468,-7.6858,1.0,1.0,0.0,1.0,3.0,5.0,2.7028,7.0,4.0,3.25
A,0,5105104140300471,-7.5505,1.0,1.0,0.0,1.0,3.0,5.0,2.3522,6.0,5.0,2.25
A,0,4532019609026904,-7.1822,1.0,1.0,0.0,1.0,2.0,4.0,2.8278,8.0,4.0,3.75
A,0,4111115306749060,-6.8237,1.0,1.0,0.0,1.0,0.0,4.0,2.7272,8.0,5.0,3.0625
A,0,6011007008700182,-7.2144,1.0,1.0,0.0,1.0,5.0,6.0,2.2246,6.0,7.0,2.5625
A,0,6011002248391603,-7.1146,1.0,1.0,0.0,1.0,5.0,6.0,2.8278,8.0,4.0,2.875
A,0,4111110454923658,-7.012,1.0,1.0,0.0,1.0,0.0,4.0,2.8522,9.0,5.0,3.4375
A,0,4532018018245252,-7.4358,1.0,1.0,0.0,1.0,2.0,4.0,2.7028,7.0,4.0,3.25
A,0,6011001139943601,0.9805,1.0,1.0,1.0,1.0,5.0,6.0,2.3994,6.0,5.0,2.8125
A,0,6011005231802407,-7.5946,1.0,1.0,0.0,1.0,5.0,6.0,2.8522,9.0,5.0,2.5
A,0,5555555690274106,0.9878,1.0,1.0,1.0,1.0,4.0,5.0,2.5218,8.0,7.0,4.375
A,0,4242422320445414,-7.0888,1.0,1.0,0.0,1.0,1.0,4.0,2.0462,6.0,7.0,2.9375
A,0,5105107264278310,-7.9381,1.0,1.0,0.0,1.0,3.0,5.0,3.0306,9.0,3.0,3.25
A,0,4111111574321016,-7.3251,1.0,1.0,0.0,1.0,0.0,4.0,2.375,8.0,8.0,2.4375
A,0,5105103132121176,-7.3088,1.0,1.0,0.0,1.0,3.0,5.0,2.5306,7.0,6.0,2.4375
A,0,4242426252446255,-8.1664,1.0,1.0,0.0,1.0,1.0,4.0,1.8829,4.0,6.0,3.6875
A,0,6011001316969534,-7.6268,1.0,1.0,0.0,1.0,5.0,6.0,2.6556,7.0,4.0,3.4375
A,0,5105105238581898,-6.6662,1.0,1.0,0.0,1.0,3.0,5.0,2.5778,7.0,4.0,4.3125
A,0,4532015129430083,-7.9163,1.0,1.0,0.0,1.0,2.0,4.0,2.9056,8.0,3.0,3.125
A,0,6011000954985754,0.4217,1.0,1.0,1.0,1.0,5.0,6.0,2.8278,8.0,4.0,4.0
A,0,6011004039278775,-7.6899,1.0,1.0,0.0,1.0,5.0,6.0,3.0778,10.0,4.0,3.75
A,0,5105100796804894,-7.2085,1.0,1.0,0.0,1.0,3.0,5.0,2.875,8.0,4.0,4.1875
A,0,4111110597375435,-6.6333,1.0,1.0,0.0,1.0,0.0,4.0,2.6022,7.0,5.0,3.5625
A,0,5555559480625359,-7.76,1.0,1.0,0.0,1.0,4.0,5.0,2.375,8.0,8.0,5.0625
A,0,6011007392431731,-7.7141,1.0,1.0,0.0,1.0,5.0,6.0,2.7806,8.0,4.0,3.0
A,0,4532019408871926,-7.1665,1.0,1.0,0.0,1.0,2.0,4.0,3.25,10.0,2.0,4.3125
A,0,4242429979093086,2.6351,1.0,1.0,1.0,1.0,1.0,4.0,2.7806,8.0,4.0,4.875
A,0,5105105136109759,-7.0839,1.0,1.0,0.0,1.0,3.0,5.0,2.5778,7.0,4.0,3.625
A,0,4242424896168819,-7.1423,1.0,1.0,0.0,1.0,1.0,4.0,2.5306,6.0,4.0,4.875
A,0,4111110268239010,-6.794,1.0,1.0,0.0,1.0,0.0,4.0,2.6085,8.0,6.0,2.5
A,0,5555553386257907,1.3091,1.0,1.0,1.0,1.0,4.0,5.0,2.5218,8.0,7.0,5.0
A,0,5555555189747065,-7.76,1.0,1.0,0.0,1.0,4.0,5.0,2.375,8.0,8.0,5.125
A,0,4532015793665699,-9.0655,1.0,1.0,0.0,1.0,2.0,4.0,2.9835,9.0,3.0,5.0
A,0,4111111458700492,3.7208,1.0,1.0,1.0,1.0,0.0,4.0,2.6085,8.0,6.0,3.0625
A,0,5105100240373061,-6.72,1.0,1.0,0.0,1.0,3.0,5.0,2.7272,8.0,5.0,2.375
A,0,4111117050394977,-6.6061,1.0,1.0,0.0,1.0,0.0,4.0,2.6022,7.0,5.0,3.75
A,0,5105107533000069,1.8642,1.0,1.0,1.0,1.0,3.0,5.0,2.4835,7.0,6.0,2.8125
A,0,6011001656776884,-7.3408,1.0,1.0,0.0,1.0,5.0,6.0,2.6556,7.0,4.0,4.125
A,0,5105102694364947,-7.0793,1.0,1.0,0.0,1.0,3.0,5.0,3.0778,9.0,3.0,4.125
A,0,4242429442961628,-6.5941,1.0,1.0,0.0,1.0,1.0,4.0,2.2988,6.0,5.0,4.3125
A,0,4242421437115898,-7.0143,1.0,1.0,0.0,1.0,1.0,4.0,2.7806,8.0,4.0,4.0625
A,0,4111112632274082,-7.0948,1.0,1.0,0.0,1.0,0.0,4.0,2.6494,8.0,5.0,2.8125
A,0,5555551730608016,-6.9939,1.0,1.0,0.0,1.0,4.0,5.0,2.4835,7.0,6.0,3.875
A,0,5555558299705415,-8.1531,1.0,1.0,0.0,1.0,4.0,5.0,2.375,8.0,8.0,5.0
A,0,4532012408495984,-7.0489,1.0,1.0,0.0,1.0,2.0,4.0,2.875,8.0,4.0,4.25
A,0,5105109864596430,-7.0793,1.0,1.0,0.0,1.0,3.0,5.0,2.9056,8.0,3.0,4.125
A,0,4532018177992748,-7.6807,1.0,1.0,0.0,1.0,2.0,4.0,3.0778,9.0,3.0,4.8125
A,0,4532018439949660,-7.8593,1.0,1.0,0.0,1.0,2.0,4.0,3.0306,9.0,3.0,4.5625
A,0,6011000379710560,-6.9881,1.0,1.0,0.0,1.0,5.0,6.0,2.4835,7.0,6.0,2.875
A,0,5555555337951359,-8.725,1.0,1.0,0.0,1.0,4.0,5.0,1.7947,5.0,9.0,5.0
A,0,5105109674722969,-8.0726,1.0,1.0,0.0,1.0,3.0,5.0,2.9528,8.0,3.0,4.5625
A,0,5555556016868786,-9.0676,1.0,1.0,0.0,1.0,4.0,5.0,2.2335,6.0,6.0,5.375
A,0,4532011164636902,-7.5586,1.0,1.0,0.0,1.0,2.0,4.0,2.9056,8.0,3.0,3.3125
A,0,6011008048324412,-7.4297,1.0,1.0,0.0,1.0,5.0,6.0,2.6556,7.0,4.0,2.75
A,0,6011004008446027,-6.9765,1.0,1.0,0.0,1.0,5.0,6.0,2.4835,7.0,6.0,2.6875
A,0,4111117109190985,-7.0608,1.0,1.0,0.0,1.0,0.0,4.0,2.3496,7.0,7.0,3.625
A,0,4111116916066100,-8.7546,1.0,1.0,0.0,1.0,0.0,4.0,1.9746,5.0,7.0,2.75
A,0,5555555733454485,-8.2306,1.0,1.0,0.0,1.0,4.0,5.0,1.7947,5.0,9.0,4.875
A,0,4111110468600616,-7.4999,1.0,1.0,0.0,1.0,0.0,4.0,2.1085,5.0,6.0,2.875
A,0,6011008242087266,-7.7177,1.0,1.0,0.0,1.0,5.0,6.0,2.6556,7.0,4.0,3.3125
A,0,4111118553604468,-6.6061,1.0,1.0,0.0,1.0,0.0,4.0,2.6022,7.0,5.0,3.625
A,0,4242424746145169,-6.9461,1.0,1.0,0.0,1.0,1.0,4.0,2.4835,7.0,6.0,4.0625
A,0,4532015561935044,-7.1677,1.0,1.0,0.0,1.0,2.0,4.0,2.8278,8.0,4.0,3.5625
A,0,4532019881632283,-6.7039,1.0,1.0,0.0,1.0,2.0,4.0,2.9835,9.0,3.0,4.0625
A,0,4242428488094099,-7.5264,1.0,1.0,0.0,1.0,1.0,4.0,2.2579,5.0,5.0,4.8125
A,0,5555558819811760,-8.1209,1.0,1.0,0.0,1.0,4.0,5.0,2.4363,7.0,6.0,4.9375
A,0,5105102100418842,-6.6094,1.0,1.0,0.0,1.0,3.0,5.0,2.5,6.0,4.0,2.625
A,0,5105105931375082,-7.6555,1.0,1.0,0.0,1.0,3.0,5.0,2.7806,8.0,4.0,3.4375
A,0,6011006798766472,-7.5594,1.0,1.0,0.0,1.0,5.0,6.0,2.7806,8.0,4.0,4.375
A,0,4111113910872373,-6.8621,1.0,1.0,0.0,1.0,0.0,4.0,2.6085,8.0,6.0,3.25
A,0,5555551471694369,-8.4571,1.0,1.0,0.0,1.0,4.0,5.0,2.5306,7.0,6.0,5.0
A,0,4111114783868560,-6.7887,1.0,1.0,0.0,1.0,0.0,4.0,2.7272,8.0,5.0,4.0
A,0,5555559484440098,-8.3211,1.0,1.0,0.0,1.0,4.0,5.0,2.1556,5.0,6.0,5.0
A,0,5555550905488115,-7.3627,1.0,1.0,0.0,1.0,4.0,5.0,2.125,6.0,8.0,4.4375
A,0,4111112282093549,-6.9512,1.0,1.0,0.0,1.0,0.0,4.0,2.7272,8.0,5.0,3.3125
A,0,5105106676745214,-7.2865,1.0,1.0,0.0,1.0,3.0,5.0,2.7335,7.0,3.0,3.75
A,0,5555551814981585,-0.1522,1.0,1.0,1.0,1.0,4.0,5.0,1.9056,5.0,8.0,5.0
A,0,4242428587552645,-7.4655,1.0,1.0,0.0,1.0,1.0,4.0,2.375,6.0,4.0,4.5625
A,0,5555558834372296,-8.2173,1.0,1.0,0.0,1.0,4.0,5.0,2.6556,8.0,6.0,5.125
A,0,4111113552924555,-7.0371,1.0,1.0,0.0,1.0,0.0,4.0,2.2988,6.0,5.0,3.375
A,0,4532012051611311,0.0061,1.0,1.0,1.0,1.0,2.0,4.0,2.5306,7.0,6.0,2.25
A,0,4111119129229980,-6.9338,1.0,1.0,0.0,1.0,0.0,4.0,2.2335,6.0,6.0,3.75
A,0,5555557467883502,-8.5041,1.0,1.0,0.0,1.0,4.0,5.0,2.5218,8.0,7.0,5.0
A,0,5555551473427196,-7.9469,1.0,1.0,0.0,1.0,4.0,5.0,2.6556,8.0,6.0,4.625
A,0,5105108576861836,-7.6027,1.0,1.0,0.0,1.0,3.0,5.0,2.6863,7.0,3.0,4.375
A,0,6011004653686809,-6.9906,1.0,1.0,0.0,1.0,5.0,6.0,2.75,8.0,4.0,3.9375
A,0,4242426721103024,-7.3434,1.0,1.0,0.0,1.0,1.0,4.0,2.5244,7.0,5.0,2.75
A,0,6011007014466977,-7.1575,1.0,1.0,0.0,1.0,5.0,6.0,2.4835,6.0,4.0,3.6875
A,0,4532013823065509,-7.3673,1.0,1.0,0.0,1.0,2.0,4.0,2.9835,9.0,3.0,3.5
A,0,4242427743418782,-7.6966,1.0,1.0,0.0,1.0,1.0,4.0,2.3522,6.0,5.0,4.3125
A,0,4532018559990120,-6.6978,1.0,1.0,0.0,1.0,2.0,4.0,2.8585,8.0,3.0,3.9375
A,0,5555558557314357,-8.4873,1.0,1.0,0.0,1.0,4.0,5.0,1.9669,6.0,9.0,4.875
A,0,4242422021363470,-7.0319,1.0,1.0,0.0,1.0,1.0,4.0,2.5244,7.0,5.0,2.875
A,0,5105108051400606,-7.5149,1.0,1.0,0.0,1.0,3.0,5.0,2.3113,6.0,6.0,2.625
A,0,6011009635731643,-7.5813,1.0,1.0,0.0,1.0,5.0,6.0,2.8113,8.0,3.0,3.4375
A,0,4242427995068057,-7.9647,1.0,1.0,0.0,1.0,1.0,4.0,2.9056,8.0,3.0,4.625
A,0,4242422460032095,-7.1051,1.0,1.0,0.0,1.0,1.0,4.0,2.4772,7.0,5.0,3.0625
A,0,5105109178228969,-8.0726,1.0,1.0,0.0,1.0,3.0,5.0,2.9056,8.0,3.0,4.5625
A,0,5555559288528840,0.466,1.0,1.0,1.0,1.0,4.0,5.0,2.1468,6.0,7.0,5.25
A,0,4532018012636537,1.7303,1.0,1.0,1.0,1.0,2.0,4.0,3.0778,9.0,3.0,3.5
A,0,4111117880633296,-7.0993,1.0,1.0,0.0,1.0,0.0,4.0,2.8994,9.0,5.0,3.8125
A,0,4242425529449362,-6.8433,1.0,1.0,0.0,1.0,1.0,4.0,2.2988,6.0,5.0,4.1875
A,0,4111112081949344,-6.9612,1.0,1.0,0.0,1.0,0.0,4.0,2.4056,7.0,6.0,3.3125
A,0,6011008928044345,-7.8038,1.0,1.0,0.0,1.0,5.0,6.0,2.9528,9.0,4.0,3.4375
A,0,6011003267328260,-7.3056,1.0,1.0,0.0,1.0,5.0,6.0,2.6556,7.0,4.0,2.9375
A,0,6011005335147055,-6.9304,1.0,1.0,0.0,1.0,5.0,6.0,2.5778,7.0,4.0,2.875
A,0,6011001989926094,1.3172,1.0,1.0,1.0,1.0,5.0,6.0,2.5778,7.0,4.0,4.0625
A,0,4111113357319185,-7.2749,1.0,1.0,0.0,1.0,0.0,4.0,2.3496,7.0,7.0,3.375
A,0,5105101108405745,-7.0769,1.0,1.0,0.0,1.0,3.0,5.0,2.375,6.0,4.0,2.9375
A,0,4532016792445655,-6.8912,1.0,1.0,0.0,1.0,2.0,4.0,2.9528,9.0,4.0,4.25
A,0,5555559394174537,-7.9457,1.0,1.0,0.0,1.0,4.0,5.0,2.2718,6.0,7.0,5.125
A,0,4242429860172885,-7.4073,1.0,1.0,0.0,1.0,1.0,4.0,2.9056,9.0,4.0,4.5
A,0,4532014201836393,-7.9434,1.0,1.0,0.0,1.0,2.0,4.0,3.0,9.0,4.0,3.375
A,0,5555550982268267,-8.5957,1.0,1.0,0.0,1.0,4.0,5.0,2.4835,7.0,6.0,5.0
A,0,5555556261982263,-7.6629,1.0,1.0,0.0,1.0,4.0,5.0,2.4363,7.0,6.0,4.6875
A,0,4242424425977425,-6.973,1.0,1.0,0.0,1.0,1.0,4.0,2.055,5.0,6.0,4.1875
A,0,6011009759643274,-7.1168,1.0,1.0,0.0,1.0,5.0,6.0,3.0778,9.0,3.0,4.0
A,0,6011008143697781,-7.1033,1.0,1.0,0.0,1.0,5.0,6.0,2.8278,8.0,4.0,3.875
A,0,6011000110996287,-7.9118,1.0,1.0,0.0,1.0,5.0,6.0,2.5244,7.0,5.0,3.1875
A,0,6011005863968280,-7.1726,1.0,1.0,0.0,1.0,5.0,6.0,2.7806,8.0,4.0,3.9375
A,0,5105105656338951,2.063,1.0,1.0,1.0,1.0,3.0,5.0,2.6022,7.0,5.0,3.9375
A,0,4532014404215130,-7.5273,1.0,1.0,0.0,1.0,2.0,4.0,2.5306,6.0,4.0,2.4375
A,0,4111114860450604,-7.6794,1.0,1.0,0.0,1.0,0.0,4.0,2.3522,6.0,5.0,2.875
A,0,4111117505336261,-6.5317,1.0,1.0,0.0,1.0,0.0,4.0,2.6556,8.0,6.0,2.9375
A,0,4532019370302758,-7.4244,1.0,1.0,0.0,1.0,2.0,4.0,3.0306,9.0,3.0,3.6875
A,0,6011002674412379,-7.8297,1.0,1.0,0.0,1.0,5.0,6.0,2.9056,8.0,3.0,3.3125
A,0,5555556272429515,-7.7352,1.0,1.0,0.0,1.0,4.0,5.0,2.2028,7.0,8.0,4.5625
A,0,5105100036100600,-9.0485,1.0,1.0,0.0,1.0,3.0,5.0,1.9528,5.0,8.0,1.75
A,0,4242421501701767,-7.5445,1.0,1.0,0.0,1.0,1.0,4.0,2.6863,7.0,3.0,3.3125
A,0,6011008385654276,-7.1417,1.0,1.0,0.0,1.0,5.0,6.0,3.0306,9.0,3.0,3.875
A,0,5555553852131259,-6.9134,1.0,1.0,0.0,1.0,4.0,5.0,2.125,6.0,8.0,4.3125
A,0,6011005858078985,-7.0461,1.0,1.0,0.0,1.0,5.0,6.0,2.5778,7.0,4.0,4.4375
A,0,4532014619235358,-6.8302,1.0,1.0,0.0,1.0,2.0,4.0,3.0306,9.0,3.0,3.8125
A,0,4111115349649973,-6.4307,1.0,1.0,0.0,1.0,0.0,4.0,2.555,7.0,5.0,4.25
A,0,4532012117288599,-7.1815,1.0,1.0,0.0,1.0,2.0,4.0,3.0306,9.0,3.0,4.1875
A,0,4111112793929778,-7.0087,1.0,1.0,0.0,1.0,0.0,4.0,2.555,7.0,5.0,4.5
A,0,5105103726896761,-7.2099,1.0,1.0,0.0,1.0,3.0,5.0,3.0306,9.0,3.0,4.1875
A,0,6011008716915977,0.7151,1.0,1.0,1.0,1.0,5.0,6.0,2.6556,7.0,4.0,4.25
A,0,4111118131630478,-7.229,1.0,1.0,0.0,1.0,0.0,4.0,2.3968,7.0,7.0,3.125
A,0,4242427139439733,-6.6027,1.0,1.0,0.0,1.0,1.0,4.0,2.4528,6.0,4.0,4.1875
A,0,4532013962336087,-7.0732,1.0,1.0,0.0,1.0,2.0,4.0,3.125,10.0,4.0,3.875
A,0,6011003474525108,-7.5458,1.0,1.0,0.0,1.0,5.0,6.0,2.9528,9.0,4.0,2.9375
A,0,4242424140677776,1.2274,1.0,1.0,1.0,1.0,1.0,4.0,2.3522,6.0,5.0,4.1875
A,0,6011006461116306,-7.5939,1.0,1.0,0.0,1.0,5.0,6.0,2.0488,5.0,5.0,2.625
A,0,4532017354504270,-7.1758,1.0,1.0,0.0,1.0,2.0,4.0,2.7335,7.0,3.0,3.25
A,0,4111110614434081,-7.4743,1.0,1.0,0.0,1.0,0.0,4.0,2.1468,6.0,7.0,2.5
A,0,5105105384501500,-7.3965,1.0,1.0,0.0,1.0,3.0,5.0,2.2516,6.0,5.0,2.6875
A,0,5105103715227548,-7.5861,1.0,1.0,0.0,1.0,3.0,5.0,2.8278,8.0,4.0,3.5
A,0,5105102382868940,-7.0637,1.0,1.0,0.0,1.0,3.0,5.0,3.0306,9.0,3.0,3.875
A,0,4111118204880203,-7.4793,1.0,1.0,0.0,1.0,0.0,4.0,2.43,6.0,5.0,2.75
A,0,5555554653216104,-6.7585,1.0,1.0,0.0,1.0,4.0,5.0,2.3968,7.0,7.0,3.875
A,0,4111119432668960,-6.62,1.0,1.0,0.0,1.0,0.0,4.0,2.7272,8.0,5.0,3.875
A,0,4111110420144237,-7.3313,1.0,1.0,0.0,1.0,0.0,4.0,2.2806,6.0,6.0,2.25
A,0,5555556172206285,1.3449,1.0,1.0,1.0,1.0,4.0,5.0,2.3496,7.0,7.0,4.3125
A,0,4532019783838662,-8.0011,1.0,1.0,0.0,1.0,2.0,4.0,3.1556,10.0,3.0,4.6875
A,0,4111112030384590,-6.7152,1.0,1.0,0.0,1.0,0.0,4.0,2.7272,8.0,5.0,2.6875
A,0,5105107672165841,-7.3498,1.0,1.0,0.0,1.0,3.0,5.0,2.8278,8.0,4.0,3.6875
A,0,6011005637813289,-7.6955,1.0,1.0,0.0,1.0,5.0,6.0,3.0306,9.0,3.0,3.75
A,0,5105105756954969,-7.5692,1.0,1.0,0.0,1.0,3.0,5.0,2.6022,7.0,5.0,4.8125
A,0,4111119847781717,-7.4316,1.0,1.0,0.0,1.0,0.0,4.0,2.0218,5.0,7.0,4.25
A,0,4111115960659429,-6.4849,1.0,1.0,0.0,1.0,0.0,4.0,2.6022,7.0,5.0,4.0
A,0,4242423405726567,2.2461,1.0,1.0,1.0,1.0,1.0,4.0,2.625,7.0,4.0,3.9375
A,0,5555555760605349,-7.889,1.0,1.0,0.0,1.0,4.0,5.0,2.25,7.0,8.0,4.6875
A,0,5555550392997856,0.1117,1.0,1.0,1.0,1.0,4.0,5.0,2.4746,8.0,7.0,5.5
A,0,6011005705549296,0.4646,1.0,1.0,1.0,1.0,5.0,6.0,2.8278,8.0,4.0,3.75
A,0,4111112813981885,-6.3019,1.0,1.0,0.0,1.0,0.0,4.0,2.2718,7.0,7.0,3.875
A,0,6011007113397846,-7.4866,1.0,1.0,0.0,1.0,5.0,6.0,2.8278,8.0,4.0,3.5625
A,0,4111115657559798,-7.8507,1.0,1.0,0.0,1.0,0.0,4.0,2.5244,7.0,5.0,4.6875
A,0,4532012715821714,-7.4085,1.0,1.0,0.0,1.0,2.0,4.0,2.8278,8.0,4.0,3.3125
A,0,4111119220772636,-6.9512,1.0,1.0,0.0,1.0,0.0,4.0,2.7272,8.0,5.0,3.3125
A,0,5555555232124952,-8.1015,1.0,1.0,0.0,1.0,4.0,5.0,2.0,6.0,8.0,4.0625
A,0,4532015240580768,2.0144,1.0,1.0,1.0,1.0,2.0,4.0,3.0306,9.0,3.0,3.75
A,0,5555556132375901,-6.9494,1.0,1.0,0.0,1.0,4.0,5.0,2.5218,8.0,7.0,4.1875
A,0,4532013600048881,-7.4085,1.0,1.0,0.0,1.0,2.0,4.0,2.8278,8.0,4.0,3.3125
A,0,4532015005394415,-7.435,1.0,1.0,0.0,1.0,2.0,4.0,2.6556,7.0,4.0,3.1875
A,0,6011002693160260,-7.545,1.0,1.0,0.0,1.0,5.0,6.0,2.3522,6.0,5.0,2.6875
A,0,4532017329146727,2.1229,1.0,1.0,1.0,1.0,2.0,4.0,3.0306,9.0,3.0,3.9375
A,0,5105105778135426,1.9039,1.0,1.0,1.0,1.0,3.0,5.0,2.9528,9.0,4.0,3.75
A,0,5555552028419408,-6.8732,1.0,1.0,0.0,1.0,4.0,5.0,2.5306,7.0,6.0,4.25
A,0,6011002335313030,-8.8053,1.0,1.0,0.0,1.0,5.0,6.0,2.2516,6.0,5.0,1.9375
A,0,5555559021164375,-7.4959,1.0,1.0,0.0,1.0,4.0,5.0,2.6468,9.0,7.0,4.25
A,0,4111118846908342,-6.513,1.0,1.0,0.0,1.0,0.0,4.0,2.68,8.0,5.0,3.8125
A,0,4532012418288340,2.0373,1.0,1.0,1.0,1.0,2.0,4.0,2.7335,7.0,3.0,3.4375
A,0,5105109541712296,-7.3498,1.0,1.0,0.0,1.0,3.0,5.0,2.8278,8.0,4.0,3.625
A,0,5555559191375219,-7.6983,1.0,1.0,0.0,1.0,4.0,5.0,2.1774,6.0,7.0,4.8125
A,0,4111118757474670,-6.8218,1.0,1.0,0.0,1.0,0.0,4.0,2.4772,7.0,5.0,4.0
A,0,6011009812498944,-7.2955,1.0,1.0,0.0,1.0,5.0,6.0,2.6863,7.0,3.0,4.125
A,0,5105106812413456,1.6248,1.0,1.0,1.0,1.0,3.0,5.0,2.8278,8.0,4.0,3.25
A,0,4111116144280327,-6.6375,1.0,1.0,0.0,1.0,0.0,4.0,2.6085,8.0,6.0,2.875
A,0,6011008848048206,-7.1872,1.0,1.0,0.0,1.0,5.0,6.0,2.3994,6.0,5.0,3.5
A,0,6011002762172054,1.2201,1.0,1.0,1.0,1.0,5.0,6.0,2.6556,7.0,4.0,2.75
A,0,5555556115514602,-7.3798,1.0,1.0,0.0,1.0,4.0,5.0,2.0778,6.0,8.0,3.8125
A,0,4242429185791362,-6.9909,1.0,1.0,0.0,1.0,1.0,4.0,2.9528,9.0,4.0,4.3125
A,0,4532012082701287,-7.4085,1.0,1.0,0.0,1.0,2.0,4.0,2.8278,8.0,4.0,3.25
A,0,6011008137338292,-7.7971,1.0,1.0,0.0,1.0,5.0,6.0,2.8585,8.0,3.0,3.375
A,0,4532019258811462,-6.8302,1.0,1.0,0.0,1.0,2.0,4.0,3.0306,9.0,3.0,3.8125
A,0,4242425048436466,-6.5146,1.0,1.0,0.0,1.0,1.0,4.0,2.4363,7.0,6.0,4.0
A,0,4532012120673508,-0.3262,1.0,1.0,1.0,1.0,2.0,4.0,3.0306,9.0,3.0,3.0625
A,0,4532010914169955,-6.7043,1.0,1.0,0.0,1.0,2.0,4.0,2.8585,8.0,3.0,4.0
A,0,4532013077972658,-7.1665,1.0,1.0,0.0,1.0,2.0,4.0,3.2028,10.0,3.0,4.3125
A,0,4242422082554698,2.1362,1.0,1.0,1.0,1.0,1.0,4.0,2.5244,7.0,5.0,4.1875
A,0,4532014885656026,-6.9051,1.0,1.0,0.0,1.0,2.0,4.0,2.9056,8.0,3.0,4.0625
A,0,4532016981837426,-7.1665,1.0,1.0,0.0,1.0,2.0,4.0,3.25,10.0,2.0,4.3125
A,0,4242421465883228,-6.9201,1.0,1.0,0.0,1.0,1.0,4.0,2.4772,7.0,5.0,4.0625
A,0,4242427711886175,-7.0898,1.0,1.0,0.0,1.0,1.0,4.0,2.6863,7.0,3.0,4.3125
A,0,6011002520030017,-9.2102,1.0,1.0,0.0,1.0,5.0,6.0,2.3496,7.0,7.0,1.75
A,0,5105107125984912,-7.3498,1.0,1.0,0.0,1.0,3.0,5.0,2.8278,8.0,4.0,3.75
A,0,6011005643125877,-8.0262,1.0,1.0,0.0,1.0,5.0,6.0,3.0306,9.0,3.0,3.5
A,0,4111112570369642,-7.4307,1.0,1.0,0.0,1.0,0.0,4.0,2.8994,9.0,5.0,3.3125
A,0,4111110502279114,-7.425,1.0,1.0,0.0,1.0,0.0,4.0,2.3968,7.0,7.0,2.5
A,0,4111117902102925,-6.9421,1.0,1.0,0.0,1.0,0.0,4.0,2.4835,7.0,6.0,2.875
A,0,5105105398572429,-7.3915,1.0,1.0,0.0,1.0,3.0,5.0,3.0,9.0,4.0,4.125
A,0,5555551066083686,-7.5278,1.0,1.0,0.0,1.0,4.0,5.0,2.2806,6.0,6.0,4.625
A,0,5555551921325723,-6.361,1.0,1.0,0.0,1.0,4.0,5.0,2.2246,6.0,7.0,4.0625
A,0,4111110350440809,-6.9102,1.0,1.0,0.0,1.0,0.0,4.0,2.4772,7.0,5.0,2.625
A,0,4111110279342354,-6.8237,1.0,1.0,0.0,1.0,0.0,4.0,2.7272,8.0,5.0,3.0
A,0,5555554074301591,-6.7651,1.0,1.0,0.0,1.0,4.0,5.0,2.3968,7.0,7.0,4.0
A,0,6011006548776571,-7.255,1.0,1.0,0.0,1.0,5.0,6.0,2.6863,7.0,3.0,4.0
A,0,4111112795247354,-6.6333,1.0,1.0,0.0,1.0,0.0,4.0,2.6022,7.0,5.0,3.5625
A,0,5555553404576495,-7.7397,1.0,1.0,0.0,1.0,4.0,5.0,2.2028,7.0,8.0,4.8125
A,0,5555553027263429,-6.9092,1.0,1.0,0.0,1.0,4.0,5.0,2.6085,8.0,6.0,4.25
A,0,5555553510275087,-6.876,1.0,1.0,0.0,1.0,4.0,5.0,2.25,7.0,8.0,4.25
A,0,5105107514735689,-7.0508,1.0,1.0,0.0,1.0,3.0,5.0,2.9528,9.0,4.0,4.1875
A,0,4111114190339046,-7.0168,1.0,1.0,0.0,1.0,0.0,4.0,2.3585,6.0,6.0,3.0
A,0,6011006074210284,-6.9301,1.0,1.0,0.0,1.0,5.0,6.0,2.6022,7.0,5.0,2.625
A,0,5105104194604555,-7.0774,1.0,1.0,0.0,1.0,3.0,5.0,2.3829,6.0,5.0,3.4375
A,0,5555555524739051,-7.5426,1.0,1.0,0.0,1.0,4.0,5.0,2.2169,8.0,9.0,4.4375
A,0,5105101861329869,1.4767,1.0,1.0,1.0,1.0,3.0,5.0,2.875,8.0,4.0,4.0625
A,0,4242423035288018,-7.2971,1.0,1.0,0.0,1.0,1.0,4.0,2.6556,7.0,4.0,3.5
A,0,5105103251503199,-7.2873,1.0,1.0,0.0,1.0,3.0,5.0,2.4528,6.0,4.0,3.125
A,0,5555554403922820,1.5474,1.0,1.0,1.0,1.0,4.0,5.0,2.4835,7.0,6.0,4.0
A,0,5105104485188988,-7.3836,1.0,1.0,0.0,1.0,3.0,5.0,2.43,6.0,5.0,4.6875
A,0,4111114980582464,-6.7105,1.0,1.0,0.0,1.0,0.0,4.0,2.6494,8.0,5.0,3.6875
A,0,4242424691743261,-6.9782,1.0,1.0,0.0,1.0,1.0,4.0,2.5244,7.0,5.0,3.8125
A,0,4532013627355941,-7.4244,1.0,1.0,0.0,1.0,2.0,4.0,3.0306,9.0,3.0,3.75
A,0,4532010216218820,-7.0341,1.0,1.0,0.0,1.0,2.0,4.0,2.7806,8.0,4.0,2.8125
A,0,5105106788467856,-7.7751,1.0,1.0,0.0,1.0,3.0,5.0,2.7335,7.0,3.0,4.8125
A,0,4242423925962909,-7.3948,1.0,1.0,0.0,1.0,1.0,4.0,2.4772,7.0,5.0,4.5
A,0,5555556257211724,-6.361,1.0,1.0,0.0,1.0,4.0,5.0,2.2246,6.0,7.0,4.1875
A,0,5555556147175656,2.9554,1.0,1.0,1.0,1.0,4.0,5.0,1.9528,5.0,8.0,4.875
A,0,6011002371320917,-7.1701,1.0,1.0,0.0,1.0,5.0,6.0,2.625,7.0,4.0,2.6875
A,0,6011007585890882,-7.0377,1.0,1.0,0.0,1.0,5.0,6.0,2.75,8.0,4.0,4.25
A,0,4242425903877369,-7.8971,1.0,1.0,0.0,1.0,1.0,4.0,3.0306,9.0,3.0,4.6875
A,0,4111112680818567,-6.6831,1.0,1.0,0.0,1.0,0.0,4.0,2.6085,8.0,6.0,3.75
A,0,5105103214906619,-7.5761,1.0,1.0,0.0,1.0,3.0,5.0,2.8278,8.0,4.0,3.3125
A,0,4111119790263455,-7.5521,1.0,1.0,0.0,1.0,0.0,4.0,2.8994,9.0,5.0,3.6875
A,0,5555559558200300,-8.0544,1.0,1.0,0.0,1.0,4.0,5.0,2.0,6.0,8.0,3.875
A,0,4111119601744133,-7.3154,1.0,1.0,0.0,1.0,0.0,4.0,2.3496,7.0,7.0,2.9375
A,0,4111114528998164,-6.8478,1.0,1.0,0.0,1.0,0.0,4.0,2.4835,7.0,6.0,4.0625
A,0,4111112435825035,-6.7437,1.0,1.0,0.0,1.0,0.0,4.0,2.6022,7.0,5.0,2.875
A,0,5555555493347169,-7.933,1.0,1.0,0.0,1.0,4.0,5.0,2.3968,7.0,7.0,5.0625
A,0,6011008543714358,-7.8397,1.0,1.0,0.0,1.0,5.0,6.0,2.9056,8.0,3.0,3.5
A,0,6011005630184882,-7.7967,1.0,1.0,0.0,1.0,5.0,6.0,2.7806,8.0,4.0,3.3125
A,0,4111113765001583,-6.5317,1.0,1.0,0.0,1.0,0.0,4.0,2.6556,8.0,6.0,2.9375
A,0,6011002028078254,-6.9596,1.0,1.0,0.0,1.0,5.0,6.0,2.7272,8.0,5.0,2.875
A,0,5555552925991254,-9.2102,1.0,1.0,0.0,1.0,4.0,5.0,1.9056,5.0,8.0,4.875
A,0,4242428080798957,-8.1079,1.0,1.0,0.0,1.0,1.0,4.0,2.7335,7.0,3.0,4.9375
A,0,4111116769298030,-7.5521,1.0,1.0,0.0,1.0,0.0,4.0,2.8994,9.0,5.0,3.6875
A,0,4532017785007516,-6.4983,1.0,1.0,0.0,1.0,2.0,4.0,2.9835,9.0,3.0,3.8125
A,0,5555553599293041,-8.2451,1.0,1.0,0.0,1.0,4.0,5.0,2.3496,7.0,7.0,4.6875
A,0,5555552488369857,-9.2102,1.0,1.0,0.0,1.0,4.0,5.0,2.4746,8.0,7.0,5.625
A,0,5105101526523882,-7.8129,1.0,1.0,0.0,1.0,3.0,5.0,2.6556,7.0,4.0,3.375
A,0,5105109356979577,0.8332,1.0,1.0,1.0,1.0,3.0,5.0,2.6556,7.0,4.0,4.9375
A,0,5555558338118390,-7.9954,1.0,1.0,0.0,1.0,4.0,5.0,2.3113,6.0,6.0,4.625
A,0,4532010839808791,-7.0247,1.0,1.0,0.0,1.0,2.0,4.0,3.0306,9.0,3.0,4.25
A,0,5555559393212931,-8.0251,1.0,1.0,0.0,1.0,4.0,5.0,2.1863,5.0,6.0,4.5
A,0,4532016372747144,-7.1822,1.0,1.0,0.0,1.0,2.0,4.0,2.8278,8.0,4.0,3.75
A,0,4532016009996184,-7.1815,1.0,1.0,0.0,1.0,2.0,4.0,3.0306,9.0,3.0,4.1875
A,0,4242420435076144,-6.9019,1.0,1.0,0.0,1.0,1.0,4.0,2.6085,8.0,6.0,3.25
A,0,4532012576288754,-7.0247,1.0,1.0,0.0,1.0,2.0,4.0,3.0306,9.0,3.0,4.3125
A,0,5555550933325386,-7.4068,1.0,1.0,0.0,1.0,4.0,5.0,2.2718,7.0,7.0,4.5
A,0,6011002235904114,-7.1489,1.0,1.0,0.0,1.0,5.0,6.0,2.75,8.0,4.0,2.4375
A,0,5555559416434194,-7.5278,1.0,1.0,0.0,1.0,4.0,5.0,2.2806,6.0,6.0,4.6875
A,0,6011007835002385,-7.167,1.0,1.0,0.0,1.0,5.0,6.0,2.7744,8.0,5.0,3.0625
A,0,4532013033106315,-6.8733,1.0,1.0,0.0,1.0,2.0,4.0,2.555,7.0,5.0,2.5
A,0,6011006572149044,-8.0342,1.0,1.0,0.0,1.0,5.0,6.0,2.7806,8.0,4.0,3.125
A,0,6011004057530384,1.3508,1.0,1.0,1.0,1.0,5.0,6.0,2.7744,8.0,5.0,2.9375
A,0,4242424298089227,-6.5667,1.0,1.0,0.0,1.0,1.0,4.0,2.2806,6.0,6.0,4.3125
A,0,4532015092579177,-7.0509,1.0,1.0,0.0,1.0,2.0,4.0,2.9056,8.0,3.0,4.1875
A,0,6011001219606041,-7.4893,1.0,1.0,0.0,1.0,5.0,6.0,2.2516,6.0,5.0,2.375
A,0,4242421511115669,-7.0916,1.0,1.0,0.0,1.0,1.0,4.0,2.43,6.0,5.0,3.375
A,0,5105109993410284,-6.8327,1.0,1.0,0.0,1.0,3.0,5.0,2.8585,8.0,3.0,3.8125
A,0,4242421112246863,-7.6213,1.0,1.0,0.0,1.0,1.0,4.0,2.3522,6.0,5.0,3.25
A,0,6011004574237745,0.4861,1.0,1.0,1.0,1.0,5.0,6.0,2.8585,8.0,3.0,3.5
A,0,6011004688594219,-7.1168,1.0,1.0,0.0,1.0,5.0,6.0,2.9056,8.0,3.0,4.0
A,0,4242420594927122,-6.8901,1.0,1.0,0.0,1.0,1.0,4.0,2.4056,7.0,6.0,3.6875
A,0,4111112603696262,3.1465,1.0,1.0,1.0,1.0,0.0,4.0,2.4772,7.0,5.0,3.1875
A,0,6011007363849070,-7.3066,1.0,1.0,0.0,1.0,5.0,6.0,2.7744,8.0,5.0,3.4375
A,0,4532016561172111,-6.5439,1.0,1.0,0.0,1.0,2.0,4.0,2.6556,8.0,6.0,2.875
A,0,5555559693675229,-7.8353,1.0,1.0,0.0,1.0,4.0,5.0,2.2246,6.0,7.0,5.5
A,0,5105101614719684,-6.9576,1.0,1.0,0.0,1.0,3.0,5.0,2.7744,8.0,5.0,3.6875
A,0,5555555717841225,-7.5557,1.0,1.0,0.0,1.0,4.0,5.0,2.125,6.0,8.0,4.5
A,0,4532014281931558,-6.6996,1.0,1.0,0.0,1.0,2.0,4.0,2.9056,8.0,3.0,3.8125
A,0,5555557400604397,-7.7004,1.0,1.0,0.0,1.0,4.0,5.0,2.4835,7.0,6.0,4.375
A,0,4242426305701355,-7.3586,1.0,1.0,0.0,1.0,1.0,4.0,2.8585,8.0,3.0,3.3125
A,0,5555550730852340,-7.0732,1.0,1.0,0.0,1.0,4.0,5.0,2.3496,7.0,7.0,3.875
A,0,5555554211768511,-6.7645,1.0,1.0,0.0,1.0,4.0,5.0,2.2718,7.0,7.0,4.125
A,0,5555552783085424,2.3447,1.0,1.0,1.0,1.0,4.0,5.0,2.3968,7.0,7.0,4.5625
A,0,5555558530337227,-6.5025,1.0,1.0,0.0,1.0,4.0,5.0,2.2246,6.0,7.0,4.375
A,0,6011002997293705,-7.1632,1.0,1.0,0.0,1.0,5.0,6.0,2.8278,8.0,4.0,3.8125
A,0,4242423082899169,-7.9267,1.0,1.0,0.0,1.0,1.0,4.0,2.7806,8.0,4.0,4.5625
A,0,4242424575739114,-6.5427,1.0,1.0,0.0,1.0,1.0,4.0,2.6022,7.0,5.0,4.0
A,0,5105104520687260,-7.5761,1.0,1.0,0.0,1.0,3.0,5.0,2.8278,8.0,4.0,3.25
A,0,4532015728002007,-6.6,1.0,1.0,0.0,1.0,2.0,4.0,2.7272,8.0,5.0,2.875
A,0,4532017414427250,-7.4358,1.0,1.0,0.0,1.0,2.0,4.0,2.7028,7.0,4.0,3.1875
A,0,4111113756771330,-7.059,1.0,1.0,0.0,1.0,0.0,4.0,2.4363,7.0,6.0,3.1875
A,0,4242426159777804,-7.4073,1.0,1.0,0.0,1.0,1.0,4.0,2.9056,9.0,4.0,4.5
A,0,5555557842120912,-6.9092,1.0,1.0,0.0,1.0,4.0,5.0,2.6085,8.0,6.0,4.125
A,0,4242420964862941,-7.2229,1.0,1.0,0.0,1.0,1.0,4.0,2.5244,7.0,5.0,4.1875
A,0,5555555195668776,-8.5005,1.0,1.0,0.0,1.0,4.0,5.0,2.0778,6.0,8.0,5.625
A,0,4532018825543632,-6.5392,1.0,1.0,0.0,1.0,2.0,4.0,2.8585,8.0,3.0,3.8125
A,0,4242425310987793,-7.3799,1.0,1.0,0.0,1.0,1.0,4.0,3.0306,9.0,3.0,4.375
A,0,4111116371367381,-6.8167,1.0,1.0,0.0,1.0,0.0,4.0,2.2246,6.0,7.0,3.375
A,0,4242422635771417,-6.3871,1.0,1.0,0.0,1.0,1.0,4.0,2.5778,7.0,4.0,3.8125
A,0,4111112353127657,-7.3952,1.0,1.0,0.0,1.0,0.0,4.0,2.5306,7.0,6.0,3.125
A,0,5555550913743977,-8.5957,1.0,1.0,0.0,1.0,4.0,5.0,2.4835,7.0,6.0,5.0
A,0,4532016746194521,-7.4244,1.0,1.0,0.0,1.0,2.0,4.0,3.0306,9.0,3.0,3.75
A,0,4111117395959507,-6.4307,1.0,1.0,0.0,1.0,0.0,4.0,2.555,7.0,5.0,4.25
A,0,6011002824314076,-7.4928,1.0,1.0,0.0,1.0,5.0,6.0,2.8278,8.0,4.0,2.8125
A,0,4242429614586229,-7.2912,1.0,1.0,0.0,1.0,1.0,4.0,2.5244,7.0,5.0,4.375
A,0,6011008107674637,-7.4791,1.0,1.0,0.0,1.0,5.0,6.0,2.6085,7.0,4.0,3.5625
A,0,6011001293021608,1.9753,1.0,1.0,1.0,1.0,5.0,6.0,2.5244,7.0,5.0,2.5
A,0,4532012633031933,-6.8371,1.0,1.0,0.0,1.0,2.0,4.0,2.6556,8.0,6.0,3.0
A,0,4111119210537207,-7.0382,1.0,1.0,0.0,1.0,0.0,4.0,2.6556,8.0,6.0,2.8125
A,0,4242420580722545,-7.5111,1.0,1.0,0.0,1.0,1.0,4.0,2.3522,6.0,5.0,3.5
A,0,4242429097110376,-6.7348,1.0,1.0,0.0,1.0,1.0,4.0,2.9056,8.0,3.0,3.8125
A,0,4532010986881802,-6.9022,1.0,1.0,0.0,1.0,2.0,4.0,2.9528,9.0,4.0,4.0625
A,0,5555559534625330,-6.8637,1.0,1.0,0.0,1.0,4.0,5.0,2.2028,7.0,8.0,4.375
A,0,5105105751465686,-6.7272,1.0,1.0,0.0,1.0,3.0,5.0,2.555,7.0,5.0,4.0625
A,0,5105103721403833,-7.0327,1.0,1.0,0.0,1.0,3.0,5.0,2.7806,8.0,4.0,2.875
A,0,4111113260053597,-7.4504,1.0,1.0,0.0,1.0,0.0,4.0,2.8994,9.0,5.0,3.0625
A,0,6011008016652124,-6.9944,1.0,1.0,0.0,1.0,5.0,6.0,2.5778,7.0,4.0,2.6875
A,0,4242423473038567,-6.9738,1.0,1.0,0.0,1.0,1.0,4.0,2.7806,8.0,4.0,4.0
A,0,4532017954820244,-7.2486,1.0,1.0,0.0,1.0,2.0,4.0,2.9528,9.0,4.0,3.75
A,0,6011007867249672,-6.9969,1.0,1.0,0.0,1.0,5.0,6.0,2.8585,8.0,3.0,4.125
A,0,6011006596935359,-7.6645,1.0,1.0,0.0,1.0,5.0,6.0,2.5613,6.0,3.0,4.25
A,0,5555557974005003,-6.7814,1.0,1.0,0.0,1.0,4.0,5.0,2.1468,6.0,7.0,4.0625
A,0,4242428840365385,-7.1607,1.0,1.0,0.0,1.0,1.0,4.0,2.6556,7.0,4.0,4.25
A,0,6011006778238124,-7.8397,1.0,1.0,0.0,1.0,5.0,6.0,2.9056,8.0,3.0,3.5
A,0,6011003564805197,-7.8038,1.0,1.0,0.0,1.0,5.0,6.0,2.9528,9.0,4.0,3.5
A,0,4242429610431469,-6.3303,1.0,1.0,0.0,1.0,1.0,4.0,2.6022,7.0,5.0,3.8125
A,0,4242422015478010,-6.6711,1.0,1.0,0.0,1.0,1.0,4.0,2.5778,7.0,4.0,2.875
A,0,5555553164485286,-7.6968,1.0,1.0,0.0,1.0,4.0,5.0,2.3968,7.0,7.0,4.8125
A,0,5555550353523154,-0.9634,1.0,1.0,1.0,1.0,4.0,5.0,1.9197,6.0,9.0,3.8125
A,0,4111113788100439,-7.176,1.0,1.0,0.0,1.0,0.0,4.0,2.5306,7.0,6.0,3.25
A,0,5105106771228872,-6.5695,1.0,1.0,0.0,1.0,3.0,5.0,2.7335,7.0,3.0,3.875
A,0,5555556799746166,-8.0601,1.0,1.0,0.0,1.0,4.0,5.0,2.2806,6.0,6.0,5.6875
A,0,5555551915550106,-8.4903,1.0,1.0,0.0,1.0,4.0,5.0,1.7947,5.0,9.0,3.9375
A,0,5105103348729819,-7.0793,1.0,1.0,0.0,1.0,3.0,5.0,3.0778,9.0,3.0,4.125
A,0,4242425094413645,-6.7837,1.0,1.0,0.0,1.0,1.0,4.0,2.6085,8.0,6.0,3.6875
A,0,6011003583234027,-7.6699,1.0,1.0,0.0,1.0,5.0,6.0,2.9528,9.0,4.0,2.8125
A,0,6011004331445958,-7.7971,1.0,1.0,0.0,1.0,5.0,6.0,2.8585,8.0,3.0,3.375
A,0,5105106410766594,1.7065,1.0,1.0,1.0,1.0,3.0,5.0,2.6863,7.0,3.0,3.75
A,0,5555550723105153,2.6457,1.0,1.0,1.0,1.0,4.0,5.0,2.125,6.0,8.0,3.5625
A,0,4242424659052199,-6.4263,1.0,1.0,0.0,1.0,1.0,4.0,2.5778,7.0,4.0,4.25
A,0,4532014662640895,2.2275,1.0,1.0,1.0,1.0,2.0,4.0,3.0306,9.0,3.0,4.0625
A,0,5555557446554340,-8.2547,1.0,1.0,0.0,1.0,4.0,5.0,2.0,6.0,8.0,4.5
A,0,5555552823644779,-8.2173,1.0,1.0,0.0,1.0,4.0,5.0,2.6556,8.0,6.0,5.125
A,0,5555554109584854,-8.1039,1.0,1.0,0.0,1.0,4.0,5.0,2.0778,6.0,8.0,4.875
A,0,4111119359701552,-6.7338,1.0,1.0,0.0,1.0,0.0,4.0,2.6085,8.0,6.0,3.4375
A,0,4532011312823075,-7.1076,1.0,1.0,0.0,1.0,2.0,4.0,2.8585,8.0,3.0,2.9375
A,0,6011007018849568,-7.1791,1.0,1.0,0.0,1.0,5.0,6.0,2.7806,8.0,4.0,4.0
A,0,6011005583039750,-7.4512,1.0,1.0,0.0,1.0,5.0,6.0,2.7272,8.0,5.0,3.3125
A,0,5105104360841291,-7.8799,1.0,1.0,0.0,1.0,3.0,5.0,2.9528,9.0,4.0,3.125
A,0,5555557156570775,-8.725,1.0,1.0,0.0,1.0,4.0,5.0,1.7169,5.0,9.0,5.0
A,0,4111114840503066,-7.197,1.0,1.0,0.0,1.0,0.0,4.0,2.555,7.0,5.0,2.8125
A,0,4111115509875136,-6.4637,1.0,1.0,0.0,1.0,0.0,4.0,2.7335,9.0,6.0,3.625
A,0,6011000098999077,-6.5148,1.0,1.0,0.0,1.0,5.0,6.0,2.2806,6.0,6.0,4.125
A,0,6011000935030021,-9.2102,1.0,1.0,0.0,1.0,5.0,6.0,2.3496,7.0,7.0,1.9375
A,0,5105100709140941,-7.0785,1.0,1.0,0.0,1.0,3.0,5.0,2.3994,6.0,5.0,2.9375
A,0,4242420952484593,-7.2229,1.0,1.0,0.0,1.0,1.0,4.0,2.5244,7.0,5.0,4.1875
A,0,4242422207285063,-6.9019,1.0,1.0,0.0,1.0,1.0,4.0,2.6085,8.0,6.0,3.3125
A,0,4532015453260302,-7.3475,1.0,1.0,0.0,1.0,2.0,4.0,2.6863,7.0,3.0,2.8125
A,0,5105101523011060,-8.7726,1.0,1.0,0.0,1.0,3.0,5.0,2.2516,6.0,5.0,1.9375
A,0,4242426324951838,-6.9781,1.0,1.0,0.0,1.0,1.0,4.0,2.75,8.0,4.0,4.1875
A,0,4532016877303798,-8.0011,1.0,1.0,0.0,1.0,2.0,4.0,3.1556,10.0,3.0,4.5625
A,0,5105109107464188,-7.3498,1.0,1.0,0.0,1.0,3.0,5.0,2.8278,8.0,4.0,3.75
A,0,5555553378803287,-8.3133,1.0,1.0,0.0,1.0,4.0,5.0,2.3113,6.0,6.0,4.9375
A,0,4242428892225692,3.175,1.0,1.0,1.0,1.0,1.0,4.0,2.2246,6.0,7.0,4.4375
A,0,5105102278624656,-7.3651,1.0,1.0,0.0,1.0,3.0,5.0,2.8585,8.0,3.0,3.75
A,0,5555558771753386,1.5806,1.0,1.0,1.0,1.0,4.0,5.0,2.2246,6.0,7.0,5.3125
A,0,4111117564282633,-6.8585,1.0,1.0,0.0,1.0,0.0,4.0,2.7744,8.0,5.0,3.4375
A,0,4242422403891845,2.613,1.0,1.0,1.0,1.0,1.0,4.0,2.6494,8.0,5.0,3.875
A,0,5555559117059499,-9.0375,1.0,1.0,0.0,1.0,4.0,5.0,2.1468,6.0,7.0,5.25
A,0,4532014828965413,-6.9052,1.0,1.0,0.0,1.0,2.0,4.0,3.0778,9.0,3.0,4.0625
A,0,5105108853477369,-7.7513,1.0,1.0,0.0,1.0,3.0,5.0,3.0778,9.0,3.0,4.5
A,0,5105103080239560,-7.1704,1.0,1.0,0.0,1.0,3.0,5.0,2.7272,8.0,5.0,3.0
A,0,4242423411142169,-7.459,1.0,1.0,0.0,1.0,1.0,4.0,2.2744,6.0,5.0,3.125
A,0,4242429509484254,-6.5667,1.0,1.0,0.0,1.0,1.0,4.0,2.2806,6.0,6.0,4.25
A,0,4532019350377470,-7.1719,1.0,1.0,0.0,1.0,2.0,4.0,2.8585,8.0,3.0,3.75
A,0,5105103325746312,-7.7382,1.0,1.0,0.0,1.0,3.0,5.0,2.8585,8.0,3.0,3.0
A,0,4532010144160321,-6.9936,1.0,1.0,0.0,1.0,2.0,4.0,2.6556,7.0,4.0,2.3125
A,0,5105109380769717,-6.9189,1.0,1.0,0.0,1.0,3.0,5.0,2.8585,8.0,3.0,4.3125
A,0,4242427832395149,-6.8214,1.0,1.0,0.0,1.0,1.0,4.0,2.75,8.0,4.0,4.3125
A,0,4111112846033616,-6.9784,1.0,1.0,0.0,1.0,0.0,4.0,2.4835,7.0,6.0,3.0
A,0,5105106788669983,-8.6073,1.0,1.0,0.0,1.0,3.0,5.0,2.9056,8.0,3.0,5.125
A,0,4532019187983026,-7.1665,1.0,1.0,0.0,1.0,2.0,4.0,3.25,10.0,2.0,4.25
A,0,6011004639430445,-7.8727,1.0,1.0,0.0,1.0,5.0,6.0,2.625,7.0,4.0,3.125
A,0,6011006636272106,-7.4524,1.0,1.0,0.0,1.0,5.0,6.0,2.3522,6.0,5.0,2.9375
A,0,5555558462740978,-8.0931,1.0,1.0,0.0,1.0,4.0,5.0,2.6556,8.0,6.0,5.3125
A,0,4242429946154716,-6.7972,1.0,1.0,0.0,1.0,1.0,4.0,2.6022,7.0,5.0,4.375
A,0,5105102280268669,-6.6294,1.0,1.0,0.0,1.0,3.0,5.0,2.7335,7.0,3.0,3.8125
A,0,4242428492688021,-6.9201,1.0,1.0,0.0,1.0,1.0,4.0,2.4772,7.0,5.0,4.125
A,0,4242420569297327,-6.876,1.0,1.0,0.0,1.0,1.0,4.0,2.7272,8.0,5.0,4.25
A,0,6011003741316402,-7.2769,1.0,1.0,0.0,1.0,5.0,6.0,2.625,7.0,4.0,2.4375
A,0,6011005041906942,-7.1593,1.0,1.0,0.0,1.0,5.0,6.0,2.6022,7.0,5.0,3.0
A,0,4242423728850177,2.4352,1.0,1.0,1.0,1.0,1.0,4.0,2.7806,8.0,4.0,4.125
A,0,5105102487899615,-7.557,1.0,1.0,0.0,1.0,3.0,5.0,3.0306,9.0,3.0,4.4375
A,0,4111110067091766,-7.485,1.0,1.0,0.0,1.0,0.0,4.0,2.3113,6.0,6.0,3.1875
A,0,4242428681442958,-7.7655,1.0,1.0,0.0,1.0,1.0,4.0,2.4772,7.0,5.0,4.5625
A,0,4532016550335282,-7.6056,1.0,1.0,0.0,1.0,2.0,4.0,2.7806,8.0,4.0,3.375
A,0,6011004921984434,-7.8068,1.0,1.0,0.0,1.0,5.0,6.0,2.7806,8.0,4.0,3.5
A,0,6011007087626776,-6.5238,1.0,1.0,0.0,1.0,5.0,6.0,2.375,6.0,4.0,4.0
A,0,6011005256727327,-7.6118,1.0,1.0,0.0,1.0,5.0,6.0,2.7335,7.0,3.0,3.375
A,0,4242425038092686,-6.945,1.0,1.0,0.0,1.0,1.0,4.0,2.8278,8.0,4.0,4.0625
A,0,4532018400724268,-7.3673,1.0,1.0,0.0,1.0,2.0,4.0,2.9835,9.0,3.0,3.5
A,0,4111119929200943,2.9421,1.0,1.0,1.0,1.0,0.0,4.0,2.3994,6.0,5.0,3.5
A,0,4111117069512844,-6.5376,1.0,1.0,0.0,1.0,0.0,4.0,2.7335,9.0,6.0,3.4375
A,0,5105102800259372,-7.8829,1.0,1.0,0.0,1.0,3.0,5.0,2.7806,8.0,4.0,3.125
A,0,5105102446436744,-7.1553,1.0,1.0,0.0,1.0,3.0,5.0,2.7744,8.0,5.0,3.5
A,0,5555553881819534,-7.9463,1.0,1.0,0.0,1.0,4.0,5.0,2.2246,6.0,7.0,5.0
A,0,4242429323190837,-6.9673,1.0,1.0,0.0,1.0,1.0,4.0,2.7806,8.0,4.0,3.9375
A,0,5555550303937986,-7.9322,1.0,1.0,0.0,1.0,4.0,5.0,2.4835,7.0,6.0,4.875
A,0,5555557599198868,-8.1704,1.0,1.0,0.0,1.0,4.0,5.0,2.1774,6.0,7.0,6.25
A,0,4242422430046659,-7.3819,1.0,1.0,0.0,1.0,1.0,4.0,2.5244,7.0,5.0,3.5625
A,0,4242425792709319,-7.3207,1.0,1.0,0.0,1.0,1.0,4.0,2.7806,8.0,4.0,4.375
A,0,4242423587777188,-8.596,1.0,1.0,0.0,1.0,1.0,4.0,2.6085,7.0,4.0,4.9375
A,0,5555554703035979,-7.5323,1.0,1.0,0.0,1.0,4.0,5.0,2.2718,6.0,7.0,4.8125
A,0,4242420837480359,2.5045,1.0,1.0,1.0,1.0,1.0,4.0,2.8278,8.0,4.0,4.0625
A,0,5105101392448936,-6.9931,1.0,1.0,0.0,1.0,3.0,5.0,3.0778,9.0,3.0,3.8125
A,0,5555557560259820,-7.889,1.0,1.0,0.0,1.0,4.0,5.0,2.25,7.0,8.0,4.625
A,0,4242424916988376,-8.4518,1.0,1.0,0.0,1.0,1.0,4.0,2.8278,8.0,4.0,4.9375
A,0,5105103303579649,-6.8327,1.0,1.0,0.0,1.0,3.0,5.0,2.8585,8.0,3.0,3.8125
A,0,6011009919861586,-7.358,1.0,1.0,0.0,1.0,5.0,6.0,2.4835,6.0,4.0,4.375
A,0,4532017727811648,-7.0357,1.0,1.0,0.0,1.0,2.0,4.0,3.0306,9.0,3.0,4.125
A,0,4532019704610180,-7.9485,1.0,1.0,0.0,1.0,2.0,4.0,3.0778,10.0,4.0,3.1875
A,0,4532013890955283,-7.0509,1.0,1.0,0.0,1.0,2.0,4.0,2.9056,8.0,3.0,4.1875
A,0,6011009331313175,-7.2178,1.0,1.0,0.0,1.0,5.0,6.0,2.4772,7.0,5.0,2.75
A,0,4242429561968517,-7.9647,1.0,1.0,0.0,1.0,1.0,4.0,2.9056,8.0,3.0,4.6875
A,0,5105109886677863,-9.2102,1.0,1.0,0.0,1.0,3.0,5.0,2.9056,8.0,3.0,5.0
A,0,4242420810585899,-6.8674,1.0,1.0,0.0,1.0,1.0,4.0,2.7335,7.0,3.0,4.4375
A,0,5105107233560794,-7.6175,1.0,1.0,0.0,1.0,3.0,5.0,3.0306,9.0,3.0,3.625
A,0,4532018715750479,-7.0247,1.0,1.0,0.0,1.0,2.0,4.0,3.0306,9.0,3.0,4.25
A,0,4532012602479323,-7.4749,1.0,1.0,0.0,1.0,2.0,4.0,2.9528,9.0,4.0,3.3125
A,0,6011009093387886,-7.3917,1.0,1.0,0.0,1.0,5.0,6.0,2.7028,7.0,4.0,4.3125
A,0,4532018687558229,-7.8247,1.0,1.0,0.0,1.0,2.0,4.0,3.1085,10.0,3.0,4.6875
A,0,4242421560365875,-6.763,1.0,1.0,0.0,1.0,1.0,4.0,2.9835,9.0,3.0,4.0
A,0,4111113406980979,-6.7887,1.0,1.0,0.0,1.0,0.0,4.0,2.7272,8.0,5.0,4.0
A,0,6011004503245898,-8.1445,1.0,1.0,0.0,1.0,5.0,6.0,3.0,9.0,4.0,3.5
A,0,4532018278335418,-6.8646,1.0,1.0,0.0,1.0,2.0,4.0,2.9056,8.0,3.0,4.0
A,0,5105104437346882,-6.9931,1.0,1.0,0.0,1.0,3.0,5.0,3.0778,9.0,3.0,3.8125
A,0,4111112695245012,-7.318,1.0,1.0,0.0,1.0,0.0,4.0,2.4835,7.0,6.0,2.8125
A,0,4111110944375524,-6.9435,1.0,1.0,0.0,1.0,0.0,4.0,2.6494,8.0,5.0,3.25
A,0,4111114251919928,-6.6026,1.0,1.0,0.0,1.0,0.0,4.0,2.2246,6.0,7.0,3.6875
A,0,5555551450975044,-7.015,1.0,1.0,0.0,1.0,4.0,5.0,2.0778,6.0,8.0,4.3125
A,0,6011003888511372,-7.9245,1.0,1.0,0.0,1.0,5.0,6.0,2.7806,8.0,4.0,3.375
A,0,4111119602949542,-6.6835,1.0,1.0,0.0,1.0,0.0,4.0,2.555,7.0,5.0,3.6875
A,0,4532012604627168,-7.4099,1.0,1.0,0.0,1.0,2.0,4.0,3.0306,9.0,3.0,3.5625
A,0,4532010073104092,-6.5197,1.0,1.0,0.0,1.0,2.0,4.0,2.7744,8.0,5.0,2.5625
A,0,4532019892077829,-8.101,1.0,1.0,0.0,1.0,2.0,4.0,3.0306,9.0,3.0,4.75
A,0,5555557510747371,-7.4238,1.0,1.0,0.0,1.0,4.0,5.0,2.1468,6.0,7.0,4.5
A,0,5555550974263471,-7.6318,1.0,1.0,0.0,1.0,4.0,5.0,2.7806,9.0,6.0,4.5625
A,0,5555554740078283,-7.8861,1.0,1.0,0.0,1.0,4.0,5.0,2.5306,7.0,6.0,4.5625
A,0,4242421231756891,-6.8311,1.0,1.0,0.0,1.0,1.0,4.0,2.9056,9.0,4.0,3.8125
A,0,4242429000679259,2.3879,1.0,1.0,1.0,1.0,1.0,4.0,2.6085,7.0,4.0,4.0625
A,0,5105108282578736,-7.0793,1.0,1.0,0.0,1.0,3.0,5.0,2.9056,8.0,3.0,4.25
A,0,6011003449282117,-7.9833,1.0,1.0,0.0,1.0,5.0,6.0,2.9528,9.0,4.0,3.0625
A,0,4242426592722603,-6.7837,1.0,1.0,0.0,1.0,1.0,4.0,2.6085,8.0,6.0,3.75
A,0,5105101983855586,-7.0671,1.0,1.0,0.0,1.0,3.0,5.0,2.555,7.0,5.0,4.375
A,0,6011004101725886,-7.8136,1.0,1.0,0.0,1.0,5.0,6.0,2.75,8.0,4.0,3.125
A,0,4242427105984402,-6.8111,1.0,1.0,0.0,1.0,1.0,4.0,2.6494,8.0,5.0,3.625
A,0,4532012434754965,-6.8617,1.0,1.0,0.0,1.0,2.0,4.0,2.9528,9.0,4.0,4.0
A,0,5555553838969156,-8.0447,1.0,1.0,0.0,1.0,4.0,5.0,2.2718,6.0,7.0,5.5
A,0,5555558933693343,-8.1334,1.0,1.0,0.0,1.0,4.0,5.0,2.18,6.0,6.0,5.0625
A,0,4242427571259358,-7.3207,1.0,1.0,0.0,1.0,1.0,4.0,2.7806,8.0,4.0,4.375
A,0,5555559928048449,0.6338,1.0,1.0,1.0,1.0,4.0,5.0,2.3113,6.0,6.0,5.4375
A,0,5555553812169859,-7.933,1.0,1.0,0.0,1.0,4.0,5.0,2.3968,7.0,7.0,5.125
A,0,4242426783320887,2.0477,1.0,1.0,1.0,1.0,1.0,4.0,2.6556,7.0,4.0,4.375
A,0,5105109677875308,-7.5416,1.0,1.0,0.0,1.0,3.0,5.0,2.8585,8.0,3.0,4.5
A,0,5555555870558593,-9.1402,1.0,1.0,0.0,1.0,4.0,5.0,1.7988,6.0,10.0,5.3125
A,0,4532013717023506,-7.8043,1.0,1.0,0.0,1.0,2.0,4.0,2.9056,8.0,3.0,3.0625
A,0,4532018622385203,-7.5363,1.0,1.0,0.0,1.0,2.0,4.0,2.8278,8.0,4.0,3.375
A,0,6011004657795233,-7.5649,1.0,1.0,0.0,1.0,5.0,6.0,3.0778,9.0,3.0,3.6875
A,0,4532010914896719,-7.1665,1.0,1.0,0.0,1.0,2.0,4.0,3.1556,10.0,3.0,4.3125
A,0,4242427359295919,-7.228,1.0,1.0,0.0,1.0,1.0,4.0,2.5778,7.0,4.0,4.8125
A,0,4111116988167730,-6.7409,1.0,1.0,0.0,1.0,0.0,4.0,2.6556,8.0,6.0,4.0
A,0,6011003910365825,-7.9648,1.0,1.0,0.0,1.0,5.0,6.0,2.8278,8.0,4.0,3.125
A,0,4242420764965332,-6.7853,1.0,1.0,0.0,1.0,1.0,4.0,2.75,8.0,4.0,3.9375
A,0,4532017326602546,-7.5686,1.0,1.0,0.0,1.0,2.0,4.0,2.9056,8.0,3.0,3.5
A,0,4242425593009760,-6.4735,1.0,1.0,0.0,1.0,1.0,4.0,2.8585,8.0,3.0,3.875
A,0,5105103682726523,-7.7617,1.0,1.0,0.0,1.0,3.0,5.0,2.9056,8.0,3.0,3.5
A,0,5105104156709938,-6.8375,1.0,1.0,0.0,1.0,3.0,5.0,2.9835,9.0,3.0,4.0
A,0,6011002261957478,-7.6955,1.0,1.0,0.0,1.0,5.0,6.0,3.0306,9.0,3.0,3.6875
A,0,5555559931179539,-9.1114,1.0,1.0,0.0,1.0,4.0,5.0,2.0218,5.0,7.0,5.375
A,0,5105107453606193,-7.6014,1.0,1.0,0.0,1.0,3.0,5.0,2.8585,8.0,3.0,3.5
A,0,6011008980652828,-7.2178,1.0,1.0,0.0,1.0,5.0,6.0,2.625,7.0,4.0,4.0
A,0,5555557171535110,-8.6609,1.0,1.0,0.0,1.0,4.0,5.0,1.875,5.0,8.0,3.8125
A,0,5105108889562879,-8.4796,1.0,1.0,0.0,1.0,3.0,5.0,2.8278,8.0,4.0,5.125
A,0,5555551224794083,-6.9093,1.0,1.0,0.0,1.0,4.0,5.0,2.7806,9.0,6.0,4.375
A,0,5105104086923982,-7.0323,1.0,1.0,0.0,1.0,3.0,5.0,3.0778,9.0,3.0,3.9375
A,0,4242427879864592,-8.116,1.0,1.0,0.0,1.0,1.0,4.0,2.625,7.0,4.0,5.1875
A,0,6011000208927003,-7.037,1.0,1.0,0.0,1.0,5.0,6.0,2.5218,8.0,7.0,2.4375
A,0,4532013459134344,1.1017,1.0,1.0,1.0,1.0,2.0,4.0,2.5244,7.0,5.0,3.4375
A,0,6011004618098589,-7.3408,1.0,1.0,0.0,1.0,5.0,6.0,2.6556,7.0,4.0,4.125
A,0,6011000315858636,-7.0694,1.0,1.0,0.0,1.0,5.0,6.0,2.5306,6.0,4.0,3.3125
A,0,4111113304434185,1.4632,1.0,1.0,1.0,1.0,0.0,4.0,2.2335,6.0,6.0,2.75
A,0,4532012958364121,1.3751,1.0,1.0,1.0,1.0,2.0,4.0,3.0306,9.0,3.0,3.5
A,0,6011000773203016,-7.133,1.0,1.0,0.0,1.0,5.0,6.0,2.3585,6.0,6.0,2.3125
A,0,5105109156539755,-7.041,1.0,1.0,0.0,1.0,3.0,5.0,2.4835,7.0,6.0,4.1875
A,0,4532019498299299,-7.9042,1.0,1.0,0.0,1.0,2.0,4.0,2.6085,8.0,6.0,5.3125
A,0,4532019076418306,-7.5662,1.0,1.0,0.0,1.0,2.0,4.0,3.2028,10.0,3.0,3.6875
A,0,5555559790684862,-8.6963,1.0,1.0,0.0,1.0,4.0,5.0,2.6556,8.0,6.0,5.5625
A,0,5555555940375637,-8.5439,1.0,1.0,0.0,1.0,4.0,5.0,2.25,7.0,8.0,4.9375
A,0,6011002585124025,-7.1701,1.0,1.0,0.0,1.0,5.0,6.0,2.6085,7.0,4.0,2.625
A,0,6011006144420711,-7.5735,1.0,1.0,0.0,1.0,5.0,6.0,2.3522,6.0,5.0,2.375
A,0,4242429238984637,-8.0677,1.0,1.0,0.0,1.0,1.0,4.0,2.625,7.0,4.0,4.8125
A,0,5555554429823918,-8.4571,1.0,1.0,0.0,1.0,4.0,5.0,2.5306,7.0,6.0,5.0
A,0,4111116846859317,-6.7409,1.0,1.0,0.0,1.0,0.0,4.0,2.6556,8.0,6.0,4.125
A,0,4111118762029234,-7.0933,1.0,1.0,0.0,1.0,0.0,4.0,2.8522,9.0,5.0,3.25
A,0,4111114555085513,-7.3331,1.0,1.0,0.0,1.0,0.0,4.0,2.18,6.0,6.0,3.125
A,0,4242420360909189,-6.5696,1.0,1.0,0.0,1.0,1.0,4.0,2.8113,8.0,3.0,3.9375
A,0,6011006784681316,-7.1165,1.0,1.0,0.0,1.0,5.0,6.0,2.5778,7.0,4.0,3.625
A,0,4242421404350872,-6.9833,1.0,1.0,0.0,1.0,1.0,4.0,2.6494,8.0,5.0,3.25
A,0,4532018193984188,-7.8632,1.0,1.0,0.0,1.0,2.0,4.0,2.8278,8.0,4.0,4.625
A,0,4532018596356681,-7.4886,1.0,1.0,0.0,1.0,2.0,4.0,3.0306,9.0,3.0,4.5
A,0,5105109001412458,-6.8977,1.0,1.0,0.0,1.0,3.0,5.0,2.5778,7.0,4.0,2.875
A,0,4532017461290553,-7.6291,1.0,1.0,0.0,1.0,2.0,4.0,3.0778,9.0,3.0,3.5625
A,0,4532015450729556,-6.7401,1.0,1.0,0.0,1.0,2.0,4.0,2.8994,9.0,5.0,3.9375
A,0,4532015707601657,-7.1719,1.0,1.0,0.0,1.0,2.0,4.0,2.8585,8.0,3.0,3.6875
A,0,4111118921502349,-6.8869,1.0,1.0,0.0,1.0,0.0,4.0,2.6556,8.0,6.0,3.25
A,0,4532014954608915,2.2275,1.0,1.0,1.0,1.0,2.0,4.0,3.0306,9.0,3.0,4.125
A,0,4242424497406583,-6.4683,1.0,1.0,0.0,1.0,1.0,4.0,2.7335,9.0,6.0,4.25
A,0,5105104114966438,1.5866,1.0,1.0,1.0,1.0,3.0,5.0,2.8278,8.0,4.0,3.625
A,0,4532018082030878,-7.0697,1.0,1.0,0.0,1.0,2.0,4.0,2.75,8.0,4.0,3.6875
A,0,6011000799545232,-8.2622,1.0,1.0,0.0,1.0,5.0,6.0,3.0,9.0,4.0,3.375
A,0,5105109731449796,-7.4264,1.0,1.0,0.0,1.0,3.0,5.0,2.9056,8.0,3.0,4.4375
A,0,6011000239672390,-7.2261,1.0,1.0,0.0,1.0,5.0,6.0,2.6494,7.0,5.0,3.0625
A,0,4532013716418459,-7.1305,1.0,1.0,0.0,1.0,2.0,4.0,3.1556,10.0,3.0,3.9375
A,0,5105101883280861,-7.1111,1.0,1.0,0.0,1.0,3.0,5.0,2.5778,7.0,4.0,3.5625
A,0,5555551182461015,-7.185,1.0,1.0,0.0,1.0,4.0,5.0,2.2718,7.0,7.0,3.6875
A,0,4242424180420608,2.0618,1.0,1.0,1.0,1.0,1.0,4.0,2.3522,6.0,5.0,3.1875
A,0,6011009209643061,-7.2367,1.0,1.0,0.0,1.0,5.0,6.0,2.555,7.0,5.0,3.0
A,0,5555557824547647,0.7867,1.0,1.0,1.0,1.0,4.0,5.0,2.1774,6.0,7.0,5.25
A,0,4111110932535315,-7.2231,1.0,1.0,0.0,1.0,0.0,4.0,2.4363,7.0,6.0,2.8125
A,0,4532011304075015,-6.97,1.0,1.0,0.0,1.0,2.0,4.0,2.6556,7.0,4.0,2.5625
A,0,5555559081362346,-7.2612,1.0,1.0,0.0,1.0,4.0,5.0,2.7806,9.0,6.0,4.5
A,0,5105100326296440,1.1007,1.0,1.0,1.0,1.0,3.0,5.0,2.875,8.0,4.0,3.0
A,0,5555559663806864,-8.3413,1.0,1.0,0.0,1.0,4.0,5.0,2.4056,7.0,6.0,5.375
A,0,4111116861649342,-6.7321,1.0,1.0,0.0,1.0,0.0,4.0,2.4363,7.0,6.0,3.625
A,0,4242420328602423,-7.2161,1.0,1.0,0.0,1.0,1.0,4.0,2.2806,6.0,6.0,3.0
A,0,4532010810805830,-6.9184,1.0,1.0,0.0,1.0,2.0,4.0,2.6022,7.0,5.0,3.0
A,0,5105105259834787,-7.7313,1.0,1.0,0.0,1.0,3.0,5.0,3.0,9.0,4.0,4.375
A,0,4111119482084454,-6.7866,1.0,1.0,0.0,1.0,0.0,4.0,2.4238,7.0,5.0,3.5625
A,0,4111114562849269,-6.4849,1.0,1.0,0.0,1.0,0.0,4.0,2.6022,7.0,5.0,4.0
A,0,5555550563079480,-7.5383,1.0,1.0,0.0,1.0,4.0,5.0,2.4746,8.0,7.0,4.5
A,0,5555552702277703,-6.7808,1.0,1.0,0.0,1.0,4.0,5.0,2.1085,5.0,6.0,4.1875
A,0,4111116390598980,-6.7887,1.0,1.0,0.0,1.0,0.0,4.0,2.7272,8.0,5.0,4.125
A,0,4242424469923562,-6.5941,1.0,1.0,0.0,1.0,1.0,4.0,2.2988,6.0,5.0,4.25
A,0,4532014318695470,-6.912,1.0,1.0,0.0,1.0,2.0,4.0,3.2028,10.0,3.0,3.875
A,0,5105103285641505,-7.2563,1.0,1.0,0.0,1.0,3.0,5.0,2.68,8.0,5.0,3.1875
A,0,4532017462018911,-8.2527,1.0,1.0,0.0,1.0,2.0,4.0,3.125,10.0,4.0,3.375
A,0,4242420530658454,-6.7842,1.0,1.0,0.0,1.0,1.0,4.0,2.555,7.0,5.0,3.625
A,0,6011002658485523,-7.8397,1.0,1.0,0.0,1.0,5.0,6.0,2.9056,8.0,3.0,3.5
A,0,6011006857536095,-7.1726,1.0,1.0,0.0,1.0,5.0,6.0,2.7806,8.0,4.0,3.875
A,0,6011001867714093,-7.704,1.0,1.0,0.0,1.0,5.0,6.0,2.75,8.0,4.0,3.375
A,0,5105107509656378,-6.999,1.0,1.0,0.0,1.0,3.0,5.0,2.8278,8.0,4.0,4.25
A,0,5555557021173204,-7.318,1.0,1.0,0.0,1.0,4.0,5.0,2.5306,7.0,6.0,3.5625
A,0,5105100284726309,-8.3231,1.0,1.0,0.0,1.0,3.0,5.0,3.125,10.0,4.0,3.3125
A,0,6011005862954234,-8.2455,1.0,1.0,0.0,1.0,5.0,6.0,3.0778,9.0,3.0,3.5
A,0,6011000145276703,-6.9515,1.0,1.0,0.0,1.0,5.0,6.0,2.7272,8.0,5.0,2.6875
A,0,5105106516185004,1.6816,1.0,1.0,1.0,1.0,3.0,5.0,2.375,6.0,4.0,3.0
A,0,4242429684775321,-7.2831,1.0,1.0,0.0,1.0,1.0,4.0,2.875,9.0,4.0,4.375
A,0,5105100890016190,1.6975,1.0,1.0,1.0,1.0,3.0,5.0,2.2806,6.0,6.0,2.875
A,0,4532011950222666,-7.5363,1.0,1.0,0.0,1.0,2.0,4.0,2.8278,8.0,4.0,3.375
A,0,4532017485596169,-8.0011,1.0,1.0,0.0,1.0,2.0,4.0,3.2028,10.0,3.0,4.6875
A,0,4242421121819585,-6.7757,1.0,1.0,0.0,1.0,1.0,4.0,2.4528,6.0,4.0,3.6875
A,0,6011001690192714,-7.4991,1.0,1.0,0.0,1.0,5.0,6.0,2.5244,7.0,5.0,3.0
A,0,4242429706034543,-6.8565,1.0,1.0,0.0,1.0,1.0,4.0,2.7272,8.0,5.0,3.6875
A,0,4111117443512439,3.2236,1.0,1.0,1.0,1.0,0.0,4.0,2.4056,7.0,6.0,3.1875
A,0,5105102478793073,-7.0637,1.0,1.0,0.0,1.0,3.0,5.0,3.0306,9.0,3.0,3.875
A,0,6011000362299349,-7.7009,1.0,1.0,0.0,1.0,5.0,6.0,2.7028,7.0,4.0,3.4375
A,0,5105105618675259,-6.9819,1.0,1.0,0.0,1.0,3.0,5.0,2.7272,8.0,5.0,4.125
A,0,4111119311143041,-8.2111,1.0,1.0,0.0,1.0,0.0,4.0,1.7947,5.0,9.0,2.25
A,0,4532012910139888,-6.8646,1.0,1.0,0.0,1.0,2.0,4.0,2.9056,8.0,3.0,4.0
A,0,4242427528794409,-7.9225,1.0,1.0,0.0,1.0,1.0,4.0,2.5244,7.0,5.0,4.5625
A,0,5105108912290427,-7.6014,1.0,1.0,0.0,1.0,3.0,5.0,2.8585,8.0,3.0,3.5
A,0,6011003414614857,0.3837,1.0,1.0,1.0,1.0,5.0,6.0,2.7806,8.0,4.0,3.1875
A,0,5105103904116877,-7.4162,1.0,1.0,0.0,1.0,3.0,5.0,2.9528,9.0,4.0,3.625
A,0,4242421181305920,-7.3557,1.0,1.0,0.0,1.0,1.0,4.0,2.7806,8.0,4.0,3.0
A,0,6011006846981025,-7.556,1.0,1.0,0.0,1.0,5.0,6.0,2.7806,8.0,4.0,3.5625
A,0,5105106622126812,-7.0862,1.0,1.0,0.0,1.0,3.0,5.0,2.4528,6.0,4.0,3.0
A,0,5105101883870056,1.6288,1.0,1.0,1.0,1.0,3.0,5.0,2.6085,7.0,4.0,3.625
A,0,5105104597837143,-7.0322,1.0,1.0,0.0,1.0,3.0,5.0,2.9056,8.0,3.0,3.9375
A,0,4111111496340859,-6.6831,1.0,1.0,0.0,1.0,0.0,4.0,2.6085,8.0,6.0,3.625
A,0,6011008523607246,-7.7938,1.0,1.0,0.0,1.0,5.0,6.0,2.9528,9.0,4.0,3.1875
A,0,5105105905327887,-6.999,1.0,1.0,0.0,1.0,3.0,5.0,2.8278,8.0,4.0,4.125
A,0,4242427640071007,-7.2684,1.0,1.0,0.0,1.0,1.0,4.0,2.4056,6.0,4.0,3.125
A,0,5105108201903172,-7.0679,1.0,1.0,0.0,1.0,3.0,5.0,2.75,8.0,4.0,2.8125
A,0,4532012897895762,-7.953,1.0,1.0,0.0,1.0,2.0,4.0,3.2028,10.0,3.0,4.875
A,0,4532016989163401,-6.6397,1.0,1.0,0.0,1.0,2.0,4.0,3.0778,9.0,3.0,3.875
A,0,4532013431805346,-7.4085,1.0,1.0,0.0,1.0,2.0,4.0,2.8278,8.0,4.0,3.25
A,0,6011003267110578,-7.4936,1.0,1.0,0.0,1.0,5.0,6.0,2.75,8.0,4.0,3.0
A,0,5555559348374909,-8.2492,1.0,1.0,0.0,1.0,4.0,5.0,2.4835,7.0,6.0,5.375
A,0,4532017424393406,1.835,1.0,1.0,1.0,1.0,2.0,4.0,2.9528,9.0,4.0,3.5625
A,0,4111112287694020,-6.8237,1.0,1.0,0.0,1.0,0.0,4.0,2.7272,8.0,5.0,3.0625
A,0,4111118476311368,3.0331,1.0,1.0,1.0,1.0,0.0,4.0,2.2718,6.0,7.0,3.5
A,0,5105104721259633,-8.0659,1.0,1.0,0.0,1.0,3.0,5.0,3.0306,9.0,3.0,3.375
A,0,5555550758055923,-8.2475,1.0,1.0,0.0,1.0,4.0,5.0,2.0919,7.0,9.0,4.625
A,0,5555552201278823,-6.6431,1.0,1.0,0.0,1.0,4.0,5.0,2.4056,7.0,6.0,4.0625
A,0,4242425871160438,-6.8311,1.0,1.0,0.0,1.0,1.0,4.0,2.9528,9.0,4.0,3.8125
A,0,6011007209368228,-7.7374,1.0,1.0,0.0,1.0,5.0,6.0,2.8278,8.0,4.0,3.4375
A,0,5105100006596531,1.5302,1.0,1.0,1.0,1.0,3.0,5.0,2.3522,6.0,5.0,2.9375
A,0,4242425291923559,-6.5781,1.0,1.0,0.0,1.0,1.0,4.0,2.3829,6.0,5.0,4.25
A,0,6011003523233288,-7.3056,1.0,1.0,0.0,1.0,5.0,6.0,2.6556,7.0,4.0,2.9375
A,0,4242428066361283,-7.0008,1.0,1.0,0.0,1.0,1.0,4.0,2.6556,7.0,4.0,3.8125
A,0,4242425004027049,-7.3694,1.0,1.0,0.0,1.0,1.0,4.0,2.2744,6.0,5.0,3.0625
A,0,5105108254509934,-7.0119,1.0,1.0,0.0,1.0,3.0,5.0,2.8278,8.0,4.0,3.8125
A,0,5555550140569725,-6.7057,1.0,1.0,0.0,1.0,4.0,5.0,2.375,8.0,8.0,4.3125
A,0,6011008441003254,-6.9412,1.0,1.0,0.0,1.0,5.0,6.0,2.68,8.0,5.0,2.4375
A,0,4532012913197123,-7.4779,1.0,1.0,0.0,1.0,2.0,4.0,2.7806,8.0,4.0,3.3125
A,0,6011006284580916,-7.556,1.0,1.0,0.0,1.0,5.0,6.0,2.7806,8.0,4.0,3.5625
A,0,4242426530432431,2.62,1.0,1.0,1.0,1.0,1.0,4.0,2.4772,7.0,5.0,3.0625
A,0,4242424910590320,-6.9775,1.0,1.0,0.0,1.0,1.0,4.0,2.5778,7.0,4.0,3.1875
A,0,5555555515735715,-8.3563,1.0,1.0,0.0,1.0,4.0,5.0,1.3716,4.0,11.0,4.625
A,0,4111112578658354,3.2547,1.0,1.0,1.0,1.0,0.0,4.0,2.7272,8.0,5.0,3.875
A,0,5105106782785274,-7.0793,1.0,1.0,0.0,1.0,3.0,5.0,2.9056,8.0,3.0,4.25
A,0,4532019365729814,-7.1665,1.0,1.0,0.0,1.0,2.0,4.0,3.25,10.0,2.0,4.3125
A,0,4111113956788121,-7.2108,1.0,1.0,0.0,1.0,0.0,4.0,2.6468,9.0,7.0,3.6875
A,0,4111116670604916,-6.9557,1.0,1.0,0.0,1.0,0.0,4.0,2.2806,6.0,6.0,3.375
A,0,6011007503880526,-7.2966,1.0,1.0,0.0,1.0,5.0,6.0,2.7744,8.0,5.0,3.25
A,0,4532011782644800,-7.7551,1.0,1.0,0.0,1.0,2.0,4.0,3.0306,9.0,3.0,3.4375
A,0,5555556111750486,-7.2321,1.0,1.0,0.0,1.0,4.0,5.0,2.3496,7.0,7.0,4.3125
A,0,4111115800152551,-7.3676,1.0,1.0,0.0,1.0,0.0,4.0,2.1468,6.0,7.0,2.5625
A,0,4242424348526014,-7.0568,1.0,1.0,0.0,1.0,1.0,4.0,2.5306,8.0,6.0,3.4375
A,0,6011002647555295,-7.5011,1.0,1.0,0.0,1.0,5.0,6.0,2.8278,8.0,4.0,3.625
A,0,4242425822095623,-6.7837,1.0,1.0,0.0,1.0,1.0,4.0,2.6085,8.0,6.0,3.75
A,0,6011002744303981,-7.9833,1.0,1.0,0.0,1.0,5.0,6.0,2.9528,9.0,4.0,3.0625
A,0,4242426689539305,-7.5941,1.0,1.0,0.0,1.0,1.0,4.0,2.9056,8.0,3.0,4.5
A,0,4242429503783808,-6.728,1.0,1.0,0.0,1.0,1.0,4.0,2.8585,8.0,3.0,4.3125
A,0,5105107364037420,1.1007,1.0,1.0,1.0,1.0,3.0,5.0,2.875,8.0,4.0,3.0
A,0,4532019808059414,-6.8581,1.0,1.0,0.0,1.0,2.0,4.0,2.9056,8.0,3.0,3.9375
A,0,4242427768339847,-8.7914,1.0,1.0,0.0,1.0,1.0,4.0,2.6556,7.0,4.0,5.0
A,0,6011005156224580,-7.2608,1.0,1.0,0.0,1.0,5.0,6.0,2.6556,7.0,4.0,2.875
A,0,5105104349943824,-7.1614,1.0,1.0,0.0,1.0,3.0,5.0,2.875,8.0,4.0,3.875
A,0,4111117446329219,-7.2386,1.0,1.0,0.0,1.0,0.0,4.0,2.4835,7.0,6.0,3.5
A,0,4532010878903672,-7.1775,1.0,1.0,0.0,1.0,2.0,4.0,3.2028,10.0,3.0,4.0625
A,0,4242420298443220,-7.2413,1.0,1.0,0.0,1.0,1.0,4.0,2.18,6.0,6.0,3.25
A,0,4111113214275988,-6.708,1.0,1.0,0.0,1.0,0.0,4.0,2.6556,8.0,6.0,3.625
A,0,5105108263726552,-7.3498,1.0,1.0,0.0,1.0,3.0,5.0,2.8278,8.0,4.0,3.625
A,0,6011005573254245,-7.9648,1.0,1.0,0.0,1.0,5.0,6.0,2.8278,8.0,4.0,3.125
A,0,5555555415854512,-8.1898,1.0,1.0,0.0,1.0,4.0,5.0,1.6738,5.0,10.0,4.375
A,0,4532015722218065,-7.4749,1.0,1.0,0.0,1.0,2.0,4.0,2.9528,9.0,4.0,3.3125
A,0,4242428530788535,-7.4072,1.0,1.0,0.0,1.0,1.0,4.0,2.6863,7.0,3.0,4.375
A,0,4532011779375785,-7.6783,1.0,1.0,0.0,1.0,2.0,4.0,2.9528,9.0,4.0,4.625
A,0,5555555869461976,-8.6604,1.0,1.0,0.0,1.0,4.0,5.0,2.3496,7.0,7.0,5.6875
A,0,4111119666881931,-6.2832,1.0,1.0,0.0,1.0,0.0,4.0,2.2246,6.0,7.0,4.125
A,0,5555553412946144,-6.6431,1.0,1.0,0.0,1.0,4.0,5.0,2.4056,7.0,6.0,4.25
A,0,4242420832194825,-6.8111,1.0,1.0,0.0,1.0,1.0,4.0,2.6494,8.0,5.0,3.75
A,0,4242421613236252,-7.2333,1.0,1.0,0.0,1.0,1.0,4.0,2.3585,6.0,6.0,3.0625
A,0,5105106238780460,-7.9932,1.0,1.0,0.0,1.0,3.0,5.0,3.0,9.0,4.0,3.5
A,0,4242429368738276,-8.1278,1.0,1.0,0.0,1.0,1.0,4.0,2.7028,7.0,4.0,4.8125
A,0,4242423659893116,-6.9938,1.0,1.0,0.0,1.0,1.0,4.0,2.9056,8.0,3.0,4.3125
A,0,6011005216375121,-6.9301,1.0,1.0,0.0,1.0,5.0,6.0,2.6022,7.0,5.0,2.5625
A,0,6011004139721163,-7.1285,1.0,1.0,0.0,1.0,5.0,6.0,2.7272,8.0,5.0,2.8125
A,0,4532017579442641,-7.2024,1.0,1.0,0.0,1.0,2.0,4.0,3.0,9.0,4.0,4.0
A,0,4532016416153532,-7.1758,1.0,1.0,0.0,1.0,2.0,4.0,2.7335,7.0,3.0,3.1875
A,0,4111115097533889,-6.5782,1.0,1.0,0.0,1.0,0.0,4.0,2.7744,8.0,5.0,4.125
A,0,6011005016684344,-7.5526,1.0,1.0,0.0,1.0,5.0,6.0,2.6085,7.0,4.0,3.0625
A,0,5555556346554801,-7.5184,1.0,1.0,0.0,1.0,4.0,5.0,2.25,7.0,8.0,4.5
A,0,5555559429014036,-6.934,1.0,1.0,0.0,1.0,4.0,5.0,2.6556,8.0,6.0,4.25
A,0,4532016911820491,1.3555,1.0,1.0,1.0,1.0,2.0,4.0,3.0,9.0,4.0,3.5
A,0,4111118103448103,-7.4908,1.0,1.0,0.0,1.0,0.0,4.0,2.0996,5.0,7.0,2.5625
A,0,5555550550644734,-7.015,1.0,1.0,0.0,1.0,4.0,5.0,2.0778,6.0,8.0,4.25
A,0,4532014993262024,-7.4186,1.0,1.0,0.0,1.0,2.0,4.0,2.8278,8.0,4.0,3.5
A,0,5105101310930099,-6.92,1.0,1.0,0.0,1.0,3.0,5.0,2.2272,5.0,5.0,2.9375
A,0,6011007815733966,-6.9499,1.0,1.0,0.0,1.0,5.0,6.0,2.8585,8.0,3.0,3.9375
A,0,4111118698590613,-6.7409,1.0,1.0,0.0,1.0,0.0,4.0,2.6556,8.0,6.0,4.0
A,0,5555550167422931,-6.5695,1.0,1.0,0.0,1.0,4.0,5.0,2.7806,9.0,6.0,4.0625
A,0,4532016566854668,-7.8307,1.0,1.0,0.0,1.0,2.0,4.0,2.7272,8.0,5.0,4.6875
A,0,5555550727007246,-6.9824,1.0,1.0,0.0,1.0,4.0,5.0,2.3113,6.0,6.0,4.0625
A,0,6011004883717665,-6.9499,1.0,1.0,0.0,1.0,5.0,6.0,2.8585,8.0,3.0,3.9375
A,0,6011005914776242,-7.8397,1.0,1.0,0.0,1.0,5.0,6.0,2.9056,8.0,3.0,3.4375
A,0,4532019839855393,-7.9986,1.0,1.0,0.0,1.0,2.0,4.0,2.7806,8.0,4.0,4.8125
A,0,4242420777769783,-8.3987,1.0,1.0,0.0,1.0,1.0,4.0,2.68,8.0,5.0,4.9375
A,0,5105109707306892,1.6072,1.0,1.0,1.0,1.0,3.0,5.0,3.0,9.0,4.0,3.9375
A,0,6011004105142440,-8.7108,1.0,1.0,0.0,1.0,5.0,6.0,2.2744,6.0,5.0,2.0625
A,0,5105102690806895,1.4196,1.0,1.0,1.0,1.0,3.0,5.0,2.7028,7.0,4.0,4.0625
A,0,4111115873659401,-6.5269,1.0,1.0,0.0,1.0,0.0,4.0,2.7806,9.0,6.0,3.5625
A,0,4242425387850336,-6.739,1.0,1.0,0.0,1.0,1.0,4.0,2.8585,8.0,3.0,4.125
A,0,5105101181880056,-7.4183,1.0,1.0,0.0,1.0,3.0,5.0,2.18,5.0,5.0,3.125
A,0,5105106340157675,-7.6173,1.0,1.0,0.0,1.0,3.0,5.0,2.6556,7.0,4.0,3.5
A,0,4532013110546280,-7.7106,1.0,1.0,0.0,1.0,2.0,4.0,2.9056,8.0,3.0,2.8125
A,0,4111110481610078,-7.6775,1.0,1.0,0.0,1.0,0.0,4.0,2.2246,6.0,7.0,2.75
A,0,4242429996077106,-7.1429,1.0,1.0,0.0,1.0,1.0,4.0,2.7335,7.0,3.0,4.5
A,0,4111119779317890,-6.3534,1.0,1.0,0.0,1.0,0.0,4.0,2.4363,7.0,6.0,4.3125
A,0,6011008669115569,-6.3996,1.0,1.0,0.0,1.0,5.0,6.0,2.4528,6.0,4.0,4.0
A,0,5105103899858144,-7.0628,1.0,1.0,0.0,1.0,3.0,5.0,2.7335,7.0,3.0,4.4375
A,0,5105105269107566,-7.4609,1.0,1.0,0.0,1.0,3.0,5.0,2.6085,7.0,4.0,3.6875
A,0,5105109940108758,1.2925,1.0,1.0,1.0,1.0,3.0,5.0,2.6556,7.0,4.0,3.9375
A,0,4242428924046345,-6.6398,1.0,1.0,0.0,1.0,1.0,4.0,2.5306,8.0,6.0,3.9375
A,0,4532014037674900,1.4787,1.0,1.0,1.0,1.0,2.0,4.0,2.9528,9.0,4.0,3.4375
A,0,4111114795338056,-7.5521,1.0,1.0,0.0,1.0,0.0,4.0,2.8994,9.0,5.0,3.6875
A,0,5105101919985098,-6.976,1.0,1.0,0.0,1.0,3.0,5.0,2.2806,5.0,4.0,4.4375
A,0,4532011286757304,-7.4702,1.0,1.0,0.0,1.0,2.0,4.0,3.125,9.0,2.0,3.625
A,0,5105108675989140,-6.9189,1.0,1.0,0.0,1.0,3.0,5.0,2.8585,8.0,3.0,4.3125
A,0,4111110691327178,-7.3289,1.0,1.0,0.0,1.0,0.0,4.0,2.6468,9.0,7.0,3.3125
A,0,5555556627231715,-6.6563,1.0,1.0,0.0,1.0,4.0,5.0,2.2718,6.0,7.0,4.375
A,0,4111113621244127,2.8054,1.0,1.0,1.0,1.0,0.0,4.0,2.1774,6.0,7.0,2.5625
A,0,5555556983515645,-8.5519,1.0,1.0,0.0,1.0,4.0,5.0,2.0919,7.0,9.0,5.125
A,0,5555551066629567,-7.7819,1.0,1.0,0.0,1.0,4.0,5.0,2.2718,7.0,7.0,4.875
A,0,4111115605139363,2.6196,1.0,1.0,1.0,1.0,0.0,4.0,2.4835,7.0,6.0,3.125
A,0,4111110084479536,-7.012,1.0,1.0,0.0,1.0,0.0,4.0,2.8522,9.0,5.0,3.4375
A,0,5555553463513247,-7.2321,1.0,1.0,0.0,1.0,4.0,5.0,2.3496,7.0,7.0,4.25
A,0,5555557613234982,-7.6318,1.0,1.0,0.0,1.0,4.0,5.0,2.7806,9.0,6.0,4.6875
A,0,4242420931998475,-7.778,1.0,1.0,0.0,1.0,1.0,4.0,2.9056,9.0,4.0,4.5625
A,0,5105108324088028,-7.5116,1.0,1.0,0.0,1.0,3.0,5.0,2.625,7.0,4.0,3.4375
A,0,4111119645025253,-7.1438,1.0,1.0,0.0,1.0,0.0,4.0,2.7272,8.0,5.0,3.125
A,0,4242428235549269,-7.2986,1.0,1.0,0.0,1.0,1.0,4.0,2.5244,7.0,5.0,4.4375
A,0,4242421638348563,2.3054,1.0,1.0,1.0,1.0,1.0,4.0,2.6556,7.0,4.0,4.0625
A,0,5105104915112704,-6.9109,1.0,1.0,0.0,1.0,3.0,5.0,2.555,7.0,5.0,2.875
A,0,4242421072407727,1.1788,1.0,1.0,1.0,1.0,1.0,4.0,2.1494,5.0,5.0,3.4375
A,0,4111111258383001,-7.425,1.0,1.0,0.0,1.0,0.0,4.0,2.3968,7.0,7.0,2.5
A,0,4532012316973988,-7.4913,1.0,1.0,0.0,1.0,2.0,4.0,3.2028,10.0,3.0,4.4375
A,0,4242424802082879,-7.8,1.0,1.0,0.0,1.0,1.0,4.0,2.3522,6.0,5.0,4.125
A,0,4242423670126646,-7.1139,1.0,1.0,0.0,1.0,1.0,4.0,2.5,7.0,4.0,3.6875
A,0,4242426377444255,-6.6702,1.0,1.0,0.0,1.0,1.0,4.0,2.2806,6.0,6.0,4.0625
A,0,5555550216070332,-7.7157,1.0,1.0,0.0,1.0,4.0,5.0,2.4835,7.0,6.0,3.375
A,0,6011004143842260,-7.2526,1.0,1.0,0.0,1.0,5.0,6.0,2.6556,7.0,4.0,2.625
A,0,6011003811482233,-7.2526,1.0,1.0,0.0,1.0,5.0,6.0,2.6556,7.0,4.0,2.6875
A,0,4111119576999788,-7.9945,1.0,1.0,0.0,1.0,0.0,4.0,2.5244,7.0,5.0,5.375
A,0,6011009637469211,-7.8068,1.0,1.0,0.0,1.0,5.0,6.0,2.7806,8.0,4.0,3.5
A,0,4111114266483626,-7.2608,1.0,1.0,0.0,1.0,0.0,4.0,2.3522,6.0,5.0,3.5
A,0,6011005402038154,-7.0582,1.0,1.0,0.0,1.0,5.0,6.0,2.7272,8.0,5.0,2.5
A,0,4111112967832329,-6.7558,1.0,1.0,0.0,1.0,0.0,4.0,2.7272,8.0,5.0,3.75
A,0,5105106983975360,-7.0793,1.0,1.0,0.0,1.0,3.0,5.0,2.9056,8.0,3.0,4.25
A,0,5555556253019234,-6.9494,1.0,1.0,0.0,1.0,4.0,5.0,2.5218,8.0,7.0,4.0625
A,0,5105104415183347,-7.6851,1.0,1.0,0.0,1.0,3.0,5.0,2.6556,7.0,4.0,3.25
A,0,4242425183917960,-7.5722,1.0,1.0,0.0,1.0,1.0,4.0,3.1556,10.0,3.0,4.1875
A,0,6011009802968898,-7.386,1.0,1.0,0.0,1.0,5.0,6.0,2.4528,6.0,4.0,4.6875
A,0,4242424382522147,-7.1813,1.0,1.0,0.0,1.0,1.0,4.0,2.305,7.0,6.0,3.5
A,0,5555552152141180,-7.3869,1.0,1.0,0.0,1.0,4.0,5.0,2.1468,6.0,7.0,3.4375
A,0,4111114361718811,-7.7895,1.0,1.0,0.0,1.0,0.0,4.0,1.9669,6.0,9.0,3.0625
A,0,5555551477545087,-8.1039,1.0,1.0,0.0,1.0,4.0,5.0,2.0778,6.0,8.0,4.875
A,0,6011004417710413,-7.6517,1.0,1.0,0.0,1.0,5.0,6.0,2.3522,6.0,5.0,2.5
A,0,4532019939244478,-7.6783,1.0,1.0,0.0,1.0,2.0,4.0,2.9528,9.0,4.0,4.625
A,0,6011006774231312,-7.4348,1.0,1.0,0.0,1.0,5.0,6.0,2.7028,7.0,4.0,2.75
A,0,4242423899540845,-7.4285,1.0,1.0,0.0,1.0,1.0,4.0,2.6022,7.0,5.0,4.5625
A,0,4111111994958760,3.577,1.0,1.0,1.0,1.0,0.0,4.0,2.6085,8.0,6.0,4.1875
A,0,5105107059494739,-6.7157,1.0,1.0,0.0,1.0,3.0,5.0,2.7335,7.0,3.0,4.3125
A,0,4111119503399546,-6.3162,1.0,1.0,0.0,1.0,0.0,4.0,2.6022,7.0,5.0,3.875
A,0,4111118908810993,-6.8899,1.0,1.0,0.0,1.0,0.0,4.0,2.3113,6.0,6.0,4.0
A,0,5105103815020962,-7.5628,1.0,1.0,0.0,1.0,3.0,5.0,2.7806,8.0,4.0,3.0
A,0,6011009053173007,-6.9765,1.0,1.0,0.0,1.0,5.0,6.0,2.4835,7.0,6.0,2.6875
A,0,4532011736150485,-7.7551,1.0,1.0,0.0,1.0,2.0,4.0,3.0306,9.0,3.0,3.4375
A,0,4532019533533940,-6.7771,1.0,1.0,0.0,1.0,2.0,4.0,2.6022,7.0,5.0,3.6875
A,0,5105104168954754,-7.0683,1.0,1.0,0.0,1.0,3.0,5.0,2.7806,8.0,4.0,4.0625
A,0,4242427025372702,2.0719,1.0,1.0,1.0,1.0,1.0,4.0,2.3113,6.0,6.0,3.3125
A,0,4111117485931480,-6.6831,1.0,1.0,0.0,1.0,0.0,4.0,2.6085,8.0,6.0,3.625
A,0,5555556462020939,-7.2204,1.0,1.0,0.0,1.0,4.0,5.0,2.5306,7.0,6.0,4.4375
A,0,5105101370556361,-7.0862,1.0,1.0,0.0,1.0,3.0,5.0,2.4528,6.0,4.0,3.0625
A,0,5555553782064272,-7.2563,1.0,1.0,0.0,1.0,4.0,5.0,2.6085,8.0,6.0,4.4375
A,0,6011008973629628,-7.1573,1.0,1.0,0.0,1.0,5.0,6.0,2.9056,8.0,3.0,4.25
A,0,4532010302236633,-6.7666,1.0,1.0,0.0,1.0,2.0,4.0,2.555,7.0,5.0,2.6875
A,0,5555550076572491,-7.6162,1.0,1.0,0.0,1.0,4.0,5.0,2.5218,8.0,7.0,4.4375
A,0,6011002311145205,-0.0311,1.0,1.0,1.0,1.0,5.0,6.0,2.5244,7.0,5.0,2.0
A,0,4532019242281085,-7.6426,1.0,1.0,0.0,1.0,2.0,4.0,2.875,8.0,4.0,3.5
A,0,4532014564133893,-6.7958,1.0,1.0,0.0,1.0,2.0,4.0,2.9528,9.0,4.0,3.8125
A,0,5555551835896576,-8.5131,1.0,1.0,0.0,1.0,4.0,5.0,2.25,7.0,8.0,5.5
A,0,6011001353816493,-7.7967,1.0,1.0,0.0,1.0,5.0,6.0,2.7806,8.0,4.0,3.1875
A,0,5555551551388899,-9.2102,1.0,1.0,0.0,1.0,4.0,5.0,1.9528,5.0,8.0,5.4375
A,0,5105109267334795,-7.0793,1.0,1.0,0.0,1.0,3.0,5.0,3.0778,9.0,3.0,4.1875
A,0,4111114045254470,-7.8448,1.0,1.0,0.0,1.0,0.0,4.0,2.2988,6.0,5.0,2.75
A,0,4111116015687321,-7.2014,1.0,1.0,0.0,1.0,0.0,4.0,2.6468,9.0,7.0,3.0
A,0,5105104849735722,-7.0323,1.0,1.0,0.0,1.0,3.0,5.0,3.0778,9.0,3.0,3.9375
A,0,4242424334236894,-7.0653,1.0,1.0,0.0,1.0,1.0,4.0,2.2335,6.0,6.0,4.0
A,0,4532019737652570,-7.0357,1.0,1.0,0.0,1.0,2.0,4.0,3.0306,9.0,3.0,4.125
A,0,4111111504999547,-6.653,1.0,1.0,0.0,1.0,0.0,4.0,2.3113,6.0,6.0,3.875
A,0,4111111193077876,-6.919,1.0,1.0,0.0,1.0,0.0,4.0,2.4746,8.0,7.0,3.625
A,0,4242429598872037,-8.1686,1.0,1.0,0.0,1.0,1.0,4.0,2.8278,8.0,4.0,4.75
A,0,6011009503723450,-7.2321,1.0,1.0,0.0,1.0,5.0,6.0,2.8994,9.0,5.0,2.875
A,0,4532014634388908,-6.6929,1.0,1.0,0.0,1.0,2.0,4.0,2.9835,9.0,3.0,4.25
A,0,4111113755761818,-6.8928,1.0,1.0,0.0,1.0,0.0,4.0,2.3968,7.0,7.0,3.75
A,0,5105109668857343,-7.4264,1.0,1.0,0.0,1.0,3.0,5.0,3.0778,9.0,3.0,4.4375
A,0,5105107215600602,-6.9547,1.0,1.0,0.0,1.0,3.0,5.0,2.43,6.0,5.0,2.5625
A,0,4242420572532732,-7.1513,1.0,1.0,0.0,1.0,1.0,4.0,2.3585,6.0,6.0,3.375
A,0,4242422718793558,-7.8574,1.0,1.0,0.0,1.0,1.0,4.0,2.8278,8.0,4.0,4.5625
A,0,5105105732151657,-7.9008,1.0,1.0,0.0,1.0,3.0,5.0,2.5244,7.0,5.0,3.375
A,0,5105104936277171,-7.4162,1.0,1.0,0.0,1.0,3.0,5.0,2.9528,9.0,4.0,3.6875
A,0,4532019463881004,-7.4244,1.0,1.0,0.0,1.0,2.0,4.0,3.0306,9.0,3.0,3.625
A,0,4242423355232387,-7.3955,1.0,1.0,0.0,1.0,1.0,4.0,2.3522,6.0,5.0,3.6875
A,0,5105105743035101,-7.6527,1.0,1.0,0.0,1.0,3.0,5.0,2.375,6.0,4.0,2.5625
A,0,6011009964558065,-7.3408,1.0,1.0,0.0,1.0,5.0,6.0,2.6556,7.0,4.0,4.0625
A,0,5555559141236815,-7.5554,1.0,1.0,0.0,1.0,4.0,5.0,2.4746,8.0,7.0,4.375
A,0,4111117985966155,-7.3814,1.0,1.0,0.0,1.0,0.0,4.0,2.4835,7.0,6.0,4.375
A,0,5555554694355150,-8.2681,1.0,1.0,0.0,1.0,4.0,5.0,2.0919,7.0,9.0,4.5
A,0,4111115730576886,-6.5782,1.0,1.0,0.0,1.0,0.0,4.0,2.7744,8.0,5.0,4.0
A,0,5105102702892695,-6.7728,1.0,1.0,0.0,1.0,3.0,5.0,2.8585,8.0,3.0,3.875
A,0,5105101800084176,-7.2181,1.0,1.0,0.0,1.0,3.0,5.0,2.5244,7.0,5.0,2.9375
A,0,4111117288764488,-8.0932,1.0,1.0,0.0,1.0,0.0,4.0,2.3522,6.0,5.0,4.4375
A,0,5105103444257284,-7.5861,1.0,1.0,0.0,1.0,3.0,5.0,2.8278,8.0,4.0,3.4375
A,0,4242425742593752,-7.9458,1.0,1.0,0.0,1.0,1.0,4.0,2.3522,6.0,5.0,4.1875
A,0,5555559973210922,-7.6629,1.0,1.0,0.0,1.0,4.0,5.0,2.4363,7.0,6.0,4.625
A,0,4242428365372777,-7.3498,1.0,1.0,0.0,1.0,1.0,4.0,2.5778,7.0,4.0,4.5625
A,0,4242423684270737,-6.5298,1.0,1.0,0.0,1.0,1.0,4.0,2.5778,7.0,4.0,4.0625
A,0,4532018197519528,-7.3421,1.0,1.0,0.0,1.0,2.0,4.0,3.0306,9.0,3.0,4.375
A,0,6011009493935764,-7.1573,1.0,1.0,0.0,1.0,5.0,6.0,2.9056,8.0,3.0,4.1875
A,0,4242422828799810,-7.1071,1.0,1.0,0.0,1.0,1.0,4.0,2.555,7.0,5.0,4.5
A,0,4242429988546399,-7.7664,1.0,1.0,0.0,1.0,1.0,4.0,2.5778,7.0,4.0,5.5
A,0,5105108574318404,-7.792,1.0,1.0,0.0,1.0,3.0,5.0,2.6863,7.0,3.0,3.5
A,0,4242423262079974,-7.2229,1.0,1.0,0.0,1.0,1.0,4.0,2.5244,7.0,5.0,4.1875
A,0,5105102024794001,-6.8975,1.0,1.0,0.0,1.0,3.0,5.0,2.6022,7.0,5.0,2.5625
A,0,5555557908411613,-6.914,1.0,1.0,0.0,1.0,4.0,5.0,2.7335,9.0,6.0,4.375
A,0,5555555154854334,-8.6906,1.0,1.0,0.0,1.0,4.0,5.0,1.7947,5.0,9.0,4.5
A,0,6011007071946606,-7.6297,1.0,1.0,0.0,1.0,5.0,6.0,2.3522,6.0,5.0,3.375
A,0,4532010752834489,3.1013,1.0,1.0,1.0,1.0,2.0,4.0,3.0778,9.0,3.0,4.0625
A,0,5555556118823399,-8.4571,1.0,1.0,0.0,1.0,4.0,5.0,2.5306,7.0,6.0,5.0
A,0,4242422700938917,-6.9045,1.0,1.0,0.0,1.0,1.0,4.0,2.8278,8.0,4.0,4.0
A,0,4111119541337674,-7.123,1.0,1.0,0.0,1.0,0.0,4.0,2.4835,7.0,6.0,3.625
A,0,4532017330997765,-7.3495,1.0,1.0,0.0,1.0,2.0,4.0,3.0306,9.0,3.0,4.4375
A,0,4242426564646880,1.3133,1.0,1.0,1.0,1.0,1.0,4.0,2.3522,6.0,5.0,4.4375
A,0,5105102800189248,-7.8129,1.0,1.0,0.0,1.0,3.0,5.0,2.6556,7.0,4.0,3.375
A,0,4242427317853838,-7.4146,1.0,1.0,0.0,1.0,1.0,4.0,2.6863,7.0,3.0,4.4375
A,0,5555559526278516,-8.5369,1.0,1.0,0.0,1.0,4.0,5.0,2.25,7.0,8.0,5.0625
A,0,4111119792276863,4.0002,1.0,1.0,1.0,1.0,0.0,4.0,2.7744,8.0,5.0,4.25
A,0,5555556333221613,-7.1262,1.0,1.0,0.0,1.0,4.0,5.0,2.1556,5.0,6.0,3.75
A,0,5555551251010652,-8.3482,1.0,1.0,0.0,1.0,4.0,5.0,1.9528,5.0,8.0,3.3125
A,0,4532011143359622,-7.3982,1.0,1.0,0.0,1.0,2.0,4.0,2.8585,8.0,3.0,3.1875
A,0,5105109697023913,-6.8327,1.0,1.0,0.0,1.0,3.0,5.0,2.8585,8.0,3.0,3.8125
A,0,6011000111332334,-8.7108,1.0,1.0,0.0,1.0,5.0,6.0,2.2744,6.0,5.0,1.8125
A,0,5555552655107257,-8.23,1.0,1.0,0.0,1.0,4.0,5.0,1.9669,6.0,9.0,4.375
A,0,4532015599692016,2.3045,1.0,1.0,1.0,1.0,2.0,4.0,2.9056,8.0,3.0,4.1875
A,0,4111118415219349,-7.2046,1.0,1.0,0.0,1.0,0.0,4.0,2.3496,7.0,7.0,3.4375
A,0,6011005122932452,-7.1759,1.0,1.0,0.0,1.0,5.0,6.0,2.7806,8.0,4.0,2.6875
A,0,4532015344993898,-7.7709,1.0,1.0,0.0,1.0,2.0,4.0,2.8585,8.0,3.0,4.8125
A,0,4242427531809582,-7.0019,1.0,1.0,0.0,1.0,1.0,4.0,2.9528,9.0,4.0,4.125
A,0,5105103309927754,-6.993,1.0,1.0,0.0,1.0,3.0,5.0,2.9056,8.0,3.0,3.8125
A,0,5105107118140158,-7.5259,1.0,1.0,0.0,1.0,3.0,5.0,2.3113,6.0,6.0,3.0
A,0,5105106026653954,1.5172,1.0,1.0,1.0,1.0,3.0,5.0,2.7806,8.0,4.0,3.625
A,0,6011008407696044,-7.211,1.0,1.0,0.0,1.0,5.0,6.0,2.555,7.0,5.0,3.5
A,0,4242425157422531,-7.6213,1.0,1.0,0.0,1.0,1.0,4.0,2.3522,6.0,5.0,3.3125
A,0,4532019372882656,-7.4913,1.0,1.0,0.0,1.0,2.0,4.0,3.2028,10.0,3.0,4.4375
A,0,5105102994963360,-7.0322,1.0,1.0,0.0,1.0,3.0,5.0,2.9056,8.0,3.0,3.9375
A,0,6011007704539718,-7.5675,1.0,1.0,0.0,1.0,5.0,6.0,2.9056,9.0,4.0,3.6875
A,0,4111115927812239,-6.6686,1.0,1.0,0.0,1.0,0.0,4.0,2.6085,8.0,6.0,3.5625
A,0,6011002680344805,-7.167,1.0,1.0,0.0,1.0,5.0,6.0,2.7744,8.0,5.0,3.0
A,0,4242426361059273,-7.2839,1.0,1.0,0.0,1.0,1.0,4.0,2.9528,9.0,4.0,3.75
A,0,4532013545265861,-7.4063,1.0,1.0,0.0,1.0,2.0,4.0,2.875,8.0,4.0,3.75
A,0,4242427059057353,-6.2881,1.0,1.0,0.0,1.0,1.0,4.0,2.7335,7.0,3.0,3.875
A,0,5105109515322514,-7.4664,1.0,1.0,0.0,1.0,3.0,5.0,2.5244,7.0,5.0,3.0625
A,0,5105107220024249,-7.3146,1.0,1.0,0.0,1.0,3.0,5.0,2.625,7.0,4.0,2.75
A,0,6011006310164955,-7.3047,1.0,1.0,0.0,1.0,5.0,6.0,2.5778,7.0,4.0,3.0
A,0,6011007665411723,-0.253,1.0,1.0,1.0,1.0,5.0,6.0,2.7806,8.0,4.0,3.125
A,0,4242429264315978,-7.3821,1.0,1.0,0.0,1.0,1.0,4.0,2.875,9.0,4.0,4.5
A,0,4532019666990400,-6.9796,1.0,1.0,0.0,1.0,2.0,4.0,2.7806,8.0,4.0,4.0
A,0,6011001643622279,-0.0354,1.0,1.0,1.0,1.0,5.0,6.0,2.8113,8.0,3.0,3.125
A,0,5555554365373626,-7.6939,1.0,1.0,0.0,1.0,4.0,5.0,2.1774,6.0,7.0,4.6875
A,0,4242429701109000,-7.0653,1.0,1.0,0.0,1.0,1.0,4.0,2.43,6.0,5.0,2.8125
A,0,4111115172396758,-6.2901,1.0,1.0,0.0,1.0,0.0,4.0,2.7806,9.0,6.0,3.875
A,0,6011000320515040,-9.2102,1.0,1.0,0.0,1.0,5.0,6.0,2.3496,7.0,7.0,1.75
A,0,4242428266373088,-7.1607,1.0,1.0,0.0,1.0,1.0,4.0,2.6556,7.0,4.0,4.3125
A,0,4242421434867261,2.4151,1.0,1.0,1.0,1.0,1.0,4.0,2.5244,7.0,5.0,3.75
A,0,6011009878042179,-7.1033,1.0,1.0,0.0,1.0,5.0,6.0,2.8278,8.0,4.0,3.9375
A,0,4111116100349088,-6.9784,1.0,1.0,0.0,1.0,0.0,4.0,2.4835,7.0,6.0,3.0
A,0,5105107920611578,-7.4191,1.0,1.0,0.0,1.0,3.0,5.0,2.7806,8.0,4.0,3.625
A,0,4111114982203901,-6.9082,1.0,1.0,0.0,1.0,0.0,4.0,2.5306,7.0,6.0,2.9375
A,0,6011007176639979,-7.6628,1.0,1.0,0.0,1.0,5.0,6.0,2.5141,6.0,3.0,4.5
A,0,4242420918698213,-6.945,1.0,1.0,0.0,1.0,1.0,4.0,2.8278,8.0,4.0,4.0625
A,0,6011002137301065,0.1099,1.0,1.0,1.0,1.0,5.0,6.0,2.5244,7.0,5.0,2.25
A,0,6011003924612721,-7.353,1.0,1.0,0.0,1.0,5.0,6.0,2.7806,8.0,4.0,2.8125
A,0,4111118378240387,-6.6061,1.0,1.0,0.0,1.0,0.0,4.0,2.6022,7.0,5.0,3.6875
A,0,5105100688385180,-6.8594,1.0,1.0,0.0,1.0,3.0,5.0,2.4056,6.0,4.0,3.6875
A,0,4532019271123063,-7.6671,1.0,1.0,0.0,1.0,2.0,4.0,2.9835,9.0,3.0,3.0625
A,0,5555556886645798,-8.1704,1.0,1.0,0.0,1.0,4.0,5.0,2.1774,6.0,7.0,6.0625
A,0,6011001093402851,-6.7194,1.0,1.0,0.0,1.0,5.0,6.0,2.7744,9.0,5.0,2.5625
A,0,4111110688408148,-7.1734,1.0,1.0,0.0,1.0,0.0,4.0,2.1085,5.0,6.0,3.5
A,0,5555558609775172,-7.9622,1.0,1.0,0.0,1.0,4.0,5.0,2.4746,8.0,7.0,5.125
A,0,4111111978450463,-6.5376,1.0,1.0,0.0,1.0,0.0,4.0,2.7335,9.0,6.0,3.5
A,0,5105108327507299,-7.0388,1.0,1.0,0.0,1.0,3.0,5.0,2.9056,8.0,3.0,4.0
A,0,5105109584918720,-6.9189,1.0,1.0,0.0,1.0,3.0,5.0,2.8585,8.0,3.0,4.0625
A,0,4242426458716414,-6.9056,1.0,1.0,0.0,1.0,1.0,4.0,2.4835,7.0,6.0,4.0
A,0,4532019789112118,-6.6207,1.0,1.0,0.0,1.0,2.0,4.0,2.8994,9.0,5.0,3.875
A,0,4242425797618524,-7.3741,1.0,1.0,0.0,1.0,1.0,4.0,2.75,8.0,4.0,4.5
A,0,4242425672649518,-7.1462,1.0,1.0,0.0,1.0,1.0,4.0,2.75,8.0,4.0,4.4375
A,0,4242420242712802,-7.1944,1.0,1.0,0.0,1.0,1.0,4.0,2.1468,6.0,7.0,2.875
A,0,4242423394859303,-6.5298,1.0,1.0,0.0,1.0,1.0,4.0,2.5778,7.0,4.0,4.0625
A,0,4111110015314726,-7.4984,1.0,1.0,0.0,1.0,0.0,4.0,2.5218,8.0,7.0,2.375
A,0,6011004718276216,-7.7177,1.0,1.0,0.0,1.0,5.0,6.0,2.6556,7.0,4.0,3.25
A,0,4532010005584949,1.6868,1.0,1.0,1.0,1.0,2.0,4.0,2.7806,8.0,4.0,3.6875
A,0,6011000165825326,-7.2608,1.0,1.0,0.0,1.0,5.0,6.0,2.6556,7.0,4.0,2.875
A,0,4532012124770903,-7.9163,1.0,1.0,0.0,1.0,2.0,4.0,2.9056,8.0,3.0,3.125
A,0,4111110229442623,-6.9102,1.0,1.0,0.0,1.0,0.0,4.0,2.4772,7.0,5.0,2.6875
A,0,5555552722169071,-7.041,1.0,1.0,0.0,1.0,4.0,5.0,2.4835,7.0,6.0,4.1875
A,0,4242424920681888,-7.2857,1.0,1.0,0.0,1.0,1.0,4.0,2.5,7.0,4.0,4.5
A,0,6011002462041744,-7.0712,1.0,1.0,0.0,1.0,5.0,6.0,2.4528,6.0,4.0,2.625
A,0,5555552749457948,-7.7794,1.0,1.0,0.0,1.0,4.0,5.0,2.2246,6.0,7.0,5.5625
A,0,5105105619706519,-6.4486,1.0,1.0,0.0,1.0,3.0,5.0,2.4528,6.0,4.0,3.8125
A,0,4532016662260727,-7.0697,1.0,1.0,0.0,1.0,2.0,4.0,2.75,8.0,4.0,3.6875
A,0,4111116141437156,-7.0583,1.0,1.0,0.0,1.0,0.0,4.0,2.0778,6.0,8.0,2.9375
A,0,4242420243837264,-6.8873,1.0,1.0,0.0,1.0,1.0,4.0,2.4238,7.0,5.0,3.5625
A,0,4532016595302609,-7.3323,1.0,1.0,0.0,1.0,2.0,4.0,2.9056,8.0,3.0,3.75
A,0,4111116118035191,-7.7199,1.0,1.0,0.0,1.0,0.0,4.0,2.2169,8.0,9.0,2.75
A,0,4111111132148006,-9.2102,1.0,1.0,0.0,1.0,0.0,4.0,2.25,7.0,8.0,2.1875
A,0,5555555764756443,-9.0245,1.0,1.0,0.0,1.0,4.0,5.0,1.9528,5.0,8.0,5.0625
A,0,4532018702015331,1.1217,1.0,1.0,1.0,1.0,2.0,4.0,2.8585,8.0,3.0,2.8125
A,0,4242422628532028,-7.478,1.0,1.0,0.0,1.0,1.0,4.0,2.3496,7.0,7.0,3.5
A,0,4532017427837691,-7.1665,1.0,1.0,0.0,1.0,2.0,4.0,3.2028,10.0,3.0,4.3125
A,0,4242428881151218,-6.3877,1.0,1.0,0.0,1.0,1.0,4.0,2.2028,5.0,4.0,3.8125
A,0,5555552082278155,-7.1565,1.0,1.0,0.0,1.0,4.0,5.0,2.0778,6.0,8.0,4.375
A,0,4111114327937751,-7.1502,1.0,1.0,0.0,1.0,0.0,4.0,2.4835,7.0,6.0,3.5625
A,0,4111111481192690,-7.3079,1.0,1.0,0.0,1.0,0.0,4.0,2.25,7.0,8.0,3.125
A,0,6011003975908102,1.0391,1.0,1.0,1.0,1.0,5.0,6.0,2.8522,9.0,5.0,3.25
A,0,5105106926346176,-7.0038,1.0,1.0,0.0,1.0,3.0,5.0,2.9528,9.0,4.0,3.875
A,0,4242427869179117,-8.0607,1.0,1.0,0.0,1.0,1.0,4.0,2.6863,7.0,3.0,4.625
A,0,6011002119476991,-7.1226,1.0,1.0,0.0,1.0,5.0,6.0,2.555,7.0,5.0,3.5625
A,0,4111116191424672,3.3238,1.0,1.0,1.0,1.0,0.0,4.0,2.2246,6.0,7.0,3.1875
A,0,5555557119861384,-7.9882,1.0,1.0,0.0,1.0,4.0,5.0,2.6085,8.0,6.0,4.875
A,0,5555558559973656,-8.8199,1.0,1.0,0.0,1.0,4.0,5.0,1.9669,6.0,9.0,5.8125
A,0,4532018374490318,-6.7702,1.0,1.0,0.0,1.0,2.0,4.0,3.0306,9.0,3.0,3.875
A,0,6011009519283029,-7.8068,1.0,1.0,0.0,1.0,5.0,6.0,2.7806,8.0,4.0,3.5
A,0,4242427207147353,-6.7908,1.0,1.0,0.0,1.0,1.0,4.0,2.5778,7.0,4.0,3.5625
A,0,4532016333479028,-7.5474,1.0,1.0,0.0,1.0,2.0,4.0,3.125,10.0,4.0,3.75
A,0,6011007786497252,-7.2879,1.0,1.0,0.0,1.0,5.0,6.0,3.0306,9.0,3.0,4.0625
A,0,4532018479036932,3.9887,1.0,1.0,1.0,1.0,2.0,4.0,3.2028,10.0,3.0,4.125
A,0,6011009967727835,-7.635,1.0,1.0,0.0,1.0,5.0,6.0,3.0306,9.0,3.0,4.4375
A,0,4532019969201573,-6.9052,1.0,1.0,0.0,1.0,2.0,4.0,3.0778,9.0,3.0,4.125
A,0,6011003177692518,-7.553,1.0,1.0,0.0,1.0,5.0,6.0,2.9528,9.0,4.0,3.5625
A,0,4532011362472801,-0.3262,1.0,1.0,1.0,1.0,2.0,4.0,3.0306,9.0,3.0,3.0625
A,0,4532015154391002,-7.1588,1.0,1.0,0.0,1.0,2.0,4.0,2.7335,7.0,3.0,2.8125
A,0,4532018452677187,-7.2115,1.0,1.0,0.0,1.0,2.0,4.0,3.0778,9.0,3.0,4.375
A,0,4242423185877689,1.5482,1.0,1.0,1.0,1.0,1.0,4.0,2.9835,9.0,3.0,5.0
A,0,4242420538666928,-7.3281,1.0,1.0,0.0,1.0,1.0,4.0,2.7806,8.0,4.0,4.4375
A,0,6011006199212641,-7.035,1.0,1.0,0.0,1.0,5.0,6.0,2.43,6.0,5.0,3.0625
A,0,4242427243728893,-7.2764,1.0,1.0,0.0,1.0,1.0,4.0,2.3994,6.0,5.0,4.4375
A,0,4242422212887228,-8.0131,1.0,1.0,0.0,1.0,1.0,4.0,1.9056,5.0,8.0,3.75
A,0,4532014661251191,-7.0194,1.0,1.0,0.0,1.0,2.0,4.0,2.7744,8.0,5.0,3.1875
A,0,4242426893406333,-6.4827,1.0,1.0,0.0,1.0,1.0,4.0,2.5778,7.0,4.0,3.9375
A,0,6011003988389597,0.2986,1.0,1.0,1.0,1.0,5.0,6.0,2.8585,8.0,3.0,4.8125
A,0,4242424154800641,-7.4898,1.0,1.0,0.0,1.0,1.0,4.0,2.4835,7.0,6.0,3.1875
A,0,5555559674730760,1.1311,1.0,1.0,1.0,1.0,4.0,5.0,2.4835,7.0,6.0,4.9375
A,0,5105105285127889,-7.3081,1.0,1.0,0.0,1.0,3.0,5.0,2.6556,7.0,4.0,4.1875
A,0,4111119220156078,-6.6167,1.0,1.0,0.0,1.0,0.0,4.0,2.7806,9.0,6.0,3.0625
A,0,4532015141150998,-7.1822,1.0,1.0,0.0,1.0,2.0,4.0,2.8278,8.0,4.0,3.625
A,0,5105102431923745,-7.7517,1.0,1.0,0.0,1.0,3.0,5.0,2.9056,8.0,3.0,3.25
A,0,4111119217850338,-6.7778,1.0,1.0,0.0,1.0,0.0,4.0,2.7806,9.0,6.0,3.4375
A,0,6011004690085568,-7.018,1.0,1.0,0.0,1.0,5.0,6.0,2.6022,7.0,5.0,3.6875
A,0,4242422545468889,-8.5237,1.0,1.0,0.0,1.0,1.0,4.0,2.3522,6.0,5.0,4.8125
A,0,4111118735369928,-7.3436,1.0,1.0,0.0,1.0,0.0,4.0,2.8994,9.0,5.0,4.3125
A,0,4242421526251359,-6.8113,1.0,1.0,0.0,1.0,1.0,4.0,2.555,7.0,5.0,3.5625
A,0,4242420578839785,-7.7651,1.0,1.0,0.0,1.0,1.0,4.0,2.8585,8.0,3.0,4.875
A,0,6011003484594353,-7.6794,1.0,1.0,0.0,1.0,5.0,6.0,2.8585,8.0,3.0,3.5
A,0,5105108461862334,-7.5109,1.0,1.0,0.0,1.0,3.0,5.0,2.9528,8.0,3.0,3.5625
A,0,6011006933480437,-0.0804,1.0,1.0,1.0,1.0,5.0,6.0,2.8278,8.0,4.0,3.4375
A,0,4532017983038077,-6.8496,1.0,1.0,0.0,1.0,2.0,4.0,2.9835,9.0,3.0,4.1875
A,0,4242421617022731,-6.9561,1.0,1.0,0.0,1.0,1.0,4.0,2.555,7.0,5.0,3.0
A,0,4532015184045605,-7.4779,1.0,1.0,0.0,1.0,2.0,4.0,2.7806,8.0,4.0,3.3125
A,0,6011005217583353,-0.0354,1.0,1.0,1.0,1.0,5.0,6.0,2.8113,8.0,3.0,3.125
A,0,4242424045932152,-7.1802,1.0,1.0,0.0,1.0,1.0,4.0,2.4238,7.0,5.0,3.3125
A,0,6011001047279990,-7.211,1.0,1.0,0.0,1.0,5.0,6.0,2.555,7.0,5.0,3.5
A,0,4242426030230270,-7.5275,1.0,1.0,0.0,1.0,1.0,4.0,2.3522,6.0,5.0,2.5625
A,0,6011009992217697,-6.4273,1.0,1.0,0.0,1.0,5.0,6.0,2.5306,6.0,4.0,4.3125
A,0,5555550234640876,-7.2739,1.0,1.0,0.0,1.0,4.0,5.0,2.6556,8.0,6.0,4.375
A,0,4111115120941389,-7.2993,1.0,1.0,0.0,1.0,0.0,4.0,2.5218,8.0,7.0,3.1875
A,0,5105106212315771,-6.8783,1.0,1.0,0.0,1.0,3.0,5.0,2.6022,7.0,5.0,2.9375
A,0,4242427630127208,-7.149,1.0,1.0,0.0,1.0,1.0,4.0,2.7272,8.0,5.0,3.375
A,0,4242420032208454,-7.4196,1.0,1.0,0.0,1.0,1.0,4.0,2.2516,6.0,5.0,2.875
A,0,6011009029890821,-6.9777,1.0,1.0,0.0,1.0,5.0,6.0,2.43,6.0,5.0,3.5
A,0,5555557925146692,-7.933,1.0,1.0,0.0,1.0,4.0,5.0,2.3968,7.0,7.0,5.0625
A,0,5105104078462689,2.8349,1.0,1.0,1.0,1.0,3.0,5.0,3.0778,9.0,3.0,4.125
A,0,4532012896550306,-7.4244,1.0,1.0,0.0,1.0,2.0,4.0,3.0306,9.0,3.0,3.6875
A,0,5105105236497868,-7.6914,1.0,1.0,0.0,1.0,3.0,5.0,3.2028,10.0,3.0,4.375
A,0,5555559724776446,-8.8382,1.0,1.0,0.0,1.0,4.0,5.0,2.3113,6.0,6.0,5.375
A,0,4532014156979663,-7.2189,1.0,1.0,0.0,1.0,2.0,4.0,3.0778,9.0,3.0,4.4375
A,0,6011004696480667,-7.1641,1.0,1.0,0.0,1.0,5.0,6.0,2.5244,7.0,5.0,4.0
A,0,6011001732900766,-7.2367,1.0,1.0,0.0,1.0,5.0,6.0,2.555,7.0,5.0,3.0625
A,0,4111112473053131,1.6892,1.0,1.0,1.0,1.0,0.0,4.0,2.3496,7.0,7.0,2.375
A,0,4532015691766725,-7.0247,1.0,1.0,0.0,1.0,2.0,4.0,3.0306,9.0,3.0,4.3125
A,0,4242423859066481,-6.9909,1.0,1.0,0.0,1.0,1.0,4.0,2.9528,9.0,4.0,4.25
A,0,6011007785316879,-6.9969,1.0,1.0,0.0,1.0,5.0,6.0,2.8585,8.0,3.0,4.3125
A,0,4532017713270466,-7.3323,1.0,1.0,0.0,1.0,2.0,4.0,2.9528,8.0,3.0,3.625
A,0,4532013610958555,-6.6207,1.0,1.0,0.0,1.0,2.0,4.0,2.8994,9.0,5.0,3.875
A,0,5555556397262626,0.9916,1.0,1.0,1.0,1.0,4.0,5.0,2.2335,6.0,6.0,4.9375
A,0,4242426105248985,-6.8323,1.0,1.0,0.0,1.0,1.0,4.0,2.75,8.0,4.0,4.125
A,0,6011004080463721,-6.9515,1.0,1.0,0.0,1.0,5.0,6.0,2.7272,8.0,5.0,2.6875
A,0,5555557488180392,-8.5082,1.0,1.0,0.0,1.0,4.0,5.0,2.7335,9.0,6.0,5.0
A,0,4111117331631243,-7.3676,1.0,1.0,0.0,1.0,0.0,4.0,2.1468,6.0,7.0,2.625
A,0,6011009917027293,-7.5616,1.0,1.0,0.0,1.0,5.0,6.0,2.6556,7.0,4.0,3.5625
A,0,4242422024309704,-7.3694,1.0,1.0,0.0,1.0,1.0,4.0,2.2516,6.0,5.0,3.0625
A,0,4111118977656412,-6.7409,1.0,1.0,0.0,1.0,0.0,4.0,2.6556,8.0,6.0,4.0
A,0,4242428124783298,-7.4537,1.0,1.0,0.0,1.0,1.0,4.0,2.4772,7.0,5.0,4.375
A,0,4111119506395685,-6.7887,1.0,1.0,0.0,1.0,0.0,4.0,2.7272,8.0,5.0,4.0625
A,0,6011004824145633,-7.8162,1.0,1.0,0.0,1.0,5.0,6.0,2.8585,8.0,3.0,3.0
A,0,5555553953198657,-8.9426,1.0,1.0,0.0,1.0,4.0,5.0,2.25,7.0,8.0,5.375
A,0,4242423970536267,-6.945,1.0,1.0,0.0,1.0,1.0,4.0,2.8278,8.0,4.0,4.125
A,0,5105102364813757,-7.6175,1.0,1.0,0.0,1.0,3.0,5.0,3.0306,9.0,3.0,3.625
A,0,6011000577166408,-7.2788,1.0,1.0,0.0,1.0,5.0,6.0,2.555,7.0,5.0,3.25
A,0,6011004034939359,-7.5616,1.0,1.0,0.0,1.0,5.0,6.0,2.6556,7.0,4.0,3.5625
A,0,5105105214066048,-7.6025,1.0,1.0,0.0,1.0,3.0,5.0,2.6556,7.0,4.0,3.0
A,0,6011005890883380,-7.6223,1.0,1.0,0.0,1.0,5.0,6.0,2.5244,7.0,5.0,3.75
A,0,4532019807060690,-7.2461,1.0,1.0,0.0,1.0,2.0,4.0,3.0244,10.0,5.0,3.75
A,0,4532018159647284,-7.1665,1.0,1.0,0.0,1.0,2.0,4.0,3.2028,10.0,3.0,4.3125
A,0,5105105437912520,0.8896,1.0,1.0,1.0,1.0,3.0,5.0,2.7806,8.0,4.0,3.125
A,0,4111118266983569,-7.1025,1.0,1.0,0.0,1.0,0.0,4.0,2.7272,8.0,5.0,4.4375
A,0,4242429047542032,-7.1712,1.0,1.0,0.0,1.0,1.0,4.0,2.4238,7.0,5.0,3.375
A,0,4532013115387052,-7.756,1.0,1.0,0.0,1.0,2.0,4.0,2.8585,8.0,3.0,3.125
A,0,4532017965721031,1.7303,1.0,1.0,1.0,1.0,2.0,4.0,3.0778,9.0,3.0,3.5
A,0,5555551176742800,-6.934,1.0,1.0,0.0,1.0,4.0,5.0,2.6556,8.0,6.0,4.125
A,0,4532017236567015,2.2082,1.0,1.0,1.0,1.0,2.0,4.0,2.9528,8.0,3.0,3.5625
A,0,6011009577376730,-7.2113,1.0,1.0,0.0,1.0,5.0,6.0,2.625,7.0,4.0,3.875
A,0,4111118248055126,-7.3952,1.0,1.0,0.0,1.0,0.0,4.0,2.5306,7.0,6.0,3.125
A,0,6011002072573879,-7.5675,1.0,1.0,0.0,1.0,5.0,6.0,2.9528,9.0,4.0,3.625
A,0,4532010369642076,-7.4244,1.0,1.0,0.0,1.0,2.0,4.0,3.0306,9.0,3.0,3.625
A,0,6011004340628712,-7.4928,1.0,1.0,0.0,1.0,5.0,6.0,2.8278,8.0,4.0,2.8125
A,0,4111110762505221,-7.042,1.0,1.0,0.0,1.0,0.0,4.0,2.4835,7.0,6.0,2.4375
A,0,4532013966570080,-7.5474,1.0,1.0,0.0,1.0,2.0,4.0,3.125,10.0,4.0,3.6875
A,0,5105101968673849,-8.122,1.0,1.0,0.0,1.0,3.0,5.0,3.0778,9.0,3.0,4.5625
A,0,6011008055202082,-7.2112,1.0,1.0,0.0,1.0,5.0,6.0,2.3585,6.0,6.0,2.5
A,0,6011003515980082,1.1754,1.0,1.0,1.0,1.0,5.0,6.0,2.7272,8.0,5.0,3.0625
A,0,4111113492611522,-8.0212,1.0,1.0,0.0,1.0,0.0,4.0,2.3496,7.0,7.0,2.75
A,0,4111112407002064,-7.8077,1.0,1.0,0.0,1.0,0.0,4.0,2.3522,6.0,5.0,2.125
A,0,4242426467041895,-6.6098,1.0,1.0,0.0,1.0,1.0,4.0,2.8522,9.0,5.0,4.25
A,0,4532015541453902,-7.4358,1.0,1.0,0.0,1.0,2.0,4.0,2.7028,7.0,4.0,3.3125
A,0,5555553506647499,-8.1303,1.0,1.0,0.0,1.0,4.0,5.0,2.3968,7.0,7.0,5.1875
A,0,5555556354333385,-8.3563,1.0,1.0,0.0,1.0,4.0,5.0,1.7744,5.0,8.0,4.5625
A,0,5105107300430501,-7.9131,1.0,1.0,0.0,1.0,3.0,5.0,2.3113,6.0,6.0,2.1875
A,0,4532018035572437,-7.3323,1.0,1.0,0.0,1.0,2.0,4.0,2.9056,8.0,3.0,3.6875
A,0,6011008363031595,-7.7177,1.0,1.0,0.0,1.0,5.0,6.0,2.6556,7.0,4.0,3.1875
A,0,6011001506247371,-7.2192,1.0,1.0,0.0,1.0,5.0,6.0,2.75,8.0,4.0,2.75
A,0,6011005221070861,-7.2479,1.0,1.0,0.0,1.0,5.0,6.0,2.5244,7.0,5.0,2.5
A,0,4242421059907145,2.6073,1.0,1.0,1.0,1.0,1.0,4.0,2.7028,7.0,4.0,3.6875
A,0,6011000060257822,-7.0833,1.0,1.0,0.0,1.0,5.0,6.0,2.4835,7.0,6.0,2.5
A,0,4111119205757886,-7.3546,1.0,1.0,0.0,1.0,0.0,4.0,2.8994,9.0,5.0,4.125
A,0,5105108151809151,-7.4352,1.0,1.0,0.0,1.0,3.0,5.0,2.1085,5.0,6.0,3.1875
A,0,6011003174614095,-7.4936,1.0,1.0,0.0,1.0,5.0,6.0,2.75,8.0,4.0,3.0
A,0,4532019643432225,-7.4879,1.0,1.0,0.0,1.0,2.0,4.0,2.7806,8.0,4.0,3.4375
A,0,6011004787108695,-7.1033,1.0,1.0,0.0,1.0,5.0,6.0,2.8278,8.0,4.0,3.9375
A,0,4111113290903177,2.8786,1.0,1.0,1.0,1.0,0.0,4.0,2.5306,7.0,6.0,3.125
A,0,4532015808161937,-7.1305,1.0,1.0,0.0,1.0,2.0,4.0,3.2028,10.0,3.0,3.9375
A,0,5555556904147419,2.1093,1.0,1.0,1.0,1.0,4.0,5.0,2.4835,7.0,6.0,4.6875
A,0,5555550312636095,-6.8056,1.0,1.0,0.0,1.0,4.0,5.0,2.3968,7.0,7.0,4.0625
A,0,6011005689253685,-6.9969,1.0,1.0,0.0,1.0,5.0,6.0,2.8585,8.0,3.0,4.0625
A,0,4242426443673547,-7.0259,1.0,1.0,0.0,1.0,1.0,4.0,2.3585,6.0,6.0,4.1875
A,0,5105108139534599,-7.3081,1.0,1.0,0.0,1.0,3.0,5.0,2.6556,7.0,4.0,4.25
A,0,4242423463241945,-6.8901,1.0,1.0,0.0,1.0,1.0,4.0,2.4056,7.0,6.0,3.6875
A,0,4111114256909725,-6.6608,1.0,1.0,0.0,1.0,0.0,4.0,2.7744,8.0,5.0,3.625
A,0,5105101128308545,-7.2721,1.0,1.0,0.0,1.0,3.0,5.0,2.5778,7.0,4.0,3.0625
A,0,5105102699641579,-7.2587,1.0,1.0,0.0,1.0,3.0,5.0,2.8585,8.0,3.0,4.375
A,0,5555556496366437,-8.2236,1.0,1.0,0.0,1.0,4.0,5.0,2.2806,6.0,6.0,5.25
A,0,6011005799742427,1.2958,1.0,1.0,1.0,1.0,5.0,6.0,2.9056,8.0,3.0,4.0
A,0,4242426516506982,-7.0143,1.0,1.0,0.0,1.0,1.0,4.0,2.7806,8.0,4.0,4.125
A,0,4242425220787509,-6.5362,1.0,1.0,0.0,1.0,1.0,4.0,2.6022,7.0,5.0,3.9375
A,0,4111118387922480,-6.7558,1.0,1.0,0.0,1.0,0.0,4.0,2.7272,8.0,5.0,3.75
A,0,4242422728558149,-6.9737,1.0,1.0,0.0,1.0,1.0,4.0,2.5244,7.0,5.0,4.3125
A,0,5555559454295419,-9.2102,1.0,1.0,0.0,1.0,4.0,5.0,1.9056,5.0,8.0,5.125
A,0,5555554202419491,-6.7249,1.0,1.0,0.0,1.0,4.0,5.0,2.3585,6.0,6.0,4.125
A,0,6011009389846154,-7.1573,1.0,1.0,0.0,1.0,5.0,6.0,2.9056,8.0,3.0,4.0625
A,0,5105109455624021,-7.9226,1.0,1.0,0.0,1.0,3.0,5.0,2.6556,7.0,4.0,3.125
A,0,4242424321492168,-6.8601,1.0,1.0,0.0,1.0,1.0,4.0,2.4238,7.0,5.0,3.625
A,0,6011007056876874,-7.3408,1.0,1.0,0.0,1.0,5.0,6.0,2.6556,7.0,4.0,4.125
A,0,4111117996802436,-7.2059,1.0,1.0,0.0,1.0,0.0,4.0,2.8994,9.0,5.0,3.9375
A,0,5555552602950640,-6.3205,1.0,1.0,0.0,1.0,4.0,5.0,2.2246,6.0,7.0,4.0
A,0,4242422618603044,-7.6749,1.0,1.0,0.0,1.0,1.0,4.0,2.5244,7.0,5.0,3.25
A,0,4532016920778816,-7.1665,1.0,1.0,0.0,1.0,2.0,4.0,3.25,10.0,2.0,4.3125
A,0,4111110778086399,-6.5782,1.0,1.0,0.0,1.0,0.0,4.0,2.7744,8.0,5.0,4.125
A,0,4111112467494074,-6.875,1.0,1.0,0.0,1.0,0.0,4.0,2.4238,7.0,5.0,3.5
A,0,5105105648842964,-7.0793,1.0,1.0,0.0,1.0,3.0,5.0,2.9056,8.0,3.0,4.25
A,0,4111116818853239,-6.5473,1.0,1.0,0.0,1.0,0.0,4.0,2.6085,8.0,6.0,3.875
A,0,5105104581299537,1.8351,1.0,1.0,1.0,1.0,3.0,5.0,2.9528,9.0,4.0,4.0625
A,0,6011004128858603,-7.7967,1.0,1.0,0.0,1.0,5.0,6.0,2.7806,8.0,4.0,3.3125
A,0,5105100790483664,1.7807,1.0,1.0,1.0,1.0,3.0,5.0,3.0,9.0,4.0,3.6875
A,0,4111113802995986,-6.5672,1.0,1.0,0.0,1.0,0.0,4.0,2.8522,9.0,5.0,4.25
A,0,5105104647663519,-6.8719,1.0,1.0,0.0,1.0,3.0,5.0,2.8585,8.0,3.0,3.9375
A,0,4111118225144392,-6.8835,1.0,1.0,0.0,1.0,0.0,4.0,2.4363,7.0,6.0,3.0625
A,0,4111112148957088,3.0903,1.0,1.0,1.0,1.0,0.0,4.0,2.6085,8.0,6.0,3.8125
A,0,6011004934783503,0.7433,1.0,1.0,1.0,1.0,5.0,6.0,2.9528,9.0,4.0,3.375
A,0,4242428108742467,-7.0771,1.0,1.0,0.0,1.0,1.0,4.0,2.5244,7.0,5.0,4.0625
A,0,4242426929845046,-7.2986,1.0,1.0,0.0,1.0,1.0,4.0,2.5244,7.0,5.0,4.4375
A,0,6011003977713821,-7.8068,1.0,1.0,0.0,1.0,5.0,6.0,2.7806,8.0,4.0,3.5
A,0,4242429804752779,-7.4731,1.0,1.0,0.0,1.0,1.0,4.0,2.5778,7.0,4.0,4.75
A,0,4242429644525841,-6.6125,1.0,1.0,0.0,1.0,1.0,4.0,2.4056,7.0,6.0,4.125
A,0,4111110401499707,1.7901,1.0,1.0,1.0,1.0,0.0,4.0,2.1863,5.0,6.0,3.125
A,0,5555553445618442,-7.2138,1.0,1.0,0.0,1.0,4.0,5.0,2.2718,7.0,7.0,4.4375
A,0,6011009208388586,-7.0377,1.0,1.0,0.0,1.0,5.0,6.0,2.75,8.0,4.0,4.0625
A,0,4532017575087114,-7.1719,1.0,1.0,0.0,1.0,2.0,4.0,2.8585,8.0,3.0,3.75
A,0,4532013927230108,-7.715,1.0,1.0,0.0,1.0,2.0,4.0,2.9835,9.0,3.0,3.125
A,0,4532012007608559,-7.7063,1.0,1.0,0.0,1.0,2.0,4.0,3.0778,10.0,4.0,3.5625
A,0,6011000931741567,-7.5762,1.0,1.0,0.0,1.0,5.0,6.0,2.75,8.0,4.0,3.1875
A,0,6011002168870443,-7.7274,1.0,1.0,0.0,1.0,5.0,6.0,2.8278,8.0,4.0,3.1875
A,0,4242426101461342,-7.63,1.0,1.0,0.0,1.0,1.0,4.0,2.3522,6.0,5.0,2.875
A,0,5555553907275975,-8.6875,1.0,1.0,0.0,1.0,4.0,5.0,2.0778,6.0,8.0,5.25
A,0,4242425881110386,-7.0036,1.0,1.0,0.0,1.0,1.0,4.0,2.8113,8.0,3.0,3.6875
A,0,5555556953222092,-6.9229,1.0,1.0,0.0,1.0,4.0,5.0,2.1468,6.0,7.0,4.375
A,0,4242426386540738,-6.934,1.0,1.0,0.0,1.0,1.0,4.0,2.8278,8.0,4.0,4.25
A,0,5105105744223828,-7.5109,1.0,1.0,0.0,1.0,3.0,5.0,2.9056,8.0,3.0,3.5625
A,0,4532015768655277,-7.6783,1.0,1.0,0.0,1.0,2.0,4.0,2.9528,9.0,4.0,4.5625
A,0,4242428916917844,-7.4285,1.0,1.0,0.0,1.0,1.0,4.0,2.6022,7.0,5.0,4.6875
A,0,4111115580177661,-6.9852,1.0,1.0,0.0,1.0,0.0,4.0,2.3968,7.0,7.0,3.4375
A,0,4111113806884317,3.0027,1.0,1.0,1.0,1.0,0.0,4.0,2.4835,7.0,6.0,3.5625
A,0,5555557570492774,1.634,1.0,1.0,1.0,1.0,4.0,5.0,2.1468,6.0,7.0,5.125
A,0,5105108022718187,1.7423,1.0,1.0,1.0,1.0,3.0,5.0,2.5306,6.0,4.0,3.5
A,0,5555555613347811,-7.2321,1.0,1.0,0.0,1.0,4.0,5.0,2.3496,7.0,7.0,4.3125
A,0,5105109363855618,-7.2857,1.0,1.0,0.0,1.0,3.0,5.0,2.7028,7.0,4.0,4.125
A,0,4111110642128316,-7.3183,1.0,1.0,0.0,1.0,0.0,4.0,2.3968,7.0,7.0,2.625
A,0,4532019007560009,-6.8847,1.0,1.0,0.0,1.0,2.0,4.0,2.7806,9.0,6.0,3.1875
A,0,4532013052489197,-7.0346,1.0,1.0,0.0,1.0,2.0,4.0,3.125,9.0,2.0,3.9375
A,0,4242428872076970,-7.7134,1.0,1.0,0.0,1.0,1.0,4.0,2.6556,7.0,4.0,4.5
A,0,4111110794909489,-7.4487,1.0,1.0,0.0,1.0,0.0,4.0,2.3522,6.0,5.0,4.25
A,0,4532017651749291,-6.9052,1.0,1.0,0.0,1.0,2.0,4.0,3.0778,9.0,3.0,4.125
A,0,4111118242348398,-6.6799,1.0,1.0,0.0,1.0,0.0,4.0,2.43,6.0,5.0,3.75
A,0,5555551927209922,-7.9634,1.0,1.0,0.0,1.0,4.0,5.0,2.2335,6.0,6.0,4.5625
A,0,4111118313022772,2.8449,1.0,1.0,1.0,1.0,0.0,4.0,2.4835,7.0,6.0,2.75
A,0,4532019462003018,-8.0051,1.0,1.0,0.0,1.0,2.0,4.0,3.0,9.0,4.0,3.0
A,0,4111118687544405,-7.2541,1.0,1.0,0.0,1.0,0.0,4.0,2.5244,7.0,5.0,3.75
A,0,5105104168027834,-7.9482,1.0,1.0,0.0,1.0,3.0,5.0,3.0306,9.0,3.0,3.4375
A,0,5105102775158458,-6.6376,1.0,1.0,0.0,1.0,3.0,5.0,2.6022,7.0,5.0,4.0
A,0,4242429412055297,-6.9545,1.0,1.0,0.0,1.0,1.0,4.0,2.5244,7.0,5.0,3.875
A,0,6011006080850306,-7.2975,1.0,1.0,0.0,1.0,5.0,6.0,2.2246,6.0,7.0,2.75
A,0,5105103279184395,-7.1628,1.0,1.0,0.0,1.0,3.0,5.0,3.0306,9.0,3.0,3.9375
A,0,5105102975237072,-7.792,1.0,1.0,0.0,1.0,3.0,5.0,2.6863,7.0,3.0,3.5
A,0,6011006964684912,-7.2938,1.0,1.0,0.0,1.0,5.0,6.0,2.6556,7.0,4.0,3.9375
A,0,5105106701739071,-7.2672,1.0,1.0,0.0,1.0,3.0,5.0,2.5778,7.0,4.0,3.3125
A,0,4111117736913204,-6.8869,1.0,1.0,0.0,1.0,0.0,4.0,2.6556,8.0,6.0,3.1875
A,0,5555550595312920,-6.9134,1.0,1.0,0.0,1.0,4.0,5.0,2.125,6.0,8.0,4.125
A,0,4111110503225795,-6.5878,1.0,1.0,0.0,1.0,0.0,4.0,2.7272,8.0,5.0,2.9375
A,0,4242420876380292,-6.84,1.0,1.0,0.0,1.0,1.0,4.0,2.7272,8.0,5.0,3.9375
A,0,4111112934691120,-7.2691,1.0,1.0,0.0,1.0,0.0,4.0,2.3968,7.0,7.0,2.875
A,0,6011006722378760,-7.65,1.0,1.0,0.0,1.0,5.0,6.0,2.6556,7.0,4.0,3.5
A,0,4532019208240901,-7.646,1.0,1.0,0.0,1.0,2.0,4.0,2.8278,8.0,4.0,3.125
A,0,4242425640545791,-6.8261,1.0,1.0,0.0,1.0,1.0,4.0,2.68,8.0,5.0,4.0
A,0,5105105470457464,-6.8663,1.0,1.0,0.0,1.0,3.0,5.0,2.4528,6.0,4.0,3.625
A,0,4111116644443947,-6.8418,1.0,1.0,0.0,1.0,0.0,4.0,2.18,6.0,6.0,3.75
A,0,5105101996629713,-6.999,1.0,1.0,0.0,1.0,3.0,5.0,2.8278,8.0,4.0,4.0625
A,0,4111115407463549,-6.7844,1.0,1.0,0.0,1.0,0.0,4.0,2.6494,8.0,5.0,3.5
A,0,5555556968209330,-8.0095,1.0,1.0,0.0,1.0,4.0,5.0,2.5306,7.0,6.0,4.75
A,0,4242426707659957,-8.1079,1.0,1.0,0.0,1.0,1.0,4.0,2.7335,7.0,3.0,4.9375
A,0,4111111349691449,-7.5976,1.0,1.0,0.0,1.0,0.0,4.0,1.9746,5.0,7.0,3.6875
A,0,5105105391960693,-7.5848,1.0,1.0,0.0,1.0,3.0,5.0,2.5613,6.0,3.0,3.9375
A,0,6011002842951501,0.9518,1.0,1.0,1.0,1.0,5.0,6.0,2.75,8.0,4.0,2.8125
A,0,4111112967124143,-7.3907,1.0,1.0,0.0,1.0,0.0,4.0,2.3496,7.0,7.0,3.0
A,0,4532017327842290,-7.5893,1.0,1.0,0.0,1.0,2.0,4.0,3.0,9.0,4.0,3.6875
A,0,5105100661597033,-7.6851,1.0,1.0,0.0,1.0,3.0,5.0,2.6556,7.0,4.0,3.25
A,0,5105103222930262,-6.8975,1.0,1.0,0.0,1.0,3.0,5.0,2.6022,7.0,5.0,2.6875
A,0,6011006991545185,-7.3537,1.0,1.0,0.0,1.0,5.0,6.0,2.6556,7.0,4.0,3.8125
A,0,5555554032956827,0.3244,1.0,1.0,1.0,1.0,4.0,5.0,2.6468,9.0,7.0,4.75
A,0,4111113434863212,1.7222,1.0,1.0,1.0,1.0,0.0,4.0,2.3113,6.0,6.0,2.8125
A,0,4242423164814986,-6.4798,1.0,1.0,0.0,1.0,1.0,4.0,2.6022,7.0,5.0,4.25
A,0,4111119184646944,-6.777,1.0,1.0,0.0,1.0,0.0,4.0,2.055,5.0,6.0,4.0
A,0,4532012947606445,-7.0766,1.0,1.0,0.0,1.0,2.0,4.0,3.0,9.0,4.0,3.875
A,0,6011004962028018,-7.1593,1.0,1.0,0.0,1.0,5.0,6.0,2.6022,7.0,5.0,3.0
A,0,4532016081569912,-6.6397,1.0,1.0,0.0,1.0,2.0,4.0,3.0778,9.0,3.0,3.875
A,0,4242425955498351,-6.9791,1.0,1.0,0.0,1.0,1.0,4.0,2.5778,7.0,4.0,4.5
A,0,5105104186108391,-7.2999,1.0,1.0,0.0,1.0,3.0,5.0,2.7272,8.0,5.0,3.3125
A,0,6011002556069560,-7.6081,1.0,1.0,0.0,1.0,5.0,6.0,2.3522,6.0,5.0,3.25
A,0,4111112386598380,-6.3229,1.0,1.0,0.0,1.0,0.0,4.0,2.8522,9.0,5.0,3.8125
A,0,4532014662276478,-6.8496,1.0,1.0,0.0,1.0,2.0,4.0,2.9835,9.0,3.0,4.1875
A,0,5105106172548326,-7.9482,1.0,1.0,0.0,1.0,3.0,5.0,3.0306,9.0,3.0,3.5
A,0,6011007966267237,-7.2938,1.0,1.0,0.0,1.0,5.0,6.0,2.6556,7.0,4.0,3.9375
A,0,6011007061541812,-6.8786,1.0,1.0,0.0,1.0,5.0,6.0,2.6494,8.0,5.0,2.6875
A,0,4242421234842714,-7.2322,1.0,1.0,0.0,1.0,1.0,4.0,2.18,6.0,6.0,3.375
A,0,5555550070598174,0.9965,1.0,1.0,1.0,1.0,4.0,5.0,2.3496,7.0,7.0,4.4375
A,0,6011007595591973,-7.2955,1.0,1.0,0.0,1.0,5.0,6.0,2.6863,7.0,3.0,4.25
A,0,6011002927707735,-7.3741,1.0,1.0,0.0,1.0,5.0,6.0,2.75,8.0,4.0,3.5625
A,0,5105103403593718,-7.5033,1.0,1.0,0.0,1.0,3.0,5.0,2.8113,8.0,3.0,3.4375
A,0,6011005166777372,-7.4936,1.0,1.0,0.0,1.0,5.0,6.0,2.6085,7.0,4.0,3.6875
A,0,5105104022553563,-6.8783,1.0,1.0,0.0,1.0,3.0,5.0,2.6022,7.0,5.0,2.9375
A,0,4111113417324372,0.9,1.0,1.0,1.0,1.0,0.0,4.0,2.1863,5.0,6.0,2.8125
A,0,4111119212462019,-7.6244,1.0,1.0,0.0,1.0,0.0,4.0,2.2246,6.0,7.0,2.8125
A,0,4111117552058443,-6.9684,1.0,1.0,0.0,1.0,0.0,4.0,2.68,8.0,5.0,3.25
A,0,5105103158478630,-7.3506,1.0,1.0,0.0,1.0,3.0,5.0,2.8585,8.0,3.0,3.5625
A,0,4532015875384352,-6.9508,1.0,1.0,0.0,1.0,2.0,4.0,2.8278,8.0,4.0,4.0625
A,0,4532019488420591,-6.9051,1.0,1.0,0.0,1.0,2.0,4.0,2.9528,8.0,3.0,4.0625
A,0,6011008478919490,-7.3408,1.0,1.0,0.0,1.0,5.0,6.0,2.6556,7.0,4.0,4.1875
A,0,4242429045301411,-6.7258,1.0,1.0,0.0,1.0,1.0,4.0,2.555,7.0,5.0,2.875
A,0,4111114430688880,-7.1453,1.0,1.0,0.0,1.0,0.0,4.0,2.3522,6.0,5.0,3.625
A,0,4111118348659145,-6.7228,1.0,1.0,0.0,1.0,0.0,4.0,2.4835,7.0,6.0,3.875
A,0,5105109278528480,-6.9189,1.0,1.0,0.0,1.0,3.0,5.0,2.8585,8.0,3.0,4.0625
A,0,6011006792554524,-7.5889,1.0,1.0,0.0,1.0,5.0,6.0,2.9056,8.0,3.0,3.5625
A,0,6011003030422008,-1.0361,1.0,1.0,1.0,1.0,5.0,6.0,2.3968,7.0,7.0,1.875
A,0,4532017939562020,-7.4244,1.0,1.0,0.0,1.0,2.0,4.0,3.0306,9.0,3.0,3.625
A,0,4111113480330863,-7.1071,1.0,1.0,0.0,1.0,0.0,4.0,2.3994,6.0,5.0,2.9375
A,0,4242424160929214,2.2441,1.0,1.0,1.0,1.0,1.0,4.0,2.2988,6.0,5.0,3.5
A,0,4532015729088239,-6.8942,1.0,1.0,0.0,1.0,2.0,4.0,3.0778,9.0,3.0,4.25
A,0,4532010555729770,-6.8537,1.0,1.0,0.0,1.0,2.0,4.0,2.7806,8.0,4.0,3.875
A,0,5555551918659526,-8.4323,1.0,1.0,0.0,1.0,4.0,5.0,2.125,6.0,8.0,5.125
A,0,5105107108946184,-7.3498,1.0,1.0,0.0,1.0,3.0,5.0,2.8278,8.0,4.0,3.75
A,0,4532018472601336,1.4734,1.0,1.0,1.0,1.0,2.0,4.0,3.0778,9.0,3.0,3.4375
A,0,4111118300080652,-6.7156,1.0,1.0,0.0,1.0,0.0,4.0,2.6494,8.0,5.0,2.5625
A,0,5555556939292781,-8.2102,1.0,1.0,0.0,1.0,4.0,5.0,2.6085,8.0,6.0,5.375
A,0,4532011393274434,-7.2673,1.0,1.0,0.0,1.0,2.0,4.0,2.75,8.0,4.0,3.4375
A,0,4111115185072131,-7.2184,1.0,1.0,0.0,1.0,0.0,4.0,2.375,8.0,8.0,2.625
A,0,4532011916114127,-6.7552,1.0,1.0,0.0,1.0,2.0,4.0,2.7806,9.0,6.0,3.0
A,0,4532014788943690,-8.0011,1.0,1.0,0.0,1.0,2.0,4.0,3.2028,10.0,3.0,4.5625
A,0,5105106582607611,-7.7304,1.0,1.0,0.0,1.0,3.0,5.0,2.6085,7.0,4.0,3.375
A,0,4532014395801866,-7.0816,1.0,1.0,0.0,1.0,2.0,4.0,3.125,9.0,2.0,4.0625
A,0,4242428158240697,-6.9657,1.0,1.0,0.0,1.0,1.0,4.0,2.875,9.0,4.0,4.25
A,0,5555554753163322,1.2959,1.0,1.0,1.0,1.0,4.0,5.0,2.3496,7.0,7.0,4.125
A,0,5555557842548022,-7.0034,1.0,1.0,0.0,1.0,4.0,5.0,2.2246,6.0,7.0,4.5
A,0,6011004879250268,-7.9082,1.0,1.0,0.0,1.0,5.0,6.0,3.0,9.0,4.0,3.6875
A,0,4532016661397241,-7.4244,1.0,1.0,0.0,1.0,2.0,4.0,3.0306,9.0,3.0,3.75
A,0,6011002634169871,-7.8038,1.0,1.0,0.0,1.0,5.0,6.0,2.9056,9.0,4.0,3.4375
A,0,6011007467411910,-7.2678,1.0,1.0,0.0,1.0,5.0,6.0,2.3994,6.0,5.0,3.0
A,0,5555555564560129,-8.2475,1.0,1.0,0.0,1.0,4.0,5.0,2.0919,7.0,9.0,4.5625
A,0,5555556417396710,-7.9469,1.0,1.0,0.0,1.0,4.0,5.0,2.6556,8.0,6.0,4.625
A,0,4242429841176831,-7.0143,1.0,1.0,0.0,1.0,1.0,4.0,2.7806,8.0,4.0,4.125
A,0,6011004781660413,-7.3047,1.0,1.0,0.0,1.0,5.0,6.0,2.5778,7.0,4.0,3.0
A,0,6011008540287329,-8.5468,1.0,1.0,0.0,1.0,5.0,6.0,3.125,10.0,4.0,3.5
A,0,4532019291733128,2.6438,1.0,1.0,1.0,1.0,2.0,4.0,2.9835,9.0,3.0,3.75
A,0,4111110834695626,-6.7757,1.0,1.0,0.0,1.0,0.0,4.0,2.8522,9.0,5.0,3.625
A,0,4532019402900326,-7.646,1.0,1.0,0.0,1.0,2.0,4.0,2.8278,8.0,4.0,3.125
A,0,4532013902793228,-7.2486,1.0,1.0,0.0,1.0,2.0,4.0,2.9528,9.0,4.0,3.75
A,0,4532012379529547,-6.8941,1.0,1.0,0.0,1.0,2.0,4.0,2.9056,8.0,3.0,4.25
A,0,4242428743882714,-8.0332,1.0,1.0,0.0,1.0,1.0,4.0,2.3522,6.0,5.0,4.375
A,0,4111111142352166,-7.6063,1.0,1.0,0.0,1.0,0.0,4.0,2.125,6.0,8.0,2.5
A,0,4242429310767259,-7.1477,1.0,1.0,0.0,1.0,1.0,4.0,2.9528,9.0,4.0,4.1875
A,0,4111116977074535,3.2547,1.0,1.0,1.0,1.0,0.0,4.0,2.7272,8.0,5.0,3.875
A,0,6011003888360644,-6.8861,1.0,1.0,0.0,1.0,5.0,6.0,2.5306,6.0,4.0,3.625
A,0,6011002526293439,-7.8297,1.0,1.0,0.0,1.0,5.0,6.0,2.9056,8.0,3.0,3.3125
A,0,6011003564637452,-7.8297,1.0,1.0,0.0,1.0,5.0,6.0,2.9056,8.0,3.0,3.3125
A,0,6011009271142787,-7.8068,1.0,1.0,0.0,1.0,5.0,6.0,2.7806,8.0,4.0,3.5
A,0,5105104226377745,-7.5254,1.0,1.0,0.0,1.0,3.0,5.0,2.9056,8.0,3.0,3.6875
A,0,5105109546665755,1.0072,1.0,1.0,1.0,1.0,3.0,5.0,2.4835,7.0,6.0,4.375
A,0,5105105525429213,1.5421,1.0,1.0,1.0,1.0,3.0,5.0,2.555,7.0,5.0,3.125
A,0,4111117862519026,-6.7778,1.0,1.0,0.0,1.0,0.0,4.0,2.7806,9.0,6.0,3.4375
A,0,4532015536919415,1.5889,1.0,1.0,1.0,1.0,2.0,4.0,2.8278,8.0,4.0,3.9375
A,0,5555555299809962,-8.5628,1.0,1.0,0.0,1.0,4.0,5.0,2.1468,6.0,7.0,5.5625
A,0,6011003219888418,-7.566,1.0,1.0,0.0,1.0,5.0,6.0,2.7028,8.0,4.0,3.75
A,0,4111111065405991,-7.0843,1.0,1.0,0.0,1.0,0.0,4.0,2.2718,6.0,7.0,3.0625
A,0,5105108894501439,-6.6686,1.0,1.0,0.0,1.0,3.0,5.0,2.7335,7.0,3.0,3.9375
A,0,4111117786662341,-7.123,1.0,1.0,0.0,1.0,0.0,4.0,2.4835,7.0,6.0,3.6875
A,0,6011007644786612,-7.5761,1.0,1.0,0.0,1.0,5.0,6.0,2.6556,7.0,4.0,3.6875
A,0,4532010826067857,-6.8647,1.0,1.0,0.0,1.0,2.0,4.0,3.0778,9.0,3.0,4.0
A,0,4111116683097223,-7.4102,1.0,1.0,0.0,1.0,0.0,4.0,2.8994,9.0,5.0,3.4375
A,0,5555550389823684,-8.1924,1.0,1.0,0.0,1.0,4.0,5.0,2.6085,8.0,6.0,5.0625
A,0,5555552224331875,-7.2321,1.0,1.0,0.0,1.0,4.0,5.0,2.3496,7.0,7.0,4.1875
A,0,4242423581234074,-6.8618,1.0,1.0,0.0,1.0,1.0,4.0,2.6494,8.0,5.0,3.4375
A,0,6011004083410334,-7.1783,1.0,1.0,0.0,1.0,5.0,6.0,2.3829,6.0,5.0,2.375
A,0,6011000773375473,-7.4277,1.0,1.0,0.0,1.0,5.0,6.0,2.5778,7.0,4.0,3.375
A,0,4242425292748999,-7.9093,1.0,1.0,0.0,1.0,1.0,4.0,2.2744,6.0,5.0,5.125
A,0,5105108612808651,-7.152,1.0,1.0,0.0,1.0,3.0,5.0,2.4835,6.0,4.0,3.5625
A,0,5555555458345110,-8.5776,1.0,1.0,0.0,1.0,4.0,5.0,1.9669,6.0,9.0,4.125
A,0,6011008358979996,-9.2102,1.0,1.0,0.0,1.0,5.0,6.0,2.8278,8.0,4.0,5.0625
A,0,4111114790437029,-6.9172,1.0,1.0,0.0,1.0,0.0,4.0,2.6022,7.0,5.0,3.375
A,0,5555550594610736,-7.6162,1.0,1.0,0.0,1.0,4.0,5.0,2.5218,8.0,7.0,4.4375
A,0,4242422348585841,1.4529,1.0,1.0,1.0,1.0,1.0,4.0,2.3522,6.0,5.0,4.125
A,0,4111117951358932,-6.8093,1.0,1.0,0.0,1.0,0.0,4.0,2.6556,8.0,6.0,3.8125
A,0,4111117482263515,-6.8869,1.0,1.0,0.0,1.0,0.0,4.0,2.6556,8.0,6.0,3.25
A,0,4532017091653341,-7.8728,1.0,1.0,0.0,1.0,2.0,4.0,3.0306,9.0,3.0,3.375
A,0,4532013239044190,-7.5336,1.0,1.0,0.0,1.0,2.0,4.0,2.7335,7.0,3.0,3.125
A,0,4242427839088497,-8.3029,1.0,1.0,0.0,1.0,1.0,4.0,2.6556,7.0,4.0,5.0625
A,0,4111110598801385,-7.2386,1.0,1.0,0.0,1.0,0.0,4.0,2.4835,7.0,6.0,3.5
A,0,4532015266634037,-7.3178,1.0,1.0,0.0,1.0,2.0,4.0,2.9056,8.0,3.0,3.5625
A,0,5555555867180530,-7.889,1.0,1.0,0.0,1.0,4.0,5.0,2.25,7.0,8.0,4.5625
A,0,4532017460755809,-7.1775,1.0,1.0,0.0,1.0,2.0,4.0,3.1556,10.0,3.0,4.125
A,0,5555556758347273,-8.3505,1.0,1.0,0.0,1.0,4.0,5.0,2.3496,7.0,7.0,5.125
A,0,4111116970344459,-6.7105,1.0,1.0,0.0,1.0,0.0,4.0,2.6494,8.0,5.0,3.75
A,0,4532015699398201,-7.0509,1.0,1.0,0.0,1.0,2.0,4.0,3.0778,9.0,3.0,4.1875
A,0,4242427030877635,-6.6985,1.0,1.0,0.0,1.0,1.0,4.0,2.8585,8.0,3.0,4.0
A,0,4242422679953731,-7.2514,1.0,1.0,0.0,1.0,1.0,4.0,2.8278,8.0,4.0,4.375
A,0,5555554067092401,-6.8621,1.0,1.0,0.0,1.0,4.0,5.0,2.6085,8.0,6.0,3.9375
A,0,4111117195196469,-6.2832,1.0,1.0,0.0,1.0,0.0,4.0,2.2246,6.0,7.0,4.125
A,0,4111111834679501,3.0425,1.0,1.0,1.0,1.0,0.0,4.0,2.6468,9.0,7.0,3.3125
A,0,5555557075896940,-8.3275,1.0,1.0,0.0,1.0,4.0,5.0,2.3968,7.0,7.0,5.3125
A,0,5105107697556102,-7.5434,1.0,1.0,0.0,1.0,3.0,5.0,2.6556,7.0,4.0,3.75
A,0,5105102298129414,-7.8136,1.0,1.0,0.0,1.0,3.0,5.0,2.7028,7.0,4.0,3.375
A,0,4242420546705032,-7.3025,1.0,1.0,0.0,1.0,1.0,4.0,2.5778,7.0,4.0,3.125
A,0,6011008022686968,-6.3931,1.0,1.0,0.0,1.0,5.0,6.0,2.4528,6.0,4.0,3.9375
A,0,4242425890477287,-7.3498,1.0,1.0,0.0,1.0,1.0,4.0,2.5778,7.0,4.0,4.6875
A,0,4532014332996533,-6.516,1.0,1.0,0.0,1.0,2.0,4.0,2.7744,8.0,5.0,3.875
A,0,4532018494356485,-7.216,1.0,1.0,0.0,1.0,2.0,4.0,2.9528,9.0,4.0,4.4375
A,0,4532014329558700,-7.4244,1.0,1.0,0.0,1.0,2.0,4.0,3.0306,9.0,3.0,3.625
A,0,4111117616915500,2.7885,1.0,1.0,1.0,1.0,0.0,4.0,2.3968,7.0,7.0,3.0625
A,0,4111117328420113,-7.425,1.0,1.0,0.0,1.0,0.0,4.0,2.3968,7.0,7.0,2.5
A,0,4111110734835771,-7.3801,1.0,1.0,0.0,1.0,0.0,4.0,2.4835,7.0,6.0,3.375
A,0,5555551069564643,-8.2451,1.0,1.0,0.0,1.0,4.0,5.0,2.3496,7.0,7.0,4.625
A,0,4532010370586795,-7.1775,1.0,1.0,0.0,1.0,2.0,4.0,3.1556,10.0,3.0,4.0625
A,0,4532019820854148,2.5704,1.0,1.0,1.0,1.0,2.0,4.0,2.9056,8.0,3.0,4.0
A,0,6011002202469157,-7.184,1.0,1.0,0.0,1.0,5.0,6.0,2.7806,8.0,4.0,2.875
A,0,5555552788755884,-9.2102,1.0,1.0,0.0,1.0,4.0,5.0,1.875,5.0,8.0,5.75
A,0,4532019503968808,-7.3495,1.0,1.0,0.0,1.0,2.0,4.0,3.0306,9.0,3.0,4.4375
A,0,5105103147467260,-7.7517,1.0,1.0,0.0,1.0,3.0,5.0,2.9056,8.0,3.0,3.25
A,0,5555554752784922,-7.9463,1.0,1.0,0.0,1.0,4.0,5.0,2.2246,6.0,7.0,5.0
A,0,4242427276034956,-6.9781,1.0,1.0,0.0,1.0,1.0,4.0,2.75,8.0,4.0,4.1875
A,0,4111110871802350,-6.6873,1.0,1.0,0.0,1.0,0.0,4.0,2.6085,8.0,6.0,2.6875
A,0,5555552450113631,-7.7077,1.0,1.0,0.0,1.0,4.0,5.0,2.3496,7.0,7.0,3.5
A,0,4532014790464625,-7.0766,1.0,1.0,0.0,1.0,2.0,4.0,3.0,9.0,4.0,3.875
A,0,6011001089679077,-6.3562,1.0,1.0,0.0,1.0,5.0,6.0,2.43,6.0,5.0,3.875
A,0,5555553234117902,-6.887,1.0,1.0,0.0,1.0,4.0,5.0,2.6556,8.0,6.0,3.875
A,0,4111118747501484,-6.7688,1.0,1.0,0.0,1.0,0.0,4.0,2.2806,6.0,6.0,3.5625
A,0,4242423398817194,-7.463,1.0,1.0,0.0,1.0,1.0,4.0,2.7028,7.0,4.0,4.4375
A,0,4111111977973884,-7.1071,1.0,1.0,0.0,1.0,0.0,4.0,2.3585,6.0,6.0,4.5
A,0,4532011987883815,-7.6783,1.0,1.0,0.0,1.0,2.0,4.0,2.9528,9.0,4.0,4.5625
A,0,5105104916364637,-6.993,1.0,1.0,0.0,1.0,3.0,5.0,2.9056,8.0,3.0,3.8125
A,0,5105104476774998,-8.1387,1.0,1.0,0.0,1.0,3.0,5.0,2.9056,8.0,3.0,4.8125
A,0,6011002478886898,0.4323,1.0,1.0,1.0,1.0,5.0,6.0,2.7272,8.0,5.0,4.75
A,0,4242424211922428,-7.8612,1.0,1.0,0.0,1.0,1.0,4.0,1.9212,5.0,7.0,3.3125
A,0,5555559765626863,-8.2718,1.0,1.0,0.0,1.0,4.0,5.0,2.2718,7.0,7.0,5.5
A,0,5105106987635516,-7.0683,1.0,1.0,0.0,1.0,3.0,5.0,2.7806,8.0,4.0,4.25
A,0,5555552808683838,-8.5057,1.0,1.0,0.0,1.0,4.0,5.0,2.18,6.0,6.0,5.25
A,0,6011004868665254,0.5107,1.0,1.0,1.0,1.0,5.0,6.0,2.7028,7.0,4.0,3.875
A,0,4532010840090331,-6.5919,1.0,1.0,0.0,1.0,2.0,4.0,2.7272,8.0,5.0,2.6875
A,0,6011005511931898,-7.018,1.0,1.0,0.0,1.0,5.0,6.0,2.6022,7.0,5.0,3.625
A,0,6011005085051442,2.2025,1.0,1.0,1.0,1.0,5.0,6.0,2.555,7.0,5.0,2.625
A,0,6011008791387384,-6.9969,1.0,1.0,0.0,1.0,5.0,6.0,2.8585,8.0,3.0,4.125
A,0,4532018518430904,-7.3178,1.0,1.0,0.0,1.0,2.0,4.0,2.9056,8.0,3.0,3.5625
A,0,4242421068446801,-7.2337,1.0,1.0,0.0,1.0,1.0,4.0,2.4772,6.0,5.0,3.5
A,0,4242424259319427,-6.542,1.0,1.0,0.0,1.0,1.0,4.0,2.4238,7.0,5.0,4.0
A,0,4532014775071894,-7.1815,1.0,1.0,0.0,1.0,2.0,4.0,3.0306,9.0,3.0,4.1875
A,0,5105100432109509,-7.0798,1.0,1.0,0.0,1.0,3.0,5.0,2.555,7.0,5.0,2.8125
A,0,6011009217197146,-7.1104,1.0,1.0,0.0,1.0,5.0,6.0,2.6022,7.0,5.0,3.4375
A,0,6011003451047773,-7.6351,1.0,1.0,0.0,1.0,5.0,6.0,2.6556,7.0,4.0,3.0625
A,0,4242423490998000,-6.8331,1.0,1.0,0.0,1.0,1.0,4.0,2.4056,6.0,4.0,3.75
A,0,5555554269138858,-8.4512,1.0,1.0,0.0,1.0,4.0,5.0,2.4746,8.0,7.0,5.25
A,0,5105106956791363,-6.7157,1.0,1.0,0.0,1.0,3.0,5.0,2.7335,7.0,3.0,4.1875
A,0,5555553893053502,-7.015,1.0,1.0,0.0,1.0,4.0,5.0,2.0778,6.0,8.0,4.25
A,0,4111119312340054,-7.042,1.0,1.0,0.0,1.0,0.0,4.0,2.4835,7.0,6.0,2.5
A,0,5105102537924584,-7.4044,1.0,1.0,0.0,1.0,3.0,5.0,3.0,9.0,4.0,3.8125
A,0,5105108367790924,3.6425,1.0,1.0,1.0,1.0,3.0,5.0,3.2028,10.0,3.0,4.1875
A,0,6011001111016713,-9.2102,1.0,1.0,0.0,1.0,5.0,6.0,1.875,5.0,8.0,1.875
A,0,4242425237078020,-6.9981,1.0,1.0,0.0,1.0,1.0,4.0,2.555,7.0,5.0,3.25
A,0,5105104978037957,-7.2661,1.0,1.0,0.0,1.0,3.0,5.0,2.8585,8.0,3.0,4.4375
A,0,4111116638296242,-6.7107,1.0,1.0,0.0,1.0,0.0,4.0,2.555,7.0,5.0,3.5625
A,0,5105104577478434,1.3971,1.0,1.0,1.0,1.0,3.0,5.0,2.6556,7.0,4.0,4.0625
A,0,6011005557027830,-7.6418,1.0,1.0,0.0,1.0,5.0,6.0,2.7272,8.0,5.0,3.125
A,0,5105101745113534,-7.1798,1.0,1.0,0.0,1.0,3.0,5.0,2.3994,6.0,5.0,2.875
A,0,4532016810323826,-7.6863,1.0,1.0,0.0,1.0,2.0,4.0,2.9056,8.0,3.0,3.375
A,0,5555559295148172,-7.6968,1.0,1.0,0.0,1.0,4.0,5.0,2.3968,7.0,7.0,4.875
A,0,4111117633019655,-6.9233,1.0,1.0,0.0,1.0,0.0,4.0,2.6556,8.0,6.0,3.375
A,0,5555552474985966,-8.2496,1.0,1.0,0.0,1.0,4.0,5.0,2.3968,7.0,7.0,5.625
A,0,4111112496696422,-6.8717,1.0,1.0,0.0,1.0,0.0,4.0,2.2579,5.0,5.0,3.6875
A,0,4532015713747999,-8.1762,1.0,1.0,0.0,1.0,2.0,4.0,2.9056,8.0,3.0,4.75
A,0,4532019425769488,-7.953,1.0,1.0,0.0,1.0,2.0,4.0,3.2028,10.0,3.0,4.8125
A,0,4532015781840500,-7.4085,1.0,1.0,0.0,1.0,2.0,4.0,2.8278,8.0,4.0,3.3125
A,0,4242420268396380,-7.1022,1.0,1.0,0.0,1.0,1.0,4.0,2.7028,7.0,4.0,3.9375
A,0,5105100615969512,-6.9819,1.0,1.0,0.0,1.0,3.0,5.0,2.4528,6.0,4.0,3.5
A,0,6011003043738171,-7.0993,1.0,1.0,0.0,1.0,5.0,6.0,2.5778,7.0,4.0,2.8125
A,0,5555551962032231,1.5235,1.0,1.0,1.0,1.0,4.0,5.0,2.4835,7.0,6.0,3.6875
A,0,4532015988702575,-7.5567,1.0,1.0,0.0,1.0,2.0,4.0,3.0,9.0,4.0,4.4375
A,0,4532015002354345,2.2821,1.0,1.0,1.0,1.0,2.0,4.0,2.4835,6.0,4.0,2.875
A,0,6011008400211431,-8.7334,1.0,1.0,0.0,1.0,5.0,6.0,2.4238,7.0,5.0,2.0
A,0,4532015296309839,-7.0247,1.0,1.0,0.0,1.0,2.0,4.0,3.0306,9.0,3.0,4.3125
A,0,4532016605021231,-7.0379,1.0,1.0,0.0,1.0,2.0,4.0,2.7335,7.0,3.0,2.5625
A,0,6011006370977981,-7.3408,1.0,1.0,0.0,1.0,5.0,6.0,2.6556,7.0,4.0,4.0625
A,0,6011007617277165,-6.9192,1.0,1.0,0.0,1.0,5.0,6.0,2.4056,6.0,4.0,3.5625
A,0,5555557328280264,-7.5514,1.0,1.0,0.0,1.0,4.0,5.0,2.6085,8.0,6.0,4.5
A,0,5105105443975154,-7.0628,1.0,1.0,0.0,1.0,3.0,5.0,2.555,7.0,5.0,3.6875
A,0,5105105833306983,-7.5434,1.0,1.0,0.0,1.0,3.0,5.0,2.6556,7.0,4.0,3.75
A,0,5105101375567898,-7.3462,1.0,1.0,0.0,1.0,3.0,5.0,2.8278,8.0,4.0,4.4375
A,0,4242420382865584,-6.6755,1.0,1.0,0.0,1.0,1.0,4.0,2.5778,7.0,4.0,4.1875
A,0,4111111076001535,-8.2635,1.0,1.0,0.0,1.0,0.0,4.0,2.3496,7.0,7.0,2.3125
A,0,5105109226915502,-7.4144,1.0,1.0,0.0,1.0,3.0,5.0,2.4835,6.0,4.0,3.3125
A,0,6011007107779978,-8.0364,1.0,1.0,0.0,1.0,5.0,6.0,2.3522,6.0,5.0,4.375
A,0,4532012984569713,-7.1665,1.0,1.0,0.0,1.0,2.0,4.0,3.25,10.0,2.0,4.3125
A,0,6011001067836846,-7.1437,1.0,1.0,0.0,1.0,5.0,6.0,2.5778,7.0,4.0,3.5625
A,0,5555558287478103,-7.9882,1.0,1.0,0.0,1.0,4.0,5.0,2.6085,8.0,6.0,4.875
A,0,4242425842676019,-6.9767,1.0,1.0,0.0,1.0,1.0,4.0,2.875,9.0,4.0,4.125
A,0,6011008383964520,-8.1445,1.0,1.0,0.0,1.0,5.0,6.0,3.0,9.0,4.0,3.5
A,0,4242424689560437,-6.9272,1.0,1.0,0.0,1.0,1.0,4.0,2.8522,9.0,5.0,4.375
A,0,5105104727839094,-7.0793,1.0,1.0,0.0,1.0,3.0,5.0,3.0778,9.0,3.0,4.0625
A,0,4532017387370416,-6.8302,1.0,1.0,0.0,1.0,2.0,4.0,3.0306,9.0,3.0,3.8125
A,0,4111119408499775,-6.7554,1.0,1.0,0.0,1.0,0.0,4.0,2.555,7.0,5.0,4.4375
A,0,6011008057207580,-7.6982,1.0,1.0,0.0,1.0,5.0,6.0,2.5306,7.0,6.0,3.125
A,0,4242425676615639,-7.5561,1.0,1.0,0.0,1.0,1.0,4.0,2.7806,8.0,4.0,4.5
A,0,4532011962215723,-7.4749,1.0,1.0,0.0,1.0,2.0,4.0,2.9528,9.0,4.0,3.3125
A,0,4111116645190180,-7.1395,1.0,1.0,0.0,1.0,0.0,4.0,2.3968,7.0,7.0,3.0625
A,0,4111112063963798,2.9405,1.0,1.0,1.0,1.0,0.0,4.0,2.8994,9.0,5.0,3.875
A,0,4242427995207869,-9.2102,1.0,1.0,0.0,1.0,1.0,4.0,2.7806,8.0,4.0,5.0
A,0,5555554860243915,-8.1876,1.0,1.0,0.0,1.0,4.0,5.0,2.6468,9.0,7.0,4.5
A,0,5555557546539462,-8.5369,1.0,1.0,0.0,1.0,4.0,5.0,2.25,7.0,8.0,5.0625
A,0,6011003450813523,-7.1759,1.0,1.0,0.0,1.0,5.0,6.0,2.7806,8.0,4.0,2.625
A,0,4242420277707377,-6.7375,1.0,1.0,0.0,1.0,1.0,4.0,2.1085,5.0,6.0,4.0625
A,0,5105109374248747,-7.2099,1.0,1.0,0.0,1.0,3.0,5.0,3.0306,9.0,3.0,4.1875
A,0,6011009937040029,-7.1953,1.0,1.0,0.0,1.0,5.0,6.0,2.6085,8.0,6.0,3.1875
A,0,4532017790351246,-7.4702,1.0,1.0,0.0,1.0,2.0,4.0,3.125,9.0,2.0,3.6875
A,0,5555550082820208,-8.2473,1.0,1.0,0.0,1.0,4.0,5.0,1.9363,4.0,6.0,3.75
A,0,5105101371181754,-7.7787,1.0,1.0,0.0,1.0,3.0,5.0,2.4835,7.0,6.0,3.125
A,0,6011004368181161,-7.3692,1.0,1.0,0.0,1.0,5.0,6.0,2.3113,6.0,6.0,2.9375
A,0,4532019122608001,-7.351,1.0,1.0,0.0,1.0,2.0,4.0,2.9056,9.0,4.0,2.75
A,0,4111117774276111,-8.0975,1.0,1.0,0.0,1.0,0.0,4.0,1.875,5.0,8.0,3.25
A,0,4242424587164144,-6.9079,1.0,1.0,0.0,1.0,1.0,4.0,2.3496,7.0,7.0,3.875
A,0,5105100567389250,1.4343,1.0,1.0,1.0,1.0,3.0,5.0,2.875,9.0,4.0,3.5625
A,0,4532011753718749,-7.1815,1.0,1.0,0.0,1.0,2.0,4.0,3.0306,9.0,3.0,4.1875
A,0,4242426136362990,2.1636,1.0,1.0,1.0,1.0,1.0,4.0,2.6556,7.0,4.0,3.9375
A,0,5105103020026564,-7.0042,1.0,1.0,0.0,1.0,3.0,5.0,2.6022,7.0,5.0,2.5
A,0,4242427920199702,-6.4212,1.0,1.0,0.0,1.0,1.0,4.0,2.43,6.0,5.0,4.0
A,0,4111118987560285,-6.7239,1.0,1.0,0.0,1.0,0.0,4.0,2.8522,9.0,5.0,4.1875
A,0,6011008062871168,-6.9844,1.0,1.0,0.0,1.0,5.0,6.0,2.4056,6.0,4.0,3.4375
A,0,6011009472438034,-7.7938,1.0,1.0,0.0,1.0,5.0,6.0,2.9528,9.0,4.0,3.25
A,0,4111118674379231,-6.708,1.0,1.0,0.0,1.0,0.0,4.0,2.6556,8.0,6.0,3.6875
A,0,5105108039552663,-7.3498,1.0,1.0,0.0,1.0,3.0,5.0,2.8278,8.0,4.0,3.6875
A,0,5105101332744742,-8.0205,1.0,1.0,0.0,1.0,3.0,5.0,2.7806,7.0,3.0,3.0625
A,0,4242427266590780,2.5644,1.0,1.0,1.0,1.0,1.0,4.0,2.8278,8.0,4.0,4.25
A,0,6011009541340872,-8.2674,1.0,1.0,0.0,1.0,5.0,6.0,3.0778,10.0,4.0,3.1875
A,0,5105109875234375,-7.3915,1.0,1.0,0.0,1.0,3.0,5.0,3.0,9.0,4.0,4.0625
A,0,4111111320666492,-6.9784,1.0,1.0,0.0,1.0,0.0,4.0,2.4835,7.0,6.0,3.0
A,0,4242422363111914,-7.3098,1.0,1.0,0.0,1.0,1.0,4.0,2.375,6.0,4.0,3.0625
A,0,6011009684184449,-6.4273,1.0,1.0,0.0,1.0,5.0,6.0,2.5306,6.0,4.0,4.0625
A,0,5105100865253258,-7.101,1.0,1.0,0.0,1.0,3.0,5.0,2.6022,7.0,5.0,3.5
A,0,4242425197486936,-8.0892,1.0,1.0,0.0,1.0,1.0,4.0,2.9528,9.0,4.0,4.75
A,0,4111118153124437,-7.3154,1.0,1.0,0.0,1.0,0.0,4.0,2.3496,7.0,7.0,2.9375
A,0,4242423154585456,-6.8796,1.0,1.0,0.0,1.0,1.0,4.0,2.4772,7.0,5.0,4.0
A,0,4532016996015611,1.7562,1.0,1.0,1.0,1.0,2.0,4.0,2.8278,8.0,4.0,3.6875
A,0,4111115025570345,-7.503,1.0,1.0,0.0,1.0,0.0,4.0,2.5244,7.0,5.0,2.8125
A,0,5555555677206079,-7.8888,1.0,1.0,0.0,1.0,4.0,5.0,2.2246,6.0,7.0,4.9375
A,0,4111114388170183,-6.9902,1.0,1.0,0.0,1.0,0.0,4.0,2.2246,6.0,7.0,3.25
A,0,4532017218351038,-7.5586,1.0,1.0,0.0,1.0,2.0,4.0,2.9056,8.0,3.0,3.3125
A,0,4111115986259529,-6.4307,1.0,1.0,0.0,1.0,0.0,4.0,2.555,7.0,5.0,4.3125
A,0,5555550063031434,-7.5465,1.0,1.0,0.0,1.0,4.0,5.0,2.3113,6.0,6.0,3.375
A,0,4532010547491626,-7.2938,1.0,1.0,0.0,1.0,2.0,4.0,3.0778,9.0,3.0,3.6875
A,0,5105109525253189,-6.6089,1.0,1.0,0.0,1.0,3.0,5.0,2.6022,7.0,5.0,3.8125
A,0,5105105023494862,-7.9482,1.0,1.0,0.0,1.0,3.0,5.0,3.0306,9.0,3.0,3.4375
A,0,6011007155636063,-7.32,1.0,1.0,0.0,1.0,5.0,6.0,2.4528,6.0,4.0,3.125
A,0,6011004078076382,-7.2966,1.0,1.0,0.0,1.0,5.0,6.0,2.7744,8.0,5.0,3.3125
A,0,6011000746928996,-7.2196,1.0,1.0,0.0,1.0,5.0,6.0,2.7806,8.0,4.0,4.25
A,0,4111119233752967,-6.4094,1.0,1.0,0.0,1.0,0.0,4.0,2.7744,8.0,5.0,3.875
A,0,4111110180739225,-6.4247,1.0,1.0,0.0,1.0,0.0,4.0,2.7806,9.0,6.0,2.875
A,0,4111117923823659,-7.2059,1.0,1.0,0.0,1.0,0.0,4.0,2.8994,9.0,5.0,3.9375
A,0,4242422876037941,-6.9767,1.0,1.0,0.0,1.0,1.0,4.0,2.875,9.0,4.0,4.0625
A,0,6011002209047968,0.4979,1.0,1.0,1.0,1.0,5.0,6.0,2.7744,8.0,5.0,3.4375
A,0,5105103413210094,-7.2442,1.0,1.0,0.0,1.0,3.0,5.0,2.625,7.0,4.0,2.4375
A,0,4111110072078420,-7.393,1.0,1.0,0.0,1.0,0.0,4.0,2.3994,6.0,5.0,2.4375
A,0,5555550875442124,-7.2321,1.0,1.0,0.0,1.0,4.0,5.0,2.3496,7.0,7.0,4.1875
A,0,4111115680912194,-7.2294,1.0,1.0,0.0,1.0,0.0,4.0,2.5218,8.0,7.0,3.375
A,0,4111114583371836,-7.1502,1.0,1.0,0.0,1.0,0.0,4.0,2.4835,7.0,6.0,3.5625
A,0,4242423312726296,2.5461,1.0,1.0,1.0,1.0,1.0,4.0,2.4835,7.0,6.0,3.6875
A,0,4242424954209108,-7.3547,1.0,1.0,0.0,1.0,1.0,4.0,2.5244,7.0,5.0,3.75
A,0,5555552185114615,-8.061,1.0,1.0,0.0,1.0,4.0,5.0,2.0,6.0,8.0,4.0
A,0,4111113208206739,3.3256,1.0,1.0,1.0,1.0,0.0,4.0,2.8994,9.0,5.0,3.0625
A,0,4111119058050971,-7.3891,1.0,1.0,0.0,1.0,0.0,4.0,2.4835,7.0,6.0,3.3125
A,0,4242424934549234,-7.7012,1.0,1.0,0.0,1.0,1.0,4.0,2.0218,5.0,7.0,4.0625
A,0,4111118045992685,-6.5782,1.0,1.0,0.0,1.0,0.0,4.0,2.7744,8.0,5.0,4.0625
A,0,6011009348523925,-7.5649,1.0,1.0,0.0,1.0,5.0,6.0,3.0778,9.0,3.0,3.625
A,0,5105105797374820,-6.8375,1.0,1.0,0.0,1.0,3.0,5.0,2.9835,9.0,3.0,4.0
A,0,5105102422471552,-6.793,1.0,1.0,0.0,1.0,3.0,5.0,2.4528,6.0,4.0,2.875
A,0,5105106309395374,-6.8327,1.0,1.0,0.0,1.0,3.0,5.0,2.8585,8.0,3.0,3.8125
A,0,5105100143897405,-7.6454,1.0,1.0,0.0,1.0,3.0,5.0,2.7806,8.0,4.0,3.3125
A,0,4242420697794967,-7.5373,1.0,1.0,0.0,1.0,1.0,4.0,2.4835,6.0,4.0,5.125
A,0,4242423426421168,-7.163,1.0,1.0,0.0,1.0,1.0,4.0,2.2988,6.0,5.0,3.4375
A,0,6011004921863250,0.3426,1.0,1.0,1.0,1.0,5.0,6.0,2.9528,9.0,4.0,3.0
A,0,4242429792010723,-6.7067,1.0,1.0,0.0,1.0,1.0,4.0,2.6022,7.0,5.0,3.625
A,0,5105103085349412,-7.5913,1.0,1.0,0.0,1.0,3.0,5.0,2.8585,8.0,3.0,3.1875
A,0,4242425790059037,-6.5066,1.0,1.0,0.0,1.0,1.0,4.0,2.7335,7.0,3.0,3.9375
A,0,6011003546443080,-7.0351,1.0,1.0,0.0,1.0,5.0,6.0,2.6022,7.0,5.0,2.8125
A,0,4111119602968617,-6.5673,1.0,1.0,0.0,1.0,0.0,4.0,2.6085,8.0,6.0,3.9375
A,0,4532018685481776,-7.7287,1.0,1.0,0.0,1.0,2.0,4.0,3.0778,9.0,3.0,4.6875
A,0,4532015503247527,1.3125,1.0,1.0,1.0,1.0,2.0,4.0,2.7028,7.0,4.0,3.4375
A,0,6011001289665440,-7.7967,1.0,1.0,0.0,1.0,5.0,6.0,2.7806,8.0,4.0,3.3125
A,0,4532018888758853,-7.924,1.0,1.0,0.0,1.0,2.0,4.0,2.6085,8.0,6.0,5.1875
A,0,5555552854557035,-8.7198,1.0,1.0,0.0,1.0,4.0,5.0,1.9238,7.0,10.0,4.625
A,0,5105104920390372,-7.8001,1.0,1.0,0.0,1.0,3.0,5.0,2.875,8.0,4.0,3.1875
A,0,5555557738459258,-8.5131,1.0,1.0,0.0,1.0,4.0,5.0,2.25,7.0,8.0,5.5
A,0,4111115426039341,-6.6375,1.0,1.0,0.0,1.0,0.0,4.0,2.6085,8.0,6.0,2.875
A,0,4242424286391410,-6.885,1.0,1.0,0.0,1.0,1.0,4.0,2.6494,8.0,5.0,3.5
A,0,5105106315870765,-7.5434,1.0,1.0,0.0,1.0,3.0,5.0,2.6556,7.0,4.0,3.75
A,0,4242420872749367,-7.3567,1.0,1.0,0.0,1.0,1.0,4.0,2.7028,8.0,4.0,4.4375
A,0,4111114835361206,-6.5317,1.0,1.0,0.0,1.0,0.0,4.0,2.6556,8.0,6.0,2.9375
A,0,4242422380172277,-6.8599,1.0,1.0,0.0,1.0,1.0,4.0,2.4363,7.0,6.0,3.5625
A,0,6011009428190246,-7.7918,1.0,1.0,0.0,1.0,5.0,6.0,2.7028,7.0,4.0,3.3125
A,0,5555558956284824,-8.2648,1.0,1.0,0.0,1.0,4.0,5.0,2.2246,6.0,7.0,5.375
A,0,5555550444062826,-6.7249,1.0,1.0,0.0,1.0,4.0,5.0,2.3585,6.0,6.0,4.125
A,0,5105108670539558,-6.9819,1.0,1.0,0.0,1.0,3.0,5.0,2.7272,8.0,5.0,4.25
A,0,6011002365066554,0.641,1.0,1.0,1.0,1.0,5.0,6.0,2.5778,7.0,4.0,3.125
A,0,4242424024332105,-7.3172,1.0,1.0,0.0,1.0,1.0,4.0,2.2988,6.0,5.0,2.625
A,0,4111117517475643,-7.0974,1.0,1.0,0.0,1.0,0.0,4.0,2.3113,6.0,6.0,3.625
A,0,4242426450942218,-6.6926,1.0,1.0,0.0,1.0,1.0,4.0,2.5488,8.0,5.0,3.6875
A,0,4242422099113900,2.591,1.0,1.0,1.0,1.0,1.0,4.0,2.4835,6.0,4.0,3.25
A,0,4532014451832873,-7.3323,1.0,1.0,0.0,1.0,2.0,4.0,2.9056,8.0,3.0,3.75
A,0,4532010867875772,-7.6483,1.0,1.0,0.0,1.0,2.0,4.0,3.0,9.0,4.0,4.5
T,1,4532015629163095,2.3697,1.0,1.0,1.0,1.0,2.0,4.0,2.9528,8.0,3.0,3.8125
T,1,4242420558749982,3.1248,1.0,1.0,1.0,1.0,1.0,4.0,2.625,7.0,4.0,4.6875
T,1,4111116814235547,3.8641,1.0,1.0,1.0,1.0,0.0,4.0,2.6085,8.0,6.0,3.375
T,1,4242428599553586,2.9319,1.0,1.0,1.0,1.0,1.0,4.0,2.6556,7.0,4.0,5.0625
T,1,6011005356820376,0.5134,1.0,1.0,1.0,1.0,5.0,6.0,2.8278,8.0,4.0,3.3125
T,1,4532012821429705,1.3555,1.0,1.0,1.0,1.0,2.0,4.0,3.0,9.0,4.0,3.4375
T,1,4242423052164864,2.9485,1.0,1.0,1.0,1.0,1.0,4.0,2.6494,8.0,5.0,3.5625
T,1,4242420528800212,1.8464,1.0,1.0,1.0,1.0,1.0,4.0,2.3113,6.0,6.0,2.875
T,1,6011007737075662,1.2841,1.0,1.0,1.0,1.0,5.0,6.0,2.5778,7.0,4.0,3.625
T,1,4111119345173633,3.3739,1.0,1.0,1.0,1.0,0.0,4.0,2.4056,7.0,6.0,3.3125
T,1,4111110831295550,3.8877,1.0,1.0,1.0,1.0,0.0,4.0,2.6085,8.0,6.0,2.9375
T,1,5555559431426066,1.8457,1.0,1.0,1.0,1.0,4.0,5.0,2.6085,8.0,6.0,4.4375
T,1,5105101261999535,1.8617,1.0,1.0,1.0,1.0,3.0,5.0,2.5778,7.0,4.0,3.875
T,1,4242427361537264,2.2253,1.0,1.0,1.0,1.0,1.0,4.0,2.625,7.0,4.0,3.875
T,1,6011008070164055,1.3244,1.0,1.0,1.0,1.0,5.0,6.0,2.4835,7.0,6.0,2.75
T,1,5105104418164052,2.0073,1.0,1.0,1.0,1.0,3.0,5.0,2.6085,7.0,4.0,2.9375
T,1,6011001092534488,0.8108,1.0,1.0,1.0,1.0,5.0,6.0,2.9528,9.0,4.0,3.25
T,1,5555553450436361,2.4216,1.0,1.0,1.0,1.0,4.0,5.0,2.2246,6.0,7.0,4.0625
T,1,4111119236201311,1.188,1.0,1.0,1.0,1.0,0.0,4.0,2.25,7.0,8.0,2.3125
T,1,4242424836446221,2.8246,1.0,1.0,1.0,1.0,1.0,4.0,2.18,6.0,6.0,3.625
T,1,5555559982783873,2.5864,1.0,1.0,1.0,1.0,4.0,5.0,2.3585,6.0,6.0,5.875
T,1,4532018789186864,1.7709,1.0,1.0,1.0,1.0,2.0,4.0,3.125,10.0,4.0,5.0
T,1,4532014809006026,1.7613,1.0,1.0,1.0,1.0,2.0,4.0,2.8994,9.0,5.0,3.125
T,1,4242425835822478,1.2685,1.0,1.0,1.0,1.0,1.0,4.0,2.3522,6.0,5.0,4.375
T,1,4532019144715587,2.7768,1.0,1.0,1.0,1.0,2.0,4.0,2.9835,9.0,3.0,4.125
T,1,4111118721316667,2.5137,1.0,1.0,1.0,1.0,0.0,4.0,2.3496,7.0,7.0,3.5
T,1,4111118741377582,2.626,1.0,1.0,1.0,1.0,0.0,4.0,2.4835,7.0,6.0,3.8125
T,1,4111119179692450,3.0903,1.0,1.0,1.0,1.0,0.0,4.0,2.6085,8.0,6.0,3.8125
T,1,4111116457267898,4.0278,1.0,1.0,1.0,1.0,0.0,4.0,2.7744,8.0,5.0,4.4375
T,1,4532017944384646,1.7937,1.0,1.0,1.0,1.0,2.0,4.0,3.0244,10.0,5.0,4.375
T,1,4111117688969773,4.0505,1.0,1.0,1.0,1.0,0.0,4.0,2.6022,7.0,5.0,4.9375
T,1,5555550600225348,1.4215,1.0,1.0,1.0,1.0,4.0,5.0,2.3496,7.0,7.0,3.75
T,1,4111119870665987,4.6254,1.0,1.0,1.0,1.0,0.0,4.0,2.7744,8.0,5.0,4.625
T,1,4111116830758233,3.8684,1.0,1.0,1.0,1.0,0.0,4.0,2.8522,9.0,5.0,3.375
T,1,4111118119971594,4.4496,1.0,1.0,1.0,1.0,0.0,4.0,2.0778,6.0,8.0,3.9375
T,1,4111111463353121,3.8229,1.0,1.0,1.0,1.0,0.0,4.0,2.0778,6.0,8.0,2.375
T,1,5105105800802381,1.9452,1.0,1.0,1.0,1.0,3.0,5.0,2.3829,6.0,5.0,2.9375
T,1,4111113654412435,2.446,1.0,1.0,1.0,1.0,0.0,4.0,2.2806,6.0,6.0,2.875
T,1,4242420131270696,2.7349,1.0,1.0,1.0,1.0,1.0,4.0,2.8278,8.0,4.0,3.3125
T,1,5105108108382007,1.9829,1.0,1.0,1.0,1.0,3.0,5.0,2.555,7.0,5.0,3.0625
T,1,4111110981654259,3.7769,1.0,1.0,1.0,1.0,0.0,4.0,2.6556,8.0,6.0,3.625
T,1,5105100050332874,2.361,1.0,1.0,1.0,1.0,3.0,5.0,2.7272,8.0,5.0,2.75
T,1,4111114303913542,3.4238,1.0,1.0,1.0,1.0,0.0,4.0,2.4363,7.0,6.0,2.6875
T,1,6011004977076104,1.5327,1.0,1.0,1.0,1.0,5.0,6.0,2.43,6.0,5.0,3.3125
T,1,5105101238225311,2.6016,1.0,1.0,1.0,1.0,3.0,5.0,2.43,6.0,5.0,2.5
T,1,4532019404853607,3.8285,1.0,1.0,1.0,1.0,2.0,4.0,3.1556,10.0,3.0,3.8125
T,1,6011006688958074,0.3608,1.0,1.0,1.0,1.0,5.0,6.0,2.7806,8.0,4.0,4.3125
T,1,4111110903119274,2.2829,1.0,1.0,1.0,1.0,0.0,4.0,2.3968,7.0,7.0,2.8125
T,1,4111118983837640,3.7298,1.0,1.0,1.0,1.0,0.0,4.0,2.7272,8.0,5.0,4.0625
T,1,4532015186004690,1.8215,1.0,1.0,1.0,1.0,2.0,4.0,3.0,9.0,4.0,3.375
T,1,6011001581699255,0.8652,1.0,1.0,1.0,1.0,5.0,6.0,2.6556,7.0,4.0,3.6875
T,1,4242425944601482,2.3768,1.0,1.0,1.0,1.0,1.0,4.0,2.5306,8.0,6.0,3.8125
T,1,5555559632351725,2.7534,1.0,1.0,1.0,1.0,4.0,5.0,2.25,7.0,8.0,4.5625
T,1,4111119179488479,3.847,1.0,1.0,1.0,1.0,0.0,4.0,2.1863,5.0,6.0,4.6875
T,1,4242425494900177,3.0746,1.0,1.0,1.0,1.0,1.0,4.0,2.6022,7.0,5.0,4.0
T,1,4242421424636411,3.0373,1.0,1.0,1.0,1.0,1.0,4.0,2.1085,5.0,6.0,3.125
T,1,4111112740574877,3.2591,1.0,1.0,1.0,1.0,0.0,4.0,2.4772,7.0,5.0,3.75
T,1,4111112741754288,3.0572,1.0,1.0,1.0,1.0,0.0,4.0,2.3585,6.0,6.0,3.5625
T,1,4111111509313915,3.6712,1.0,1.0,1.0,1.0,0.0,4.0,2.125,6.0,8.0,2.875
T,1,5555551818007726,1.5704,1.0,1.0,1.0,1.0,4.0,5.0,2.5306,7.0,6.0,4.375
T,1,4111113784141110,3.4345,1.0,1.0,1.0,1.0,0.0,4.0,1.9197,6.0,9.0,2.4375
T,1,4532012465255119,1.1418,1.0,1.0,1.0,1.0,2.0,4.0,2.7806,8.0,4.0,3.4375
T,1,4532014659142434,2.0859,1.0,1.0,1.0,1.0,2.0,4.0,2.7744,8.0,5.0,3.5625
T,1,4242427986359995,-0.2973,1.0,1.0,1.0,1.0,1.0,4.0,2.7806,8.0,4.0,5.5
T,1,4111113123861188,3.7052,1.0,1.0,1.0,1.0,0.0,4.0,2.0778,6.0,8.0,3.125
T,1,4532011537781334,1.5674,1.0,1.0,1.0,1.0,2.0,4.0,2.8278,8.0,4.0,3.5625
T,1,4242425405137257,2.7413,1.0,1.0,1.0,1.0,1.0,4.0,2.5778,7.0,4.0,3.5625
T,1,4111110509284506,3.7007,1.0,1.0,1.0,1.0,0.0,4.0,2.7272,8.0,5.0,3.0
T,1,4242423179435270,2.8086,1.0,1.0,1.0,1.0,1.0,4.0,2.75,8.0,4.0,3.6875
T,1,4111118461832105,3.5552,1.0,1.0,1.0,1.0,0.0,4.0,2.5218,8.0,7.0,2.9375
T,1,4111110577971117,3.3858,1.0,1.0,1.0,1.0,0.0,4.0,2.0,6.0,8.0,3.375
T,1,4111118956700205,3.8152,1.0,1.0,1.0,1.0,0.0,4.0,2.8522,9.0,5.0,3.1875
T,1,5105101268187118,1.2334,1.0,1.0,1.0,1.0,3.0,5.0,2.4835,7.0,6.0,3.4375
T,1,6011005991951651,1.6004,1.0,1.0,1.0,1.0,5.0,6.0,2.2579,5.0,5.0,3.6875
T,1,4111111140519037,2.9766,1.0,1.0,1.0,1.0,0.0,4.0,2.25,7.0,8.0,2.5
T,1,5555554039327063,1.7458,1.0,1.0,1.0,1.0,4.0,5.0,2.6085,8.0,6.0,4.1875
T,1,4242421251579973,2.1024,1.0,1.0,1.0,1.0,1.0,4.0,2.7028,7.0,4.0,4.1875
T,1,4532017033991863,3.6822,1.0,1.0,1.0,1.0,2.0,4.0,3.125,10.0,4.0,4.0
T,1,5555559082583769,1.7501,1.0,1.0,1.0,1.0,4.0,5.0,2.5218,8.0,7.0,5.4375
T,1,4532018178921954,3.1612,1.0,1.0,1.0,1.0,2.0,4.0,3.0778,9.0,3.0,4.3125
T,1,4111118616507008,2.6196,1.0,1.0,1.0,1.0,0.0,4.0,2.4835,7.0,6.0,3.125
T,1,4111110724113969,3.1953,1.0,1.0,1.0,1.0,0.0,4.0,2.5218,8.0,7.0,3.1875
T,1,4111119020911885,3.1102,1.0,1.0,1.0,1.0,0.0,4.0,2.3968,7.0,7.0,3.25
T,1,4111119103753675,3.5501,1.0,1.0,1.0,1.0,0.0,4.0,2.6556,8.0,6.0,3.4375
T,1,4111112272108722,2.8564,1.0,1.0,1.0,1.0,0.0,4.0,2.18,6.0,6.0,2.625
T,1,6011007881260763,0.4826,1.0,1.0,1.0,1.0,5.0,6.0,2.6556,7.0,4.0,3.5
T,1,5105100223364457,1.5139,1.0,1.0,1.0,1.0,3.0,5.0,2.9056,8.0,3.0,3.0
T,1,4111114580011523,2.2476,1.0,1.0,1.0,1.0,0.0,4.0,2.3968,7.0,7.0,2.375
T,1,5555555972929559,2.0628,1.0,1.0,1.0,1.0,4.0,5.0,1.5919,4.0,9.0,5.75
T,1,5105109576907689,2.5519,1.0,1.0,1.0,1.0,3.0,5.0,2.7335,7.0,3.0,4.875
T,1,4242420494060155,3.2133,1.0,1.0,1.0,1.0,1.0,4.0,2.555,7.0,5.0,3.25
T,1,4111117137136057,2.23,1.0,1.0,1.0,1.0,0.0,4.0,2.3496,7.0,7.0,3.0625
T,1,4111110418339961,3.2314,1.0,1.0,1.0,1.0,0.0,4.0,2.3968,7.0,7.0,3.3125
T,1,4242428624051846,2.1553,1.0,1.0,1.0,1.0,1.0,4.0,2.5244,7.0,5.0,3.875
T,1,5555551660398629,1.2178,1.0,1.0,1.0,1.0,4.0,5.0,2.6085,8.0,6.0,5.0
T,1,4242428820978982,1.6364,1.0,1.0,1.0,1.0,1.0,4.0,2.3522,6.0,5.0,4.9375
T,1,4111115676040904,3.2264,1.0,1.0,1.0,1.0,0.0,4.0,2.555,7.0,5.0,3.125
T,1,5555557155660035,1.0062,1.0,1.0,1.0,1.0,4.0,5.0,1.9669,6.0,9.0,4.25
T,1,5105103377223883,1.8869,1.0,1.0,1.0,1.0,3.0,5.0,2.75,7.0,4.0,3.625
T,1,4111116886190778,3.6445,1.0,1.0,1.0,1.0,0.0,4.0,2.4835,7.0,6.0,4.3125
T,1,4111119658936485,4.2284,1.0,1.0,1.0,1.0,0.0,4.0,2.6494,7.0,5.0,4.5
T,1,5555552995181888,1.7789,1.0,1.0,1.0,1.0,4.0,5.0,2.0218,5.0,7.0,5.5625
T,1,4242426385238438,3.1117,1.0,1.0,1.0,1.0,1.0,4.0,2.4056,6.0,4.0,4.25
T,1,4242420581845427,2.1553,1.0,1.0,1.0,1.0,1.0,4.0,2.5244,7.0,5.0,3.875
T,1,4111119579003878,3.9403,1.0,1.0,1.0,1.0,0.0,4.0,2.7744,8.0,5.0,4.0625
T,1,5105105133265298,1.0914,1.0,1.0,1.0,1.0,3.0,5.0,2.8278,8.0,4.0,3.5
T,1,4242423205279874,2.7756,1.0,1.0,1.0,1.0,1.0,4.0,2.6494,8.0,5.0,4.0625
T,1,5555558047089946,2.7784,1.0,1.0,1.0,1.0,4.0,5.0,2.5306,7.0,6.0,5.3125
T,1,4242429261703467,2.5029,1.0,1.0,1.0,1.0,1.0,4.0,2.75,8.0,4.0,3.9375
T,1,4111112368721966,3.8516,1.0,1.0,1.0,1.0,0.0,4.0,2.6085,8.0,6.0,3.6875
T,1,4111114571546669,2.6887,1.0,1.0,1.0,1.0,0.0,4.0,2.3113,6.0,6.0,3.875
T,1,4111116906290277,3.544,1.0,1.0,1.0,1.0,0.0,4.0,2.6494,7.0,5.0,3.5625
T,1,6011001706706902,0.7416,1.0,1.0,1.0,1.0,5.0,6.0,2.3113,6.0,6.0,2.875
T,1,4111118834294967,3.7897,1.0,1.0,1.0,1.0,0.0,4.0,2.7272,8.0,5.0,4.3125
T,1,4111118926269018,3.5794,1.0,1.0,1.0,1.0,0.0,4.0,2.5306,7.0,6.0,3.75
T,1,4532014795688092,4.6593,1.0,1.0,1.0,1.0,2.0,4.0,3.25,10.0,2.0,4.5625
T,1,4242421242505442,3.1249,1.0,1.0,1.0,1.0,1.0,4.0,1.9363,5.0,6.0,2.9375
T,1,6011009942125753,0.4622,1.0,1.0,1.0,1.0,5.0,6.0,3.0306,9.0,3.0,3.4375
T,1,6011009519019371,0.9763,1.0,1.0,1.0,1.0,5.0,6.0,2.4772,7.0,5.0,3.3125
T,1,4111119681591547,3.569,1.0,1.0,1.0,1.0,0.0,4.0,2.3968,7.0,7.0,4.0
T,1,4532017886520454,2.268,1.0,1.0,1.0,1.0,2.0,4.0,3.0306,9.0,3.0,4.0
T,1,4111117075404145,2.8155,1.0,1.0,1.0,1.0,0.0,4.0,2.1556,5.0,6.0,2.875
T,1,4111118099899484,4.3753,1.0,1.0,1.0,1.0,0.0,4.0,2.18,5.0,5.0,4.8125
T,1,4532017371493019,2.3969,1.0,1.0,1.0,1.0,2.0,4.0,2.9056,8.0,3.0,3.6875
T,1,4111111501153046,3.9328,1.0,1.0,1.0,1.0,0.0,4.0,2.125,6.0,8.0,2.1875
T,1,5555557155161471,1.4685,1.0,1.0,1.0,1.0,4.0,5.0,1.875,5.0,8.0,4.25
T,1,4532019075855956,2.7657,1.0,1.0,1.0,1.0,2.0,4.0,3.0244,10.0,5.0,4.625
T,1,5105105080354707,1.3994,1.0,1.0,1.0,1.0,3.0,5.0,2.5244,7.0,5.0,3.1875
T,1,4532015755481295,2.3619,1.0,1.0,1.0,1.0,2.0,4.0,2.8994,9.0,5.0,4.125
T,1,5555557474016448,2.5072,1.0,1.0,1.0,1.0,4.0,5.0,2.4056,7.0,6.0,4.6875
T,1,4532015438118744,1.7562,1.0,1.0,1.0,1.0,2.0,4.0,2.8278,8.0,4.0,3.75
T,1,4111117558458287,4.1632,1.0,1.0,1.0,1.0,0.0,4.0,2.43,6.0,5.0,4.25
T,1,4111110826647310,3.7321,1.0,1.0,1.0,1.0,0.0,4.0,2.6556,8.0,6.0,2.875
T,1,4111114898742405,3.8242,1.0,1.0,1.0,1.0,0.0,4.0,2.6494,8.0,5.0,3.75
T,1,6011005898363398,1.4323,1.0,1.0,1.0,1.0,5.0,6.0,2.7335,7.0,3.0,4.375
T,1,4242421063153215,2.6016,1.0,1.0,1.0,1.0,1.0,4.0,2.6556,7.0,4.0,2.8125
T,1,4111110420593621,4.0409,1.0,1.0,1.0,1.0,0.0,4.0,2.6556,8.0,6.0,2.5625
T,1,4111117824854335,3.8788,1.0,1.0,1.0,1.0,0.0,4.0,2.6022,7.0,5.0,3.625
T,1,4111116778182024,3.5502,1.0,1.0,1.0,1.0,0.0,4.0,2.5306,7.0,6.0,3.375
T,1,4242422102968548,2.6338,1.0,1.0,1.0,1.0,1.0,4.0,2.6494,8.0,5.0,3.9375
T,1,4111116733990719,3.2065,1.0,1.0,1.0,1.0,0.0,4.0,2.4835,7.0,6.0,3.9375
T,1,4242424194777027,2.6621,1.0,1.0,1.0,1.0,1.0,4.0,2.2744,6.0,5.0,4.125
T,1,4242421987265061,2.6392,1.0,1.0,1.0,1.0,1.0,4.0,2.9528,9.0,4.0,3.9375
T,1,4242424255639231,2.3653,1.0,1.0,1.0,1.0,1.0,4.0,2.5244,7.0,5.0,3.625
T,1,5105106637404839,2.8294,1.0,1.0,1.0,1.0,3.0,5.0,3.0778,9.0,3.0,3.875
T,1,4532018697281096,4.0762,1.0,1.0,1.0,1.0,2.0,4.0,3.25,10.0,2.0,4.4375
T,1,4111119440172357,3.811,1.0,1.0,1.0,1.0,0.0,4.0,2.6085,8.0,6.0,3.1875
T,1,5105106328632557,1.5455,1.0,1.0,1.0,1.0,3.0,5.0,2.875,8.0,4.0,3.6875
T,1,4242425511488073,2.6684,1.0,1.0,1.0,1.0,1.0,4.0,2.8278,8.0,4.0,3.75
T,1,5555550028460477,1.5558,1.0,1.0,1.0,1.0,4.0,5.0,2.4835,7.0,6.0,4.25
T,1,5555556651969361,1.8497,1.0,1.0,1.0,1.0,4.0,5.0,2.0218,5.0,7.0,5.125
T,1,5105104886299554,2.0135,1.0,1.0,1.0,1.0,3.0,5.0,2.875,8.0,4.0,4.5
T,1,4532014324940113,2.0462,1.0,1.0,1.0,1.0,2.0,4.0,2.6556,7.0,4.0,2.875
T,1,4242420562371088,2.7802,1.0,1.0,1.0,1.0,1.0,4.0,2.9528,9.0,4.0,3.625
T,1,4242429570514563,2.6392,1.0,1.0,1.0,1.0,1.0,4.0,2.9056,9.0,4.0,3.9375
T,1,5105108156793881,1.5326,1.0,1.0,1.0,1.0,3.0,5.0,2.7806,8.0,4.0,4.25
T,1,4111118480396769,4.0002,1.0,1.0,1.0,1.0,0.0,4.0,2.7744,8.0,5.0,4.3125
T,1,4111110823259499,3.7789,1.0,1.0,1.0,1.0,0.0,4.0,2.7272,8.0,5.0,3.75
T,1,4111113731837000,2.5012,1.0,1.0,1.0,1.0,0.0,4.0,2.3113,6.0,6.0,2.5625
T,1,4242428081913256,2.6229,1.0,1.0,1.0,1.0,1.0,4.0,2.9528,9.0,4.0,3.8125
T,1,4242422090610870,2.7521,1.0,1.0,1.0,1.0,1.0,4.0,2.7028,8.0,4.0,3.1875
T,1,5105107739370712,1.5463,1.0,1.0,1.0,1.0,3.0,5.0,2.6556,7.0,4.0,3.625
T,1,4242420465685089,2.3878,1.0,1.0,1.0,1.0,1.0,4.0,2.7028,7.0,4.0,4.3125
T,1,4242427529476389,2.8446,1.0,1.0,1.0,1.0,1.0,4.0,2.75,8.0,4.0,4.875
T,1,4532011399361019,1.4981,1.0,1.0,1.0,1.0,2.0,4.0,2.7806,8.0,4.0,3.5625
T,1,4111118101785911,3.6827,1.0,1.0,1.0,1.0,0.0,4.0,2.0919,7.0,9.0,3.125
T,1,4111110594811064,2.3772,1.0,1.0,1.0,1.0,0.0,4.0,2.3496,7.0,7.0,2.9375
T,1,4532012961496738,3.731,1.0,1.0,1.0,1.0,2.0,4.0,3.25,10.0,2.0,4.375
T,1,4242425960457454,2.6582,1.0,1.0,1.0,1.0,1.0,4.0,2.4363,7.0,6.0,4.1875
T,1,4242423259348047,2.6338,1.0,1.0,1.0,1.0,1.0,4.0,2.6494,8.0,5.0,3.9375
T,1,4111113603003764,3.7331,1.0,1.0,1.0,1.0,0.0,4.0,2.43,6.0,5.0,2.5625
T,1,4111114485869223,3.7789,1.0,1.0,1.0,1.0,0.0,4.0,2.7272,8.0,5.0,3.75
T,1,4532018399626457,4.6593,1.0,1.0,1.0,1.0,2.0,4.0,3.25,10.0,2.0,4.625
T,1,4111111009435945,2.6624,1.0,1.0,1.0,1.0,0.0,4.0,2.3585,6.0,6.0,3.0625
T,1,4111114954838766,3.7897,1.0,1.0,1.0,1.0,0.0,4.0,2.7272,8.0,5.0,4.3125
T,1,5105102750723576,1.2135,1.0,1.0,1.0,1.0,3.0,5.0,2.6556,7.0,4.0,3.5
T,1,4111113746323707,3.8448,1.0,1.0,1.0,1.0,0.0,4.0,2.555,7.0,5.0,3.1875
T,1,6011009870601494,1.2007,1.0,1.0,1.0,1.0,5.0,6.0,2.6022,7.0,5.0,3.5
T,1,6011000271890224,2.2936,1.0,1.0,1.0,1.0,5.0,6.0,2.68,8.0,5.0,2.6875
T,1,4111116301813517,2.7219,1.0,1.0,1.0,1.0,0.0,4.0,2.375,8.0,8.0,2.75
T,1,4242425679263227,2.2672,1.0,1.0,1.0,1.0,1.0,4.0,2.4835,7.0,6.0,4.1875
T,1,5555551029263084,1.9595,1.0,1.0,1.0,1.0,4.0,5.0,2.7806,9.0,6.0,4.0625
T,1,5555554574504670,3.1661,1.0,1.0,1.0,1.0,4.0,5.0,1.9528,5.0,8.0,4.5
T,1,4111118110958301,2.3531,1.0,1.0,1.0,1.0,0.0,4.0,2.25,7.0,8.0,2.8125
T,1,4242424987639541,3.8165,1.0,1.0,1.0,1.0,1.0,4.0,2.8522,9.0,5.0,4.625
T,1,4242421632532931,3.2736,1.0,1.0,1.0,1.0,1.0,4.0,2.555,7.0,5.0,3.3125
T,1,4532019767447658,4.2365,1.0,1.0,1.0,1.0,2.0,4.0,3.1556,10.0,3.0,4.875
T,1,4532016051940315,1.5459,1.0,1.0,1.0,1.0,2.0,4.0,2.8585,8.0,3.0,3.0625
T,1,4111116478524038,3.4023,1.0,1.0,1.0,1.0,0.0,4.0,2.8522,9.0,5.0,3.5
T,1,5555552625156953,2.6384,1.0,1.0,1.0,1.0,4.0,5.0,1.9669,6.0,9.0,4.625
T,1,4532011610630028,2.3583,1.0,1.0,1.0,1.0,2.0,4.0,2.8278,8.0,4.0,2.625
T,1,5105102854902258,1.4074,1.0,1.0,1.0,1.0,3.0,5.0,2.6556,7.0,4.0,3.5625
T,1,4532018253114301,2.4811,1.0,1.0,1.0,1.0,2.0,4.0,2.7028,7.0,4.0,2.6875
T,1,4111119214530582,3.6959,1.0,1.0,1.0,1.0,0.0,4.0,2.6556,8.0,6.0,3.0
T,1,4242427903378987,3.0062,1.0,1.0,1.0,1.0,1.0,4.0,2.7335,7.0,3.0,4.9375
T,1,5555558395839090,1.5087,1.0,1.0,1.0,1.0,4.0,5.0,2.0996,5.0,7.0,5.25
T,1,4532012783824968,4.4926,1.0,1.0,1.0,1.0,2.0,4.0,3.1556,10.0,3.0,4.5
T,1,4242426304926006,2.9435,1.0,1.0,1.0,1.0,1.0,4.0,2.4056,6.0,4.0,3.375
T,1,4111119783225218,3.5518,1.0,1.0,1.0,1.0,0.0,4.0,2.6085,8.0,6.0,3.5
T,1,4242429651948938,1.4738,1.0,1.0,1.0,1.0,1.0,4.0,2.7806,8.0,4.0,5.0
T,1,4111114536434993,2.8564,1.0,1.0,1.0,1.0,0.0,4.0,2.3522,6.0,5.0,3.6875
T,1,4242421557641360,2.1718,1.0,1.0,1.0,1.0,1.0,4.0,2.8278,8.0,4.0,3.5
T,1,6011001893754111,1.4242,1.0,1.0,1.0,1.0,5.0,6.0,2.7335,9.0,6.0,3.0
T,1,4111110510330942,2.9897,1.0,1.0,1.0,1.0,0.0,4.0,2.4835,7.0,6.0,2.25
T,1,5105108992726236,2.8349,1.0,1.0,1.0,1.0,3.0,5.0,3.0778,9.0,3.0,4.125
T,1,4242424248979785,3.5529,1.0,1.0,1.0,1.0,1.0,4.0,2.3994,6.0,5.0,5.0625
T,1,4242427205939296,2.493,1.0,1.0,1.0,1.0,1.0,4.0,2.68,8.0,5.0,4.375
T,1,4242427337347392,3.4351,1.0,1.0,1.0,1.0,1.0,4.0,2.2028,5.0,4.0,4.125
T,1,5105105084608595,1.3822,1.0,1.0,1.0,1.0,3.0,5.0,2.5244,7.0,5.0,3.875
T,1,4111110227433161,2.2476,1.0,1.0,1.0,1.0,0.0,4.0,2.3968,7.0,7.0,2.375
T,1,5105105949254676,1.5256,1.0,1.0,1.0,1.0,3.0,5.0,2.875,8.0,4.0,4.3125
T,1,5105101455062637,1.5264,1.0,1.0,1.0,1.0,3.0,5.0,2.7806,8.0,4.0,3.1875
T,1,4111111592841376,2.6563,1.0,1.0,1.0,1.0,0.0,4.0,2.6468,9.0,7.0,3.4375
T,1,4111117221529357,3.0737,1.0,1.0,1.0,1.0,0.0,4.0,2.4835,7.0,6.0,3.25
T,1,4242429594779051,3.0423,1.0,1.0,1.0,1.0,1.0,4.0,2.6556,7.0,4.0,4.625
T,1,5105106073943167,2.2017,1.0,1.0,1.0,1.0,3.0,5.0,2.9056,8.0,3.0,3.625
T,1,6011004279616961,1.3339,1.0,1.0,1.0,1.0,5.0,6.0,2.5778,7.0,4.0,3.6875
T,1,4111115232055958,4.0098,1.0,1.0,1.0,1.0,0.0,4.0,2.6494,8.0,5.0,3.3125
T,1,4532012984521264,1.9739,1.0,1.0,1.0,1.0,2.0,4.0,2.9528,9.0,4.0,3.625
T,1,5105105621707009,1.9829,1.0,1.0,1.0,1.0,3.0,5.0,2.555,7.0,5.0,3.0625
T,1,4242423323456503,2.7038,1.0,1.0,1.0,1.0,1.0,4.0,2.375,6.0,4.0,3.25
T,1,4111119568825802,3.2547,1.0,1.0,1.0,1.0,0.0,4.0,2.7272,8.0,5.0,3.875
T,1,4242421165455153,2.9435,1.0,1.0,1.0,1.0,1.0,4.0,2.4056,6.0,4.0,3.375
T,1,4242424369954443,3.2494,1.0,1.0,1.0,1.0,1.0,4.0,2.2246,6.0,7.0,4.3125
T,1,4532016623095333,1.7682,1.0,1.0,1.0,1.0,2.0,4.0,2.7744,8.0,5.0,3.4375
T,1,4242427684501468,2.5048,1.0,1.0,1.0,1.0,1.0,4.0,2.7272,8.0,5.0,4.1875
T,1,4242421060983531,2.7576,1.0,1.0,1.0,1.0,1.0,4.0,3.0306,9.0,3.0,3.375
T,1,4532019408636461,2.2013,1.0,1.0,1.0,1.0,2.0,4.0,3.0306,9.0,3.0,3.875
T,1,4242420201845021,2.3868,1.0,1.0,1.0,1.0,1.0,4.0,2.3522,6.0,5.0,2.5625
T,1,4111113248631425,3.4045,1.0,1.0,1.0,1.0,0.0,4.0,2.4835,7.0,6.0,2.9375
T,1,4111118741629370,3.5034,1.0,1.0,1.0,1.0,0.0,4.0,2.7806,9.0,6.0,3.5
T,1,4111110863482621,3.3194,1.0,1.0,1.0,1.0,0.0,4.0,2.5306,7.0,6.0,3.0625
T,1,4111110131593076,2.9956,1.0,1.0,1.0,1.0,0.0,4.0,2.5218,8.0,7.0,2.75
T,1,4111112316989954,3.8025,1.0,1.0,1.0,1.0,0.0,4.0,2.6085,8.0,6.0,4.0625
T,1,4242420584197107,2.6684,1.0,1.0,1.0,1.0,1.0,4.0,2.8278,8.0,4.0,3.75
T,1,4111116171848262,3.305,1.0,1.0,1.0,1.0,0.0,4.0,2.2718,6.0,7.0,3.375
T,1,4111119459767360,3.9403,1.0,1.0,1.0,1.0,0.0,4.0,2.7744,8.0,5.0,4.0625
T,1,5555558309247497,2.449,1.0,1.0,1.0,1.0,4.0,5.0,2.6556,8.0,6.0,5.1875
T,1,4111114331523503,2.7543,1.0,1.0,1.0,1.0,0.0,4.0,2.2806,6.0,6.0,2.375
T,1,4111116325643361,2.2996,1.0,1.0,1.0,1.0,0.0,4.0,2.3113,6.0,6.0,3.0
T,1,4532013059393613,2.0859,1.0,1.0,1.0,1.0,2.0,4.0,2.7744,8.0,5.0,3.5625
T,1,4242424697802298,3.1657,1.0,1.0,1.0,1.0,1.0,4.0,2.5244,7.0,5.0,4.5625
T,1,4242422545996106,2.3879,1.0,1.0,1.0,1.0,1.0,4.0,2.625,7.0,4.0,4.0625
T,1,4532012824898252,1.9193,1.0,1.0,1.0,1.0,2.0,4.0,2.7272,8.0,5.0,4.0625
T,1,4532015418103237,1.6592,1.0,1.0,1.0,1.0,2.0,4.0,2.9056,8.0,3.0,3.0625
T,1,4111111906123040,1.8367,1.0,1.0,1.0,1.0,0.0,4.0,2.3496,7.0,7.0,2.1875
T,1,4111116122947163,2.5782,1.0,1.0,1.0,1.0,0.0,4.0,2.3968,7.0,7.0,3.125
T,1,4111119116828704,3.0655,1.0,1.0,1.0,1.0,0.0,4.0,2.5218,8.0,7.0,3.4375
T,1,4111116008080782,3.3395,1.0,1.0,1.0,1.0,0.0,4.0,2.4772,7.0,5.0,3.0
T,1,4111111281985989,3.8658,1.0,1.0,1.0,1.0,0.0,4.0,2.1774,6.0,7.0,4.3125
T,1,4111119394648022,3.4791,1.0,1.0,1.0,1.0,0.0,4.0,2.7272,8.0,5.0,3.5
T,1,4111112853112937,2.7703,1.0,1.0,1.0,1.0,0.0,4.0,2.5218,8.0,7.0,3.125
T,1,5555551020033262,0.9601,1.0,1.0,1.0,1.0,4.0,5.0,2.3113,6.0,6.0,3.0625
T,1,5105105852222710,1.5363,1.0,1.0,1.0,1.0,3.0,5.0,2.4056,6.0,4.0,2.875
T,1,4111118723082994,3.5518,1.0,1.0,1.0,1.0,0.0,4.0,2.7744,8.0,5.0,3.8125
T,1,4242429485259023,2.3616,1.0,1.0,1.0,1.0,1.0,4.0,2.5244,7.0,5.0,4.0625
T,1,4532018640012424,2.1315,1.0,1.0,1.0,1.0,2.0,4.0,2.7806,8.0,4.0,2.875
T,1,4111112145949856,2.9734,1.0,1.0,1.0,1.0,0.0,4.0,2.4835,7.0,6.0,3.875
T,1,4111116429721386,3.638,1.0,1.0,1.0,1.0,0.0,4.0,2.6556,8.0,6.0,3.5625
T,1,4532013751896822,3.9887,1.0,1.0,1.0,1.0,2.0,4.0,3.2028,10.0,3.0,4.125
T,1,4111113477208747,3.2093,1.0,1.0,1.0,1.0,0.0,4.0,2.4772,7.0,5.0,3.625
T,1,4242427806403502,2.8416,1.0,1.0,1.0,1.0,1.0,4.0,2.7028,8.0,4.0,3.3125
T,1,4242429806328416,2.6447,1.0,1.0,1.0,1.0,1.0,4.0,2.75,8.0,4.0,4.0625
T,1,4111114286607962,3.7789,1.0,1.0,1.0,1.0,0.0,4.0,2.7272,8.0,5.0,3.6875
T,1,4111117422294900,3.4949,1.0,1.0,1.0,1.0,0.0,4.0,2.43,6.0,5.0,3.0
T,1,4532017035599151,1.7562,1.0,1.0,1.0,1.0,2.0,4.0,2.8278,8.0,4.0,3.75
T,1,4242428456529109,2.4192,1.0,1.0,1.0,1.0,1.0,4.0,2.75,8.0,4.0,4.1875
T,1,4242428865773710,3.2242,1.0,1.0,1.0,1.0,1.0,4.0,2.9835,9.0,3.0,4.375
T,1,4242423534894484,3.1302,1.0,1.0,1.0,1.0,1.0,4.0,2.2246,6.0,7.0,4.375
T,1,4242420758438519,2.841,1.0,1.0,1.0,1.0,1.0,4.0,2.9528,9.0,4.0,4.25
T,1,4111112006457916,3.6959,1.0,1.0,1.0,1.0,0.0,4.0,2.6556,8.0,6.0,3.0625
T,1,4242425637228528,2.4927,1.0,1.0,1.0,1.0,1.0,4.0,2.4835,7.0,6.0,4.125
T,1,4532017648397894,2.0489,1.0,1.0,1.0,1.0,2.0,4.0,3.2028,10.0,3.0,5.0
T,1,4242424590576353,2.4352,1.0,1.0,1.0,1.0,1.0,4.0,2.7806,8.0,4.0,4.0625
T,1,4242420702356668,2.2771,1.0,1.0,1.0,1.0,1.0,4.0,2.7806,8.0,4.0,3.8125
T,1,4111111889766500,3.8268,1.0,1.0,1.0,1.0,0.0,4.0,2.6556,8.0,6.0,3.6875
T,1,4111117708793674,3.5496,1.0,1.0,1.0,1.0,0.0,4.0,2.6494,8.0,5.0,4.1875
T,1,4242424759180401,2.9032,1.0,1.0,1.0,1.0,1.0,4.0,2.7272,8.0,5.0,3.5625
T,1,4242420329875421,3.2642,1.0,1.0,1.0,1.0,1.0,4.0,2.7744,9.0,5.0,3.6875
T,1,5555550257122145,2.7745,1.0,1.0,1.0,1.0,4.0,5.0,2.0778,6.0,8.0,3.6875
T,1,4532014936595693,2.9856,1.0,1.0,1.0,1.0,2.0,4.0,2.8585,8.0,3.0,4.625
T,1,4111118664093349,3.6451,1.0,1.0,1.0,1.0,0.0,4.0,2.6022,7.0,5.0,3.8125
T,1,5105105424186633,2.1726,1.0,1.0,1.0,1.0,3.0,5.0,2.9056,8.0,3.0,3.375
T,1,6011000026679104,1.7012,1.0,1.0,1.0,1.0,5.0,6.0,2.4363,7.0,6.0,2.6875
T,1,4111116094045103,3.4238,1.0,1.0,1.0,1.0,0.0,4.0,2.4363,7.0,6.0,2.5625
T,1,4242420578639270,2.781,1.0,1.0,1.0,1.0,1.0,4.0,2.9528,9.0,4.0,4.0625
T,1,4111111649120733,3.0487,1.0,1.0,1.0,1.0,0.0,4.0,2.5218,8.0,7.0,2.8125
T,1,4111116231152010,0.9379,1.0,1.0,1.0,1.0,0.0,4.0,2.25,7.0,8.0,1.875
T,1,5555555562982364,1.3575,1.0,1.0,1.0,1.0,4.0,5.0,2.25,7.0,8.0,5.0
T,1,4111114997480527,3.7298,1.0,1.0,1.0,1.0,0.0,4.0,2.7272,8.0,5.0,4.0
T,1,5105104727686308,2.7303,1.0,1.0,1.0,1.0,3.0,5.0,3.0778,9.0,3.0,3.9375
T,1,4111117163704430,2.1037,1.0,1.0,1.0,1.0,0.0,4.0,2.3585,6.0,6.0,2.75
T,1,5105108181461025,1.9829,1.0,1.0,1.0,1.0,3.0,5.0,2.555,7.0,5.0,3.0
T,1,4111114544517540,3.2404,1.0,1.0,1.0,1.0,0.0,4.0,2.0079,5.0,6.0,3.0
T,1,4111112395433551,2.2277,1.0,1.0,1.0,1.0,0.0,4.0,2.3113,6.0,6.0,3.0625
T,1,4111110041763256,4.0409,1.0,1.0,1.0,1.0,0.0,4.0,2.6556,8.0,6.0,2.6875
T,1,4111115264679600,3.8441,1.0,1.0,1.0,1.0,0.0,4.0,2.7272,8.0,5.0,3.375
T,1,5555553697340962,1.1357,1.0,1.0,1.0,1.0,4.0,5.0,2.6556,8.0,6.0,4.9375
T,1,4111116165434038,3.2376,1.0,1.0,1.0,1.0,0.0,4.0,2.4835,7.0,6.0,3.0625
T,1,4111118770815833,3.2331,1.0,1.0,1.0,1.0,0.0,4.0,2.4835,7.0,6.0,3.6875
T,1,4111113814554621,2.3019,1.0,1.0,1.0,1.0,0.0,4.0,2.3496,7.0,7.0,3.0
T,1,4111114034734035,2.6337,1.0,1.0,1.0,1.0,0.0,4.0,2.3522,6.0,5.0,2.625
T,1,5555558341264153,1.6625,1.0,1.0,1.0,1.0,4.0,5.0,2.3968,7.0,7.0,4.1875
T,1,4111112866857072,3.8739,1.0,1.0,1.0,1.0,0.0,4.0,2.7744,8.0,5.0,3.75
T,1,4111113841982969,3.6445,1.0,1.0,1.0,1.0,0.0,4.0,2.4835,7.0,6.0,4.25
T,1,4111113038457882,3.5902,1.0,1.0,1.0,1.0,0.0,4.0,2.7272,8.0,5.0,3.5625
T,1,4242424195636156,2.3459,1.0,1.0,1.0,1.0,1.0,4.0,2.6556,7.0,4.0,4.0
T,1,4532011101893713,2.022,1.0,1.0,1.0,1.0,2.0,4.0,2.8522,9.0,5.0,3.0625
T,1,4111116958441521,2.7857,1.0,1.0,1.0,1.0,0.0,4.0,2.3496,7.0,7.0,3.375
T,1,4111117694425489,3.5496,1.0,1.0,1.0,1.0,0.0,4.0,2.6494,8.0,5.0,4.1875
T,1,4111114479496272,3.2981,1.0,1.0,1.0,1.0,0.0,4.0,2.3994,6.0,5.0,3.9375
T,1,4532013496760523,2.8883,1.0,1.0,1.0,1.0,2.0,4.0,3.0778,9.0,3.0,3.75
T,1,4111115691803161,3.2806,1.0,1.0,1.0,1.0,0.0,4.0,2.375,8.0,8.0,3.0625
T,1,4111117281404350,4.0658,1.0,1.0,1.0,1.0,0.0,4.0,2.6085,8.0,6.0,2.6875
T,1,4242424197444203,2.2738,1.0,1.0,1.0,1.0,1.0,4.0,2.2718,7.0,7.0,3.5
T,1,4111112519923735,3.2611,1.0,1.0,1.0,1.0,0.0,4.0,2.5306,7.0,6.0,3.4375
T,1,5555557437658567,1.0909,1.0,1.0,1.0,1.0,4.0,5.0,2.0778,6.0,8.0,5.5
T,1,5105104758416997,2.7312,1.0,1.0,1.0,1.0,3.0,5.0,2.9056,8.0,3.0,4.5
T,1,4111115009611751,2.3,1.0,1.0,1.0,1.0,0.0,4.0,2.25,7.0,8.0,2.75
T,1,4242425613910511,1.9394,1.0,1.0,1.0,1.0,1.0,4.0,2.7806,8.0,4.0,3.125
T,1,5105103942828646,3.6511,1.0,1.0,1.0,1.0,3.0,5.0,3.125,9.0,2.0,4.0
T,1,4532017060484220,1.5148,1.0,1.0,1.0,1.0,2.0,4.0,2.9056,9.0,4.0,3.0
T,1,4111115823118165,2.9732,1.0,1.0,1.0,1.0,0.0,4.0,2.25,7.0,8.0,3.0625
T,1,4242429810957945,3.1721,1.0,1.0,1.0,1.0,1.0,4.0,2.7806,8.0,4.0,4.6875
T,1,4532015464260733,1.8519,1.0,1.0,1.0,1.0,2.0,4.0,2.9056,8.0,3.0,3.4375
T,1,6011006085065218,1.3103,1.0,1.0,1.0,1.0,5.0,6.0,2.43,6.0,5.0,3.0625
T,1,4111112158877671,2.3024,1.0,1.0,1.0,1.0,0.0,4.0,2.3496,7.0,7.0,3.8125
T,1,4242429995538650,3.3873,1.0,1.0,1.0,1.0,1.0,4.0,2.8113,8.0,3.0,4.8125
T,1,5105102390865092,1.0914,1.0,1.0,1.0,1.0,3.0,5.0,2.8278,8.0,4.0,3.5
T,1,5105106082386853,2.3149,1.0,1.0,1.0,1.0,3.0,5.0,2.7335,7.0,3.0,3.8125
T,1,4111111433111674,4.2422,1.0,1.0,1.0,1.0,0.0,4.0,1.7947,5.0,9.0,2.5
T,1,4111118931117111,3.7262,1.0,1.0,1.0,1.0,0.0,4.0,1.6216,6.0,11.0,2.625
T,1,4242426948502429,2.6308,1.0,1.0,1.0,1.0,1.0,4.0,2.4238,7.0,5.0,4.1875
T,1,4242423263090387,2.5991,1.0,1.0,1.0,1.0,1.0,4.0,2.7806,8.0,4.0,3.6875
T,1,4242422503170736,2.6746,1.0,1.0,1.0,1.0,1.0,4.0,2.8278,8.0,4.0,3.25
T,1,4242423440435158,2.1934,1.0,1.0,1.0,1.0,1.0,4.0,2.4835,7.0,6.0,3.4375
T,1,4111115418730010,1.6892,1.0,1.0,1.0,1.0,0.0,4.0,2.3496,7.0,7.0,2.375
T,1,5105107288911924,1.3721,1.0,1.0,1.0,1.0,3.0,5.0,2.875,8.0,4.0,3.9375
T,1,4111118312417734,3.0312,1.0,1.0,1.0,1.0,0.0,4.0,2.2246,6.0,7.0,3.0625
T,1,4532014130403199,1.3635,1.0,1.0,1.0,1.0,2.0,4.0,2.6863,7.0,3.0,3.0625
T,1,4111110165707311,2.9766,1.0,1.0,1.0,1.0,0.0,4.0,2.25,7.0,8.0,2.5
T,1,5555557208209319,1.8208,1.0,1.0,1.0,1.0,4.0,5.0,2.6556,8.0,6.0,4.4375
T,1,4532016427130724,2.3562,1.0,1.0,1.0,1.0,2.0,4.0,2.9056,8.0,3.0,3.1875
T,1,4242420490416013,3.329,1.0,1.0,1.0,1.0,1.0,4.0,2.555,7.0,5.0,2.875
T,1,4111112214218647,2.4967,1.0,1.0,1.0,1.0,0.0,4.0,2.1774,6.0,7.0,2.875
T,1,5105106385020373,1.3303,1.0,1.0,1.0,1.0,3.0,5.0,2.7806,8.0,4.0,3.0625
T,1,4242424548702218,2.9097,1.0,1.0,1.0,1.0,1.0,4.0,2.4238,7.0,5.0,3.6875
T,1,5105100228722766,1.601,1.0,1.0,1.0,1.0,3.0,5.0,2.7028,7.0,4.0,3.375
T,1,4242422690974858,2.738,1.0,1.0,1.0,1.0,1.0,4.0,2.75,8.0,4.0,4.75
T,1,4242426629222644,2.7019,1.0,1.0,1.0,1.0,1.0,4.0,1.749,4.0,7.0,3.8125
T,1,4111116518517075,2.7857,1.0,1.0,1.0,1.0,0.0,4.0,2.3496,7.0,7.0,3.375
T,1,4532014336260849,2.0144,1.0,1.0,1.0,1.0,2.0,4.0,3.0306,9.0,3.0,3.75
T,1,4242421234297644,2.642,1.0,1.0,1.0,1.0,1.0,4.0,2.305,7.0,6.0,3.75
T,1,4111114779388880,3.5411,1.0,1.0,1.0,1.0,0.0,4.0,2.5244,7.0,5.0,4.4375
T,1,5105105029764388,3.7628,1.0,1.0,1.0,1.0,3.0,5.0,3.1556,10.0,3.0,4.0
T,1,4242423138178219,2.1473,1.0,1.0,1.0,1.0,1.0,4.0,2.6556,7.0,4.0,3.8125
T,1,4111111107045653,2.9682,1.0,1.0,1.0,1.0,0.0,4.0,2.3968,7.0,7.0,2.5625
T,1,4532015149611722,2.0725,1.0,1.0,1.0,1.0,2.0,4.0,2.9528,9.0,4.0,3.3125
T,1,5555550508715796,2.3794,1.0,1.0,1.0,1.0,4.0,5.0,2.25,7.0,8.0,4.875
T,1,4242427548603492,3.0183,1.0,1.0,1.0,1.0,1.0,4.0,2.7744,9.0,5.0,4.125
T,1,4242426155880963,3.0544,1.0,1.0,1.0,1.0,1.0,4.0,3.0306,9.0,3.0,4.3125
T,1,4242427985603898,2.8717,1.0,1.0,1.0,1.0,1.0,4.0,2.9835,9.0,3.0,5.0625
T,1,4242426864027047,2.3958,1.0,1.0,1.0,1.0,1.0,4.0,2.3994,6.0,5.0,3.875
T,1,4111114633705634,3.2264,1.0,1.0,1.0,1.0,0.0,4.0,2.555,7.0,5.0,3.125
T,1,4111113177040929,3.4971,1.0,1.0,1.0,1.0,0.0,4.0,2.5306,7.0,6.0,3.1875
T,1,4532014675567994,2.5691,1.0,1.0,1.0,1.0,2.0,4.0,3.0306,9.0,3.0,4.8125
T,1,4111112289481054,3.0737,1.0,1.0,1.0,1.0,0.0,4.0,2.4835,7.0,6.0,3.25
T,1,5105107250497340,1.6852,1.0,1.0,1.0,1.0,3.0,5.0,2.8278,8.0,4.0,3.3125
T,1,5105102956922378,1.961,1.0,1.0,1.0,1.0,3.0,5.0,3.0306,9.0,3.0,4.0625
T,1,6011005042342918,0.9763,1.0,1.0,1.0,1.0,5.0,6.0,2.9528,9.0,4.0,2.875
T,1,5105108549693327,3.7712,1.0,1.0,1.0,1.0,3.0,5.0,3.2028,10.0,3.0,4.25
T,1,4532017159171183,2.342,1.0,1.0,1.0,1.0,2.0,4.0,2.8994,9.0,5.0,3.625
T,1,4242429139387907,3.7966,1.0,1.0,1.0,1.0,1.0,4.0,2.8585,8.0,3.0,4.625
T,1,4242426485057647,2.8689,1.0,1.0,1.0,1.0,1.0,4.0,2.6022,7.0,5.0,4.375
T,1,4242421149679555,2.0477,1.0,1.0,1.0,1.0,1.0,4.0,2.6556,7.0,4.0,4.375
T,1,5105105729709014,1.2135,1.0,1.0,1.0,1.0,3.0,5.0,2.6556,7.0,4.0,3.5
T,1,4111113505834753,3.8739,1.0,1.0,1.0,1.0,0.0,4.0,2.555,7.0,5.0,3.25
T,1,4242425061952205,3.2736,1.0,1.0,1.0,1.0,1.0,4.0,2.555,7.0,5.0,3.3125
T,1,4242429715291978,2.3987,1.0,1.0,1.0,1.0,1.0,4.0,2.6556,7.0,4.0,4.75
T,1,4532018958370448,2.315,1.0,1.0,1.0,1.0,2.0,4.0,3.0306,9.0,3.0,4.4375
T,1,4242420320341696,2.7582,1.0,1.0,1.0,1.0,1.0,4.0,2.625,7.0,4.0,3.25
T,1,4111114348934487,3.3569,1.0,1.0,1.0,1.0,0.0,4.0,2.2988,6.0,5.0,3.9375
T,1,4242424966352306,2.712,1.0,1.0,1.0,1.0,1.0,4.0,2.5778,7.0,4.0,3.875
T,1,4111115427133974,3.2039,1.0,1.0,1.0,1.0,0.0,4.0,2.4835,7.0,6.0,3.375
T,1,4242428781988368,3.7818,1.0,1.0,1.0,1.0,1.0,4.0,2.68,8.0,5.0,5.25
T,1,4242423548327570,2.2253,1.0,1.0,1.0,1.0,1.0,4.0,2.625,7.0,4.0,3.875
T,1,4111119121729756,3.2602,1.0,1.0,1.0,1.0,0.0,4.0,2.3968,7.0,7.0,3.625
T,1,4532011786238788,2.6924,1.0,1.0,1.0,1.0,2.0,4.0,3.0,9.0,4.0,4.5625
T,1,5555550455943763,2.3673,1.0,1.0,1.0,1.0,4.0,5.0,2.25,7.0,8.0,4.75
T,1,4242427762049935,2.387,1.0,1.0,1.0,1.0,1.0,4.0,2.75,8.0,4.0,4.375
T,1,4242425411631657,2.3962,1.0,1.0,1.0,1.0,1.0,4.0,2.6556,7.0,4.0,3.5625
T,1,6011008031222083,1.8891,1.0,1.0,1.0,1.0,5.0,6.0,2.43,6.0,5.0,2.3125
T,1,4111111981586061,3.5289,1.0,1.0,1.0,1.0,0.0,4.0,2.25,7.0,8.0,3.375
T,1,5105105832474845,1.4484,1.0,1.0,1.0,1.0,3.0,5.0,2.8278,8.0,4.0,3.875
T,1,4111117517951828,3.0502,1.0,1.0,1.0,1.0,0.0,4.0,2.3968,7.0,7.0,3.875
T,1,4111112452888994,4.1632,1.0,1.0,1.0,1.0,0.0,4.0,2.43,6.0,5.0,4.25
T,1,4242428531553348,2.4941,1.0,1.0,1.0,1.0,1.0,4.0,2.4835,6.0,4.0,3.9375
T,1,4242425014153083,2.4498,1.0,1.0,1.0,1.0,1.0,4.0,2.7028,7.0,4.0,3.0
T,1,4111118805276910,3.5034,1.0,1.0,1.0,1.0,0.0,4.0,2.7806,9.0,6.0,3.4375
T,1,4111119618567909,3.8624,1.0,1.0,1.0,1.0,0.0,4.0,2.6085,8.0,6.0,4.3125
T,1,4111117706096435,3.4503,1.0,1.0,1.0,1.0,0.0,4.0,2.7744,8.0,5.0,3.5
T,1,5555551557054012,1.1003,1.0,1.0,1.0,1.0,4.0,5.0,1.9669,6.0,9.0,3.75
T,1,4111118391967328,3.7776,1.0,1.0,1.0,1.0,0.0,4.0,2.6556,8.0,6.0,4.0625
T,1,4242422583932153,3.1642,1.0,1.0,1.0,1.0,1.0,4.0,2.555,7.0,5.0,3.6875
T,1,4111111187169670,3.2801,1.0,1.0,1.0,1.0,0.0,4.0,2.25,7.0,8.0,3.4375
T,1,4111117776496341,2.81,1.0,1.0,1.0,1.0,0.0,4.0,2.3113,6.0,6.0,3.9375
T,1,4532018172606775,3.1418,1.0,1.0,1.0,1.0,2.0,4.0,3.0778,9.0,3.0,4.0
T,1,4532011441856156,1.1418,1.0,1.0,1.0,1.0,2.0,4.0,2.7806,8.0,4.0,3.5
T,1,4111111311487428,3.9873,1.0,1.0,1.0,1.0,0.0,4.0,2.0778,6.0,8.0,3.0
T,1,4242420874407398,3.1865,1.0,1.0,1.0,1.0,1.0,4.0,2.6022,7.0,5.0,4.25
T,1,4111112867307259,2.2167,1.0,1.0,1.0,1.0,0.0,4.0,3.0244,10.0,5.0,3.625
T,1,4242420640902540,2.2138,1.0,1.0,1.0,1.0,1.0,4.0,2.2744,6.0,5.0,3.0
T,1,5105107035854856,1.7592,1.0,1.0,1.0,1.0,3.0,5.0,2.7272,8.0,5.0,3.9375
T,1,5555559948408854,2.3578,1.0,1.0,1.0,1.0,4.0,5.0,2.0524,5.0,7.0,5.5625
T,1,4242423122272853,2.0742,1.0,1.0,1.0,1.0,1.0,4.0,2.3496,7.0,7.0,3.3125
T,1,4242424869239972,3.2134,1.0,1.0,1.0,1.0,1.0,4.0,2.4772,7.0,5.0,4.8125
T,1,4532017148402749,1.6934,1.0,1.0,1.0,1.0,2.0,4.0,3.0,9.0,4.0,3.8125
T,1,4532017340269961,3.8508,1.0,1.0,1.0,1.0,2.0,4.0,3.125,9.0,2.0,3.875
T,1,4242424886822578,3.08,1.0,1.0,1.0,1.0,1.0,4.0,2.2744,6.0,5.0,4.75
T,1,4111114041579035,3.4045,1.0,1.0,1.0,1.0,0.0,4.0,2.4835,7.0,6.0,2.9375
T,1,4111118420758110,2.2829,1.0,1.0,1.0,1.0,0.0,4.0,2.3968,7.0,7.0,2.8125
T,1,6011008176043393,0.3837,1.0,1.0,1.0,1.0,5.0,6.0,2.7806,8.0,4.0,3.25
T,1,4532013239015144,2.5014,1.0,1.0,1.0,1.0,2.0,4.0,2.7335,7.0,3.0,2.9375
T,1,6011004687878252,1.2553,1.0,1.0,1.0,1.0,5.0,6.0,2.9056,8.0,3.0,4.0625
T,1,4242426951578076,3.4983,1.0,1.0,1.0,1.0,1.0,4.0,3.0306,9.0,3.0,4.5
T,1,4242425262768210,2.9759,1.0,1.0,1.0,1.0,1.0,4.0,2.6085,8.0,6.0,3.5625
T,1,5105108441881897,1.1886,1.0,1.0,1.0,1.0,3.0,5.0,2.625,7.0,4.0,4.375
T,1,4111114661316593,3.5778,1.0,1.0,1.0,1.0,0.0,4.0,2.2246,6.0,7.0,3.3125
T,1,6011002278327382,0.8641,1.0,1.0,1.0,1.0,5.0,6.0,2.7028,7.0,4.0,3.25
T,1,4111114510458893,2.8917,1.0,1.0,1.0,1.0,0.0,4.0,2.4835,7.0,6.0,3.5
T,1,5105102512154185,1.746,1.0,1.0,1.0,1.0,3.0,5.0,2.2988,6.0,5.0,2.875
T,1,4111119974077071,3.5838,1.0,1.0,1.0,1.0,0.0,4.0,2.1556,5.0,6.0,3.75
T,1,4111114392856404,3.9937,1.0,1.0,1.0,1.0,0.0,4.0,2.7744,9.0,5.0,3.375
T,1,4111112647088732,3.4503,1.0,1.0,1.0,1.0,0.0,4.0,2.7744,8.0,5.0,3.5
T,1,4111117398220947,3.8739,1.0,1.0,1.0,1.0,0.0,4.0,2.7744,8.0,5.0,3.75
T,1,5555559930291250,2.3289,1.0,1.0,1.0,1.0,4.0,5.0,2.2246,6.0,7.0,4.375
T,1,4111114714825848,3.1746,1.0,1.0,1.0,1.0,0.0,4.0,2.2335,6.0,6.0,3.75
T,1,4111114726571729,3.2331,1.0,1.0,1.0,1.0,0.0,4.0,2.4835,7.0,6.0,3.6875
T,1,4242425874389744,3.1874,1.0,1.0,1.0,1.0,1.0,4.0,2.4835,7.0,6.0,4.8125
T,1,5105105665424453,1.8703,1.0,1.0,1.0,1.0,3.0,5.0,2.6022,7.0,5.0,3.5
T,1,6011007331108356,1.4384,1.0,1.0,1.0,1.0,5.0,6.0,2.5778,7.0,4.0,2.8125
T,1,5555555790863162,0.5695,1.0,1.0,1.0,1.0,4.0,5.0,2.6468,9.0,7.0,4.8125
T,1,4242420700037351,2.6016,1.0,1.0,1.0,1.0,1.0,4.0,2.6556,7.0,4.0,2.75
T,1,5555554426550624,2.2247,1.0,1.0,1.0,1.0,4.0,5.0,1.9528,5.0,8.0,4.25
T,1,4532013395691449,2.3776,1.0,1.0,1.0,1.0,2.0,4.0,2.8585,8.0,3.0,4.25
T,1,5555555784777808,2.3434,1.0,1.0,1.0,1.0,4.0,5.0,1.9746,5.0,7.0,5.6875
T,1,4242426933172592,2.7303,1.0,1.0,1.0,1.0,1.0,4.0,2.7272,8.0,5.0,4.0625
T,1,6011006493611926,0.9328,1.0,1.0,1.0,1.0,5.0,6.0,2.5778,7.0,4.0,3.4375
T,1,4242422459899494,3.4695,1.0,1.0,1.0,1.0,1.0,4.0,2.0306,5.0,6.0,5.0625
T,1,4111115420757415,2.2277,1.0,1.0,1.0,1.0,0.0,4.0,2.3113,6.0,6.0,3.0625
T,1,4242424762740969,3.2394,1.0,1.0,1.0,1.0,1.0,4.0,2.3994,6.0,5.0,4.5
T,1,4532011407205828,2.3853,1.0,1.0,1.0,1.0,2.0,4.0,2.9056,8.0,3.0,3.25
T,1,4111114817671008,3.0419,1.0,1.0,1.0,1.0,0.0,4.0,2.2718,6.0,7.0,3.1875
T,1,6011001147558581,1.6392,1.0,1.0,1.0,1.0,5.0,6.0,2.555,7.0,5.0,3.3125
T,1,4111115794219430,3.9613,1.0,1.0,1.0,1.0,0.0,4.0,2.6085,8.0,6.0,3.3125
T,1,4111118036784591,3.9656,1.0,1.0,1.0,1.0,0.0,4.0,2.7806,9.0,6.0,3.75
T,1,4111116753648213,3.8392,1.0,1.0,1.0,1.0,0.0,4.0,2.6556,8.0,6.0,3.375
T,1,4111113585698334,3.7479,1.0,1.0,1.0,1.0,0.0,4.0,2.6022,7.0,5.0,3.9375
T,1,5105105978071728,1.7275,1.0,1.0,1.0,1.0,3.0,5.0,2.6863,7.0,3.0,4.125
T,1,4111117943282343,3.8979,1.0,1.0,1.0,1.0,0.0,4.0,2.555,7.0,5.0,3.375
T,1,4242427485932060,2.4434,1.0,1.0,1.0,1.0,1.0,4.0,2.875,9.0,4.0,3.875
T,1,5105102069498761,2.0015,1.0,1.0,1.0,1.0,3.0,5.0,3.0306,9.0,3.0,4.0
T,1,4111113903886322,3.9413,1.0,1.0,1.0,1.0,0.0,4.0,2.7272,8.0,5.0,3.3125
T,1,4242427597417497,2.0091,1.0,1.0,1.0,1.0,1.0,4.0,2.3522,6.0,5.0,4.875
T,1,4111118258462298,3.6987,1.0,1.0,1.0,1.0,0.0,4.0,2.555,7.0,5.0,3.9375
T,1,4242425155450017,3.0391,1.0,1.0,1.0,1.0,1.0,4.0,2.4528,6.0,4.0,3.1875
T,1,4111110221398188,2.5226,1.0,1.0,1.0,1.0,0.0,4.0,2.3496,7.0,7.0,3.1875
T,1,4111111349060932,3.3556,1.0,1.0,1.0,1.0,0.0,4.0,2.5306,7.0,6.0,2.875
T,1,4242425742180481,2.3653,1.0,1.0,1.0,1.0,1.0,4.0,2.5244,7.0,5.0,3.625
T,1,4111119330410107,2.91,1.0,1.0,1.0,1.0,0.0,4.0,2.2246,6.0,7.0,2.3125
T,1,4242424604649345,1.9344,1.0,1.0,1.0,1.0,1.0,4.0,2.3496,7.0,7.0,3.9375
T,1,6011009224587183,2.4334,1.0,1.0,1.0,1.0,5.0,6.0,3.1556,10.0,3.0,3.5625
T,1,4111114517379589,3.6129,1.0,1.0,1.0,1.0,0.0,4.0,2.5306,7.0,6.0,4.1875
T,1,4111114659733759,3.458,1.0,1.0,1.0,1.0,0.0,4.0,2.6494,7.0,5.0,4.1875
T,1,4111112329106919,2.5226,1.0,1.0,1.0,1.0,0.0,4.0,2.3496,7.0,7.0,3.1875
T,1,4242427731819947,3.0423,1.0,1.0,1.0,1.0,1.0,4.0,2.6556,7.0,4.0,4.625
T,1,4242420255106064,3.1667,1.0,1.0,1.0,1.0,1.0,4.0,2.4528,6.0,4.0,2.9375
T,1,4532015514284071,2.1731,1.0,1.0,1.0,1.0,2.0,4.0,2.8585,8.0,3.0,3.25
T,1,4111115769376728,4.1059,1.0,1.0,1.0,1.0,0.0,4.0,2.8522,9.0,5.0,4.3125
T,1,4242426237006132,3.025,1.0,1.0,1.0,1.0,1.0,4.0,2.6022,7.0,5.0,3.0
T,1,4111114890346213,3.7208,1.0,1.0,1.0,1.0,0.0,4.0,2.6085,8.0,6.0,3.0625
T,1,5555558900655023,2.5484,1.0,1.0,1.0,1.0,4.0,5.0,2.2028,7.0,8.0,4.25
T,1,4242425998112352,2.8923,1.0,1.0,1.0,1.0,1.0,4.0,2.6022,7.0,5.0,3.9375
T,1,4242427791610285,2.8215,1.0,1.0,1.0,1.0,1.0,4.0,2.9528,9.0,4.0,4.0
T,1,4242429978047109,2.8756,1.0,1.0,1.0,1.0,1.0,4.0,2.6556,7.0,4.0,4.5
T,1,5555558179690511,1.7891,1.0,1.0,1.0,1.0,4.0,5.0,2.3496,7.0,7.0,4.8125
T,1,5105102734380527,2.3003,1.0,1.0,1.0,1.0,3.0,5.0,2.9056,8.0,3.0,3.3125
T,1,4532019380306695,2.268,1.0,1.0,1.0,1.0,2.0,4.0,3.0306,9.0,3.0,4.0
T,1,4111116394603965,3.9286,1.0,1.0,1.0,1.0,0.0,4.0,2.6022,7.0,5.0,3.75
T,1,4242428125879836,3.5207,1.0,1.0,1.0,1.0,1.0,4.0,2.9056,9.0,4.0,4.6875
T,1,4111119021554338,3.6959,1.0,1.0,1.0,1.0,0.0,4.0,2.6556,8.0,6.0,3.0625
T,1,4111116432835371,3.811,1.0,1.0,1.0,1.0,0.0,4.0,2.6085,8.0,6.0,3.1875
T,1,4111113299146679,3.4922,1.0,1.0,1.0,1.0,0.0,4.0,2.4835,7.0,6.0,4.0625
T,1,5105101968905462,2.0458,1.0,1.0,1.0,1.0,3.0,5.0,2.8585,8.0,3.0,3.875
T,1,4532011912076698,4.0292,1.0,1.0,1.0,1.0,2.0,4.0,3.2028,10.0,3.0,4.0
T,1,4242421887866984,4.1323,1.0,1.0,1.0,1.0,1.0,4.0,2.5778,7.0,4.0,5.1875
T,1,4111116811966201,3.2551,1.0,1.0,1.0,1.0,0.0,4.0,2.2028,7.0,8.0,3.0625
T,1,4111110947862251,3.9907,1.0,1.0,1.0,1.0,0.0,4.0,2.7806,9.0,6.0,3.3125
T,1,4532017807175289,3.1612,1.0,1.0,1.0,1.0,2.0,4.0,3.0778,9.0,3.0,4.3125
T,1,4532017394163078,3.8841,1.0,1.0,1.0,1.0,2.0,4.0,3.2028,10.0,3.0,3.9375
T,1,4242421565528310,2.5685,1.0,1.0,1.0,1.0,1.0,4.0,2.7806,8.0,4.0,3.375
T,1,4242422473085286,2.6338,1.0,1.0,1.0,1.0,1.0,4.0,2.6494,8.0,5.0,3.9375
T,1,4242422538938164,2.4192,1.0,1.0,1.0,1.0,1.0,4.0,2.75,8.0,4.0,4.1875
T,1,4532012569571544,1.9714,1.0,1.0,1.0,1.0,2.0,4.0,2.9528,9.0,4.0,3.9375
T,1,4111115942514880,2.9148,1.0,1.0,1.0,1.0,0.0,4.0,2.4835,7.0,6.0,3.4375
T,1,4242429901293317,2.1428,1.0,1.0,1.0,1.0,1.0,4.0,2.6556,7.0,4.0,3.875
T,1,4242425172571811,2.7494,1.0,1.0,1.0,1.0,1.0,4.0,2.4528,6.0,4.0,3.5
T,1,4111117863288981,4.0824,1.0,1.0,1.0,1.0,0.0,4.0,2.5306,8.0,6.0,4.3125
T,1,4111119261429563,3.2379,1.0,1.0,1.0,1.0,0.0,4.0,2.5306,7.0,6.0,3.5
T,1,4111117439611880,3.0423,1.0,1.0,1.0,1.0,0.0,4.0,2.5218,8.0,7.0,3.5
T,1,5555555963763082,1.2226,1.0,1.0,1.0,1.0,4.0,5.0,2.5218,8.0,7.0,4.9375
T,1,4532012342291527,2.3017,1.0,1.0,1.0,1.0,2.0,4.0,2.7744,8.0,5.0,3.25
T,1,4532018462467425,1.9714,1.0,1.0,1.0,1.0,2.0,4.0,2.9528,9.0,4.0,3.9375
T,1,5555554661072417,1.9104,1.0,1.0,1.0,1.0,4.0,5.0,2.5306,7.0,6.0,4.25
T,1,4111112470097420,2.901,1.0,1.0,1.0,1.0,0.0,4.0,2.43,6.0,5.0,2.75
T,1,6011003699233449,1.5868,1.0,1.0,1.0,1.0,5.0,6.0,2.7335,7.0,3.0,3.75
T,1,4242425704970812,2.4866,1.0,1.0,1.0,1.0,1.0,4.0,2.75,8.0,4.0,3.8125
T,1,4111115257891089,3.4919,1.0,1.0,1.0,1.0,0.0,4.0,2.6556,8.0,6.0,3.9375
T,1,4242423087973115,2.931,1.0,1.0,1.0,1.0,1.0,4.0,3.0306,9.0,3.0,3.875
T,1,4111117861670479,3.4922,1.0,1.0,1.0,1.0,0.0,4.0,2.4835,7.0,6.0,4.0
T,1,4532014628068066,1.4341,1.0,1.0,1.0,1.0,2.0,4.0,2.8278,8.0,4.0,3.8125
T,1,4242424379771530,2.4757,1.0,1.0,1.0,1.0,1.0,4.0,2.7806,8.0,4.0,4.0
T,1,6011004335582017,0.9763,1.0,1.0,1.0,1.0,5.0,6.0,2.9528,9.0,4.0,2.875
T,1,4111115137609701,3.3883,1.0,1.0,1.0,1.0,0.0,4.0,2.5218,8.0,7.0,3.0
T,1,4242421531294153,3.0682,1.0,1.0,1.0,1.0,1.0,4.0,2.4528,6.0,4.0,3.25
T,1,4111119280701554,3.2552,1.0,1.0,1.0,1.0,0.0,4.0,2.6556,8.0,6.0,3.125
T,1,4111118210818496,2.5137,1.0,1.0,1.0,1.0,0.0,4.0,2.3496,7.0,7.0,3.5
T,1,4111114591787988,4.155,1.0,1.0,1.0,1.0,0.0,4.0,2.3585,6.0,6.0,4.6875
T,1,4111115809714987,3.6129,1.0,1.0,1.0,1.0,0.0,4.0,2.5306,7.0,6.0,4.1875
T,1,4111110758807890,3.5677,1.0,1.0,1.0,1.0,0.0,4.0,2.555,7.0,5.0,3.8125
T,1,4242429398734187,2.6663,1.0,1.0,1.0,1.0,1.0,4.0,2.7028,7.0,4.0,4.8125
T,1,4532012951678907,4.0486,1.0,1.0,1.0,1.0,2.0,4.0,3.25,10.0,2.0,4.3125
T,1,5105109821754472,2.124,1.0,1.0,1.0,1.0,3.0,5.0,2.9056,8.0,3.0,3.8125
T,1,5555552069475125,1.9349,1.0,1.0,1.0,1.0,4.0,5.0,2.375,8.0,8.0,4.4375
T,1,4111111397552673,3.638,1.0,1.0,1.0,1.0,0.0,4.0,2.6556,8.0,6.0,3.5625
T,1,4242427995500761,3.0095,1.0,1.0,1.0,1.0,1.0,4.0,2.9056,8.0,3.0,4.1875
T,1,4242423964551398,2.592,1.0,1.0,1.0,1.0,1.0,4.0,2.8278,8.0,4.0,4.4375
T,1,4111110291112279,3.9798,1.0,1.0,1.0,1.0,0.0,4.0,2.0778,6.0,8.0,2.6875
T,1,4111116528034053,3.5023,1.0,1.0,1.0,1.0,0.0,4.0,2.7744,8.0,5.0,2.8125
T,1,4242420585967466,3.1721,1.0,1.0,1.0,1.0,1.0,4.0,2.7806,8.0,4.0,4.625
T,1,4111118328178346,3.2331,1.0,1.0,1.0,1.0,0.0,4.0,2.4835,7.0,6.0,3.6875
T,1,4111117062443536,3.7007,1.0,1.0,1.0,1.0,0.0,4.0,2.7272,8.0,5.0,3.0625
T,1,5105108172981502,1.2367,1.0,1.0,1.0,1.0,3.0,5.0,2.6556,7.0,4.0,3.4375
T,1,4242429898699732,2.4194,1.0,1.0,1.0,1.0,1.0,4.0,2.5778,7.0,4.0,5.5
T,1,4242422201554181,2.0271,1.0,1.0,1.0,1.0,1.0,4.0,2.3522,6.0,5.0,2.9375
T,1,4242423437717956,2.1775,1.0,1.0,1.0,1.0,1.0,4.0,2.7806,8.0,4.0,4.375
T,1,4532013981347745,2.2275,1.0,1.0,1.0,1.0,2.0,4.0,3.0306,9.0,3.0,4.125
T,1,4111110460494961,3.2289,1.0,1.0,1.0,1.0,0.0,4.0,2.1556,5.0,6.0,3.25
T,1,4111112858449748,3.6705,1.0,1.0,1.0,1.0,0.0,4.0,2.4772,7.0,5.0,4.25
T,1,4242421286056385,2.3419,1.0,1.0,1.0,1.0,1.0,4.0,2.8278,8.0,4.0,3.875
T,1,4532014648327997,4.6593,1.0,1.0,1.0,1.0,2.0,4.0,3.2028,10.0,3.0,4.625
T,1,4242420330429531,2.7082,1.0,1.0,1.0,1.0,1.0,4.0,2.5778,7.0,4.0,3.0
T,1,5555551654624345,2.7019,1.0,1.0,1.0,1.0,4.0,5.0,2.0778,6.0,8.0,4.375
T,1,4111112641923033,3.6393,1.0,1.0,1.0,1.0,0.0,4.0,2.4835,7.0,6.0,2.625
T,1,4111116008676779,3.9844,1.0,1.0,1.0,1.0,0.0,4.0,2.555,7.0,5.0,4.0625
T,1,4242421350023857,2.6746,1.0,1.0,1.0,1.0,1.0,4.0,2.8278,8.0,4.0,3.25
T,1,4111119930732082,3.8923,1.0,1.0,1.0,1.0,0.0,4.0,2.7744,8.0,5.0,3.25
T,1,4532015888478416,2.8156,1.0,1.0,1.0,1.0,2.0,4.0,2.9528,9.0,4.0,4.625
T,1,5105104529633110,2.0117,1.0,1.0,1.0,1.0,3.0,5.0,2.7806,8.0,4.0,2.875
T,1,4532013570982415,2.8883,1.0,1.0,1.0,1.0,2.0,4.0,3.0778,9.0,3.0,3.6875
T,1,4111112818111107,3.759,1.0,1.0,1.0,1.0,0.0,4.0,1.7988,6.0,10.0,2.4375
T,1,4242422320042381,2.6022,1.0,1.0,1.0,1.0,1.0,4.0,2.2806,6.0,6.0,2.6875
T,1,4111119672739170,3.8516,1.0,1.0,1.0,1.0,0.0,4.0,2.6085,8.0,6.0,3.75
T,1,4111116817725031,2.802,1.0,1.0,1.0,1.0,0.0,4.0,2.6468,9.0,7.0,3.0625
T,1,5555551509478822,1.8465,1.0,1.0,1.0,1.0,4.0,5.0,2.5218,8.0,7.0,4.75
T,1,5105101921779384,1.6072,1.0,1.0,1.0,1.0,3.0,5.0,3.0,9.0,4.0,3.9375
T,1,5105103342962235,1.9987,1.0,1.0,1.0,1.0,3.0,5.0,2.8585,8.0,3.0,3.1875
T,1,4111115371167846,3.0796,1.0,1.0,1.0,1.0,0.0,4.0,2.3968,7.0,7.0,3.5625
T,1,4111115727859385,3.7897,1.0,1.0,1.0,1.0,0.0,4.0,2.7272,8.0,5.0,4.25
T,1,4532011116565330,2.0462,1.0,1.0,1.0,1.0,2.0,4.0,2.6556,7.0,4.0,2.875
T,1,4111112781207312,2.4097,1.0,1.0,1.0,1.0,0.0,4.0,2.3496,7.0,7.0,2.625
T,1,5105102710081347,2.0042,1.0,1.0,1.0,1.0,3.0,5.0,2.75,8.0,4.0,2.8125
T,1,4111118439842095,3.3413,1.0,1.0,1.0,1.0,0.0,4.0,2.7272,8.0,5.0,3.8125
T,1,4242423588136048,2.4757,1.0,1.0,1.0,1.0,1.0,4.0,2.7806,8.0,4.0,4.0
T,1,4242421398421204,2.8526,1.0,1.0,1.0,1.0,1.0,4.0,2.4238,7.0,5.0,3.25
T,1,4242427549796063,3.2414,1.0,1.0,1.0,1.0,1.0,4.0,2.8278,8.0,4.0,4.625
T,1,4111111127451329,2.3,1.0,1.0,1.0,1.0,0.0,4.0,2.25,7.0,8.0,2.75
T,1,4111117159453737,3.2876,1.0,1.0,1.0,1.0,0.0,4.0,2.3585,6.0,6.0,3.75
T,1,4242422914258633,2.6996,1.0,1.0,1.0,1.0,1.0,4.0,2.6494,8.0,5.0,3.8125
T,1,4242426959619252,3.6487,1.0,1.0,1.0,1.0,1.0,4.0,2.43,6.0,5.0,4.5
T,1,4532019843650226,2.8883,1.0,1.0,1.0,1.0,2.0,4.0,3.0778,9.0,3.0,3.75
T,1,4111116548217977,3.8025,1.0,1.0,1.0,1.0,0.0,4.0,2.6085,8.0,6.0,4.0625
T,1,4242422369888587,3.0607,1.0,1.0,1.0,1.0,1.0,4.0,2.7028,8.0,4.0,5.125
T,1,6011006232442005,1.5528,1.0,1.0,1.0,1.0,5.0,6.0,2.6022,7.0,5.0,2.25
T,1,4111117311272611,3.2813,1.0,1.0,1.0,1.0,0.0,4.0,1.9669,6.0,9.0,2.5
T,1,4242425819281790,2.5644,1.0,1.0,1.0,1.0,1.0,4.0,2.8278,8.0,4.0,4.25
T,1,4532011274385893,3.1013,1.0,1.0,1.0,1.0,2.0,4.0,3.0778,9.0,3.0,4.0625
T,1,4111119117891545,4.4395,1.0,1.0,1.0,1.0,0.0,4.0,2.125,6.0,8.0,3.6875
T,1,4111115865571560,3.2221,1.0,1.0,1.0,1.0,0.0,4.0,2.4056,7.0,6.0,3.5625
T,1,4242429766874789,3.3279,1.0,1.0,1.0,1.0,1.0,4.0,2.5306,6.0,4.0,5.5625
T,1,4242429506142075,2.6199,1.0,1.0,1.0,1.0,1.0,4.0,2.75,8.0,4.0,3.5625
T,1,4111118552480095,3.6103,1.0,1.0,1.0,1.0,0.0,4.0,2.6022,7.0,5.0,3.4375
T,1,5105101239518367,1.7152,1.0,1.0,1.0,1.0,3.0,5.0,2.9528,9.0,4.0,3.5625
T,1,4111116222641161,4.2422,1.0,1.0,1.0,1.0,0.0,4.0,1.7806,4.0,8.0,2.5
T,1,5555556349479450,1.6615,1.0,1.0,1.0,1.0,4.0,5.0,2.3496,7.0,7.0,5.0625
T,1,4111112817753214,2.7885,1.0,1.0,1.0,1.0,0.0,4.0,2.3968,7.0,7.0,3.0625
T,1,4242424665704021,2.4183,1.0,1.0,1.0,1.0,1.0,4.0,2.5244,7.0,5.0,3.3125
T,1,5105106472768546,2.1837,1.0,1.0,1.0,1.0,3.0,5.0,2.9056,8.0,3.0,4.1875
T,1,4242427659523992,3.7889,1.0,1.0,1.0,1.0,1.0,4.0,2.555,7.0,5.0,4.6875
T,1,5555554503244844,2.6462,1.0,1.0,1.0,1.0,4.0,5.0,2.0462,6.0,7.0,4.25
T,1,5555555563235036,1.3474,1.0,1.0,1.0,1.0,4.0,5.0,1.7947,5.0,9.0,4.25
T,1,6011003748851720,0.8711,1.0,1.0,1.0,1.0,5.0,6.0,2.9528,9.0,4.0,3.3125
T,1,4111110200694508,4.1674,1.0,1.0,1.0,1.0,0.0,4.0,2.6494,8.0,5.0,2.6875
T,1,4242426630186721,2.5493,1.0,1.0,1.0,1.0,1.0,4.0,2.7806,8.0,4.0,3.625
T,1,4242428298312953,3.1865,1.0,1.0,1.0,1.0,1.0,4.0,2.6022,7.0,5.0,4.25
T,1,5105105414556506,1.4822,1.0,1.0,1.0,1.0,3.0,5.0,2.1863,5.0,6.0,3.3125
T,1,4111117759263494,3.7298,1.0,1.0,1.0,1.0,0.0,4.0,2.7272,8.0,5.0,4.0625
T,1,4242427331220959,3.0919,1.0,1.0,1.0,1.0,1.0,4.0,2.7272,8.0,5.0,3.6875
T,1,5105106077850178,1.5573,1.0,1.0,1.0,1.0,3.0,5.0,2.4835,6.0,4.0,3.8125
T,1,4111113407310100,3.1534,1.0,1.0,1.0,1.0,0.0,4.0,2.0218,5.0,7.0,1.75
T,1,4242428292367284,2.8822,1.0,1.0,1.0,1.0,1.0,4.0,2.4056,7.0,6.0,4.3125
T,1,6011009484871301,0.7825,1.0,1.0,1.0,1.0,5.0,6.0,2.75,8.0,4.0,3.3125
T,1,6011000606689770,1.2892,1.0,1.0,1.0,1.0,5.0,6.0,2.2806,6.0,6.0,3.5625
T,1,4242422646817037,2.4821,1.0,1.0,1.0,1.0,1.0,4.0,2.75,8.0,4.0,3.875
T,1,4242427264042099,2.432,1.0,1.0,1.0,1.0,1.0,4.0,2.2988,6.0,5.0,3.8125
T,1,4111111927264468,3.1833,1.0,1.0,1.0,1.0,0.0,4.0,2.4835,7.0,6.0,3.625
T,1,5555552161943863,2.4031,1.0,1.0,1.0,1.0,4.0,5.0,2.6556,8.0,6.0,4.5625
T,1,4532013701525729,1.8519,1.0,1.0,1.0,1.0,2.0,4.0,2.9056,8.0,3.0,3.5
T,1,4242423773993302,3.1536,1.0,1.0,1.0,1.0,1.0,4.0,2.4528,6.0,4.0,4.0
T,1,4242426336336885,2.7883,1.0,1.0,1.0,1.0,1.0,4.0,2.4835,6.0,4.0,4.3125
T,1,4111119473456248,3.6293,1.0,1.0,1.0,1.0,0.0,4.0,2.7744,9.0,5.0,3.8125
T,1,4111116221516513,3.9798,1.0,1.0,1.0,1.0,0.0,4.0,2.125,6.0,8.0,2.5625
T,1,4532016093337066,1.9739,1.0,1.0,1.0,1.0,2.0,4.0,2.9056,9.0,4.0,3.625
T,1,4111119823666322,3.5097,1.0,1.0,1.0,1.0,0.0,4.0,2.555,7.0,5.0,3.5
T,1,5555552743928952,1.6615,1.0,1.0,1.0,1.0,4.0,5.0,2.3496,7.0,7.0,5.0625
T,1,4242420327149464,2.9341,1.0,1.0,1.0,1.0,1.0,4.0,2.5306,8.0,6.0,3.625
T,1,4111117525707014,2.8095,1.0,1.0,1.0,1.0,0.0,4.0,2.3585,6.0,6.0,2.9375
T,1,5555550164564132,1.6376,1.0,1.0,1.0,1.0,4.0,5.0,2.3968,7.0,7.0,3.875
T,1,4111111263188750,2.3613,1.0,1.0,1.0,1.0,0.0,4.0,2.6468,9.0,7.0,3.125
T,1,4111115678574363,3.3978,1.0,1.0,1.0,1.0,0.0,4.0,2.6494,7.0,5.0,3.9375
T,1,4111115911697716,3.8005,1.0,1.0,1.0,1.0,0.0,4.0,2.125,6.0,8.0,3.8125
T,1,4111117951578681,3.569,1.0,1.0,1.0,1.0,0.0,4.0,2.3968,7.0,7.0,4.125
T,1,4111110490250433,4.0259,1.0,1.0,1.0,1.0,0.0,4.0,2.555,7.0,5.0,2.4375
T,1,4111112974017411,3.2954,1.0,1.0,1.0,1.0,0.0,4.0,2.0778,6.0,8.0,2.8125
T,1,5105100938548865,1.5326,1.0,1.0,1.0,1.0,3.0,5.0,2.7806,8.0,4.0,4.25
T,1,4532016812877764,3.1888,1.0,1.0,1.0,1.0,2.0,4.0,3.0778,9.0,3.0,4.4375
T,1,4242428942442677,2.9358,1.0,1.0,1.0,1.0,1.0,4.0,2.18,6.0,6.0,4.4375
T,1,4111119165388832,3.3274,1.0,1.0,1.0,1.0,0.0,4.0,2.6085,8.0,6.0,3.875
T,1,6011000975546189,0.2766,1.0,1.0,1.0,1.0,5.0,6.0,2.8278,8.0,4.0,3.875
T,1,5555550067436768,2.0,1.0,1.0,1.0,1.0,4.0,5.0,2.4835,7.0,6.0,4.8125
T,1,4111116461839757,3.7776,1.0,1.0,1.0,1.0,0.0,4.0,2.6556,8.0,6.0,4.0625
T,1,4532014806678371,3.877,1.0,1.0,1.0,1.0,2.0,4.0,3.125,9.0,2.0,4.0625
T,1,4532019810598630,3.1418,1.0,1.0,1.0,1.0,2.0,4.0,3.0778,9.0,3.0,4.0
T,1,4111112682854014,3.2376,1.0,1.0,1.0,1.0,0.0,4.0,2.4835,7.0,6.0,3.0625
T,1,6011009702727418,-0.1497,1.0,1.0,1.0,1.0,5.0,6.0,2.7806,8.0,4.0,3.4375
T,1,4111111429760336,3.2552,1.0,1.0,1.0,1.0,0.0,4.0,2.6556,8.0,6.0,3.125
T,1,5105109853030312,2.0522,1.0,1.0,1.0,1.0,3.0,5.0,2.6085,7.0,4.0,2.875
T,1,6011004203981374,0.3426,1.0,1.0,1.0,1.0,5.0,6.0,2.9528,9.0,4.0,3.0625
T,1,4242428491514355,2.8431,1.0,1.0,1.0,1.0,1.0,4.0,2.555,7.0,5.0,3.9375
T,1,4242429854170967,3.5207,1.0,1.0,1.0,1.0,1.0,4.0,2.9528,9.0,4.0,4.625
T,1,6011003658357734,1.2433,1.0,1.0,1.0,1.0,5.0,6.0,2.9056,8.0,3.0,3.6875
T,1,4242421797407036,2.2726,1.0,1.0,1.0,1.0,1.0,4.0,2.7806,8.0,4.0,3.875
T,1,4111116368579969,4.0369,1.0,1.0,1.0,1.0,0.0,4.0,2.68,8.0,5.0,4.8125
T,1,5555552806306971,2.2122,1.0,1.0,1.0,1.0,4.0,5.0,2.7806,9.0,6.0,4.5
T,1,4111119042698346,3.7789,1.0,1.0,1.0,1.0,0.0,4.0,2.7272,8.0,5.0,3.75
T,1,5105106123403063,2.4296,1.0,1.0,1.0,1.0,3.0,5.0,2.6556,7.0,4.0,2.5
T,1,4242423435973486,2.493,1.0,1.0,1.0,1.0,1.0,4.0,2.68,8.0,5.0,4.375
T,1,4111111266084436,3.3324,1.0,1.0,1.0,1.0,0.0,4.0,2.4363,7.0,6.0,3.0625
T,1,4242424830413060,3.2841,1.0,1.0,1.0,1.0,1.0,4.0,2.555,7.0,5.0,2.9375
T,1,6011000214769543,0.3426,1.0,1.0,1.0,1.0,5.0,6.0,2.9528,9.0,4.0,3.0625
T,1,4111119436282475,3.8646,1.0,1.0,1.0,1.0,0.0,4.0,2.8522,9.0,5.0,3.6875
T,1,4242423949454726,2.5903,1.0,1.0,1.0,1.0,1.0,4.0,2.4056,7.0,6.0,4.4375
T,1,4532013136402809,1.8794,1.0,1.0,1.0,1.0,2.0,4.0,3.0306,9.0,3.0,3.1875
T,1,5105107286109307,1.3589,1.0,1.0,1.0,1.0,3.0,5.0,2.9528,9.0,4.0,3.4375
T,1,4111117600319297,3.9364,1.0,1.0,1.0,1.0,0.0,4.0,2.6556,8.0,6.0,3.3125
T,1,4111111963932127,3.1102,1.0,1.0,1.0,1.0,0.0,4.0,2.3968,7.0,7.0,3.25
T,1,4111117564094506,3.6103,1.0,1.0,1.0,1.0,0.0,4.0,2.6022,7.0,5.0,3.4375
T,1,4111116129898500,3.638,1.0,1.0,1.0,1.0,0.0,4.0,2.6556,8.0,6.0,3.5625
T,1,4242422314096732,2.8262,1.0,1.0,1.0,1.0,1.0,4.0,2.6494,8.0,5.0,3.4375
T,1,5555559171852463,0.3244,1.0,1.0,1.0,1.0,4.0,5.0,2.6468,9.0,7.0,4.75
T,1,4111110033614699,2.8347,1.0,1.0,1.0,1.0,0.0,4.0,2.4056,6.0,6.0,3.125
T,1,5105106588140333,1.8399,1.0,1.0,1.0,1.0,3.0,5.0,2.6863,7.0,3.0,3.3125
T,1,4242420318728979,3.0747,1.0,1.0,1.0,1.0,1.0,4.0,2.8278,8.0,4.0,4.5
T,1,4111114503114370,2.91,1.0,1.0,1.0,1.0,0.0,4.0,2.2246,6.0,7.0,2.3125
T,1,4111115039473396,3.7291,1.0,1.0,1.0,1.0,0.0,4.0,2.7272,8.0,5.0,3.625
T,1,4111110161549733,3.3883,1.0,1.0,1.0,1.0,0.0,4.0,2.5218,8.0,7.0,3.0
T,1,4242422321223014,3.247,1.0,1.0,1.0,1.0,1.0,4.0,2.0218,5.0,7.0,2.375
T,1,4242424909864938,3.5412,1.0,1.0,1.0,1.0,1.0,4.0,2.555,7.0,5.0,4.875
T,1,6011008737656618,0.6662,1.0,1.0,1.0,1.0,5.0,6.0,2.6556,7.0,4.0,4.0625
T,1,4111115052820846,3.6777,1.0,1.0,1.0,1.0,0.0,4.0,2.6494,7.0,5.0,3.0625
T,1,4111115835608682,3.7789,1.0,1.0,1.0,1.0,0.0,4.0,2.7272,8.0,5.0,3.75
T,1,4111118127981395,3.1241,1.0,1.0,1.0,1.0,0.0,4.0,2.5218,8.0,7.0,3.875
T,1,5105101804916095,1.5819,1.0,1.0,1.0,1.0,3.0,5.0,2.5778,7.0,4.0,3.4375
T,1,4532013417766104,2.3179,1.0,1.0,1.0,1.0,2.0,4.0,2.9056,8.0,3.0,3.375
T,1,4242425845086494,2.3531,1.0,1.0,1.0,1.0,1.0,4.0,2.4835,7.0,6.0,4.4375
T,1,4111119283219661,2.9685,1.0,1.0,1.0,1.0,0.0,4.0,2.3968,7.0,7.0,3.5
T,1,4111110042021316,1.9159,1.0,1.0,1.0,1.0,0.0,4.0,2.2246,6.0,7.0,1.75
T,1,6011008519226358,1.0546,1.0,1.0,1.0,1.0,5.0,6.0,2.9056,8.0,3.0,3.5625
T,1,5555551029006764,1.8256,1.0,1.0,1.0,1.0,4.0,5.0,2.6085,8.0,6.0,4.0625
T,1,5105102279185760,2.0393,1.0,1.0,1.0,1.0,3.0,5.0,2.8585,8.0,3.0,3.6875
T,1,4242429009651861,3.0932,1.0,1.0,1.0,1.0,1.0,4.0,2.9056,8.0,3.0,3.9375
T,1,4111115725398493,3.9403,1.0,1.0,1.0,1.0,0.0,4.0,2.7744,8.0,5.0,4.0
T,1,4242421564676557,2.1512,1.0,1.0,1.0,1.0,1.0,4.0,2.4835,6.0,4.0,4.375
T,1,6011006066209314,1.3256,1.0,1.0,1.0,1.0,5.0,6.0,2.4772,7.0,5.0,2.8125
T,1,4242428610807094,2.2771,1.0,1.0,1.0,1.0,1.0,4.0,2.7806,8.0,4.0,3.8125
T,1,4532017842327028,1.6155,1.0,1.0,1.0,1.0,2.0,4.0,2.875,8.0,4.0,3.625
T,1,4111114582871122,3.0312,1.0,1.0,1.0,1.0,0.0,4.0,2.2246,6.0,7.0,3.0625
T,1,4532014130743388,1.2111,1.0,1.0,1.0,1.0,2.0,4.0,2.8278,8.0,4.0,3.5
T,1,4111114534026700,4.2443,1.0,1.0,1.0,1.0,0.0,4.0,2.68,8.0,5.0,2.5
T,1,4111112497276767,3.5838,1.0,1.0,1.0,1.0,0.0,4.0,2.3994,6.0,5.0,4.125
T,1,4242420769771775,3.4623,1.0,1.0,1.0,1.0,1.0,4.0,2.68,8.0,5.0,4.625
T,1,4242421827391408,2.4866,1.0,1.0,1.0,1.0,1.0,4.0,2.75,8.0,4.0,3.8125
T,1,4111112981240535,3.6959,1.0,1.0,1.0,1.0,0.0,4.0,2.6556,8.0,6.0,3.0
T,1,4111113993211456,3.1102,1.0,1.0,1.0,1.0,0.0,4.0,2.3968,7.0,7.0,3.25
T,1,4242428305411400,3.0175,1.0,1.0,1.0,1.0,1.0,4.0,2.555,7.0,5.0,2.75
T,1,6011005651700588,1.5327,1.0,1.0,1.0,1.0,5.0,6.0,2.43,6.0,5.0,3.3125
T,1,6011006052318178,0.5261,1.0,1.0,1.0,1.0,5.0,6.0,2.75,8.0,4.0,3.0625
T,1,4242425879943313,2.1775,1.0,1.0,1.0,1.0,1.0,4.0,2.7806,8.0,4.0,4.375
T,1,4242427088355867,3.7966,1.0,1.0,1.0,1.0,1.0,4.0,2.8585,8.0,3.0,4.6875
T,1,4242425501424831,2.3288,1.0,1.0,1.0,1.0,1.0,4.0,2.5244,7.0,5.0,3.1875
T,1,4242421027235827,2.8536,1.0,1.0,1.0,1.0,1.0,4.0,2.6085,8.0,6.0,3.4375
T,1,4111112287024997,3.9286,1.0,1.0,1.0,1.0,0.0,4.0,2.6022,7.0,5.0,3.6875
T,1,4111110738018345,3.3194,1.0,1.0,1.0,1.0,0.0,4.0,2.5306,7.0,6.0,3.0
T,1,4111110435615476,2.6196,1.0,1.0,1.0,1.0,0.0,4.0,2.4835,7.0,6.0,3.125
T,1,4242420930794581,2.8215,1.0,1.0,1.0,1.0,1.0,4.0,2.9528,9.0,4.0,4.0
T,1,4242421230974592,3.1372,1.0,1.0,1.0,1.0,1.0,4.0,2.6494,8.0,5.0,3.75
T,1,4111115396633673,3.2591,1.0,1.0,1.0,1.0,0.0,4.0,2.4772,7.0,5.0,3.75
T,1,4242426697156955,2.9307,1.0,1.0,1.0,1.0,1.0,4.0,2.6863,7.0,3.0,4.8125
T,1,4111118529970137,3.9656,1.0,1.0,1.0,1.0,0.0,4.0,2.7806,9.0,6.0,3.75
T,1,4111116674545944,3.3569,1.0,1.0,1.0,1.0,0.0,4.0,2.2988,6.0,5.0,3.9375
T,1,4111115892972872,4.186,1.0,1.0,1.0,1.0,0.0,4.0,2.6022,7.0,5.0,4.25
T,1,5105101491243852,1.5957,1.0,1.0,1.0,1.0,3.0,5.0,2.8278,8.0,4.0,3.1875
T,1,4532013979159623,2.2874,1.0,1.0,1.0,1.0,2.0,4.0,3.0306,9.0,3.0,4.3125
T,1,5555553914266834,1.7595,1.0,1.0,1.0,1.0,4.0,5.0,2.6556,8.0,6.0,4.75
T,1,4111114809255075,3.8441,1.0,1.0,1.0,1.0,0.0,4.0,2.7272,8.0,5.0,3.375
T,1,4111112699446143,3.1364,1.0,1.0,1.0,1.0,0.0,4.0,2.2806,6.0,6.0,3.5625
T,1,4532014145758314,1.4981,1.0,1.0,1.0,1.0,2.0,4.0,2.7806,8.0,4.0,3.5625
T,1,4111114408674650,3.1397,1.0,1.0,1.0,1.0,0.0,4.0,2.5244,7.0,5.0,3.3125
T,1,4111113408928983,3.7479,1.0,1.0,1.0,1.0,0.0,4.0,2.6022,7.0,5.0,3.9375
T,1,4532018401020277,2.2008,1.0,1.0,1.0,1.0,2.0,4.0,2.8278,8.0,4.0,2.875
T,1,4111115188596039,3.4919,1.0,1.0,1.0,1.0,0.0,4.0,2.6556,8.0,6.0,3.9375
T,1,4111110907201409,2.8491,1.0,1.0,1.0,1.0,0.0,4.0,2.2806,6.0,6.0,2.5625
T,1,4111113515753563,2.4581,1.0,1.0,1.0,1.0,0.0,4.0,2.2335,6.0,6.0,3.25
T,1,4111112889180270,3.2039,1.0,1.0,1.0,1.0,0.0,4.0,2.4835,7.0,6.0,3.375
T,1,4242421561083286,2.6186,1.0,1.0,1.0,1.0,1.0,4.0,2.8278,8.0,4.0,3.625
T,1,5555551066362088,0.8963,1.0,1.0,1.0,1.0,4.0,5.0,2.4835,7.0,6.0,4.375
T,1,4111113700027864,3.8059,1.0,1.0,1.0,1.0,0.0,4.0,2.7272,8.0,5.0,2.875
T,1,5555556304303299,1.5558,1.0,1.0,1.0,1.0,4.0,5.0,2.4835,7.0,6.0,4.3125
T,1,4242425982796319,3.1222,1.0,1.0,1.0,1.0,1.0,4.0,2.9056,9.0,4.0,4.8125
T,1,4111110603679494,3.6982,1.0,1.0,1.0,1.0,0.0,4.0,2.6022,7.0,5.0,3.5625
T,1,4532018725684246,2.002,1.0,1.0,1.0,1.0,2.0,4.0,3.0306,9.0,3.0,4.1875
T,1,4242420622304152,2.5046,1.0,1.0,1.0,1.0,1.0,4.0,2.4056,7.0,6.0,2.6875
T,1,5105106349243269,2.2141,1.0,1.0,1.0,1.0,3.0,5.0,3.0,8.0,2.0,3.75
T,1,5105100025236218,2.4188,1.0,1.0,1.0,1.0,3.0,5.0,2.6085,7.0,4.0,2.5625
T,1,4111110264892212,2.4255,1.0,1.0,1.0,1.0,0.0,4.0,2.4056,7.0,6.0,2.8125
T,1,4242426548233789,3.3816,1.0,1.0,1.0,1.0,1.0,4.0,2.75,8.0,4.0,4.5625
T,1,4111118233908738,3.7994,1.0,1.0,1.0,1.0,0.0,4.0,2.68,8.0,5.0,3.75
T,1,4532014661239046,1.8519,1.0,1.0,1.0,1.0,2.0,4.0,2.9056,8.0,3.0,3.5
T,1,4111110976075239,3.0455,1.0,1.0,1.0,1.0,0.0,4.0,2.8994,9.0,5.0,3.5625
T,1,4242424936015322,3.2883,1.0,1.0,1.0,1.0,1.0,4.0,2.6494,8.0,5.0,3.3125
T,1,4242425933890914,2.4951,1.0,1.0,1.0,1.0,1.0,4.0,2.7806,8.0,4.0,4.3125
T,1,4242426287433046,2.1316,1.0,1.0,1.0,1.0,1.0,4.0,2.5244,7.0,5.0,3.8125
T,1,4242423902498363,2.8746,1.0,1.0,1.0,1.0,1.0,4.0,2.5778,7.0,4.0,4.0625
T,1,4242425285330980,2.1697,1.0,1.0,1.0,1.0,1.0,4.0,2.7028,7.0,4.0,3.8125
T,1,5105108541412684,1.2367,1.0,1.0,1.0,1.0,3.0,5.0,2.6556,7.0,4.0,3.4375
T,1,4242429485488861,2.5621,1.0,1.0,1.0,1.0,1.0,4.0,2.4772,7.0,5.0,4.9375
T,1,4111115308565609,3.4791,1.0,1.0,1.0,1.0,0.0,4.0,2.7272,8.0,5.0,3.5
T,1,4532018825021596,2.0673,1.0,1.0,1.0,1.0,2.0,4.0,3.0306,9.0,3.0,3.8125
T,1,5105105949729867,1.9451,1.0,1.0,1.0,1.0,3.0,5.0,3.0306,9.0,3.0,4.875
T,1,5555553183537915,3.3256,1.0,1.0,1.0,1.0,4.0,5.0,2.0778,6.0,8.0,4.6875
T,1,4111114465917828,3.5168,1.0,1.0,1.0,1.0,0.0,4.0,2.6085,8.0,6.0,3.9375
T,1,5555551851204354,2.0464,1.0,1.0,1.0,1.0,4.0,5.0,2.25,7.0,8.0,3.9375
T,1,4242422749002354,2.922,1.0,1.0,1.0,1.0,1.0,4.0,2.4238,7.0,5.0,3.375
T,1,5105106030218786,1.6852,1.0,1.0,1.0,1.0,3.0,5.0,2.8278,8.0,4.0,3.3125
T,1,4242421095844625,2.613,1.0,1.0,1.0,1.0,1.0,4.0,2.6494,8.0,5.0,3.875
T,1,6011008461759398,1.2425,1.0,1.0,1.0,1.0,5.0,6.0,3.0306,9.0,3.0,4.25
T,1,4532012097097004,2.362,1.0,1.0,1.0,1.0,2.0,4.0,2.7744,8.0,5.0,3.3125
T,1,4532010615419593,2.3471,1.0,1.0,1.0,1.0,2.0,4.0,2.9056,8.0,3.0,3.625
T,1,4111115063703106,3.672,1.0,1.0,1.0,1.0,0.0,4.0,2.4835,7.0,6.0,2.5
T,1,4111115395041233,2.8449,1.0,1.0,1.0,1.0,0.0,4.0,2.4835,7.0,6.0,2.75
T,1,4242426323313608,3.0812,1.0,1.0,1.0,1.0,1.0,4.0,2.5778,7.0,4.0,3.3125
T,1,4111110475944927,3.1021,1.0,1.0,1.0,1.0,0.0,4.0,2.5244,7.0,5.0,3.75
T,1,4111118650593351,3.8641,1.0,1.0,1.0,1.0,0.0,4.0,2.6085,8.0,6.0,3.375
T,1,4242429928543066,2.387,1.0,1.0,1.0,1.0,1.0,4.0,2.75,8.0,4.0,4.375
T,1,4111116128989383,3.4922,1.0,1.0,1.0,1.0,0.0,4.0,2.4835,7.0,6.0,4.125
T,1,4242422788099592,3.6797,1.0,1.0,1.0,1.0,1.0,4.0,2.555,7.0,5.0,4.8125
T,1,4111115648396806,3.7298,1.0,1.0,1.0,1.0,0.0,4.0,2.7272,8.0,5.0,4.0
T,1,4242428209656084,2.3879,1.0,1.0,1.0,1.0,1.0,4.0,2.625,7.0,4.0,4.125
T,1,4242423594701603,2.3334,1.0,1.0,1.0,1.0,1.0,4.0,2.9528,9.0,4.0,3.5
T,1,4111112975025413,3.8628,1.0,1.0,1.0,1.0,0.0,4.0,2.6556,8.0,6.0,2.9375
T,1,4111114529057611,3.3883,1.0,1.0,1.0,1.0,0.0,4.0,2.5218,8.0,7.0,3.0625
T,1,5105104298234405,2.0881,1.0,1.0,1.0,1.0,3.0,5.0,2.8585,8.0,3.0,3.3125
T,1,4111112819652034,3.7502,1.0,1.0,1.0,1.0,0.0,4.0,2.7806,9.0,6.0,3.0625
T,1,4111110253241702,3.1599,1.0,1.0,1.0,1.0,0.0,4.0,2.4835,7.0,6.0,2.1875
T,1,4111114177003347,0.9,1.0,1.0,1.0,1.0,0.0,4.0,2.1863,5.0,6.0,2.8125
T,1,5555557576436114,2.6756,1.0,1.0,1.0,1.0,4.0,5.0,2.2718,6.0,7.0,4.625
T,1,4111114325124599,3.209,1.0,1.0,1.0,1.0,0.0,4.0,2.3585,6.0,6.0,3.3125
T,1,4111114238803313,2.017,1.0,1.0,1.0,1.0,0.0,4.0,2.2806,6.0,6.0,2.75
T,1,5555553686900990,1.3495,1.0,1.0,1.0,1.0,4.0,5.0,2.3113,6.0,6.0,5.0
T,1,4111119898073321,3.8268,1.0,1.0,1.0,1.0,0.0,4.0,2.6556,8.0,6.0,3.6875
T,1,4111114028041660,2.5339,1.0,1.0,1.0,1.0,0.0,4.0,2.3113,6.0,6.0,2.5
T,1,4111110338336956,3.5476,1.0,1.0,1.0,1.0,0.0,4.0,2.6494,8.0,5.0,3.4375
T,1,4111116980034211,3.7899,1.0,1.0,1.0,1.0,0.0,4.0,2.5218,8.0,7.0,2.6875
T,1,5555557716715591,-0.0012,1.0,1.0,1.0,1.0,4.0,5.0,1.9056,5.0,8.0,4.9375
T,1,4532015757080897,2.8643,1.0,1.0,1.0,1.0,2.0,4.0,2.9835,9.0,3.0,4.4375
T,1,5555557141750817,2.0495,1.0,1.0,1.0,1.0,4.0,5.0,2.1774,6.0,7.0,4.4375
T,1,4532011925128957,2.8174,1.0,1.0,1.0,1.0,2.0,4.0,2.9835,9.0,3.0,4.0
T,1,4111116247008446,2.5645,1.0,1.0,1.0,1.0,0.0,4.0,2.5244,7.0,5.0,3.125
T,1,4532016648009806,1.9506,1.0,1.0,1.0,1.0,2.0,4.0,2.9528,9.0,4.0,3.875
T,1,4111110726287951,3.5034,1.0,1.0,1.0,1.0,0.0,4.0,2.7806,9.0,6.0,3.5
T,1,4111113590387543,3.4791,1.0,1.0,1.0,1.0,0.0,4.0,2.7272,8.0,5.0,3.5
T,1,4532013208681694,3.8508,1.0,1.0,1.0,1.0,2.0,4.0,3.125,9.0,2.0,3.875
T,1,4111117429627151,3.2314,1.0,1.0,1.0,1.0,0.0,4.0,2.3968,7.0,7.0,3.3125
T,1,5555551547245282,2.7019,1.0,1.0,1.0,1.0,4.0,5.0,2.0778,6.0,8.0,4.375
T,1,4111111308560765,3.2552,1.0,1.0,1.0,1.0,0.0,4.0,2.6556,8.0,6.0,3.125
T,1,4111119715365298,4.0321,1.0,1.0,1.0,1.0,0.0,4.0,2.7806,9.0,6.0,4.0
T,1,5105101212620917,2.7219,1.0,1.0,1.0,1.0,3.0,5.0,2.555,7.0,5.0,2.6875
T,1,5555554110829854,2.1779,1.0,1.0,1.0,1.0,4.0,5.0,2.3968,7.0,7.0,4.5
T,1,5105102140158442,2.7318,1.0,1.0,1.0,1.0,3.0,5.0,2.4835,6.0,4.0,2.6875
T,1,4111113771776787,4.6313,1.0,1.0,1.0,1.0,0.0,4.0,2.0613,6.0,6.0,4.3125
T,1,5555554696883283,1.8261,1.0,1.0,1.0,1.0,4.0,5.0,2.4835,7.0,6.0,5.4375
T,1,6011005478952057,0.8224,1.0,1.0,1.0,1.0,5.0,6.0,2.9528,9.0,4.0,3.75
T,1,5555555255071590,0.6388,1.0,1.0,1.0,1.0,4.0,5.0,1.7988,6.0,10.0,4.3125
T,1,4242425378445349,2.0079,1.0,1.0,1.0,1.0,1.0,4.0,2.4835,7.0,6.0,4.375
T,1,5555554626096022,1.4191,1.0,1.0,1.0,1.0,4.0,5.0,2.3113,6.0,6.0,4.1875
T,1,4111112978850940,3.5518,1.0,1.0,1.0,1.0,0.0,4.0,2.7744,8.0,5.0,3.8125
T,1,5105103049532026,2.0811,1.0,1.0,1.0,1.0,3.0,5.0,2.8278,8.0,4.0,2.875
T,1,4242429998277561,2.7972,1.0,1.0,1.0,1.0,1.0,4.0,2.7806,8.0,4.0,5.0625
T,1,4532011761698626,2.6405,1.0,1.0,1.0,1.0,2.0,4.0,3.0778,10.0,4.0,4.1875
T,1,4111118335003511,3.0007,1.0,1.0,1.0,1.0,0.0,4.0,2.2246,6.0,7.0,2.375
T,1,4111111146403673,2.358,1.0,1.0,1.0,1.0,0.0,4.0,2.2246,6.0,7.0,2.75
T,1,4242423155614617,2.3962,1.0,1.0,1.0,1.0,1.0,4.0,2.6556,7.0,4.0,3.5625
T,1,6011008809020388,1.243,1.0,1.0,1.0,1.0,5.0,6.0,2.4056,7.0,6.0,3.375
T,1,4111111840378429,3.575,1.0,1.0,1.0,1.0,0.0,4.0,2.6085,8.0,6.0,3.4375
T,1,4532017376903129,3.0751,1.0,1.0,1.0,1.0,2.0,4.0,3.0778,9.0,3.0,3.875
T,1,5105105310939186,1.4074,1.0,1.0,1.0,1.0,3.0,5.0,2.6556,7.0,4.0,3.5625
T,1,4242421371103902,2.6016,1.0,1.0,1.0,1.0,1.0,4.0,2.6556,7.0,4.0,2.8125
T,1,4111113691664592,3.2331,1.0,1.0,1.0,1.0,0.0,4.0,2.4835,7.0,6.0,3.75
T,1,4111119426249708,3.7789,1.0,1.0,1.0,1.0,0.0,4.0,2.7272,8.0,5.0,3.75
T,1,4532012594041448,1.7682,1.0,1.0,1.0,1.0,2.0,4.0,2.7744,8.0,5.0,3.5
T,1,4111114585155960,3.2221,1.0,1.0,1.0,1.0,0.0,4.0,2.4056,7.0,6.0,3.5625
T,1,5555558396527629,1.0766,1.0,1.0,1.0,1.0,4.0,5.0,2.3968,7.0,7.0,5.4375
T,1,4111111933360763,2.7208,1.0,1.0,1.0,1.0,0.0,4.0,2.4056,7.0,6.0,3.125
T,1,5105102094651095,2.0747,1.0,1.0,1.0,1.0,3.0,5.0,2.5778,7.0,4.0,3.3125
T,1,4111119210376329,3.7861,1.0,1.0,1.0,1.0,0.0,4.0,2.6556,8.0,6.0,3.1875
T,1,5105108657919506,1.4461,1.0,1.0,1.0,1.0,3.0,5.0,2.6556,7.0,4.0,4.25
T,1,4111115180432035,3.625,1.0,1.0,1.0,1.0,0.0,4.0,2.5306,7.0,6.0,2.5
T,1,4532019593413965,2.3776,1.0,1.0,1.0,1.0,2.0,4.0,2.8585,8.0,3.0,4.3125
T,1,4111112615492270,3.8877,1.0,1.0,1.0,1.0,0.0,4.0,2.6085,8.0,6.0,2.9375
T,1,4242426764363021,2.5958,1.0,1.0,1.0,1.0,1.0,4.0,2.5778,7.0,4.0,3.5
T,1,4532014800978223,1.9646,1.0,1.0,1.0,1.0,2.0,4.0,3.0306,9.0,3.0,3.625
T,1,4111111984783509,3.4919,1.0,1.0,1.0,1.0,0.0,4.0,2.6556,8.0,6.0,3.9375
T,1,4242423712918998,3.0423,1.0,1.0,1.0,1.0,1.0,4.0,2.6556,7.0,4.0,4.6875
T,1,4111110405790051,2.8819,1.0,1.0,1.0,1.0,0.0,4.0,2.2806,6.0,6.0,2.5
T,1,4532018295313812,1.996,1.0,1.0,1.0,1.0,2.0,4.0,2.8585,8.0,3.0,3.5625
T,1,4111115550106474,2.098,1.0,1.0,1.0,1.0,0.0,4.0,2.3113,6.0,6.0,2.875
T,1,4532018885328527,1.7117,1.0,1.0,1.0,1.0,2.0,4.0,2.7806,8.0,4.0,4.4375
T,1,4242423429669355,2.1512,1.0,1.0,1.0,1.0,1.0,4.0,2.5,6.0,4.0,4.375
T,1,5105109489285223,2.304,1.0,1.0,1.0,1.0,3.0,5.0,2.9056,8.0,3.0,4.0
T,1,4111118715323174,2.5782,1.0,1.0,1.0,1.0,0.0,4.0,2.3968,7.0,7.0,3.125
T,1,4242428350861905,2.8526,1.0,1.0,1.0,1.0,1.0,4.0,3.0306,9.0,3.0,3.9375
T,1,4242427521854245,2.432,1.0,1.0,1.0,1.0,1.0,4.0,2.2516,6.0,5.0,3.8125
T,1,4111116297385272,3.8646,1.0,1.0,1.0,1.0,0.0,4.0,2.8522,9.0,5.0,3.75
T,1,5555558052555898,1.2191,1.0,1.0,1.0,1.0,4.0,5.0,1.6266,5.0,10.0,5.3125
T,1,4532013637585227,2.6722,1.0,1.0,1.0,1.0,2.0,4.0,2.9835,9.0,3.0,3.9375
T,1,4111114647476206,2.5381,1.0,1.0,1.0,1.0,0.0,4.0,2.3522,6.0,5.0,3.4375
T,1,4111118693838060,3.9286,1.0,1.0,1.0,1.0,0.0,4.0,2.6022,7.0,5.0,3.75
T,1,4532013840194148,1.5674,1.0,1.0,1.0,1.0,2.0,4.0,2.8278,8.0,4.0,3.5625
T,1,4111117957533102,3.7861,1.0,1.0,1.0,1.0,0.0,4.0,2.6556,8.0,6.0,3.1875
T,1,5105108550753663,2.2946,1.0,1.0,1.0,1.0,3.0,5.0,2.6022,7.0,5.0,3.75
T,1,5105106490012455,1.7017,1.0,1.0,1.0,1.0,3.0,5.0,2.5778,7.0,4.0,3.0
T,1,4111113213881427,2.8212,1.0,1.0,1.0,1.0,0.0,4.0,2.2718,6.0,7.0,3.0
T,1,4242424879985762,3.3883,1.0,1.0,1.0,1.0,1.0,4.0,2.625,7.0,4.0,5.1875
T,1,4532014980819668,3.7719,1.0,1.0,1.0,1.0,2.0,4.0,3.0778,9.0,3.0,4.625
T,1,4242426086846802,3.0866,1.0,1.0,1.0,1.0,1.0,4.0,2.2806,5.0,4.0,4.125
T,1,5105101470040014,1.8488,1.0,1.0,1.0,1.0,3.0,5.0,2.1085,5.0,6.0,2.0625
T,1,4111118577596834,4.0278,1.0,1.0,1.0,1.0,0.0,4.0,2.7744,8.0,5.0,4.4375
T,1,4242420937670321,2.1718,1.0,1.0,1.0,1.0,1.0,4.0,2.8278,8.0,4.0,3.5
T,1,6011007368681671,1.3854,1.0,1.0,1.0,1.0,5.0,6.0,2.4528,6.0,4.0,3.8125
T,1,4242424284345362,2.8745,1.0,1.0,1.0,1.0,1.0,4.0,2.18,6.0,6.0,3.6875
T,1,4111117572018430,3.7321,1.0,1.0,1.0,1.0,0.0,4.0,2.6556,8.0,6.0,2.875
T,1,5105102470947521,2.428,1.0,1.0,1.0,1.0,3.0,5.0,2.7335,7.0,3.0,3.3125
T,1,5555558027465611,0.9878,1.0,1.0,1.0,1.0,4.0,5.0,2.5218,8.0,7.0,4.375
T,1,4111116768282347,3.2085,1.0,1.0,1.0,1.0,0.0,4.0,2.6494,7.0,5.0,3.875
T,1,4111110482641094,3.0782,1.0,1.0,1.0,1.0,0.0,4.0,2.4056,7.0,6.0,2.9375
T,1,5555553564459143,3.3256,1.0,1.0,1.0,1.0,4.0,5.0,2.0778,6.0,8.0,4.625
T,1,4242424233961517,2.8086,1.0,1.0,1.0,1.0,1.0,4.0,2.75,8.0,4.0,3.6875
T,1,4111115680361254,3.6959,1.0,1.0,1.0,1.0,0.0,4.0,2.6556,8.0,6.0,3.0625
T,1,4242429645250953,2.8746,1.0,1.0,1.0,1.0,1.0,4.0,2.5778,7.0,4.0,4.125
T,1,4111111016467758,3.2404,1.0,1.0,1.0,1.0,0.0,4.0,2.3968,7.0,7.0,3.375
T,1,4532018149025216,1.9689,1.0,1.0,1.0,1.0,2.0,4.0,3.0306,9.0,3.0,3.3125
T,1,5555554031286135,1.4939,1.0,1.0,1.0,1.0,4.0,5.0,2.5218,8.0,7.0,3.9375
T,1,4242422677835262,2.4927,1.0,1.0,1.0,1.0,1.0,4.0,2.4835,7.0,6.0,4.125
T,1,4111119413421625,2.1003,1.0,1.0,1.0,1.0,0.0,4.0,2.3496,7.0,7.0,2.875
T,1,4242428369948610,3.0747,1.0,1.0,1.0,1.0,1.0,4.0,2.8278,8.0,4.0,4.5
T,1,4242423806604702,2.984,1.0,1.0,1.0,1.0,1.0,4.0,2.5778,7.0,4.0,3.375
T,1,4111111214482708,2.787,1.0,1.0,1.0,1.0,0.0,4.0,2.2246,6.0,7.0,2.875
T,1,4242423665501627,2.5991,1.0,1.0,1.0,1.0,1.0,4.0,2.7806,8.0,4.0,3.6875
T,1,4111114458943922,3.1021,1.0,1.0,1.0,1.0,0.0,4.0,2.5244,7.0,5.0,3.6875
T,1,4111112026083387,3.773,1.0,1.0,1.0,1.0,0.0,4.0,2.7744,8.0,5.0,3.0
T,1,5105109829897711,2.1231,1.0,1.0,1.0,1.0,3.0,5.0,2.7028,7.0,4.0,4.5625
T,1,4242428610405972,2.655,1.0,1.0,1.0,1.0,1.0,4.0,2.875,9.0,4.0,3.75
T,1,6011006805714723,0.8108,1.0,1.0,1.0,1.0,5.0,6.0,2.9528,9.0,4.0,3.1875
T,1,4242422546693637,3.0269,1.0,1.0,1.0,1.0,1.0,4.0,2.5778,7.0,4.0,4.3125
T,1,4532014484789078,2.8156,1.0,1.0,1.0,1.0,2.0,4.0,2.9528,9.0,4.0,4.625
T,1,4242424224361669,2.432,1.0,1.0,1.0,1.0,1.0,4.0,2.2516,6.0,5.0,3.8125
T,1,4532016261205566,1.6783,1.0,1.0,1.0,1.0,2.0,4.0,2.6556,7.0,4.0,3.375
T,1,4111112260064002,2.1484,1.0,1.0,1.0,1.0,0.0,4.0,2.2272,5.0,5.0,1.9375
T,1,4111111919163090,3.9873,1.0,1.0,1.0,1.0,0.0,4.0,2.0778,6.0,8.0,3.0
T,1,4111111122025904,3.0423,1.0,1.0,1.0,1.0,0.0,4.0,2.2246,6.0,7.0,2.1875
T,1,4242427351101246,2.5561,1.0,1.0,1.0,1.0,1.0,4.0,2.7028,8.0,4.0,3.0
T,1,4242424280307820,2.0909,1.0,1.0,1.0,1.0,1.0,4.0,2.3522,6.0,5.0,3.25
T,1,4111114330021517,2.3951,1.0,1.0,1.0,1.0,0.0,4.0,2.3968,7.0,7.0,2.1875
T,1,4532014676352313,1.1203,1.0,1.0,1.0,1.0,2.0,4.0,2.875,8.0,4.0,3.4375
T,1,4532014926184128,2.6438,1.0,1.0,1.0,1.0,2.0,4.0,2.9835,9.0,3.0,3.75
T,1,5555552388985788,2.5072,1.0,1.0,1.0,1.0,4.0,5.0,2.0462,6.0,7.0,6.0
T,1,4111111638210362,2.9682,1.0,1.0,1.0,1.0,0.0,4.0,2.3968,7.0,7.0,2.5625
T,1,4242422357098843,2.4192,1.0,1.0,1.0,1.0,1.0,4.0,2.75,8.0,4.0,4.1875
T,1,4242421136850953,2.8826,1.0,1.0,1.0,1.0,1.0,4.0,3.0306,9.0,3.0,3.6875
T,1,6011001185882067,1.2978,1.0,1.0,1.0,1.0,5.0,6.0,2.5778,7.0,4.0,3.375
T,1,4111116461199384,3.7078,1.0,1.0,1.0,1.0,0.0,4.0,2.2246,6.0,7.0,3.75
T,1,4242422786678140,2.1624,1.0,1.0,1.0,1.0,1.0,4.0,2.625,7.0,4.0,4.1875
T,1,4532018405474454,2.2523,1.0,1.0,1.0,1.0,2.0,4.0,2.6085,8.0,6.0,3.75
T,1,4242423524370552,2.1604,1.0,1.0,1.0,1.0,1.0,4.0,2.3522,6.0,5.0,3.375
T,1,4111110846445638,2.8717,1.0,1.0,1.0,1.0,0.0,4.0,2.5244,7.0,5.0,3.5625
T,1,4242429954524329,3.8936,1.0,1.0,1.0,1.0,1.0,4.0,2.1266,5.0,5.0,4.375
T,1,4242428663840679,3.1721,1.0,1.0,1.0,1.0,1.0,4.0,2.7806,8.0,4.0,4.6875
T,1,4242426356743796,3.0423,1.0,1.0,1.0,1.0,1.0,4.0,2.6556,7.0,4.0,4.625
T,1,6011009816372671,0.3455,1.0,1.0,1.0,1.0,5.0,6.0,2.7806,8.0,4.0,3.625
T,1,4242424554351603,3.1765,1.0,1.0,1.0,1.0,1.0,4.0,2.555,7.0,5.0,3.375
T,1,4242427221544427,2.623,1.0,1.0,1.0,1.0,1.0,4.0,1.9363,5.0,6.0,3.5
T,1,4242427185854762,2.4754,1.0,1.0,1.0,1.0,1.0,4.0,2.625,7.0,4.0,4.4375
T,1,4111117749655809,4.0002,1.0,1.0,1.0,1.0,0.0,4.0,2.7744,8.0,5.0,4.3125
T,1,4242426561532810,2.1718,1.0,1.0,1.0,1.0,1.0,4.0,2.8278,8.0,4.0,3.4375
T,1,4242426042894128,2.6499,1.0,1.0,1.0,1.0,1.0,4.0,2.4238,7.0,5.0,3.875
T,1,4242420134041110,1.4165,1.0,1.0,1.0,1.0,1.0,4.0,2.18,5.0,5.0,2.0625
T,1,4242423161942010,2.8593,1.0,1.0,1.0,1.0,1.0,4.0,2.5778,7.0,4.0,2.8125
T,1,4242420846454353,2.5461,1.0,1.0,1.0,1.0,1.0,4.0,2.4835,7.0,6.0,3.75
T,1,4242427540776890,2.5227,1.0,1.0,1.0,1.0,1.0,4.0,2.7806,8.0,4.0,4.4375
T,1,4242425357620342,2.0624,1.0,1.0,1.0,1.0,1.0,4.0,2.5244,7.0,5.0,3.4375
T,1,4242426611219384,2.9717,1.0,1.0,1.0,1.0,1.0,4.0,2.5778,7.0,4.0,3.6875
T,1,4242422298487907,3.4061,1.0,1.0,1.0,1.0,1.0,4.0,2.3994,6.0,5.0,4.625
T,1,4111117727649196,3.1519,1.0,1.0,1.0,1.0,0.0,4.0,2.3585,6.0,6.0,4.1875
T,1,4242427465868623,3.7039,1.0,1.0,1.0,1.0,1.0,4.0,2.5778,7.0,4.0,4.5625
T,1,4242423874015831,2.6186,1.0,1.0,1.0,1.0,1.0,4.0,2.8278,8.0,4.0,3.625
T,1,4111113681198775,3.6428,1.0,1.0,1.0,1.0,0.0,4.0,2.5218,8.0,7.0,4.0
T,1,4111110703105390,2.1359,1.0,1.0,1.0,1.0,0.0,4.0,2.4056,7.0,6.0,2.3125
T,1,5105109269300630,1.5527,1.0,1.0,1.0,1.0,3.0,5.0,2.6494,7.0,5.0,3.125
T,1,4111114294022709,3.4949,1.0,1.0,1.0,1.0,0.0,4.0,2.43,6.0,5.0,3.0
T,1,4242424935598674,2.9049,1.0,1.0,1.0,1.0,1.0,4.0,2.7272,8.0,5.0,4.875
T,1,4111115764765305,3.6982,1.0,1.0,1.0,1.0,0.0,4.0,2.6022,7.0,5.0,3.5625
T,1,4532015710180776,2.4551,1.0,1.0,1.0,1.0,2.0,4.0,2.9835,9.0,3.0,3.5625
T,1,4111113441043949,3.5199,1.0,1.0,1.0,1.0,0.0,4.0,2.055,5.0,6.0,3.125
T,1,5555559699890987,2.853,1.0,1.0,1.0,1.0,4.0,5.0,2.18,6.0,6.0,6.5
T,1,5555553692060102,1.5235,1.0,1.0,1.0,1.0,4.0,5.0,2.4835,7.0,6.0,3.6875
T,1,4111118698174727,3.6445,1.0,1.0,1.0,1.0,0.0,4.0,2.4835,7.0,6.0,4.25
T,1,4111118630200770,4.1674,1.0,1.0,1.0,1.0,0.0,4.0,2.6494,8.0,5.0,2.625
T,1,4532011885064028,2.2082,1.0,1.0,1.0,1.0,2.0,4.0,2.9056,8.0,3.0,3.5625
T,1,4111113192485257,3.5501,1.0,1.0,1.0,1.0,0.0,4.0,2.6556,8.0,6.0,3.4375
T,1,4111110940285096,3.8201,1.0,1.0,1.0,1.0,0.0,4.0,2.7272,8.0,5.0,3.25
T,1,4111113258362812,3.2376,1.0,1.0,1.0,1.0,0.0,4.0,2.4835,7.0,6.0,3.0625
T,1,4242424837261678,2.1302,1.0,1.0,1.0,1.0,1.0,4.0,2.625,7.0,4.0,4.375
T,1,4532018464376392,3.7632,1.0,1.0,1.0,1.0,2.0,4.0,3.1556,10.0,3.0,4.1875
T,1,5105102423280343,2.075,1.0,1.0,1.0,1.0,3.0,5.0,2.7335,7.0,3.0,2.6875
T,1,4111111299199151,3.8392,1.0,1.0,1.0,1.0,0.0,4.0,1.7169,5.0,9.0,3.5
T,1,4111114981325803,3.8152,1.0,1.0,1.0,1.0,0.0,4.0,2.6556,8.0,6.0,3.25
T,1,4242428192246836,2.1362,1.0,1.0,1.0,1.0,1.0,4.0,2.5244,7.0,5.0,4.1875
T,1,4111113250451266,3.5923,1.0,1.0,1.0,1.0,0.0,4.0,2.5306,7.0,6.0,2.6875
T,1,4111119996518284,3.0074,1.0,1.0,1.0,1.0,0.0,4.0,2.4835,7.0,6.0,4.375
T,1,4111119382617476,3.3026,1.0,1.0,1.0,1.0,0.0,4.0,2.6556,8.0,6.0,3.875
T,1,4111116793423569,3.6546,1.0,1.0,1.0,1.0,0.0,4.0,2.7744,8.0,5.0,3.9375
T,1,4242428710735849,2.5233,1.0,1.0,1.0,1.0,1.0,4.0,2.9528,9.0,4.0,4.375
T,1,5555556559895031,2.1046,1.0,1.0,1.0,1.0,4.0,5.0,2.0919,7.0,9.0,5.0625
T,1,4111115592164036,3.2552,1.0,1.0,1.0,1.0,0.0,4.0,2.6556,8.0,6.0,3.125
T,1,5555559011994673,1.1605,1.0,1.0,1.0,1.0,4.0,5.0,2.6085,8.0,6.0,4.9375
T,1,4242426580150768,3.2755,1.0,1.0,1.0,1.0,1.0,4.0,2.9056,8.0,3.0,4.0
T,1,5105106891377192,1.7118,1.0,1.0,1.0,1.0,3.0,5.0,3.0,9.0,4.0,4.0625
T,1,4532010070087729,1.776,1.0,1.0,1.0,1.0,2.0,4.0,2.8522,9.0,5.0,3.4375
T,1,4111117494952989,4.2957,1.0,1.0,1.0,1.0,0.0,4.0,2.4772,7.0,5.0,4.6875
T,1,4111117255110074,2.9082,1.0,1.0,1.0,1.0,0.0,4.0,2.2718,6.0,7.0,2.5625
T,1,5555558489284245,1.6112,1.0,1.0,1.0,1.0,4.0,5.0,2.0524,5.0,7.0,5.25
T,1,4111110690800474,3.5064,1.0,1.0,1.0,1.0,0.0,4.0,2.4772,7.0,5.0,2.9375
T,1,6011003683226201,2.233,1.0,1.0,1.0,1.0,5.0,6.0,2.4835,6.0,4.0,2.5625
T,1,4111116339527907,3.2342,1.0,1.0,1.0,1.0,0.0,4.0,2.8994,9.0,5.0,3.75
T,1,4111118575571227,2.8545,1.0,1.0,1.0,1.0,0.0,4.0,2.3113,6.0,6.0,3.625
T,1,4111111334331710,4.1207,1.0,1.0,1.0,1.0,0.0,4.0,1.875,5.0,8.0,2.1875
T,1,4242424736236862,1.4529,1.0,1.0,1.0,1.0,1.0,4.0,2.3522,6.0,5.0,4.0625
T,1,4532016834347937,2.9259,1.0,1.0,1.0,1.0,2.0,4.0,3.0778,10.0,4.0,4.3125
T,1,4242424628151500,2.0923,1.0,1.0,1.0,1.0,1.0,4.0,2.625,7.0,4.0,3.125
T,1,4111112633083424,3.3275,1.0,1.0,1.0,1.0,0.0,4.0,2.555,7.0,5.0,2.75
T,1,4242425675106081,3.0145,1.0,1.0,1.0,1.0,1.0,4.0,2.9056,8.0,3.0,3.5625
T,1,4242427729459953,3.6947,1.0,1.0,1.0,1.0,1.0,4.0,2.4528,6.0,4.0,4.875
T,1,4111112963584298,3.9403,1.0,1.0,1.0,1.0,0.0,4.0,2.7744,8.0,5.0,4.0625
T,1,4111113147363476,2.547,1.0,1.0,1.0,1.0,0.0,4.0,2.1863,5.0,6.0,3.3125
T,1,4242429518191359,2.7212,1.0,1.0,1.0,1.0,1.0,4.0,2.6863,7.0,3.0,4.3125
T,1,4532014831376850,2.8883,1.0,1.0,1.0,1.0,2.0,4.0,3.0778,9.0,3.0,3.75
T,1,4111117152033429,3.3563,1.0,1.0,1.0,1.0,0.0,4.0,2.6556,8.0,6.0,2.8125
T,1,4242427103408949,2.5884,1.0,1.0,1.0,1.0,1.0,4.0,2.7272,8.0,5.0,3.9375
T,1,4111113993883635,3.3611,1.0,1.0,1.0,1.0,0.0,4.0,2.5244,7.0,5.0,4.125
T,1,4532014462780826,2.2013,1.0,1.0,1.0,1.0,2.0,4.0,3.0306,9.0,3.0,3.875
T,1,4111110460490183,2.6854,1.0,1.0,1.0,1.0,0.0,4.0,2.4363,7.0,6.0,2.75
T,1,4242427116812681,3.1253,1.0,1.0,1.0,1.0,1.0,4.0,2.4528,6.0,4.0,3.6875
T,1,4111110587294724,3.5902,1.0,1.0,1.0,1.0,0.0,4.0,2.7272,8.0,5.0,3.5625
T,1,4111112631581742,3.3883,1.0,1.0,1.0,1.0,0.0,4.0,2.5218,8.0,7.0,3.0
T,1,4111113069914538,3.638,1.0,1.0,1.0,1.0,0.0,4.0,2.6556,8.0,6.0,3.5625
T,1,4242422915364208,3.2144,1.0,1.0,1.0,1.0,1.0,4.0,2.7744,9.0,5.0,3.625
T,1,4532013069453944,1.5682,1.0,1.0,1.0,1.0,2.0,4.0,2.8278,8.0,4.0,3.875
T,1,5105103473858525,1.9265,1.0,1.0,1.0,1.0,3.0,5.0,2.7744,8.0,5.0,3.875
T,1,4111116225935792,3.7789,1.0,1.0,1.0,1.0,0.0,4.0,2.7272,8.0,5.0,3.6875
T,1,4242429647548149,3.5146,1.0,1.0,1.0,1.0,1.0,4.0,2.6085,8.0,6.0,4.6875
T,1,4242420002692549,1.8357,1.0,1.0,1.0,1.0,1.0,4.0,2.3522,6.0,5.0,3.4375
T,1,5105109308843194,2.2031,1.0,1.0,1.0,1.0,3.0,5.0,2.7806,7.0,3.0,3.8125
T,1,4111115952608325,3.8684,1.0,1.0,1.0,1.0,0.0,4.0,2.8522,9.0,5.0,3.375
T,1,4111115554465017,2.429,1.0,1.0,1.0,1.0,0.0,4.0,2.2335,6.0,6.0,3.1875
T,1,4242422840234286,2.6441,1.0,1.0,1.0,1.0,1.0,4.0,2.18,6.0,6.0,3.5625
T,1,5555552474089206,2.2364,1.0,1.0,1.0,1.0,4.0,5.0,2.6556,8.0,6.0,4.5
T,1,5105109067886327,2.8838,1.0,1.0,1.0,1.0,3.0,5.0,3.0778,9.0,3.0,4.25
T,1,4242421315359487,2.545,1.0,1.0,1.0,1.0,1.0,4.0,2.8278,8.0,4.0,4.0
T,1,4242425900059048,3.0755,1.0,1.0,1.0,1.0,1.0,4.0,2.4528,6.0,4.0,3.625
T,1,4242425503437104,2.5843,1.0,1.0,1.0,1.0,1.0,4.0,2.6022,7.0,5.0,3.125
T,1,4111115455846224,2.8628,1.0,1.0,1.0,1.0,0.0,4.0,2.3522,6.0,5.0,3.375
T,1,4242420597489749,3.0855,1.0,1.0,1.0,1.0,1.0,4.0,2.555,7.0,5.0,5.0
T,1,4242424158534752,2.3124,1.0,1.0,1.0,1.0,1.0,4.0,2.4772,7.0,5.0,3.875
T,1,4111116417375211,2.729,1.0,1.0,1.0,1.0,0.0,4.0,2.25,7.0,8.0,2.875
T,1,4242427650106326,2.5685,1.0,1.0,1.0,1.0,1.0,4.0,2.7806,8.0,4.0,3.375
T,1,4532015327687536,2.002,1.0,1.0,1.0,1.0,2.0,4.0,3.0306,9.0,3.0,4.1875
T,1,6011002589690916,0.726,1.0,1.0,1.0,1.0,5.0,6.0,2.6085,7.0,4.0,3.9375
T,1,4242420049763030,2.2675,1.0,1.0,1.0,1.0,1.0,4.0,2.5778,7.0,4.0,3.125
T,1,5105100924863518,2.4487,1.0,1.0,1.0,1.0,3.0,5.0,2.9835,9.0,3.0,3.625
T,1,5555550884607401,1.5558,1.0,1.0,1.0,1.0,4.0,5.0,2.4835,7.0,6.0,4.25
T,1,5555559982170428,1.1929,1.0,1.0,1.0,1.0,4.0,5.0,2.6556,8.0,6.0,5.0
T,1,4532010389506609,1.6934,1.0,1.0,1.0,1.0,2.0,4.0,3.0,9.0,4.0,3.8125
T,1,4242427737083530,2.6023,1.0,1.0,1.0,1.0,1.0,4.0,2.6863,7.0,3.0,3.8125
T,1,4111118676288036,3.4645,1.0,1.0,1.0,1.0,0.0,4.0,2.68,8.0,5.0,3.9375
T,1,4242426293731888,3.1721,1.0,1.0,1.0,1.0,1.0,4.0,2.7806,8.0,4.0,4.5625
T,1,4242421840552887,2.8746,1.0,1.0,1.0,1.0,1.0,4.0,2.5778,7.0,4.0,4.125
T,1,4111115435038298,3.4503,1.0,1.0,1.0,1.0,0.0,4.0,2.7744,8.0,5.0,3.5
T,1,6011003409015235,2.2699,1.0,1.0,1.0,1.0,5.0,6.0,2.7272,8.0,5.0,2.5
T,1,5105107887406870,1.3174,1.0,1.0,1.0,1.0,3.0,5.0,2.6556,7.0,4.0,4.1875
T,1,4242427663030802,2.736,1.0,1.0,1.0,1.0,1.0,4.0,2.6556,7.0,4.0,3.3125
T,1,4111114393763344,2.9698,1.0,1.0,1.0,1.0,0.0,4.0,2.2744,6.0,5.0,3.4375
T,1,4111118404480509,2.5998,1.0,1.0,1.0,1.0,0.0,4.0,2.3522,6.0,5.0,3.1875
T,1,4111118223600964,3.773,1.0,1.0,1.0,1.0,0.0,4.0,2.7744,8.0,5.0,3.0625
T,1,4111119795422472,3.7106,1.0,1.0,1.0,1.0,0.0,4.0,2.43,6.0,5.0,3.75
T,1,4242422867298719,3.7289,1.0,1.0,1.0,1.0,1.0,4.0,2.6022,7.0,5.0,4.8125
T,1,4111117221092117,3.9798,1.0,1.0,1.0,1.0,0.0,4.0,2.0778,6.0,8.0,2.5625
T,1,6011006659676317,1.4893,1.0,1.0,1.0,1.0,5.0,6.0,2.555,7.0,5.0,4.0
T,1,5555557496184422,2.0295,1.0,1.0,1.0,1.0,4.0,5.0,2.6085,8.0,6.0,4.8125
T,1,4242426058920221,3.2398,1.0,1.0,1.0,1.0,1.0,4.0,2.6085,8.0,6.0,3.3125
T,1,4111115014557361,2.1003,1.0,1.0,1.0,1.0,0.0,4.0,2.3496,7.0,7.0,2.875
T,1,4111114064186908,2.9693,1.0,1.0,1.0,1.0,0.0,4.0,2.3585,6.0,6.0,3.4375
T,1,4111114347747138,3.9403,1.0,1.0,1.0,1.0,0.0,4.0,2.1085,5.0,6.0,3.5625
T,1,4242424234441162,2.8672,1.0,1.0,1.0,1.0,1.0,4.0,1.9212,5.0,7.0,3.0625
T,1,4532016858407872,2.8436,1.0,1.0,1.0,1.0,2.0,4.0,3.0778,9.0,3.0,4.375
T,1,4111112890033807,3.7007,1.0,1.0,1.0,1.0,0.0,4.0,2.7272,8.0,5.0,3.0625
T,1,4111116155253851,2.4822,1.0,1.0,1.0,1.0,0.0,4.0,2.2718,7.0,7.0,3.125
T,1,4532014608224515,2.1731,1.0,1.0,1.0,1.0,2.0,4.0,2.8585,8.0,3.0,3.25
T,1,4532010558408751,1.7063,1.0,1.0,1.0,1.0,2.0,4.0,2.8278,8.0,4.0,3.625
T,1,4532011596028411,1.8889,1.0,1.0,1.0,1.0,2.0,4.0,3.0,9.0,4.0,3.25
T,1,4242422427125394,2.4116,1.0,1.0,1.0,1.0,1.0,4.0,2.305,7.0,6.0,3.5625
T,1,4111118656560248,3.9286,1.0,1.0,1.0,1.0,0.0,4.0,2.6022,7.0,5.0,3.6875
T,1,4111110928194682,3.5296,1.0,1.0,1.0,1.0,0.0,4.0,2.5306,7.0,6.0,3.625
T,1,5555559253428166,1.8465,1.0,1.0,1.0,1.0,4.0,5.0,2.5218,8.0,7.0,4.75
T,1,4111111581225565,3.2935,1.0,1.0,1.0,1.0,0.0,4.0,2.1468,6.0,7.0,3.0625
T,1,4111119818610129,3.5289,1.0,1.0,1.0,1.0,0.0,4.0,2.25,7.0,8.0,3.375
T,1,4532013273033185,1.6827,1.0,1.0,1.0,1.0,2.0,4.0,2.7744,8.0,5.0,3.125
T,1,4111118600089385,3.4996,1.0,1.0,1.0,1.0,0.0,4.0,2.68,8.0,5.0,3.5
T,1,4242422638786273,2.189,1.0,1.0,1.0,1.0,1.0,4.0,2.4772,6.0,5.0,4.375
T,1,4111117385451661,2.9917,1.0,1.0,1.0,1.0,0.0,4.0,2.3968,7.0,7.0,3.4375
T,1,5555552525882138,1.415,1.0,1.0,1.0,1.0,4.0,5.0,1.9056,5.0,8.0,4.625
T,1,4111119139413252,2.8212,1.0,1.0,1.0,1.0,0.0,4.0,2.2718,6.0,7.0,3.0
T,1,4242426653553088,3.1627,1.0,1.0,1.0,1.0,1.0,4.0,2.7335,7.0,3.0,4.1875
T,1,4111114585198572,3.2065,1.0,1.0,1.0,1.0,0.0,4.0,2.4835,7.0,6.0,3.9375
T,1,4111114025435006,3.181,1.0,1.0,1.0,1.0,0.0,4.0,2.555,7.0,5.0,2.375
T,1,4111112765371613,2.5782,1.0,1.0,1.0,1.0,0.0,4.0,2.3968,7.0,7.0,3.125
T,1,4242427852738330,2.3459,1.0,1.0,1.0,1.0,1.0,4.0,2.6556,7.0,4.0,4.0
T,1,6011001020126571,0.0735,1.0,1.0,1.0,1.0,5.0,6.0,2.2988,6.0,5.0,2.0625
T,1,4242423164200564,2.463,1.0,1.0,1.0,1.0,1.0,4.0,2.5244,7.0,5.0,3.0625
T,1,4242427764550088,2.3878,1.0,1.0,1.0,1.0,1.0,4.0,2.7028,7.0,4.0,4.25
T,1,6011000090077318,1.0153,1.0,1.0,1.0,1.0,5.0,6.0,2.3496,7.0,7.0,2.6875
T,1,4111110448017066,1.7222,1.0,1.0,1.0,1.0,0.0,4.0,2.3113,6.0,6.0,2.8125
T,1,4111112222560105,2.7876,1.0,1.0,1.0,1.0,0.0,4.0,2.2806,6.0,6.0,2.125
T,1,4242426188689696,4.004,1.0,1.0,1.0,1.0,1.0,4.0,2.4835,6.0,4.0,5.3125
T,1,4242421977029907,2.7883,1.0,1.0,1.0,1.0,1.0,4.0,2.4835,6.0,4.0,4.3125
T,1,6011003943008399,1.1232,1.0,1.0,1.0,1.0,5.0,6.0,2.555,7.0,5.0,3.5
T,1,4111119451563569,2.8586,1.0,1.0,1.0,1.0,0.0,4.0,2.3585,6.0,6.0,3.875
T,1,4532010797627229,2.076,1.0,1.0,1.0,1.0,2.0,4.0,2.9528,9.0,4.0,4.125
T,1,6011000857057271,0.9016,1.0,1.0,1.0,1.0,5.0,6.0,2.555,7.0,5.0,3.125
T,1,4111119523373625,3.8441,1.0,1.0,1.0,1.0,0.0,4.0,2.7272,8.0,5.0,3.375
T,1,4111119662772991,3.1519,1.0,1.0,1.0,1.0,0.0,4.0,2.3585,6.0,6.0,4.1875
T,1,5555557415913984,2.2739,1.0,1.0,1.0,1.0,4.0,5.0,2.3968,7.0,7.0,5.0625
T,1,4242421963907710,3.176,1.0,1.0,1.0,1.0,1.0,4.0,2.9056,8.0,3.0,3.8125
T,1,4111115799775675,2.8566,1.0,1.0,1.0,1.0,0.0,4.0,2.3522,6.0,5.0,4.75
T,1,4532015972497223,1.7176,1.0,1.0,1.0,1.0,2.0,4.0,2.875,8.0,4.0,4.0625
T,1,5555555221856421,2.7946,1.0,1.0,1.0,1.0,4.0,5.0,2.0778,6.0,8.0,4.125
T,1,4242429708825725,3.214,1.0,1.0,1.0,1.0,1.0,4.0,2.6022,7.0,5.0,4.4375
T,1,4242422139901645,2.7588,1.0,1.0,1.0,1.0,1.0,4.0,2.75,8.0,4.0,3.625
T,1,4532016440031131,2.4888,1.0,1.0,1.0,1.0,2.0,4.0,2.6085,7.0,4.0,2.375
T,1,5105101288725947,2.2635,1.0,1.0,1.0,1.0,3.0,5.0,2.9056,8.0,3.0,4.0625
T,1,4111114971246910,2.5517,1.0,1.0,1.0,1.0,0.0,4.0,2.3496,7.0,7.0,3.25
T,1,4242426762595814,2.7322,1.0,1.0,1.0,1.0,1.0,4.0,2.75,8.0,4.0,4.4375
T,1,4111113990252198,3.6629,1.0,1.0,1.0,1.0,0.0,4.0,2.6085,8.0,6.0,3.5625
T,1,4242428614062001,3.2116,1.0,1.0,1.0,1.0,1.0,4.0,2.4528,6.0,4.0,2.875
T,1,4242425255996034,2.8746,1.0,1.0,1.0,1.0,1.0,4.0,2.5778,7.0,4.0,4.125
T,1,4242420671441566,3.1144,1.0,1.0,1.0,1.0,1.0,4.0,2.555,7.0,5.0,3.625
T,1,4532014455788836,3.4474,1.0,1.0,1.0,1.0,2.0,4.0,2.9835,9.0,3.0,4.5625
T,1,4242424240321291,2.37,1.0,1.0,1.0,1.0,1.0,4.0,2.18,6.0,6.0,2.875
T,1,4111111475404987,3.4027,1.0,1.0,1.0,1.0,0.0,4.0,2.4056,7.0,6.0,3.625
T,1,4111112646106881,3.3238,1.0,1.0,1.0,1.0,0.0,4.0,2.2246,6.0,7.0,3.1875
T,1,5105107238330399,1.6364,1.0,1.0,1.0,1.0,3.0,5.0,2.8278,8.0,4.0,3.6875
T,1,5555557525054653,2.0899,1.0,1.0,1.0,1.0,4.0,5.0,1.9238,7.0,10.0,4.5
T,1,4242428117832967,2.2468,1.0,1.0,1.0,1.0,1.0,4.0,2.8278,8.0,4.0,4.375
T,1,4111113674317051,2.6588,1.0,1.0,1.0,1.0,0.0,4.0,2.3968,7.0,7.0,2.875
T,1,4242423897122671,2.7708,1.0,1.0,1.0,1.0,1.0,4.0,2.7272,8.0,5.0,4.0
T,1,4111112953284966,3.6546,1.0,1.0,1.0,1.0,0.0,4.0,2.7744,8.0,5.0,3.9375
T,1,4532015135892013,2.1731,1.0,1.0,1.0,1.0,2.0,4.0,2.8585,8.0,3.0,3.25
T,1,4111119310956020,3.328,1.0,1.0,1.0,1.0,0.0,4.0,2.6085,8.0,6.0,2.75
T,1,4111114915553173,3.3529,1.0,1.0,1.0,1.0,0.0,4.0,2.2246,6.0,7.0,3.25
T,1,4111111086570473,3.2552,1.0,1.0,1.0,1.0,0.0,4.0,2.6556,8.0,6.0,3.125
T,1,4242421798964753,3.1222,1.0,1.0,1.0,1.0,1.0,4.0,2.9528,9.0,4.0,4.8125
T,1,4111115379251287,3.7769,1.0,1.0,1.0,1.0,0.0,4.0,2.6556,8.0,6.0,3.625
T,1,4111113603806836,3.6271,1.0,1.0,1.0,1.0,0.0,4.0,2.43,6.0,5.0,3.25
T,1,4111115427452580,3.8448,1.0,1.0,1.0,1.0,0.0,4.0,2.555,7.0,5.0,3.1875
T,1,4111110041424776,2.017,1.0,1.0,1.0,1.0,0.0,4.0,2.2806,6.0,6.0,2.75
T,1,4242429026386103,2.1718,1.0,1.0,1.0,1.0,1.0,4.0,2.8278,8.0,4.0,3.5
T,1,4111117405136730,2.9798,1.0,1.0,1.0,1.0,0.0,4.0,2.5306,7.0,6.0,2.8125
T,1,4111116778875742,3.1959,1.0,1.0,1.0,1.0,0.0,4.0,2.5244,7.0,5.0,4.375
T,1,4242420896693678,2.0983,1.0,1.0,1.0,1.0,1.0,4.0,2.8585,8.0,3.0,5.0
T,1,4111110102468456,2.898,1.0,1.0,1.0,1.0,0.0,4.0,2.4835,7.0,6.0,2.8125
T,1,4111114417990402,2.6902,1.0,1.0,1.0,1.0,0.0,4.0,2.2806,6.0,6.0,3.0625
T,1,4111112992762782,3.0755,1.0,1.0,1.0,1.0,0.0,4.0,2.5244,7.0,5.0,3.9375
T,1,4242429610783103,2.2916,1.0,1.0,1.0,1.0,1.0,4.0,3.0306,9.0,3.0,3.5
T,1,4111112335365160,3.6393,1.0,1.0,1.0,1.0,0.0,4.0,2.4835,7.0,6.0,2.6875
T,1,4532018656899953,1.7962,1.0,1.0,1.0,1.0,2.0,4.0,3.0306,9.0,3.0,5.1875
T,1,5555552633637341,1.9537,1.0,1.0,1.0,1.0,4.0,5.0,2.4056,7.0,6.0,4.25
T,1,4242423577979937,3.9565,1.0,1.0,1.0,1.0,1.0,4.0,2.4835,6.0,4.0,5.25
T,1,4111113724271332,2.0648,1.0,1.0,1.0,1.0,0.0,4.0,2.1863,5.0,6.0,2.6875
T,1,4532010836072759,3.9625,1.0,1.0,1.0,1.0,2.0,4.0,3.2028,10.0,3.0,3.875
T,1,4111117122823883,2.7743,1.0,1.0,1.0,1.0,0.0,4.0,2.3113,6.0,6.0,3.3125
T,1,4111115164683967,3.8025,1.0,1.0,1.0,1.0,0.0,4.0,2.6085,8.0,6.0,4.0
T,1,4111118034051878,3.1949,1.0,1.0,1.0,1.0,0.0,4.0,2.4835,7.0,6.0,3.3125
T,1,4242427034969332,2.9151,1.0,1.0,1.0,1.0,1.0,4.0,2.5778,7.0,4.0,4.0
T,1,4242428719625116,2.4757,1.0,1.0,1.0,1.0,1.0,4.0,2.7806,8.0,4.0,4.0
T,1,4111110587132528,3.2552,1.0,1.0,1.0,1.0,0.0,4.0,2.6556,8.0,6.0,3.125
T,1,4111119818826121,4.0698,1.0,1.0,1.0,1.0,0.0,4.0,2.0778,6.0,8.0,3.4375
T,1,4111116651174957,3.4259,1.0,1.0,1.0,1.0,0.0,4.0,2.2718,6.0,7.0,3.75
T,1,4111111646796188,4.0036,1.0,1.0,1.0,1.0,0.0,4.0,2.2246,6.0,7.0,4.0625
T,1,4242422024762235,2.4472,1.0,1.0,1.0,1.0,1.0,4.0,2.2718,7.0,7.0,3.1875
T,1,6011007930561278,0.2773,1.0,1.0,1.0,1.0,5.0,6.0,2.9528,9.0,4.0,3.5
T,1,4242427855010059,3.012,1.0,1.0,1.0,1.0,1.0,4.0,2.8113,8.0,3.0,3.625
T,1,4111112841714117,2.9474,1.0,1.0,1.0,1.0,0.0,4.0,1.7947,5.0,9.0,2.8125
T,1,4532016232623988,2.1165,1.0,1.0,1.0,1.0,2.0,4.0,2.9528,9.0,4.0,4.0
T,1,4242428311349123,2.9344,1.0,1.0,1.0,1.0,1.0,4.0,2.4056,6.0,4.0,3.3125
T,1,4532019969805828,1.7594,1.0,1.0,1.0,1.0,2.0,4.0,3.0306,9.0,3.0,4.9375
T,1,4111117062110598,2.802,1.0,1.0,1.0,1.0,0.0,4.0,2.6468,9.0,7.0,3.0
T,1,4242425799356844,2.9049,1.0,1.0,1.0,1.0,1.0,4.0,2.7272,8.0,5.0,4.875
T,1,4242422960175350,2.3334,1.0,1.0,1.0,1.0,1.0,4.0,2.9528,9.0,4.0,3.5
T,1,4532018250166254,2.3179,1.0,1.0,1.0,1.0,2.0,4.0,2.9056,8.0,3.0,3.375
T,1,4532016803130470,2.1036,1.0,1.0,1.0,1.0,2.0,4.0,2.9528,9.0,4.0,2.9375
T,1,4111111761707143,3.6712,1.0,1.0,1.0,1.0,0.0,4.0,2.0778,6.0,8.0,2.875
T,1,4111119598895619,4.168,1.0,1.0,1.0,1.0,0.0,4.0,2.2806,6.0,6.0,4.875
T,1,4111110198521242,2.4097,1.0,1.0,1.0,1.0,0.0,4.0,2.3496,7.0,7.0,2.6875
T,1,5555556577001885,3.1917,1.0,1.0,1.0,1.0,4.0,5.0,2.125,6.0,8.0,4.8125
T,1,5555559538254908,1.0598,1.0,1.0,1.0,1.0,4.0,5.0,2.25,7.0,8.0,5.1875
T,1,4111118562485332,3.4561,1.0,1.0,1.0,1.0,0.0,4.0,2.6494,7.0,5.0,3.4375
T,1,4242420428983951,2.4192,1.0,1.0,1.0,1.0,1.0,4.0,2.75,8.0,4.0,4.1875
T,1,5555550970498616,1.1929,1.0,1.0,1.0,1.0,4.0,5.0,2.6556,8.0,6.0,5.0
T,1,4532019094593323,1.3915,1.0,1.0,1.0,1.0,2.0,4.0,2.7028,7.0,4.0,3.875
T,1,5555550440689406,1.4169,1.0,1.0,1.0,1.0,4.0,5.0,2.3113,6.0,6.0,4.4375
T,1,4111114739018296,3.9158,1.0,1.0,1.0,1.0,0.0,4.0,2.7806,9.0,6.0,3.625
T,1,4111114000401650,3.086,1.0,1.0,1.0,1.0,0.0,4.0,2.0079,5.0,6.0,1.8125
T,1,4532011401357252,1.6977,1.0,1.0,1.0,1.0,2.0,4.0,2.7335,7.0,3.0,2.8125
T,1,4111116914254935,3.0027,1.0,1.0,1.0,1.0,0.0,4.0,2.4835,7.0,6.0,3.5625
T,1,4111118004090252,3.67,1.0,1.0,1.0,1.0,0.0,4.0,2.5244,7.0,5.0,2.4375
T,1,4242429209197129,1.2274,1.0,1.0,1.0,1.0,1.0,4.0,2.3522,6.0,5.0,4.1875
T,1,5555554419745132,0.9857,1.0,1.0,1.0,1.0,4.0,5.0,2.3496,7.0,7.0,4.375
T,1,4111116303943106,2.1037,1.0,1.0,1.0,1.0,0.0,4.0,2.3585,6.0,6.0,2.75
T,1,4242421501473308,2.0087,1.0,1.0,1.0,1.0,1.0,4.0,2.8278,8.0,4.0,3.125
T,1,4242426354910843,3.0261,1.0,1.0,1.0,1.0,1.0,4.0,2.8522,9.0,5.0,3.8125
T,1,4111114474244487,3.6023,1.0,1.0,1.0,1.0,0.0,4.0,1.9212,5.0,7.0,3.5625
T,1,4111114836386000,3.6203,1.0,1.0,1.0,1.0,0.0,4.0,2.4772,6.0,5.0,2.9375
T,1,4111112382274257,2.9895,1.0,1.0,1.0,1.0,0.0,4.0,2.5244,7.0,5.0,3.1875
T,1,4242427837030662,2.6073,1.0,1.0,1.0,1.0,1.0,4.0,2.7028,7.0,4.0,3.75
T,1,5105104517408285,1.2135,1.0,1.0,1.0,1.0,3.0,5.0,2.6556,7.0,4.0,3.5
T,1,4111118650743360,3.8632,1.0,1.0,1.0,1.0,0.0,4.0,2.7744,8.0,5.0,3.1875
T,1,5555559207918106,2.4031,1.0,1.0,1.0,1.0,4.0,5.0,2.6556,8.0,6.0,4.5625
T,1,4242421626579195,2.3878,1.0,1.0,1.0,1.0,1.0,4.0,2.7028,7.0,4.0,4.3125
T,1,4242425492364574,2.5044,1.0,1.0,1.0,1.0,1.0,4.0,2.4056,7.0,6.0,4.1875
T,1,5105100144381747,1.6401,1.0,1.0,1.0,1.0,3.0,5.0,2.6556,7.0,4.0,3.1875
T,1,4242426454970259,2.514,1.0,1.0,1.0,1.0,1.0,4.0,2.5244,7.0,5.0,4.3125
T,1,4111119647247663,3.6987,1.0,1.0,1.0,1.0,0.0,4.0,2.555,7.0,5.0,3.9375
T,1,4111119216690269,2.9043,1.0,1.0,1.0,1.0,0.0,4.0,2.3113,6.0,6.0,3.6875
T,1,4242429106574149,2.7708,1.0,1.0,1.0,1.0,1.0,4.0,2.7272,8.0,5.0,4.0
T,1,4532015187252967,3.7632,1.0,1.0,1.0,1.0,2.0,4.0,3.1556,10.0,3.0,4.1875
T,1,4111116193097682,3.9656,1.0,1.0,1.0,1.0,0.0,4.0,2.7806,9.0,6.0,3.75
T,1,4111119971107152,3.2658,1.0,1.0,1.0,1.0,0.0,4.0,2.25,7.0,8.0,3.1875
T,1,4111119099065332,3.4791,1.0,1.0,1.0,1.0,0.0,4.0,2.7272,8.0,5.0,3.4375
T,1,4111115851680763,3.7769,1.0,1.0,1.0,1.0,0.0,4.0,2.6556,8.0,6.0,3.625
T,1,5555553220780320,1.3528,1.0,1.0,1.0,1.0,4.0,5.0,2.3113,6.0,6.0,3.5625
T,1,4111116870847177,3.67,1.0,1.0,1.0,1.0,0.0,4.0,2.2806,6.0,6.0,4.0
T,1,5555559492184083,1.8661,1.0,1.0,1.0,1.0,4.0,5.0,2.6556,8.0,6.0,4.875
T,1,4111110639274625,3.7134,1.0,1.0,1.0,1.0,0.0,4.0,2.8994,9.0,5.0,3.3125
T,1,5105106807933153,1.8155,1.0,1.0,1.0,1.0,3.0,5.0,2.8113,8.0,3.0,3.5625
T,1,5105108478833274,2.2635,1.0,1.0,1.0,1.0,3.0,5.0,2.9528,8.0,3.0,4.125
T,1,4111115566727933,3.4653,1.0,1.0,1.0,1.0,0.0,4.0,2.7744,8.0,5.0,3.875
T,1,4111112785931818,2.83,1.0,1.0,1.0,1.0,0.0,4.0,2.4746,8.0,7.0,3.8125
T,1,5555550451684593,2.8368,1.0,1.0,1.0,1.0,4.0,5.0,2.375,8.0,8.0,4.6875
T,1,4111110651238003,3.9438,1.0,1.0,1.0,1.0,0.0,4.0,2.6085,8.0,6.0,2.3125
T,1,4111119042353090,3.4049,1.0,1.0,1.0,1.0,0.0,4.0,2.6022,7.0,5.0,2.75
T,1,5555555145101862,2.3948,1.0,1.0,1.0,1.0,4.0,5.0,2.2028,7.0,8.0,3.9375
T,1,4532012106743812,-0.3262,1.0,1.0,1.0,1.0,2.0,4.0,3.0306,9.0,3.0,3.0625
T,1,4532018182416579,3.9887,1.0,1.0,1.0,1.0,2.0,4.0,3.2028,10.0,3.0,4.125
T,1,6011001345835989,1.1506,1.0,1.0,1.0,1.0,5.0,6.0,2.9056,8.0,3.0,3.9375
T,1,4532019513226851,2.4551,1.0,1.0,1.0,1.0,2.0,4.0,2.9835,9.0,3.0,3.5625
T,1,4111118116591551,3.3996,1.0,1.0,1.0,1.0,0.0,4.0,1.9197,6.0,9.0,3.1875
T,1,4242422488455490,2.464,1.0,1.0,1.0,1.0,1.0,4.0,2.2806,6.0,6.0,4.1875
T,1,4532012764987644,4.2146,1.0,1.0,1.0,1.0,2.0,4.0,3.125,10.0,4.0,4.5
T,1,5555559977628414,1.9257,1.0,1.0,1.0,1.0,4.0,5.0,2.6556,8.0,6.0,5.4375
T,1,4111117186683181,4.3897,1.0,1.0,1.0,1.0,0.0,4.0,2.0778,6.0,8.0,3.625
T,1,5105102518623571,1.8037,1.0,1.0,1.0,1.0,3.0,5.0,2.75,8.0,4.0,3.25
T,1,5555556803217255,2.2833,1.0,1.0,1.0,1.0,4.0,5.0,2.375,8.0,8.0,4.3125
T,1,4111119344396375,3.5094,1.0,1.0,1.0,1.0,0.0,4.0,2.555,7.0,5.0,3.875
T,1,4532010646914695,2.5299,1.0,1.0,1.0,1.0,2.0,4.0,2.9056,8.0,3.0,4.0625
T,1,4242424765045911,3.0919,1.0,1.0,1.0,1.0,1.0,4.0,2.7272,8.0,5.0,3.75
T,1,4111112155169486,2.9685,1.0,1.0,1.0,1.0,0.0,4.0,2.3968,7.0,7.0,3.5
T,1,4111119811436944,3.7677,1.0,1.0,1.0,1.0,0.0,4.0,2.1468,6.0,7.0,3.625
T,1,4532013749004125,1.4266,1.0,1.0,1.0,1.0,2.0,4.0,2.9056,8.0,3.0,3.125
T,1,4111119588741377,3.6445,1.0,1.0,1.0,1.0,0.0,4.0,2.4835,7.0,6.0,4.25
T,1,4242420639582212,3.0497,1.0,1.0,1.0,1.0,1.0,4.0,2.7335,9.0,6.0,3.5
T,1,5105103045452542,2.3953,1.0,1.0,1.0,1.0,3.0,5.0,2.43,6.0,5.0,2.875
T,1,4111111849078319,3.31,1.0,1.0,1.0,1.0,0.0,4.0,2.3968,7.0,7.0,3.6875
T,1,4111116000964108,2.8491,1.0,1.0,1.0,1.0,0.0,4.0,2.2806,6.0,6.0,2.6875
T,1,4111112705491513,3.4245,1.0,1.0,1.0,1.0,0.0,4.0,2.5218,8.0,7.0,2.875
T,1,4111118581830740,3.1949,1.0,1.0,1.0,1.0,0.0,4.0,2.4835,7.0,6.0,3.3125
T,1,4532011754087514,1.996,1.0,1.0,1.0,1.0,2.0,4.0,2.8585,8.0,3.0,3.5625
T,1,4242426494815456,2.0079,1.0,1.0,1.0,1.0,1.0,4.0,2.4835,7.0,6.0,4.375
T,1,4111119190716700,3.0312,1.0,1.0,1.0,1.0,0.0,4.0,2.2246,6.0,7.0,3.0625
T,1,5105109906602620,1.8044,1.0,1.0,1.0,1.0,3.0,5.0,2.4772,6.0,5.0,3.25
T,1,4242426406836921,2.2923,1.0,1.0,1.0,1.0,1.0,4.0,2.7028,8.0,4.0,3.9375
T,1,4111110923787571,4.0212,1.0,1.0,1.0,1.0,0.0,4.0,2.7335,9.0,6.0,3.625
T,1,4111117950173856,3.9656,1.0,1.0,1.0,1.0,0.0,4.0,2.7806,9.0,6.0,3.75
T,1,6011003405775287,0.2773,1.0,1.0,1.0,1.0,5.0,6.0,2.9528,9.0,4.0,3.5
T,1,4242429828037318,2.2097,1.0,1.0,1.0,1.0,1.0,4.0,2.7806,8.0,4.0,4.1875
T,1,4242420371623596,2.83,1.0,1.0,1.0,1.0,1.0,4.0,2.9528,9.0,4.0,3.75
T,1,4532017715143551,1.7608,1.0,1.0,1.0,1.0,2.0,4.0,2.625,7.0,4.0,3.375
T,1,5105103302010777,2.5083,1.0,1.0,1.0,1.0,3.0,5.0,2.43,6.0,5.0,2.625
T,1,4242424437922059,2.7144,1.0,1.0,1.0,1.0,1.0,4.0,2.4238,7.0,5.0,3.9375
T,1,5555558692769131,2.0751,1.0,1.0,1.0,1.0,4.0,5.0,2.6556,8.0,6.0,5.125
T,1,4532014627168685,3.1612,1.0,1.0,1.0,1.0,2.0,4.0,3.0778,9.0,3.0,4.25
T,1,4111111071625332,3.8227,1.0,1.0,1.0,1.0,0.0,4.0,2.5218,8.0,7.0,2.4375
T,1,4242420341314037,2.591,1.0,1.0,1.0,1.0,1.0,4.0,2.43,6.0,5.0,2.75
T,1,4111117497856625,4.0002,1.0,1.0,1.0,1.0,0.0,4.0,2.7744,8.0,5.0,4.25
T,1,4242423568105898,3.5694,1.0,1.0,1.0,1.0,1.0,4.0,2.9835,9.0,3.0,4.4375
T,1,5555556411764557,2.8535,1.0,1.0,1.0,1.0,4.0,5.0,2.0,5.0,8.0,4.75
T,1,5555550429260559,3.3319,1.0,1.0,1.0,1.0,4.0,5.0,2.125,6.0,8.0,4.5
T,1,4111112292178374,3.2039,1.0,1.0,1.0,1.0,0.0,4.0,2.4835,7.0,6.0,3.375
T,1,4242425303667918,3.8165,1.0,1.0,1.0,1.0,1.0,4.0,3.1556,10.0,3.0,4.125
T,1,4111112080616866,3.012,1.0,1.0,1.0,1.0,0.0,4.0,2.2806,6.0,6.0,3.25
T,1,4532011385582891,2.3177,1.0,1.0,1.0,1.0,2.0,4.0,2.8585,8.0,3.0,4.0625
T,1,4242421479521153,2.5958,1.0,1.0,1.0,1.0,1.0,4.0,2.5778,7.0,4.0,3.5
T,1,4242428493856754,3.0434,1.0,1.0,1.0,1.0,1.0,4.0,2.7272,8.0,5.0,4.8125
T,1,4242428399754806,3.1222,1.0,1.0,1.0,1.0,1.0,4.0,2.9528,9.0,4.0,4.8125
T,1,6011005954557784,0.3015,1.0,1.0,1.0,1.0,5.0,6.0,2.8278,8.0,4.0,4.1875
T,1,6011002058531534,0.8214,1.0,1.0,1.0,1.0,5.0,6.0,2.7806,8.0,4.0,2.75
T,1,6011005163202347,1.2171,1.0,1.0,1.0,1.0,5.0,6.0,2.8278,8.0,4.0,2.5625
T,1,5105103569767333,1.4601,1.0,1.0,1.0,1.0,3.0,5.0,2.7028,7.0,4.0,4.0
T,1,5555550770722413,1.4023,1.0,1.0,1.0,1.0,4.0,5.0,2.4835,7.0,6.0,3.9375
T,1,4111116729615767,3.8832,1.0,1.0,1.0,1.0,0.0,4.0,2.4363,7.0,6.0,4.0625
T,1,4111110228298019,2.4521,1.0,1.0,1.0,1.0,0.0,4.0,2.3585,6.0,6.0,3.125
T,1,4532013043201567,2.2929,1.0,1.0,1.0,1.0,2.0,4.0,2.9056,8.0,3.0,2.875
T,1,5105106494060807,1.6902,1.0,1.0,1.0,1.0,3.0,5.0,2.7744,8.0,5.0,3.5
T,1,4532018892484487,2.1362,1.0,1.0,1.0,1.0,2.0,4.0,2.875,9.0,4.0,4.8125
T,1,5105107573345416,1.4299,1.0,1.0,1.0,1.0,3.0,5.0,2.7028,7.0,4.0,3.5625
T,1,4111112276675320,3.7007,1.0,1.0,1.0,1.0,0.0,4.0,2.7272,8.0,5.0,3.0625
T,1,4242426388113125,2.2507,1.0,1.0,1.0,1.0,1.0,4.0,2.6556,7.0,4.0,3.5
T,1,4532017699859396,1.5352,1.0,1.0,1.0,1.0,2.0,4.0,3.125,10.0,4.0,5.375
T,1,5105100988343977,1.9724,1.0,1.0,1.0,1.0,3.0,5.0,2.9528,8.0,3.0,4.375
T,1,4111115332037922,3.4737,1.0,1.0,1.0,1.0,0.0,4.0,2.68,8.0,5.0,2.8125
T,1,4532017817402996,4.0486,1.0,1.0,1.0,1.0,2.0,4.0,3.25,10.0,2.0,4.25
T,1,4111116452119821,3.0451,1.0,1.0,1.0,1.0,0.0,4.0,2.25,7.0,8.0,3.0
T,1,5555557240157096,1.299,1.0,1.0,1.0,1.0,4.0,5.0,2.5218,8.0,7.0,4.4375
T,1,5105102280062198,1.0033,1.0,1.0,1.0,1.0,3.0,5.0,2.6556,7.0,4.0,3.125
T,1,4242423237201300,2.8993,1.0,1.0,1.0,1.0,1.0,4.0,2.3829,6.0,5.0,2.4375
T,1,4532012380513196,1.9689,1.0,1.0,1.0,1.0,2.0,4.0,3.0306,9.0,3.0,3.3125
T,1,4242426231810836,2.2731,1.0,1.0,1.0,1.0,1.0,4.0,2.7028,7.0,4.0,3.5
T,1,4242420520199696,2.3054,1.0,1.0,1.0,1.0,1.0,4.0,2.6556,7.0,4.0,4.0625
T,1,5105101510442998,1.2367,1.0,1.0,1.0,1.0,3.0,5.0,2.6556,7.0,4.0,3.4375
T,1,4532018831584637,2.2874,1.0,1.0,1.0,1.0,2.0,4.0,3.0306,9.0,3.0,4.25
T,1,4111118126026275,3.7208,1.0,1.0,1.0,1.0,0.0,4.0,2.6085,8.0,6.0,3.0
T,1,5105107147527002,2.2636,1.0,1.0,1.0,1.0,3.0,5.0,2.4835,6.0,4.0,2.9375
T,1,6011003024443218,1.849,1.0,1.0,1.0,1.0,5.0,6.0,2.6556,7.0,4.0,2.4375
T,1,5105106392971212,1.5574,1.0,1.0,1.0,1.0,3.0,5.0,2.8278,8.0,4.0,3.375
T,1,5105101733764004,1.993,1.0,1.0,1.0,1.0,3.0,5.0,2.7028,7.0,4.0,2.9375
T,1,4111116477660353,3.5871,1.0,1.0,1.0,1.0,0.0,4.0,2.6022,7.0,5.0,3.5
T,1,4111111192989419,3.7185,1.0,1.0,1.0,1.0,0.0,4.0,1.875,5.0,8.0,3.875
T,1,4242426102797872,2.5253,1.0,1.0,1.0,1.0,1.0,4.0,2.68,8.0,5.0,4.1875
T,1,4111116043628306,3.9114,1.0,1.0,1.0,1.0,0.0,4.0,2.6022,7.0,5.0,2.9375
T,1,4242423297389037,2.3653,1.0,1.0,1.0,1.0,1.0,4.0,2.6556,7.0,4.0,4.3125
T,1,4111119603376332,3.8595,1.0,1.0,1.0,1.0,0.0,4.0,2.6494,8.0,5.0,3.1875
T,1,4242423003635863,2.2739,1.0,1.0,1.0,1.0,1.0,4.0,2.6556,7.0,4.0,3.4375
T,1,4111116332458928,3.8739,1.0,1.0,1.0,1.0,0.0,4.0,2.7744,8.0,5.0,3.6875
T,1,4111115029807793,3.2342,1.0,1.0,1.0,1.0,0.0,4.0,2.8994,9.0,5.0,3.6875
T,1,4111112365369843,3.7291,1.0,1.0,1.0,1.0,0.0,4.0,2.7272,8.0,5.0,3.625
T,1,5105106995527825,1.74,1.0,1.0,1.0,1.0,3.0,5.0,2.7744,8.0,5.0,4.375
T,1,4111110274877849,3.9844,1.0,1.0,1.0,1.0,0.0,4.0,2.555,7.0,5.0,4.0625
T,1,4242423840784148,2.8837,1.0,1.0,1.0,1.0,1.0,4.0,2.4363,7.0,6.0,4.0625
T,1,5105109272809247,2.258,1.0,1.0,1.0,1.0,3.0,5.0,2.9056,8.0,3.0,3.875
T,1,4242420651465494,2.2864,1.0,1.0,1.0,1.0,1.0,4.0,2.4835,7.0,6.0,3.875
T,1,4111119206756187,3.9656,1.0,1.0,1.0,1.0,0.0,4.0,2.7806,9.0,6.0,3.75
T,1,4111118153929805,3.8268,1.0,1.0,1.0,1.0,0.0,4.0,2.6556,8.0,6.0,3.6875
T,1,4111117523625184,3.8152,1.0,1.0,1.0,1.0,0.0,4.0,2.6556,8.0,6.0,3.25
T,1,4111110970363102,4.0985,1.0,1.0,1.0,1.0,0.0,4.0,2.6085,8.0,6.0,2.5
T,1,4111111611686000,3.8701,1.0,1.0,1.0,1.0,0.0,4.0,1.9056,5.0,8.0,2.375
T,1,4111117646435941,3.4027,1.0,1.0,1.0,1.0,0.0,4.0,2.4056,7.0,6.0,3.625
T,1,4111110411816007,3.8005,1.0,1.0,1.0,1.0,0.0,4.0,2.0778,6.0,8.0,2.3125
T,1,4111116628051312,3.7899,1.0,1.0,1.0,1.0,0.0,4.0,2.5218,8.0,7.0,2.6875
T,1,4242422861009336,2.1718,1.0,1.0,1.0,1.0,1.0,4.0,2.8278,8.0,4.0,3.5
T,1,4111113501178288,3.2778,1.0,1.0,1.0,1.0,0.0,4.0,2.4746,8.0,7.0,3.25
T,1,4242422833072453,2.2194,1.0,1.0,1.0,1.0,1.0,4.0,2.4772,7.0,5.0,3.4375
T,1,4532017460236717,2.3471,1.0,1.0,1.0,1.0,2.0,4.0,2.9528,8.0,3.0,3.625
T,1,4242428708749687,3.0144,1.0,1.0,1.0,1.0,1.0,4.0,2.6085,7.0,4.0,5.125
T,1,6011005876404644,0.9096,1.0,1.0,1.0,1.0,5.0,6.0,2.5778,7.0,4.0,3.5
T,1,4242428703705130,3.1031,1.0,1.0,1.0,1.0,1.0,4.0,2.8585,8.0,3.0,3.25
T,1,5555557853105325,2.3139,1.0,1.0,1.0,1.0,4.0,5.0,2.0919,7.0,9.0,4.3125
T,1,4111119967463122,3.5296,1.0,1.0,1.0,1.0,0.0,4.0,2.5306,7.0,6.0,3.625
T,1,4111115443063965,3.9753,1.0,1.0,1.0,1.0,0.0,4.0,2.6022,7.0,5.0,3.375
T,1,6011003218856944,1.0518,1.0,1.0,1.0,1.0,5.0,6.0,3.0306,9.0,3.0,3.625
T,1,5555555533293156,0.6861,1.0,1.0,1.0,1.0,4.0,5.0,1.9197,6.0,9.0,4.5
T,1,4242429024146541,2.6793,1.0,1.0,1.0,1.0,1.0,4.0,2.4056,7.0,6.0,3.375
T,1,4111116441631084,3.0492,1.0,1.0,1.0,1.0,0.0,4.0,2.1468,6.0,7.0,2.875
T,1,4242425526169114,3.0755,1.0,1.0,1.0,1.0,1.0,4.0,2.4528,6.0,4.0,3.625
T,1,4111115397512769,3.4919,1.0,1.0,1.0,1.0,0.0,4.0,2.6556,8.0,6.0,3.9375
T,1,4111111409106443,3.3578,1.0,1.0,1.0,1.0,0.0,4.0,2.1468,6.0,7.0,2.5625
T,1,4242422617503046,2.8534,1.0,1.0,1.0,1.0,1.0,4.0,2.75,8.0,4.0,3.25
T,1,4532017510080040,2.8371,1.0,1.0,1.0,1.0,2.0,4.0,2.6556,8.0,6.0,2.5
T,1,6011005961345629,0.9813,1.0,1.0,1.0,1.0,5.0,6.0,2.8585,8.0,3.0,3.625
T,1,4111114099807114,3.3529,1.0,1.0,1.0,1.0,0.0,4.0,2.2246,6.0,7.0,3.25
T,1,4242425597414787,3.7889,1.0,1.0,1.0,1.0,1.0,4.0,2.555,7.0,5.0,4.6875
T,1,4111117131679011,3.2729,1.0,1.0,1.0,1.0,0.0,4.0,2.0919,7.0,9.0,2.8125
T,1,5555554514102288,2.0731,1.0,1.0,1.0,1.0,4.0,5.0,2.2718,6.0,7.0,4.0625
T,1,4242421590286173,3.3019,1.0,1.0,1.0,1.0,1.0,4.0,3.0778,10.0,4.0,3.75
T,1,4532019325674173,3.0751,1.0,1.0,1.0,1.0,2.0,4.0,3.0778,9.0,3.0,3.875
T,1,5105100312222905,1.0153,1.0,1.0,1.0,1.0,3.0,5.0,2.4056,6.0,4.0,2.375
T,1,4242424552544811,3.4699,1.0,1.0,1.0,1.0,1.0,4.0,2.1085,5.0,6.0,3.5625
T,1,4242425656079018,2.9944,1.0,1.0,1.0,1.0,1.0,4.0,3.0306,9.0,3.0,4.0625
T,1,4242422174203444,3.1953,1.0,1.0,1.0,1.0,1.0,4.0,2.0462,6.0,7.0,3.0625
T,1,4111110651222338,4.0658,1.0,1.0,1.0,1.0,0.0,4.0,2.6085,8.0,6.0,2.5625
T,1,4111112765027009,3.9366,1.0,1.0,1.0,1.0,0.0,4.0,2.7272,8.0,5.0,2.9375
T,1,4111116388769541,3.7776,1.0,1.0,1.0,1.0,0.0,4.0,2.6556,8.0,6.0,4.125
T,1,4111116713940775,3.8018,1.0,1.0,1.0,1.0,0.0,4.0,2.6085,8.0,6.0,3.625
T,1,4532011319782252,1.4787,1.0,1.0,1.0,1.0,2.0,4.0,2.9528,9.0,4.0,3.4375
T,1,4111118386908071,3.8516,1.0,1.0,1.0,1.0,0.0,4.0,2.6085,8.0,6.0,3.6875
T,1,4111110995634636,3.9286,1.0,1.0,1.0,1.0,0.0,4.0,2.6022,7.0,5.0,3.75
T,1,4532016548496574,3.6056,1.0,1.0,1.0,1.0,2.0,4.0,3.0778,10.0,4.0,4.5625
T,1,5105102606541743,1.069,1.0,1.0,1.0,1.0,3.0,5.0,2.8585,8.0,3.0,3.125
T,1,4242428944983611,3.214,1.0,1.0,1.0,1.0,1.0,4.0,2.6022,7.0,5.0,4.4375
T,1,4111119645996535,3.5261,1.0,1.0,1.0,1.0,0.0,4.0,2.43,6.0,5.0,4.375
T,1,4242426776444835,3.13,1.0,1.0,1.0,1.0,1.0,4.0,2.4835,7.0,6.0,4.5
T,1,6011004833518562,1.2921,1.0,1.0,1.0,1.0,5.0,6.0,2.9056,8.0,3.0,3.3125
T,1,4111119084427786,3.7298,1.0,1.0,1.0,1.0,0.0,4.0,2.7272,8.0,5.0,4.0
T,1,5555552829815552,2.9153,1.0,1.0,1.0,1.0,4.0,5.0,1.7947,5.0,9.0,4.8125
T,1,4111114292130793,3.3194,1.0,1.0,1.0,1.0,0.0,4.0,2.5306,7.0,6.0,3.0625
T,1,5105107843970068,1.7523,1.0,1.0,1.0,1.0,3.0,5.0,3.0,9.0,4.0,4.0
T,1,4532019306496380,2.1229,1.0,1.0,1.0,1.0,2.0,4.0,3.0306,9.0,3.0,3.9375
T,1,4111110243603896,3.3322,1.0,1.0,1.0,1.0,0.0,4.0,2.7744,8.0,5.0,3.125
T,1,4111112672593721,3.9613,1.0,1.0,1.0,1.0,0.0,4.0,2.6085,8.0,6.0,3.3125
T,1,4242424355397235,2.9998,1.0,1.0,1.0,1.0,1.0,4.0,2.4056,6.0,4.0,4.0
T,1,4111111103379726,3.3883,1.0,1.0,1.0,1.0,0.0,4.0,2.5218,8.0,7.0,3.0
T,1,4111119022303958,3.3322,1.0,1.0,1.0,1.0,0.0,4.0,2.7744,8.0,5.0,3.125
T,1,4242425272716985,2.4726,1.0,1.0,1.0,1.0,1.0,4.0,2.7272,8.0,5.0,4.375
T,1,4111113897297163,3.7776,1.0,1.0,1.0,1.0,0.0,4.0,2.6556,8.0,6.0,4.0
T,1,5555552629730183,1.9796,1.0,1.0,1.0,1.0,4.0,5.0,2.7806,9.0,6.0,4.4375
T,1,4111112197995872,3.6445,1.0,1.0,1.0,1.0,0.0,4.0,2.4835,7.0,6.0,4.25
T,1,4532012930402478,2.5648,1.0,1.0,1.0,1.0,2.0,4.0,2.9835,9.0,3.0,3.375
T,1,4111115744131354,2.9834,1.0,1.0,1.0,1.0,0.0,4.0,2.0218,5.0,7.0,2.875
T,1,4111116502486006,3.7033,1.0,1.0,1.0,1.0,0.0,4.0,2.555,7.0,5.0,2.875
T,1,4242427677785151,2.8756,1.0,1.0,1.0,1.0,1.0,4.0,2.6556,7.0,4.0,4.5
T,1,5105105031953615,0.9401,1.0,1.0,1.0,1.0,3.0,5.0,2.3522,6.0,5.0,3.125
T,1,4111115533515650,2.9391,1.0,1.0,1.0,1.0,0.0,4.0,2.18,6.0,6.0,2.9375
T,1,5555559935980691,1.9117,1.0,1.0,1.0,1.0,4.0,5.0,2.2718,7.0,7.0,5.5625
T,1,4242423955733450,2.2253,1.0,1.0,1.0,1.0,1.0,4.0,2.6085,7.0,4.0,3.875
T,1,5555555876565350,0.6169,1.0,1.0,1.0,1.0,4.0,5.0,1.7988,6.0,10.0,5.0
T,1,4111117808066542,3.4503,1.0,1.0,1.0,1.0,0.0,4.0,2.7744,8.0,5.0,3.4375
T,1,4111119024404929,3.4134,1.0,1.0,1.0,1.0,0.0,4.0,2.2272,5.0,5.0,3.25
T,1,4532016857172428,3.1013,1.0,1.0,1.0,1.0,2.0,4.0,3.0778,9.0,3.0,4.0625
T,1,4242421170169328,2.3334,1.0,1.0,1.0,1.0,1.0,4.0,2.9056,9.0,4.0,3.5
T,1,4111119814568750,3.3026,1.0,1.0,1.0,1.0,0.0,4.0,2.6556,8.0,6.0,3.875
T,1,6011009852265565,0.4275,1.0,1.0,1.0,1.0,5.0,6.0,2.6556,7.0,4.0,3.8125
T,1,4242422805092968,2.8086,1.0,1.0,1.0,1.0,1.0,4.0,2.6022,7.0,5.0,4.1875
T,1,4111119620401899,3.0027,1.0,1.0,1.0,1.0,0.0,4.0,2.4835,7.0,6.0,3.5625
T,1,6011004361654714,0.9066,1.0,1.0,1.0,1.0,5.0,6.0,2.6085,7.0,4.0,3.0625
T,1,4242420026254219,2.2293,1.0,1.0,1.0,1.0,1.0,4.0,2.4056,7.0,6.0,3.0625
T,1,4111116433362557,4.0725,1.0,1.0,1.0,1.0,0.0,4.0,2.6022,7.0,5.0,3.3125
T,1,4111110091523501,1.8367,1.0,1.0,1.0,1.0,0.0,4.0,2.3496,7.0,7.0,2.1875
T,1,4111113260412944,2.118,1.0,1.0,1.0,1.0,0.0,4.0,2.4056,7.0,6.0,2.75
T,1,4111118151131123,3.6374,1.0,1.0,1.0,1.0,0.0,4.0,1.7988,6.0,10.0,2.1875
T,1,4242424374626812,2.6262,1.0,1.0,1.0,1.0,1.0,4.0,2.4238,7.0,5.0,3.8125
T,1,4111119503227791,3.8392,1.0,1.0,1.0,1.0,0.0,4.0,2.6556,8.0,6.0,3.375
T,1,4111119183835814,3.7078,1.0,1.0,1.0,1.0,0.0,4.0,2.2246,6.0,7.0,3.6875
T,1,4242429695857871,2.7956,1.0,1.0,1.0,1.0,1.0,4.0,2.9056,8.0,3.0,5.1875
T,1,5105104238728821,1.8506,1.0,1.0,1.0,1.0,3.0,5.0,2.8585,8.0,3.0,3.5625
T,1,4532011446348050,1.0787,1.0,1.0,1.0,1.0,2.0,4.0,2.8278,8.0,4.0,3.125
T,1,5555556835598649,2.6833,1.0,1.0,1.0,1.0,4.0,5.0,2.125,6.0,8.0,5.8125
T,1,4242425610574567,2.3459,1.0,1.0,1.0,1.0,1.0,4.0,2.6556,7.0,4.0,4.0
T,1,4111114281789724,2.5112,1.0,1.0,1.0,1.0,0.0,4.0,2.3585,6.0,6.0,3.8125
T,1,6011007953185393,0.9036,1.0,1.0,1.0,1.0,5.0,6.0,2.8585,8.0,3.0,3.8125
T,1,4532010390708806,1.6486,1.0,1.0,1.0,1.0,2.0,4.0,3.0244,10.0,5.0,3.5
T,1,4111113198773730,3.3937,1.0,1.0,1.0,1.0,0.0,4.0,2.4363,7.0,6.0,3.5625
T,1,4242423463928774,2.5416,1.0,1.0,1.0,1.0,1.0,4.0,2.5244,7.0,5.0,4.4375
T,1,5105109541346351,1.812,1.0,1.0,1.0,1.0,3.0,5.0,2.625,7.0,4.0,3.3125
T,1,4111112658357513,3.8641,1.0,1.0,1.0,1.0,0.0,4.0,2.6085,8.0,6.0,3.375
T,1,4242429009125205,2.9374,1.0,1.0,1.0,1.0,1.0,4.0,2.43,6.0,5.0,3.1875
T,1,4111111786262868,2.81,1.0,1.0,1.0,1.0,0.0,4.0,2.3113,6.0,6.0,3.9375
T,1,4111112748093474,3.6355,1.0,1.0,1.0,1.0,0.0,4.0,2.6494,8.0,5.0,3.5625
T,1,4111114484483141,3.6384,1.0,1.0,1.0,1.0,0.0,4.0,1.6774,4.0,7.0,3.125
T,1,4242428727246731,2.5187,1.0,1.0,1.0,1.0,1.0,4.0,2.4772,7.0,5.0,4.0625
T,1,4242420379124415,3.1912,1.0,1.0,1.0,1.0,1.0,4.0,2.6494,8.0,5.0,3.375
T,1,5105103418274002,2.2385,1.0,1.0,1.0,1.0,3.0,5.0,2.8278,8.0,4.0,2.6875
T,1,4242420581246576,2.4821,1.0,1.0,1.0,1.0,1.0,4.0,2.75,8.0,4.0,3.875
T,1,4242427287174390,2.4342,1.0,1.0,1.0,1.0,1.0,4.0,2.7028,8.0,4.0,4.125
T,1,5555557014183484,0.8963,1.0,1.0,1.0,1.0,4.0,5.0,2.4835,7.0,6.0,4.375
T,1,5555559992740988,2.7796,1.0,1.0,1.0,1.0,4.0,5.0,2.4056,7.0,6.0,5.9375
T,1,5105105303292460,2.0811,1.0,1.0,1.0,1.0,3.0,5.0,2.8278,8.0,4.0,2.875
T,1,4242420639400670,3.0812,1.0,1.0,1.0,1.0,1.0,4.0,2.5778,7.0,4.0,3.3125
T,1,4532013909499073,1.6841,1.0,1.0,1.0,1.0,2.0,4.0,2.7806,8.0,4.0,4.25
T,1,5105103561356374,1.2367,1.0,1.0,1.0,1.0,3.0,5.0,2.6556,7.0,4.0,3.4375
T,1,4111114856583684,4.0109,1.0,1.0,1.0,1.0,0.0,4.0,2.43,6.0,5.0,4.125
T,1,4532015787664561,1.9698,1.0,1.0,1.0,1.0,2.0,4.0,3.0306,9.0,3.0,4.375
T,1,4111118403536145,3.2376,1.0,1.0,1.0,1.0,0.0,4.0,2.4835,7.0,6.0,3.0
T,1,4111115946717851,3.0502,1.0,1.0,1.0,1.0,0.0,4.0,2.3968,7.0,7.0,3.875
T,1,4111116998882635,4.4149,1.0,1.0,1.0,1.0,0.0,4.0,2.7272,8.0,5.0,4.5625
T,1,4532019686903641,2.8758,1.0,1.0,1.0,1.0,2.0,4.0,3.0778,9.0,3.0,4.1875
T,1,4242425240744309,2.4074,1.0,1.0,1.0,1.0,1.0,4.0,2.4056,7.0,6.0,3.5
T,1,5105103450453589,2.2448,1.0,1.0,1.0,1.0,3.0,5.0,2.6022,7.0,5.0,3.625
T,1,5105108520520457,0.9156,1.0,1.0,1.0,1.0,3.0,5.0,2.5244,7.0,5.0,3.125
T,1,4111118670582822,3.6107,1.0,1.0,1.0,1.0,0.0,4.0,2.68,8.0,5.0,3.5625
T,1,4111114873341553,2.5495,1.0,1.0,1.0,1.0,0.0,4.0,2.3113,6.0,6.0,3.25
T,1,4111115090435185,3.2376,1.0,1.0,1.0,1.0,0.0,4.0,2.4835,7.0,6.0,3.0625
T,1,4111111513688302,3.4245,1.0,1.0,1.0,1.0,0.0,4.0,2.5218,8.0,7.0,2.875
T,1,4111110546053856,3.9222,1.0,1.0,1.0,1.0,0.0,4.0,2.6022,7.0,5.0,3.1875
T,1,4242421024765404,2.5808,1.0,1.0,1.0,1.0,1.0,4.0,2.4056,7.0,6.0,3.1875
T,1,4242420007360399,2.2739,1.0,1.0,1.0,1.0,1.0,4.0,2.6556,7.0,4.0,3.4375
T,1,5105109940650130,1.9829,1.0,1.0,1.0,1.0,3.0,5.0,2.555,7.0,5.0,3.0625
T,1,5555555838965706,0.368,1.0,1.0,1.0,1.0,4.0,5.0,2.25,7.0,8.0,5.4375
T,1,4111117010385318,2.2829,1.0,1.0,1.0,1.0,0.0,4.0,2.3968,7.0,7.0,2.8125
T,1,4242423660459540,3.2416,1.0,1.0,1.0,1.0,1.0,4.0,2.6022,7.0,5.0,3.75
T,1,4532014158559542,1.8147,1.0,1.0,1.0,1.0,2.0,4.0,2.7272,8.0,5.0,3.9375
T,1,5105101253008238,2.242,1.0,1.0,1.0,1.0,3.0,5.0,2.5306,6.0,4.0,2.75
T,1,4111118507591483,3.8268,1.0,1.0,1.0,1.0,0.0,4.0,2.6556,8.0,6.0,3.6875
T,1,4242428533053784,2.3459,1.0,1.0,1.0,1.0,1.0,4.0,2.6556,7.0,4.0,4.0
T,1,4111111753086928,1.952,1.0,1.0,1.0,1.0,0.0,4.0,2.9056,10.0,6.0,3.625
T,1,4111113877264969,3.6826,1.0,1.0,1.0,1.0,0.0,4.0,2.7744,8.0,5.0,4.375
T,1,5555552666663230,2.796,1.0,1.0,1.0,1.0,4.0,5.0,2.055,5.0,6.0,4.375
T,1,4111119532923642,3.9753,1.0,1.0,1.0,1.0,0.0,4.0,2.6022,7.0,5.0,3.375
T,1,4242422234425094,3.4246,1.0,1.0,1.0,1.0,1.0,4.0,2.0613,6.0,6.0,3.3125
T,1,6011007425984852,2.1048,1.0,1.0,1.0,1.0,5.0,6.0,3.0778,9.0,3.0,3.875
T,1,4532019964708019,4.0486,1.0,1.0,1.0,1.0,2.0,4.0,3.1556,10.0,3.0,4.25
T,1,6011002556506624,1.3439,1.0,1.0,1.0,1.0,5.0,6.0,2.4528,6.0,4.0,3.0625
T,1,4242426807795171,3.5418,1.0,1.0,1.0,1.0,1.0,4.0,2.9835,9.0,3.0,4.3125
T,1,4111112422168147,2.4967,1.0,1.0,1.0,1.0,0.0,4.0,2.1774,6.0,7.0,2.875
T,1,5555550383490754,2.3447,1.0,1.0,1.0,1.0,4.0,5.0,2.3968,7.0,7.0,4.5625
T,1,4111117118398569,3.6428,1.0,1.0,1.0,1.0,0.0,4.0,2.5218,8.0,7.0,4.125
T,1,4111115141197156,3.0868,1.0,1.0,1.0,1.0,0.0,4.0,1.9669,6.0,9.0,3.0625
T,1,4111114496101673,2.0198,1.0,1.0,1.0,1.0,0.0,4.0,2.3496,7.0,7.0,3.125
T,1,4111113737204056,3.8782,1.0,1.0,1.0,1.0,0.0,4.0,2.7744,8.0,5.0,2.875
T,1,4111110971260117,2.9439,1.0,1.0,1.0,1.0,0.0,4.0,2.25,7.0,8.0,2.6875
T,1,4242422280304276,2.6099,1.0,1.0,1.0,1.0,1.0,4.0,2.4056,7.0,6.0,3.25
T,1,4532010527790651,1.8257,1.0,1.0,1.0,1.0,2.0,4.0,3.0306,9.0,3.0,3.5625
T,1,4111112140798787,2.9734,1.0,1.0,1.0,1.0,0.0,4.0,2.4835,7.0,6.0,3.875
T,1,5555556597206910,2.3447,1.0,1.0,1.0,1.0,4.0,5.0,2.3968,7.0,7.0,4.6875
T,1,4532018560874753,3.1612,1.0,1.0,1.0,1.0,2.0,4.0,3.0778,9.0,3.0,4.25
T,1,4242424588151797,3.0647,1.0,1.0,1.0,1.0,1.0,4.0,2.7028,7.0,4.0,4.5625
T,1,4242425630820073,2.6053,1.0,1.0,1.0,1.0,1.0,4.0,2.7806,8.0,4.0,3.25
T,1,4111111679232267,3.2039,1.0,1.0,1.0,1.0,0.0,4.0,2.4835,7.0,6.0,3.375
T,1,4111115608524553,3.8886,1.0,1.0,1.0,1.0,0.0,4.0,2.6494,8.0,5.0,3.25
T,1,4111113552931965,3.0027,1.0,1.0,1.0,1.0,0.0,4.0,2.4835,7.0,6.0,3.5625
T,1,4111116611243165,3.2423,1.0,1.0,1.0,1.0,0.0,4.0,2.0778,6.0,8.0,2.75
T,1,4111110984338074,3.6103,1.0,1.0,1.0,1.0,0.0,4.0,2.6022,7.0,5.0,3.4375
T,1,4242427443427369,2.464,1.0,1.0,1.0,1.0,1.0,4.0,2.2806,6.0,6.0,4.1875
T,1,4532017282678070,2.7507,1.0,1.0,1.0,1.0,2.0,4.0,2.9835,9.0,3.0,3.875
T,1,4532018376571163,2.2013,1.0,1.0,1.0,1.0,2.0,4.0,3.0306,9.0,3.0,3.875
T,1,4111113447875138,3.2876,1.0,1.0,1.0,1.0,0.0,4.0,2.3585,6.0,6.0,3.6875
T,1,4111110456454524,2.8106,1.0,1.0,1.0,1.0,0.0,4.0,2.2516,6.0,5.0,3.0
T,1,4111113889379185,3.0074,1.0,1.0,1.0,1.0,0.0,4.0,2.4835,7.0,6.0,4.375
T,1,4111113123045428,3.6393,1.0,1.0,1.0,1.0,0.0,4.0,2.4835,7.0,6.0,2.5625
T,1,4111112133260811,1.1174,1.0,1.0,1.0,1.0,0.0,4.0,2.25,7.0,8.0,2.25
T,1,4111119573993892,4.4602,1.0,1.0,1.0,1.0,0.0,4.0,2.6494,8.0,5.0,4.5625
T,1,4111112508677953,1.947,1.0,1.0,1.0,1.0,0.0,4.0,3.0244,10.0,5.0,3.8125
T,1,5105109066200744,1.6047,1.0,1.0,1.0,1.0,3.0,5.0,2.7744,8.0,5.0,3.125
T,1,4242421906719941,2.3879,1.0,1.0,1.0,1.0,1.0,4.0,2.6085,7.0,4.0,4.0625
T,1,4111119520972783,3.0271,1.0,1.0,1.0,1.0,0.0,4.0,2.8994,9.0,5.0,3.8125
T,1,5105100364249319,2.3003,1.0,1.0,1.0,1.0,3.0,5.0,2.9056,8.0,3.0,3.3125
T,1,4242425000909878,2.3459,1.0,1.0,1.0,1.0,1.0,4.0,2.6556,7.0,4.0,4.0
T,1,4111110954682030,3.8078,1.0,1.0,1.0,1.0,0.0,4.0,2.8522,9.0,5.0,2.875
T,1,6011009266774400,1.7166,1.0,1.0,1.0,1.0,5.0,6.0,2.6022,7.0,5.0,3.3125
T,1,5555557026206075,2.9069,1.0,1.0,1.0,1.0,4.0,5.0,2.0996,5.0,7.0,4.0625
T,1,4532012405491030,2.4811,1.0,1.0,1.0,1.0,2.0,4.0,2.7028,7.0,4.0,2.6875
T,1,4532014149765398,4.0762,1.0,1.0,1.0,1.0,2.0,4.0,3.2028,10.0,3.0,4.4375
T,1,4111119911765986,2.8724,1.0,1.0,1.0,1.0,0.0,4.0,2.3496,7.0,7.0,4.375
T,1,4242426579946135,3.2414,1.0,1.0,1.0,1.0,1.0,4.0,2.8278,8.0,4.0,4.5625
T,1,5555558545529880,-0.4067,1.0,1.0,1.0,1.0,4.0,5.0,1.9197,6.0,9.0,5.25
T,1,4111114356454105,1.8921,1.0,1.0,1.0,1.0,0.0,4.0,2.2335,6.0,6.0,2.875
T,1,4111111923566593,3.5296,1.0,1.0,1.0,1.0,0.0,4.0,2.5306,7.0,6.0,3.625
T,1,4242422632903197,3.0919,1.0,1.0,1.0,1.0,1.0,4.0,2.7272,8.0,5.0,3.75
T,1,6011003783482613,1.0799,1.0,1.0,1.0,1.0,5.0,6.0,2.8585,8.0,3.0,3.3125
T,1,5105104725941705,1.2135,1.0,1.0,1.0,1.0,3.0,5.0,2.6556,7.0,4.0,3.5
T,1,5105108633223601,2.4442,1.0,1.0,1.0,1.0,3.0,5.0,2.7335,7.0,3.0,2.875
T,1,4242425837656072,2.279,1.0,1.0,1.0,1.0,1.0,4.0,2.8278,8.0,4.0,4.1875
T,1,4111112494277412,3.7868,1.0,1.0,1.0,1.0,0.0,4.0,2.1085,5.0,6.0,3.1875
T,1,4532015851150729,1.9739,1.0,1.0,1.0,1.0,2.0,4.0,2.9528,9.0,4.0,3.625
T,1,5555556583609663,1.634,1.0,1.0,1.0,1.0,4.0,5.0,2.1468,6.0,7.0,5.125
T,1,4242427854338329,2.7093,1.0,1.0,1.0,1.0,1.0,4.0,2.5778,7.0,4.0,4.375
T,1,4111115446782322,3.8637,1.0,1.0,1.0,1.0,0.0,4.0,2.68,8.0,5.0,3.25
T,1,4111112405501645,2.5012,1.0,1.0,1.0,1.0,0.0,4.0,2.3113,6.0,6.0,2.5625
T,1,4242428523142498,2.8968,1.0,1.0,1.0,1.0,1.0,4.0,2.4238,7.0,5.0,4.0
T,1,4111113243000931,2.8187,1.0,1.0,1.0,1.0,0.0,4.0,2.3113,6.0,6.0,2.125
T,1,4242427401728709,2.7327,1.0,1.0,1.0,1.0,1.0,4.0,2.5778,7.0,4.0,3.9375
T,1,4111115238235067,3.093,1.0,1.0,1.0,1.0,0.0,4.0,2.8994,9.0,5.0,3.125
T,1,4242425585327876,3.0423,1.0,1.0,1.0,1.0,1.0,4.0,2.6556,7.0,4.0,4.625
T,1,4242427600375542,2.4787,1.0,1.0,1.0,1.0,1.0,4.0,2.625,7.0,4.0,3.5625
T,1,5555552695411213,1.3364,1.0,1.0,1.0,1.0,4.0,5.0,2.3496,7.0,7.0,4.0
T,1,4111117260067707,2.5998,1.0,1.0,1.0,1.0,0.0,4.0,2.3522,6.0,5.0,3.1875
T,1,5105109707068773,1.6932,1.0,1.0,1.0,1.0,3.0,5.0,2.75,8.0,4.0,4.125
T,1,5105102581334908,1.4943,1.0,1.0,1.0,1.0,3.0,5.0,2.8585,8.0,3.0,3.4375
T,1,4111114043678413,2.931,1.0,1.0,1.0,1.0,0.0,4.0,2.4056,7.0,6.0,3.0625
T,1,4111118624330724,3.7007,1.0,1.0,1.0,1.0,0.0,4.0,2.7272,8.0,5.0,3.0
T,1,4111115821704909,3.8392,1.0,1.0,1.0,1.0,0.0,4.0,2.6556,8.0,6.0,3.375
T,1,4111111164627401,3.9798,1.0,1.0,1.0,1.0,0.0,4.0,2.0778,6.0,8.0,2.5625
T,1,4532018790299714,3.1888,1.0,1.0,1.0,1.0,2.0,4.0,3.0778,9.0,3.0,4.4375
T,1,4242428323727555,3.0114,1.0,1.0,1.0,1.0,1.0,4.0,2.43,6.0,5.0,4.0625
T,1,5555552350868814,2.2543,1.0,1.0,1.0,1.0,4.0,5.0,2.4746,8.0,7.0,4.6875
T,1,4111116286544095,3.7291,1.0,1.0,1.0,1.0,0.0,4.0,2.7272,8.0,5.0,3.625
T,1,4242420781300306,2.9984,1.0,1.0,1.0,1.0,1.0,4.0,2.7806,8.0,4.0,2.875
T,1,4242422907502443,2.922,1.0,1.0,1.0,1.0,1.0,4.0,2.4238,7.0,5.0,3.375
T,1,5555553251413205,2.4004,1.0,1.0,1.0,1.0,4.0,5.0,2.125,6.0,8.0,3.5
T,1,4111118727459081,3.8268,1.0,1.0,1.0,1.0,0.0,4.0,2.6556,8.0,6.0,3.75
T,1,4532014294317953,2.5037,1.0,1.0,1.0,1.0,2.0,4.0,2.9056,8.0,3.0,3.875
T,1,4532015896100077,3.572,1.0,1.0,1.0,1.0,2.0,4.0,3.125,10.0,4.0,3.625
T,1,5555553172781458,1.9903,1.0,1.0,1.0,1.0,4.0,5.0,2.3968,7.0,7.0,4.75
T,1,4111117198722001,2.6588,1.0,1.0,1.0,1.0,0.0,4.0,2.3968,7.0,7.0,2.875
T,1,4111114864047433,3.5132,1.0,1.0,1.0,1.0,0.0,4.0,2.4238,7.0,5.0,3.25
T,1,5555551653045740,2.151,1.0,1.0,1.0,1.0,4.0,5.0,2.25,7.0,8.0,4.0625
T,1,4532013142649575,2.0673,1.0,1.0,1.0,1.0,2.0,4.0,3.0306,9.0,3.0,3.8125
T,1,4111112031807663,3.3563,1.0,1.0,1.0,1.0,0.0,4.0,2.6556,8.0,6.0,2.8125
T,1,4111117710835398,3.8268,1.0,1.0,1.0,1.0,0.0,4.0,2.6556,8.0,6.0,3.75
T,1,5555555246756804,2.5179,1.0,1.0,1.0,1.0,4.0,5.0,2.25,7.0,8.0,4.8125
T,1,4242421562718930,3.3019,1.0,1.0,1.0,1.0,1.0,4.0,3.0778,10.0,4.0,3.75
T,1,6011009018705629,0.892,1.0,1.0,1.0,1.0,5.0,6.0,2.7272,8.0,5.0,3.4375
T,1,4111113001658466,3.2376,1.0,1.0,1.0,1.0,0.0,4.0,2.4835,7.0,6.0,3.0
T,1,4111118447067222,3.8448,1.0,1.0,1.0,1.0,0.0,4.0,2.555,7.0,5.0,3.1875
T,1,4242421847548730,2.7303,1.0,1.0,1.0,1.0,1.0,4.0,2.7272,8.0,5.0,4.0625
T,1,4532017238646544,1.9932,1.0,1.0,1.0,1.0,2.0,4.0,3.0,9.0,4.0,4.0
T,1,5555556769495572,2.6833,1.0,1.0,1.0,1.0,4.0,5.0,2.125,6.0,8.0,5.625
T,1,6011004063638809,1.2238,1.0,1.0,1.0,1.0,5.0,6.0,2.6022,7.0,5.0,3.4375
T,1,4111113211300255,2.036,1.0,1.0,1.0,1.0,0.0,4.0,2.2718,6.0,7.0,1.9375
T,1,4111113592561343,2.6196,1.0,1.0,1.0,1.0,0.0,4.0,2.4835,7.0,6.0,3.125
T,1,4111117020542510,3.2534,1.0,1.0,1.0,1.0,0.0,4.0,2.3585,6.0,6.0,2.1875
T,1,4111119411250265,2.2298,1.0,1.0,1.0,1.0,0.0,4.0,2.3968,7.0,7.0,2.75
T,1,4242420516569472,2.5029,1.0,1.0,1.0,1.0,1.0,4.0,2.75,8.0,4.0,3.9375
T,1,4532017874657615,2.315,1.0,1.0,1.0,1.0,2.0,4.0,3.0306,9.0,3.0,4.4375
T,1,5105101988564380,2.1814,1.0,1.0,1.0,1.0,3.0,5.0,2.8113,8.0,3.0,4.0
T,1,5555556344983092,1.8661,1.0,1.0,1.0,1.0,4.0,5.0,2.6556,8.0,6.0,4.875
T,1,4532017248361563,2.8883,1.0,1.0,1.0,1.0,2.0,4.0,3.0778,9.0,3.0,3.75
T,1,4111119631499130,3.5869,1.0,1.0,1.0,1.0,0.0,4.0,2.2246,6.0,7.0,3.375
T,1,4532019811201333,2.2929,1.0,1.0,1.0,1.0,2.0,4.0,2.75,8.0,4.0,2.875
T,1,4532017996504125,2.9967,1.0,1.0,1.0,1.0,2.0,4.0,3.0778,9.0,3.0,3.9375
T,1,4111117361452162,2.6588,1.0,1.0,1.0,1.0,0.0,4.0,2.3968,7.0,7.0,2.875
T,1,4242425708962344,3.0183,1.0,1.0,1.0,1.0,1.0,4.0,2.7744,9.0,5.0,4.125
T,1,4532019957340838,3.1888,1.0,1.0,1.0,1.0,2.0,4.0,3.0778,9.0,3.0,4.4375
T,1,4111116708709672,3.3413,1.0,1.0,1.0,1.0,0.0,4.0,2.7272,8.0,5.0,3.8125
T,1,6011002687492272,0.2759,1.0,1.0,1.0,1.0,5.0,6.0,2.8278,8.0,4.0,3.5625
T,1,4111111262649224,3.7939,1.0,1.0,1.0,1.0,0.0,4.0,2.1085,5.0,6.0,2.9375
T,1,4111111261144458,2.343,1.0,1.0,1.0,1.0,0.0,4.0,2.0,6.0,8.0,2.8125
T,1,4242422316068564,2.7136,1.0,1.0,1.0,1.0,1.0,4.0,2.7028,8.0,4.0,3.6875
T,1,5555553162619841,1.8457,1.0,1.0,1.0,1.0,4.0,5.0,2.6085,8.0,6.0,4.4375
T,1,4111117987256963,3.5031,1.0,1.0,1.0,1.0,0.0,4.0,2.8994,9.0,5.0,4.4375
T,1,5555551064065337,1.7422,1.0,1.0,1.0,1.0,4.0,5.0,2.3968,7.0,7.0,4.0625
T,1,4532013785566698,4.2365,1.0,1.0,1.0,1.0,2.0,4.0,3.1556,10.0,3.0,4.875
T,1,4111119903046593,3.6982,1.0,1.0,1.0,1.0,0.0,4.0,2.6022,7.0,5.0,3.5625
T,1,4111110108495974,2.8917,1.0,1.0,1.0,1.0,0.0,4.0,2.4835,7.0,6.0,3.5
T,1,4111118203726532,3.9385,1.0,1.0,1.0,1.0,0.0,4.0,2.8522,9.0,5.0,2.9375
T,1,4111112590005386,3.9385,1.0,1.0,1.0,1.0,0.0,4.0,2.8522,9.0,5.0,2.9375
T,1,5555559834649645,1.6628,1.0,1.0,1.0,1.0,4.0,5.0,2.2246,6.0,7.0,5.5
T,1,4242429139685375,3.665,1.0,1.0,1.0,1.0,1.0,4.0,3.0306,9.0,3.0,4.625
T,1,4242426375455836,2.0477,1.0,1.0,1.0,1.0,1.0,4.0,2.6556,7.0,4.0,4.375
T,1,4111113644152182,1.7245,1.0,1.0,1.0,1.0,0.0,4.0,2.3496,7.0,7.0,2.8125
T,1,4111110968249792,3.7298,1.0,1.0,1.0,1.0,0.0,4.0,2.7272,8.0,5.0,4.0625
T,1,4242429342226934,3.5608,1.0,1.0,1.0,1.0,1.0,4.0,2.055,5.0,6.0,3.875
T,1,6011005972780541,0.2773,1.0,1.0,1.0,1.0,5.0,6.0,2.9528,9.0,4.0,3.5
T,1,4111114747599865,4.8112,1.0,1.0,1.0,1.0,0.0,4.0,2.6022,7.0,5.0,4.5625
T,1,4111111654210742,2.4097,1.0,1.0,1.0,1.0,0.0,4.0,2.3496,7.0,7.0,2.5625
T,1,4111118746281458,3.3644,1.0,1.0,1.0,1.0,0.0,4.0,2.4363,7.0,6.0,3.875
T,1,4111110903542830,4.1679,1.0,1.0,1.0,1.0,0.0,4.0,2.7272,8.0,5.0,2.6875
T,1,4242422667690180,2.2933,1.0,1.0,1.0,1.0,1.0,4.0,2.7806,8.0,4.0,3.9375
T,1,4532019112317796,1.6934,1.0,1.0,1.0,1.0,2.0,4.0,3.0,9.0,4.0,3.8125
T,1,4111117545882557,3.5838,1.0,1.0,1.0,1.0,0.0,4.0,2.3994,6.0,5.0,4.0625
T,1,6011002161621396,0.6194,1.0,1.0,1.0,1.0,5.0,6.0,2.3522,6.0,5.0,2.8125
T,1,4111110849340885,3.8014,1.0,1.0,1.0,1.0,0.0,4.0,2.555,7.0,5.0,3.625
T,1,5105101580024627,1.9669,1.0,1.0,1.0,1.0,3.0,5.0,2.7806,8.0,4.0,2.9375
T,1,5105100741846100,2.4013,1.0,1.0,1.0,1.0,3.0,5.0,2.5244,7.0,5.0,2.6875
T,1,4242426486041061,3.0359,1.0,1.0,1.0,1.0,1.0,4.0,2.43,6.0,5.0,3.375
T,1,4532011835141454,2.0617,1.0,1.0,1.0,1.0,2.0,4.0,2.5778,7.0,4.0,3.1875
T,1,4532015529983659,2.172,1.0,1.0,1.0,1.0,2.0,4.0,2.9528,9.0,4.0,4.75
T,1,4111110983500732,3.8078,1.0,1.0,1.0,1.0,0.0,4.0,2.8522,9.0,5.0,2.875
T,1,4111114096840894,3.0413,1.0,1.0,1.0,1.0,0.0,4.0,2.3994,6.0,5.0,3.8125
T,1,4242429095264090,2.753,1.0,1.0,1.0,1.0,1.0,4.0,2.4056,6.0,4.0,3.875
T,1,4242423198850632,2.6392,1.0,1.0,1.0,1.0,1.0,4.0,2.9528,9.0,4.0,3.9375
T,1,4111110773590422,3.773,1.0,1.0,1.0,1.0,0.0,4.0,2.7744,8.0,5.0,3.0
T,1,4242421421531318,2.593,1.0,1.0,1.0,1.0,1.0,4.0,2.375,6.0,4.0,2.9375
T,1,4111113555265866,3.2591,1.0,1.0,1.0,1.0,0.0,4.0,2.4772,7.0,5.0,3.75
T,1,4242426973304931,2.2933,1.0,1.0,1.0,1.0,1.0,4.0,2.7806,8.0,4.0,3.9375
T,1,5105108438472130,2.24,1.0,1.0,1.0,1.0,3.0,5.0,2.9056,8.0,3.0,3.25
T,1,4242422164643799,2.514,1.0,1.0,1.0,1.0,1.0,4.0,2.5244,7.0,5.0,4.3125
T,1,4532013554717753,1.369,1.0,1.0,1.0,1.0,2.0,4.0,2.6556,7.0,4.0,3.875
T,1,6011000958896957,1.3583,1.0,1.0,1.0,1.0,5.0,6.0,2.7028,7.0,4.0,4.625
T,1,4532011045327885,2.3471,1.0,1.0,1.0,1.0,2.0,4.0,2.9528,8.0,3.0,3.625
T,1,4111112160704236,3.625,1.0,1.0,1.0,1.0,0.0,4.0,2.5306,7.0,6.0,2.5
T,1,4111113765078547,3.3413,1.0,1.0,1.0,1.0,0.0,4.0,2.7272,8.0,5.0,3.8125
T,1,5105101793386896,2.7312,1.0,1.0,1.0,1.0,3.0,5.0,2.9528,8.0,3.0,4.5
T,1,4242421156800524,2.0923,1.0,1.0,1.0,1.0,1.0,4.0,2.625,7.0,4.0,3.125
T,1,4242422196776450,2.6447,1.0,1.0,1.0,1.0,1.0,4.0,2.75,8.0,4.0,4.0625
T,1,4111110152570409,3.6393,1.0,1.0,1.0,1.0,0.0,4.0,2.4835,7.0,6.0,2.625
T,1,6011000275683633,0.3837,1.0,1.0,1.0,1.0,5.0,6.0,2.7806,8.0,4.0,3.1875
T,1,4242422170572750,3.0359,1.0,1.0,1.0,1.0,1.0,4.0,2.43,6.0,5.0,3.375
T,1,4111111788382268,3.1928,1.0,1.0,1.0,1.0,0.0,4.0,2.4056,7.0,6.0,3.875
T,1,4111118790889222,3.9844,1.0,1.0,1.0,1.0,0.0,4.0,2.555,7.0,5.0,4.0
T,1,5555555043854729,2.7275,1.0,1.0,1.0,1.0,4.0,5.0,2.375,8.0,8.0,4.8125
T,1,4111112117348582,2.5782,1.0,1.0,1.0,1.0,0.0,4.0,2.3968,7.0,7.0,3.125
T,1,4532019223629576,1.9527,1.0,1.0,1.0,1.0,2.0,4.0,3.0,9.0,4.0,4.125
T,1,6011009730834780,0.8155,1.0,1.0,1.0,1.0,5.0,6.0,2.7744,8.0,5.0,3.5625
T,1,4111111903614793,3.1102,1.0,1.0,1.0,1.0,0.0,4.0,2.3968,7.0,7.0,3.25
T,1,4242429208196742,2.7756,1.0,1.0,1.0,1.0,1.0,4.0,2.6494,8.0,5.0,4.125
T,1,4242429479373426,3.2394,1.0,1.0,1.0,1.0,1.0,4.0,2.3994,6.0,5.0,4.5
T,1,5105105436574446,1.6786,1.0,1.0,1.0,1.0,3.0,5.0,2.625,7.0,4.0,3.75
T,1,5105101269944962,2.3831,1.0,1.0,1.0,1.0,3.0,5.0,2.7806,7.0,3.0,4.0
T,1,5105101196868953,1.4685,1.0,1.0,1.0,1.0,3.0,5.0,2.7028,7.0,4.0,4.25
T,1,4111113886548287,3.835,1.0,1.0,1.0,1.0,0.0,4.0,2.6494,8.0,5.0,4.25
T,1,4111115132930250,3.625,1.0,1.0,1.0,1.0,0.0,4.0,2.5306,7.0,6.0,2.4375
T,1,4532018660657520,2.6438,1.0,1.0,1.0,1.0,2.0,4.0,2.9835,9.0,3.0,3.75
T,1,4242426211801854,2.984,1.0,1.0,1.0,1.0,1.0,4.0,2.5778,7.0,4.0,3.375
T,1,4111119214120160,3.9328,1.0,1.0,1.0,1.0,0.0,4.0,2.125,6.0,8.0,2.1875
T,1,4111112845257840,3.9753,1.0,1.0,1.0,1.0,0.0,4.0,2.6022,7.0,5.0,3.375
T,1,4111114153016479,3.4417,1.0,1.0,1.0,1.0,0.0,4.0,2.4746,8.0,7.0,3.0625
T,1,4111117761977552,3.7116,1.0,1.0,1.0,1.0,0.0,4.0,2.4056,7.0,6.0,4.0625
T,1,4111117368757571,3.7116,1.0,1.0,1.0,1.0,0.0,4.0,2.4056,7.0,6.0,4.0625
T,1,4532014735086449,3.6417,1.0,1.0,1.0,1.0,2.0,4.0,3.125,10.0,4.0,4.0625
T,1,4111117972058150,3.9364,1.0,1.0,1.0,1.0,0.0,4.0,2.6556,8.0,6.0,3.3125
T,1,4111112605030247,4.1496,1.0,1.0,1.0,1.0,0.0,4.0,2.7272,8.0,5.0,2.375
T,1,4242429406929613,2.6491,1.0,1.0,1.0,1.0,1.0,4.0,2.5778,7.0,4.0,4.1875
T,1,4242424338664107,3.0919,1.0,1.0,1.0,1.0,1.0,4.0,2.7272,8.0,5.0,3.75
T,1,4111111997478782,3.2378,1.0,1.0,1.0,1.0,0.0,4.0,2.3585,6.0,6.0,4.4375
T,1,4242423156156600,3.3706,1.0,1.0,1.0,1.0,1.0,4.0,2.7335,7.0,3.0,3.1875
T,1,5555550441810514,2.7221,1.0,1.0,1.0,1.0,4.0,5.0,2.0524,5.0,7.0,3.625
T,1,4242429646685843,3.6797,1.0,1.0,1.0,1.0,1.0,4.0,2.555,7.0,5.0,4.8125
T,1,6011004342120694,1.7557,1.0,1.0,1.0,1.0,5.0,6.0,2.6556,7.0,4.0,2.6875
T,1,4111114891156702,2.9214,1.0,1.0,1.0,1.0,0.0,4.0,2.6468,9.0,7.0,3.25
T,1,4111116505652869,3.3617,1.0,1.0,1.0,1.0,0.0,4.0,2.68,8.0,5.0,3.8125
T,1,6011001462073117,1.9753,1.0,1.0,1.0,1.0,5.0,6.0,2.5244,7.0,5.0,2.5
T,1,4242426045284418,2.7833,1.0,1.0,1.0,1.0,1.0,4.0,2.4056,7.0,6.0,3.75
T,1,4111114947642812,3.111,1.0,1.0,1.0,1.0,0.0,4.0,2.4056,7.0,6.0,3.5
T,1,4242429153391637,3.1287,1.0,1.0,1.0,1.0,1.0,4.0,2.8585,8.0,3.0,4.0625
T,1,4111111628833231,2.787,1.0,1.0,1.0,1.0,0.0,4.0,2.2246,6.0,7.0,2.875
T,1,4111118128257316,3.2244,1.0,1.0,1.0,1.0,0.0,4.0,2.5218,8.0,7.0,3.25
T,1,4242423257567655,3.2655,1.0,1.0,1.0,1.0,1.0,4.0,2.4528,6.0,4.0,4.3125
T,1,4111118851186237,3.3874,1.0,1.0,1.0,1.0,0.0,4.0,2.4746,8.0,7.0,3.625
T,1,4111113733636343,3.5199,1.0,1.0,1.0,1.0,0.0,4.0,2.055,5.0,6.0,3.125
T,1,5555551378172522,2.4705,1.0,1.0,1.0,1.0,4.0,5.0,2.2246,6.0,7.0,4.25
T,1,4242422361989201,3.0919,1.0,1.0,1.0,1.0,1.0,4.0,2.7272,8.0,5.0,3.6875
T,1,4111112928149120,3.1784,1.0,1.0,1.0,1.0,0.0,4.0,2.2246,6.0,7.0,2.9375
T,1,4532010153417579,2.2082,1.0,1.0,1.0,1.0,2.0,4.0,2.9056,8.0,3.0,3.5625
T,1,5105103953806713,1.8155,1.0,1.0,1.0,1.0,3.0,5.0,2.8113,8.0,3.0,3.5625
T,1,4242429600602388,2.5849,1.0,1.0,1.0,1.0,1.0,4.0,2.6556,7.0,4.0,3.75
T,1,4242428805481796,3.5207,1.0,1.0,1.0,1.0,1.0,4.0,2.9056,9.0,4.0,4.625
T,1,5105107115021244,2.6016,1.0,1.0,1.0,1.0,3.0,5.0,2.43,6.0,5.0,2.4375
T,1,6011006648052646,0.4327,1.0,1.0,1.0,1.0,5.0,6.0,2.5244,7.0,5.0,3.4375
T,1,5105108115727137,2.1811,1.0,1.0,1.0,1.0,3.0,5.0,2.555,7.0,5.0,3.375
T,1,4111118721395851,3.334,1.0,1.0,1.0,1.0,0.0,4.0,2.5218,8.0,7.0,3.625
T,1,5555550523695841,2.2652,1.0,1.0,1.0,1.0,4.0,5.0,2.5,9.0,8.0,4.5625
T,1,5105102284335087,2.1726,1.0,1.0,1.0,1.0,3.0,5.0,2.9056,8.0,3.0,3.375
T,1,4111115823923705,3.7134,1.0,1.0,1.0,1.0,0.0,4.0,2.8994,9.0,5.0,3.3125
T,1,5105106005437270,2.5299,1.0,1.0,1.0,1.0,3.0,5.0,2.7272,8.0,5.0,2.875
T,1,4111115325835282,3.6271,1.0,1.0,1.0,1.0,0.0,4.0,2.43,6.0,5.0,3.25
T,1,4111116805492099,3.3413,1.0,1.0,1.0,1.0,0.0,4.0,2.7272,8.0,5.0,3.8125
T,1,4111116285623767,3.3413,1.0,1.0,1.0,1.0,0.0,4.0,2.7272,8.0,5.0,3.8125
T,1,4111114582513658,2.8917,1.0,1.0,1.0,1.0,0.0,4.0,2.4835,7.0,6.0,3.5
T,1,4242429536108666,2.841,1.0,1.0,1.0,1.0,1.0,4.0,2.9056,9.0,4.0,4.25
T,1,5555555442077419,1.8984,1.0,1.0,1.0,1.0,4.0,5.0,2.3496,7.0,7.0,4.5625
T,1,5105103025837845,1.4477,1.0,1.0,1.0,1.0,3.0,5.0,2.8278,8.0,4.0,3.5625
T,1,4111114973974543,3.5838,1.0,1.0,1.0,1.0,0.0,4.0,2.3994,6.0,5.0,4.0
T,1,4111119047617713,2.7857,1.0,1.0,1.0,1.0,0.0,4.0,2.3496,7.0,7.0,3.375
T,1,4242427593038651,3.8165,1.0,1.0,1.0,1.0,1.0,4.0,3.1556,10.0,3.0,4.0625
T,1,4111119120882747,3.349,1.0,1.0,1.0,1.0,0.0,4.0,2.5306,7.0,6.0,3.5625
T,1,4242423329648723,2.5187,1.0,1.0,1.0,1.0,1.0,4.0,2.4772,7.0,5.0,4.0625
T,1,4242428045638908,2.4951,1.0,1.0,1.0,1.0,1.0,4.0,2.7806,8.0,4.0,4.3125
T,1,4111111788138009,2.7857,1.0,1.0,1.0,1.0,0.0,4.0,2.3496,7.0,7.0,3.375
T,1,4111114975542074,2.7606,1.0,1.0,1.0,1.0,0.0,4.0,2.5244,7.0,5.0,3.5
T,1,6011009099472685,0.6737,1.0,1.0,1.0,1.0,5.0,6.0,2.9528,9.0,4.0,4.1875
T,1,6011003461370551,1.9201,1.0,1.0,1.0,1.0,5.0,6.0,2.625,7.0,4.0,2.6875
T,1,5555554903555286,3.0881,1.0,1.0,1.0,1.0,4.0,5.0,2.2169,8.0,9.0,4.8125
T,1,5105102634914185,1.3589,1.0,1.0,1.0,1.0,3.0,5.0,2.9528,9.0,4.0,3.4375
T,1,4242426630378500,2.6003,1.0,1.0,1.0,1.0,1.0,4.0,2.8585,8.0,3.0,3.5
T,1,4242425339891920,2.2097,1.0,1.0,1.0,1.0,1.0,4.0,2.7806,8.0,4.0,4.1875
T,1,5555553392105116,0.8173,1.0,1.0,1.0,1.0,4.0,5.0,2.3496,7.0,7.0,3.8125
T,1,5105104400256361,2.3363,1.0,1.0,1.0,1.0,3.0,5.0,2.6556,7.0,4.0,2.6875
T,1,4111117342279007,3.3038,1.0,1.0,1.0,1.0,0.0,4.0,2.6022,7.0,5.0,3.125
T,1,4242428455664675,3.46,1.0,1.0,1.0,1.0,1.0,4.0,2.3829,6.0,5.0,4.625
T,1,4242423226178287,2.5332,1.0,1.0,1.0,1.0,1.0,4.0,2.4835,7.0,6.0,4.0
T,1,5555558593022275,3.1019,1.0,1.0,1.0,1.0,4.0,5.0,2.2028,7.0,8.0,4.5625
T,1,4532014159052737,2.3471,1.0,1.0,1.0,1.0,2.0,4.0,2.9528,8.0,3.0,3.625
T,1,4242426408673355,2.5045,1.0,1.0,1.0,1.0,1.0,4.0,2.8278,8.0,4.0,4.0625
T,1,4111118019283900,3.2376,1.0,1.0,1.0,1.0,0.0,4.0,2.4835,7.0,6.0,3.0625
T,1,5555557802108214,1.7569,1.0,1.0,1.0,1.0,4.0,5.0,2.5306,7.0,6.0,3.9375
T,1,4111114938070544,4.0098,1.0,1.0,1.0,1.0,0.0,4.0,2.6494,8.0,5.0,3.3125
T,1,4111110226343726,3.4049,1.0,1.0,1.0,1.0,0.0,4.0,2.6022,7.0,5.0,2.75
T,1,6011001070784790,1.2376,1.0,1.0,1.0,1.0,5.0,6.0,2.4363,7.0,6.0,3.1875
T,1,4242421348580380,2.5351,1.0,1.0,1.0,1.0,1.0,4.0,2.6556,7.0,4.0,3.625
T,1,4242421344306095,3.2198,1.0,1.0,1.0,1.0,1.0,4.0,2.7272,8.0,5.0,3.3125
T,1,4532012788262743,1.9932,1.0,1.0,1.0,1.0,2.0,4.0,3.0,9.0,4.0,4.0
T,1,4242426636922020,2.081,1.0,1.0,1.0,1.0,1.0,4.0,2.3113,6.0,6.0,3.375
T,1,4111115381213275,2.6588,1.0,1.0,1.0,1.0,0.0,4.0,2.3968,7.0,7.0,2.875
T,1,4111113498281491,3.658,1.0,1.0,1.0,1.0,0.0,4.0,2.2246,6.0,7.0,3.625
T,1,4111110959430120,3.6393,1.0,1.0,1.0,1.0,0.0,4.0,2.4835,7.0,6.0,2.625
T,1,4111115325739872,3.8739,1.0,1.0,1.0,1.0,0.0,4.0,2.7744,8.0,5.0,3.75
T,1,4532018164255672,2.0673,1.0,1.0,1.0,1.0,2.0,4.0,3.0306,9.0,3.0,3.8125
T,1,4111110840884477,3.6923,1.0,1.0,1.0,1.0,0.0,4.0,2.2272,5.0,5.0,3.6875
T,1,4111115617403435,3.4045,1.0,1.0,1.0,1.0,0.0,4.0,2.4835,7.0,6.0,2.9375
T,1,4532018629412694,2.2275,1.0,1.0,1.0,1.0,2.0,4.0,3.0306,9.0,3.0,4.125
T,1,4111112219248664,2.7743,1.0,1.0,1.0,1.0,0.0,4.0,2.3113,6.0,6.0,3.3125
T,1,4111113594454919,3.9478,1.0,1.0,1.0,1.0,0.0,4.0,2.1085,5.0,6.0,3.875
T,1,4111114072349068,3.8443,1.0,1.0,1.0,1.0,0.0,4.0,2.8522,9.0,5.0,3.25
T,1,4111114934856938,4.186,1.0,1.0,1.0,1.0,0.0,4.0,2.6022,7.0,5.0,4.25
T,1,4111113656571899,3.8375,1.0,1.0,1.0,1.0,0.0,4.0,2.6556,8.0,6.0,4.25
T,1,4532013048146270,1.3466,1.0,1.0,1.0,1.0,2.0,4.0,3.0306,9.0,3.0,3.125
T,1,4111110414234307,2.6635,1.0,1.0,1.0,1.0,0.0,4.0,2.2806,6.0,6.0,2.3125
T,1,4532014240128843,1.7158,1.0,1.0,1.0,1.0,2.0,4.0,2.7028,7.0,4.0,3.1875
T,1,5555553393361817,2.5072,1.0,1.0,1.0,1.0,4.0,5.0,2.4056,7.0,6.0,4.625
T,1,5555550376623494,2.4031,1.0,1.0,1.0,1.0,4.0,5.0,2.6556,8.0,6.0,4.625
T,1,4242422258073655,2.6747,1.0,1.0,1.0,1.0,1.0,4.0,2.68,8.0,5.0,3.8125
T,1,4242424997155132,2.4284,1.0,1.0,1.0,1.0,1.0,4.0,2.625,7.0,4.0,4.0
T,1,5555557646467966,2.9662,1.0,1.0,1.0,1.0,4.0,5.0,2.055,5.0,6.0,5.6875
T,1,4242422432769657,2.514,1.0,1.0,1.0,1.0,1.0,4.0,2.5244,7.0,5.0,4.3125
T,1,5105109155522487,2.1449,1.0,1.0,1.0,1.0,3.0,5.0,2.7272,8.0,5.0,3.75
T,1,4111117176995629,3.0074,1.0,1.0,1.0,1.0,0.0,4.0,2.4835,7.0,6.0,4.375
T,1,5105103532324642,2.4442,1.0,1.0,1.0,1.0,3.0,5.0,2.7335,7.0,3.0,2.875
T,1,6011008543481847,0.9058,1.0,1.0,1.0,1.0,5.0,6.0,2.8113,8.0,3.0,3.75
T,1,5555558197317303,1.9426,1.0,1.0,1.0,1.0,4.0,5.0,2.4835,7.0,6.0,4.5
T,1,4532013147910238,1.9689,1.0,1.0,1.0,1.0,2.0,4.0,3.0306,9.0,3.0,3.3125
T,1,5105102804360110,2.9502,1.0,1.0,1.0,1.0,3.0,5.0,2.6494,8.0,5.0,2.3125
T,1,4242420808270854,2.9715,1.0,1.0,1.0,1.0,1.0,4.0,2.4056,6.0,4.0,3.75
T,1,4111119158383352,2.8917,1.0,1.0,1.0,1.0,0.0,4.0,2.4835,7.0,6.0,3.5
T,1,4111119134841531,3.9873,1.0,1.0,1.0,1.0,0.0,4.0,2.0778,6.0,8.0,3.0
T,1,4111112277124864,2.5495,1.0,1.0,1.0,1.0,0.0,4.0,2.3113,6.0,6.0,3.25
T,1,4242424497647612,2.8419,1.0,1.0,1.0,1.0,1.0,4.0,2.2806,6.0,6.0,4.25
T,1,4242429702193104,2.7214,1.0,1.0,1.0,1.0,1.0,4.0,2.625,7.0,4.0,3.375
T,1,4532011635920016,1.6592,1.0,1.0,1.0,1.0,2.0,4.0,2.9056,8.0,3.0,3.0
T,1,4242424807461316,3.0421,1.0,1.0,1.0,1.0,1.0,4.0,2.7272,8.0,5.0,3.625
T,1,4532016261471358,2.8385,1.0,1.0,1.0,1.0,2.0,4.0,3.0778,9.0,3.0,3.625
T,1,4111114116799146,3.821,1.0,1.0,1.0,1.0,0.0,4.0,1.9528,5.0,8.0,3.5625
T,1,4111119303275123,3.328,1.0,1.0,1.0,1.0,0.0,4.0,2.6085,8.0,6.0,2.75
T,1,4111113441910980,3.1031,1.0,1.0,1.0,1.0,0.0,4.0,2.2246,6.0,7.0,3.0
T,1,4532012151456500,1.8772,1.0,1.0,1.0,1.0,2.0,4.0,2.6556,7.0,4.0,2.75
T,1,5555555182308552,1.2641,1.0,1.0,1.0,1.0,4.0,5.0,1.9669,6.0,9.0,4.3125
T,1,4242429825359160,2.781,1.0,1.0,1.0,1.0,1.0,4.0,2.9528,9.0,4.0,4.125
T,1,4111115562150916,2.23,1.0,1.0,1.0,1.0,0.0,4.0,2.3496,7.0,7.0,3.0625
T,1,4532011218974281,1.9739,1.0,1.0,1.0,1.0,2.0,4.0,2.9528,9.0,4.0,3.625
T,1,4111115090973052,3.7007,1.0,1.0,1.0,1.0,0.0,4.0,2.7272,8.0,5.0,3.0625
T,1,6011003771947742,0.3953,1.0,1.0,1.0,1.0,5.0,6.0,2.7806,8.0,4.0,3.6875
T,1,4242426423042776,2.6714,1.0,1.0,1.0,1.0,1.0,4.0,2.2988,6.0,5.0,3.6875
T,1,4242420673631669,2.4352,1.0,1.0,1.0,1.0,1.0,4.0,2.7806,8.0,4.0,4.0625
T,1,4242429742601165,2.8086,1.0,1.0,1.0,1.0,1.0,4.0,2.75,8.0,4.0,3.6875
T,1,4242426498632758,2.738,1.0,1.0,1.0,1.0,1.0,4.0,2.75,8.0,4.0,4.75
T,1,4111114608443336,2.0969,1.0,1.0,1.0,1.0,0.0,4.0,2.3522,6.0,5.0,3.125
T,1,4111113697503489,3.1299,1.0,1.0,1.0,1.0,0.0,4.0,2.8994,9.0,5.0,3.9375
T,1,4111116936220708,3.6531,1.0,1.0,1.0,1.0,0.0,4.0,2.8994,9.0,5.0,3.25
T,1,4111115679616338,3.5168,1.0,1.0,1.0,1.0,0.0,4.0,2.6085,8.0,6.0,3.9375
T,1,4242425609890354,2.279,1.0,1.0,1.0,1.0,1.0,4.0,2.8278,8.0,4.0,4.1875
T,1,4242425147042641,2.6099,1.0,1.0,1.0,1.0,1.0,4.0,2.4056,7.0,6.0,3.25
T,1,4111119903151872,2.9454,1.0,1.0,1.0,1.0,0.0,4.0,2.6468,9.0,7.0,3.375
T,1,4532018622967488,4.6593,1.0,1.0,1.0,1.0,2.0,4.0,3.1556,10.0,3.0,4.6875
T,1,4532012240885693,3.0751,1.0,1.0,1.0,1.0,2.0,4.0,3.0778,9.0,3.0,3.875
T,1,5555557540374524,2.7127,1.0,1.0,1.0,1.0,4.0,5.0,2.0778,6.0,8.0,4.4375
T,1,4111115597494768,4.8112,1.0,1.0,1.0,1.0,0.0,4.0,2.6022,7.0,5.0,4.5625
T,1,4111117555027572,2.8628,1.0,1.0,1.0,1.0,0.0,4.0,2.3522,6.0,5.0,3.375
T,1,4111114804231592,3.8877,1.0,1.0,1.0,1.0,0.0,4.0,2.6085,8.0,6.0,2.9375
T,1,4111111255438122,3.0956,1.0,1.0,1.0,1.0,0.0,4.0,2.2246,6.0,7.0,2.625
T,1,4242421630933511,2.1093,1.0,1.0,1.0,1.0,1.0,4.0,2.8113,8.0,3.0,3.125
T,1,4532018260417630,2.3566,1.0,1.0,1.0,1.0,2.0,4.0,3.0778,9.0,3.0,3.25
T,1,4111111285918358,2.9066,1.0,1.0,1.0,1.0,0.0,4.0,2.3496,7.0,7.0,3.6875
T,1,4111116842288724,3.3374,1.0,1.0,1.0,1.0,0.0,4.0,2.3829,6.0,5.0,3.75
T,1,4111119473082200,3.4301,1.0,1.0,1.0,1.0,0.0,4.0,2.7272,8.0,5.0,2.75
T,1,5555559958382411,1.487,1.0,1.0,1.0,1.0,4.0,5.0,2.3968,7.0,7.0,5.0
T,1,4111112807193900,3.7208,1.0,1.0,1.0,1.0,0.0,4.0,2.6085,8.0,6.0,3.0
T,1,4111114352041948,3.4109,1.0,1.0,1.0,1.0,0.0,4.0,2.5306,8.0,6.0,3.0625
T,1,4532013703602468,1.8411,1.0,1.0,1.0,1.0,2.0,4.0,3.0306,9.0,3.0,3.375
T,1,4242421598702411,2.3794,1.0,1.0,1.0,1.0,1.0,4.0,2.7028,8.0,4.0,3.5
T,1,4242429757352407,2.6491,1.0,1.0,1.0,1.0,1.0,4.0,2.5778,7.0,4.0,4.1875
T,1,4532016880994699,1.4963,1.0,1.0,1.0,1.0,2.0,4.0,3.0,9.0,4.0,5.1875
T,1,4532015851079530,1.9739,1.0,1.0,1.0,1.0,2.0,4.0,2.9528,9.0,4.0,3.625
T,1,5555552440380200,1.8635,1.0,1.0,1.0,1.0,4.0,5.0,2.2806,6.0,6.0,3.3125
T,1,4242427399357826,2.8429,1.0,1.0,1.0,1.0,1.0,4.0,2.8278,8.0,4.0,4.8125
T,1,5105107842403723,2.24,1.0,1.0,1.0,1.0,3.0,5.0,2.9528,8.0,3.0,3.25
T,1,4111115989458587,4.6792,1.0,1.0,1.0,1.0,0.0,4.0,2.43,6.0,5.0,4.8125
T,1,4242425794747856,3.0855,1.0,1.0,1.0,1.0,1.0,4.0,2.555,7.0,5.0,5.0
T,1,6011002375915568,1.731,1.0,1.0,1.0,1.0,5.0,6.0,2.9835,9.0,3.0,3.6875
T,1,4242423579856471,3.5207,1.0,1.0,1.0,1.0,1.0,4.0,2.9528,9.0,4.0,4.5625
T,1,4111117226322030,2.4389,1.0,1.0,1.0,1.0,0.0,4.0,2.5244,7.0,5.0,2.25
T,1,4242423460547718,2.9603,1.0,1.0,1.0,1.0,1.0,4.0,2.8522,9.0,5.0,3.9375
T,1,4111116422938623,3.9753,1.0,1.0,1.0,1.0,0.0,4.0,2.6022,7.0,5.0,3.375
T,1,4242421084552858,2.9998,1.0,1.0,1.0,1.0,1.0,4.0,2.4056,6.0,4.0,4.0
T,1,4111111134129082,2.9766,1.0,1.0,1.0,1.0,0.0,4.0,2.25,7.0,8.0,2.5
T,1,4111115299624621,2.9693,1.0,1.0,1.0,1.0,0.0,4.0,2.3585,6.0,6.0,3.4375
T,1,4111113048207558,3.8632,1.0,1.0,1.0,1.0,0.0,4.0,2.7744,8.0,5.0,3.1875
T,1,4111117224098772,3.6208,1.0,1.0,1.0,1.0,0.0,4.0,2.555,7.0,5.0,3.5625
T,1,5555550746755521,2.7007,1.0,1.0,1.0,1.0,4.0,5.0,2.0919,7.0,9.0,4.5
T,1,5105107291995955,1.5839,1.0,1.0,1.0,1.0,3.0,5.0,2.3522,6.0,5.0,4.5625
T,1,4532012795445778,3.4474,1.0,1.0,1.0,1.0,2.0,4.0,2.9835,9.0,3.0,4.5625
T,1,5105100317823467,1.8235,1.0,1.0,1.0,1.0,3.0,5.0,3.0306,9.0,3.0,3.3125
T,1,4242420422038463,1.9317,1.0,1.0,1.0,1.0,1.0,4.0,2.2988,6.0,5.0,3.125
T,1,4111111239110623,1.188,1.0,1.0,1.0,1.0,0.0,4.0,2.25,7.0,8.0,2.3125
T,1,4242429033856429,2.4192,1.0,1.0,1.0,1.0,1.0,4.0,2.75,8.0,4.0,4.1875
T,1,5555556443736938,2.3493,1.0,1.0,1.0,1.0,4.0,5.0,2.4835,7.0,6.0,5.1875
T,1,4111119663852685,3.5043,1.0,1.0,1.0,1.0,0.0,4.0,2.7272,8.0,5.0,4.1875
T,1,4242424045395425,2.2631,1.0,1.0,1.0,1.0,1.0,4.0,2.2335,6.0,6.0,3.6875
T,1,4532018516637122,1.3751,1.0,1.0,1.0,1.0,2.0,4.0,3.0306,9.0,3.0,3.5
T,1,4242429557442721,2.7026,1.0,1.0,1.0,1.0,1.0,4.0,2.2988,6.0,5.0,4.0
T,1,5105103973888253,2.1002,1.0,1.0,1.0,1.0,3.0,5.0,2.8585,8.0,3.0,4.25
T,1,4242423016520235,3.0949,1.0,1.0,1.0,1.0,1.0,4.0,2.6022,7.0,5.0,2.8125
T,1,4242426477261470,1.7595,1.0,1.0,1.0,1.0,1.0,4.0,2.3522,6.0,5.0,3.875
T,1,4111115813253857,2.8917,1.0,1.0,1.0,1.0,0.0,4.0,2.4835,7.0,6.0,3.5
T,1,6011002681073540,1.0763,1.0,1.0,1.0,1.0,5.0,6.0,2.8522,9.0,5.0,2.75
T,1,4111115695653869,4.1643,1.0,1.0,1.0,1.0,0.0,4.0,2.555,7.0,5.0,4.4375
T,1,4111118266196144,3.0247,1.0,1.0,1.0,1.0,0.0,4.0,2.1774,6.0,7.0,3.5
T,1,4111117184602472,2.6196,1.0,1.0,1.0,1.0,0.0,4.0,2.4835,7.0,6.0,3.125
T,1,4111116763688936,3.5411,1.0,1.0,1.0,1.0,0.0,4.0,2.5244,7.0,5.0,4.4375
T,1,4242421436250326,1.845,1.0,1.0,1.0,1.0,1.0,4.0,2.5244,7.0,5.0,3.125
T,1,4111110338984029,3.4561,1.0,1.0,1.0,1.0,0.0,4.0,2.6494,7.0,5.0,3.4375
T,1,4111119859643500,3.8241,1.0,1.0,1.0,1.0,0.0,4.0,2.7744,8.0,5.0,3.625
T,1,5555552168420212,1.8716,1.0,1.0,1.0,1.0,4.0,5.0,2.4056,7.0,6.0,3.625
T,1,4111117318493467,2.626,1.0,1.0,1.0,1.0,0.0,4.0,2.4835,7.0,6.0,3.8125
T,1,4111119791679984,4.168,1.0,1.0,1.0,1.0,0.0,4.0,2.2806,6.0,6.0,4.875
T,1,6011007432771094,0.3837,1.0,1.0,1.0,1.0,5.0,6.0,2.7806,8.0,4.0,3.25
T,1,4111110148821361,2.9439,1.0,1.0,1.0,1.0,0.0,4.0,2.25,7.0,8.0,2.6875
T,1,4111111133402639,2.4097,1.0,1.0,1.0,1.0,0.0,4.0,2.3496,7.0,7.0,2.5625
T,1,4242425058923524,2.2886,1.0,1.0,1.0,1.0,1.0,4.0,2.4772,7.0,5.0,3.8125
T,1,5105103501466606,1.7409,1.0,1.0,1.0,1.0,3.0,5.0,2.4056,6.0,4.0,3.0625
T,1,4111111748336149,2.5369,1.0,1.0,1.0,1.0,0.0,4.0,2.3496,7.0,7.0,3.4375
T,1,4111115850290374,3.6531,1.0,1.0,1.0,1.0,0.0,4.0,2.8994,9.0,5.0,3.25
T,1,5105105556086874,2.1676,1.0,1.0,1.0,1.0,3.0,5.0,2.6022,7.0,5.0,4.125
T,1,4111119872135054,3.9907,1.0,1.0,1.0,1.0,0.0,4.0,2.7806,9.0,6.0,3.3125
T,1,5105108620244628,2.1657,1.0,1.0,1.0,1.0,3.0,5.0,2.7806,7.0,3.0,3.375
T,1,6011006872080974,1.0042,1.0,1.0,1.0,1.0,5.0,6.0,2.7744,8.0,5.0,3.6875
T,1,6011004489378964,0.9642,1.0,1.0,1.0,1.0,5.0,6.0,2.9056,8.0,3.0,4.375
T,1,4111115112776913,3.5732,1.0,1.0,1.0,1.0,0.0,4.0,2.375,8.0,8.0,3.1875
T,1,4532012453883005,2.5301,1.0,1.0,1.0,1.0,2.0,4.0,2.7335,7.0,3.0,3.3125
T,1,4242426852219176,2.7303,1.0,1.0,1.0,1.0,1.0,4.0,2.7272,8.0,5.0,4.0625
T,1,4242428045945790,3.1865,1.0,1.0,1.0,1.0,1.0,4.0,2.6022,7.0,5.0,4.3125
T,1,4111110125780267,3.8628,1.0,1.0,1.0,1.0,0.0,4.0,2.6556,8.0,6.0,2.9375
T,1,4532012866620135,2.3179,1.0,1.0,1.0,1.0,2.0,4.0,2.9056,8.0,3.0,3.375
T,1,4111110980170778,2.5115,1.0,1.0,1.0,1.0,0.0,4.0,2.3113,6.0,6.0,3.5
T,1,4532010165818558,1.4988,1.0,1.0,1.0,1.0,2.0,4.0,2.7806,8.0,4.0,3.875
T,1,4532010789258843,3.1612,1.0,1.0,1.0,1.0,2.0,4.0,3.0778,9.0,3.0,4.3125
T,1,4532018919122318,1.7562,1.0,1.0,1.0,1.0,2.0,4.0,2.8278,8.0,4.0,3.6875
T,1,4242421487054817,2.8923,1.0,1.0,1.0,1.0,1.0,4.0,2.6022,7.0,5.0,3.9375
T,1,5105104087954684,1.9715,1.0,1.0,1.0,1.0,3.0,5.0,2.8585,8.0,3.0,4.1875
T,1,4242425786019405,2.6392,1.0,1.0,1.0,1.0,1.0,4.0,2.9528,9.0,4.0,3.9375
T,1,4111113210377692,3.6959,1.0,1.0,1.0,1.0,0.0,4.0,2.6556,8.0,6.0,3.0625
T,1,5555552401118649,1.8256,1.0,1.0,1.0,1.0,4.0,5.0,2.6085,8.0,6.0,4.125
T,1,4242420132528647,2.8063,1.0,1.0,1.0,1.0,1.0,4.0,2.7744,9.0,5.0,3.5
T,1,4532018475041779,2.002,1.0,1.0,1.0,1.0,2.0,4.0,3.0306,9.0,3.0,4.1875
T,1,6011004487410066,0.9967,1.0,1.0,1.0,1.0,5.0,6.0,2.3829,6.0,5.0,3.0
T,1,4532013764161180,1.8889,1.0,1.0,1.0,1.0,2.0,4.0,3.0,9.0,4.0,3.25
T,1,4111118548477098,4.1368,1.0,1.0,1.0,1.0,0.0,4.0,2.555,7.0,5.0,4.3125
T,1,4242426361699249,3.7887,1.0,1.0,1.0,1.0,1.0,4.0,2.4056,6.0,4.0,4.5625
T,1,4242425899720097,3.0423,1.0,1.0,1.0,1.0,1.0,4.0,2.6556,7.0,4.0,4.625
T,1,4242420206051278,3.0249,1.0,1.0,1.0,1.0,1.0,4.0,2.68,8.0,5.0,3.0625
T,1,4242424791071618,2.2726,1.0,1.0,1.0,1.0,1.0,4.0,2.7806,8.0,4.0,3.875
T,1,5105102069131826,0.9589,1.0,1.0,1.0,1.0,3.0,5.0,2.8278,8.0,4.0,3.125
T,1,4111115183729106,-1.0408,1.0,1.0,1.0,1.0,0.0,4.0,2.7718,10.0,7.0,3.1875
T,1,4242427072426351,2.8262,1.0,1.0,1.0,1.0,1.0,4.0,2.6494,8.0,5.0,3.4375
T,1,4242421245113327,2.0271,1.0,1.0,1.0,1.0,1.0,4.0,2.3522,6.0,5.0,2.9375
T,1,4111116416116152,4.2095,1.0,1.0,1.0,1.0,0.0,4.0,1.7947,5.0,9.0,2.625
T,1,5555559829665317,1.8473,1.0,1.0,1.0,1.0,4.0,5.0,2.5218,8.0,7.0,5.375
T,1,4242422390104764,3.1912,1.0,1.0,1.0,1.0,1.0,4.0,2.6494,8.0,5.0,3.375
T,1,4242425222674375,2.1358,1.0,1.0,1.0,1.0,1.0,4.0,2.2806,6.0,6.0,3.8125
T,1,4532013557964303,2.0237,1.0,1.0,1.0,1.0,2.0,4.0,2.9528,9.0,4.0,3.75
T,1,4111115737060099,3.4791,1.0,1.0,1.0,1.0,0.0,4.0,2.7272,8.0,5.0,3.4375
T,1,4111119886317995,4.4876,1.0,1.0,1.0,1.0,0.0,4.0,2.6085,8.0,6.0,4.625
T,1,4242420709147037,2.3332,1.0,1.0,1.0,1.0,1.0,4.0,2.6085,7.0,4.0,3.5
T,1,5105104577486643,2.2635,1.0,1.0,1.0,1.0,3.0,5.0,2.9056,8.0,3.0,4.125
T,1,4242422036230304,2.9797,1.0,1.0,1.0,1.0,1.0,4.0,2.18,5.0,5.0,2.5625
T,1,4242428706073379,3.1887,1.0,1.0,1.0,1.0,1.0,4.0,2.8585,8.0,3.0,4.25
T,1,5555559568189347,2.2694,1.0,1.0,1.0,1.0,4.0,5.0,2.5218,8.0,7.0,5.625
T,1,4111119231239274,2.955,1.0,1.0,1.0,1.0,0.0,4.0,2.3585,6.0,6.0,3.1875
T,1,4242428050007536,2.6053,1.0,1.0,1.0,1.0,1.0,4.0,2.7806,8.0,4.0,3.25
T,1,5105101298687467,2.5438,1.0,1.0,1.0,1.0,3.0,5.0,3.0778,9.0,3.0,4.375
T,1,4532014002095776,1.3555,1.0,1.0,1.0,1.0,2.0,4.0,3.0,9.0,4.0,3.4375
T,1,4111118071981599,3.0567,1.0,1.0,1.0,1.0,0.0,4.0,2.3496,7.0,7.0,4.125
T,1,4532016283343916,1.9005,1.0,1.0,1.0,1.0,2.0,4.0,3.0,9.0,4.0,3.75
T,1,5555554125992283,1.8984,1.0,1.0,1.0,1.0,4.0,5.0,2.3496,7.0,7.0,4.6875
T,1,5555551398112011,1.6536,1.0,1.0,1.0,1.0,4.0,5.0,2.305,7.0,6.0,3.5625
T,1,4532014788313096,4.0292,1.0,1.0,1.0,1.0,2.0,4.0,3.2028,10.0,3.0,4.0
T,1,4242429740926986,3.4561,1.0,1.0,1.0,1.0,1.0,4.0,2.5778,7.0,4.0,4.875
T,1,4111113121027337,3.0007,1.0,1.0,1.0,1.0,0.0,4.0,2.2246,6.0,7.0,2.375
T,1,6011002336362298,1.0485,1.0,1.0,1.0,1.0,5.0,6.0,2.6863,7.0,3.0,3.25
T,1,5555552092830999,2.0734,1.0,1.0,1.0,1.0,4.0,5.0,2.2806,6.0,6.0,5.0625
T,1,4111113952048568,3.2342,1.0,1.0,1.0,1.0,0.0,4.0,2.8994,9.0,5.0,3.6875
T,1,4242426840685215,2.2461,1.0,1.0,1.0,1.0,1.0,4.0,2.625,7.0,4.0,3.9375
T,1,4532015567310914,1.3751,1.0,1.0,1.0,1.0,2.0,4.0,3.0306,9.0,3.0,3.5
T,1,4242420112502638,3.4316,1.0,1.0,1.0,1.0,1.0,4.0,2.7272,8.0,5.0,2.875
T,1,4532016753908727,4.0486,1.0,1.0,1.0,1.0,2.0,4.0,3.2028,10.0,3.0,4.3125
T,1,4242426759830372,2.841,1.0,1.0,1.0,1.0,1.0,4.0,2.9528,9.0,4.0,4.25
T,1,4111117060788825,3.7789,1.0,1.0,1.0,1.0,0.0,4.0,2.7272,8.0,5.0,3.75
T,1,4111118700603879,3.5902,1.0,1.0,1.0,1.0,0.0,4.0,2.7272,8.0,5.0,3.5625
T,1,4111118529531020,3.3032,1.0,1.0,1.0,1.0,0.0,4.0,2.6556,8.0,6.0,2.75
T,1,4242425392829494,3.4661,1.0,1.0,1.0,1.0,1.0,4.0,2.2516,6.0,5.0,4.5625
T,1,5555555257062928,2.7158,1.0,1.0,1.0,1.0,4.0,5.0,2.2028,7.0,8.0,4.75
T,1,4111115305201885,3.2739,1.0,1.0,1.0,1.0,0.0,4.0,2.4835,7.0,6.0,2.875
T,1,4532015828656303,2.3697,1.0,1.0,1.0,1.0,2.0,4.0,2.9056,8.0,3.0,3.8125
T,1,4242429753713131,2.671,1.0,1.0,1.0,1.0,1.0,4.0,2.6863,7.0,3.0,3.625
T,1,4111110683995224,3.0455,1.0,1.0,1.0,1.0,0.0,4.0,2.8994,9.0,5.0,3.5625
T,1,4242423642762896,2.3791,1.0,1.0,1.0,1.0,1.0,4.0,2.4772,7.0,5.0,4.4375
T,1,4111112442009263,3.9931,1.0,1.0,1.0,1.0,0.0,4.0,2.555,7.0,5.0,2.5625
T,1,5555555223818395,3.041,1.0,1.0,1.0,1.0,4.0,5.0,2.125,6.0,8.0,4.75
T,1,4242423146252980,3.2144,1.0,1.0,1.0,1.0,1.0,4.0,2.7744,9.0,5.0,3.625
T,1,4242429074204299,3.901,1.0,1.0,1.0,1.0,1.0,4.0,2.1266,5.0,5.0,4.0
T,1,4111112707020450,3.264,1.0,1.0,1.0,1.0,0.0,4.0,2.3994,6.0,5.0,2.25
T,1,4532014661912618,2.0237,1.0,1.0,1.0,1.0,2.0,4.0,2.9528,9.0,4.0,3.6875
T,1,6011007890404014,1.3511,1.0,1.0,1.0,1.0,5.0,6.0,2.4363,7.0,6.0,2.8125
T,1,4532012101786873,2.8385,1.0,1.0,1.0,1.0,2.0,4.0,3.0778,9.0,3.0,3.625
T,1,4111110136788671,2.9685,1.0,1.0,1.0,1.0,0.0,4.0,2.3968,7.0,7.0,3.5
T,1,5555551019678739,2.0751,1.0,1.0,1.0,1.0,4.0,5.0,2.6556,8.0,6.0,5.0625
T,1,4111117668653660,3.6009,1.0,1.0,1.0,1.0,0.0,4.0,2.5488,8.0,5.0,3.875
T,1,4242422882189398,1.9026,1.0,1.0,1.0,1.0,1.0,4.0,2.3522,6.0,5.0,4.75
T,1,4242424676142419,2.4832,1.0,1.0,1.0,1.0,1.0,4.0,2.2806,6.0,6.0,3.875
T,1,4242428359319590,2.8711,1.0,1.0,1.0,1.0,1.0,4.0,2.8585,8.0,3.0,4.375
T,1,4242422563082359,2.6542,1.0,1.0,1.0,1.0,1.0,4.0,2.7272,8.0,5.0,3.8125
T,1,4242429247059315,2.5029,1.0,1.0,1.0,1.0,1.0,4.0,2.75,8.0,4.0,3.9375
T,1,4111119480291539,3.8516,1.0,1.0,1.0,1.0,0.0,4.0,2.6085,8.0,6.0,3.6875
T,1,6011001427725223,1.357,1.0,1.0,1.0,1.0,5.0,6.0,2.7806,8.0,4.0,2.6875
T,1,5105107667159673,1.7764,1.0,1.0,1.0,1.0,3.0,5.0,2.6863,7.0,3.0,4.3125
T,1,4532017568028917,4.0486,1.0,1.0,1.0,1.0,2.0,4.0,3.25,10.0,2.0,4.25
T,1,4242423868227855,3.6222,1.0,1.0,1.0,1.0,1.0,4.0,2.555,7.0,5.0,4.5
T,1,4111117176317709,3.1387,1.0,1.0,1.0,1.0,0.0,4.0,2.2718,7.0,7.0,3.5625
T,1,4111111107760434,3.0956,1.0,1.0,1.0,1.0,0.0,4.0,2.2246,6.0,7.0,2.625
T,1,4111110486996270,3.8739,1.0,1.0,1.0,1.0,0.0,4.0,2.7744,8.0,5.0,3.75
T,1,4111118835691369,3.6129,1.0,1.0,1.0,1.0,0.0,4.0,2.5306,7.0,6.0,4.1875
T,1,4532012559371673,2.1229,1.0,1.0,1.0,1.0,2.0,4.0,3.0306,9.0,3.0,3.9375
T,1,4242425450624761,2.3653,1.0,1.0,1.0,1.0,1.0,4.0,2.5244,7.0,5.0,3.625
T,1,5105103499691512,1.245,1.0,1.0,1.0,1.0,3.0,5.0,2.7806,8.0,4.0,3.8125
T,1,4532012226293508,2.3128,1.0,1.0,1.0,1.0,2.0,4.0,2.8994,9.0,5.0,3.375
T,1,4242420605803014,2.7761,1.0,1.0,1.0,1.0,1.0,4.0,2.7028,8.0,4.0,2.8125
T,1,4111119432976435,3.3413,1.0,1.0,1.0,1.0,0.0,4.0,2.7272,8.0,5.0,3.8125
T,1,4111116797836303,3.3413,1.0,1.0,1.0,1.0,0.0,4.0,2.7272,8.0,5.0,3.8125
T,1,4111111614642224,3.9908,1.0,1.0,1.0,1.0,0.0,4.0,1.8496,4.0,7.0,2.5625
T,1,5555556050603751,2.69,1.0,1.0,1.0,1.0,4.0,5.0,2.0778,6.0,8.0,3.9375
T,1,4111113371254391,2.3772,1.0,1.0,1.0,1.0,0.0,4.0,2.3496,7.0,7.0,2.9375
T,1,4242424023028071,2.6899,1.0,1.0,1.0,1.0,1.0,4.0,2.4772,7.0,5.0,2.8125
T,1,4532015672090831,2.7301,1.0,1.0,1.0,1.0,2.0,4.0,3.2028,10.0,3.0,3.5
T,1,4532010793778026,4.0292,1.0,1.0,1.0,1.0,2.0,4.0,3.1556,10.0,3.0,4.0
T,1,4242421258077088,2.3459,1.0,1.0,1.0,1.0,1.0,4.0,2.6556,7.0,4.0,4.0
T,1,5105103512103255,2.6626,1.0,1.0,1.0,1.0,3.0,5.0,2.2272,5.0,5.0,2.4375
T,1,4242425498447977,2.7856,1.0,1.0,1.0,1.0,1.0,4.0,2.3113,6.0,6.0,5.125
T,1,4111117983809088,3.5135,1.0,1.0,1.0,1.0,0.0,4.0,2.5244,7.0,5.0,4.3125
T,1,4242426784036904,2.7303,1.0,1.0,1.0,1.0,1.0,4.0,2.7272,8.0,5.0,4.0625
T,1,4111117641274923,3.2039,1.0,1.0,1.0,1.0,0.0,4.0,2.4835,7.0,6.0,3.375
T,1,4242426775816801,3.0095,1.0,1.0,1.0,1.0,1.0,4.0,2.9056,8.0,3.0,4.1875
T,1,4111113380698539,3.4441,1.0,1.0,1.0,1.0,0.0,4.0,2.7272,8.0,5.0,3.9375
T,1,4111119296546084,3.2547,1.0,1.0,1.0,1.0,0.0,4.0,2.7272,8.0,5.0,3.875
T,1,4111118521302685,3.6959,1.0,1.0,1.0,1.0,0.0,4.0,2.6556,8.0,6.0,3.0625
T,1,4111112140844110,4.1207,1.0,1.0,1.0,1.0,0.0,4.0,1.875,5.0,8.0,2.125
T,1,4111117888989183,4.0965,1.0,1.0,1.0,1.0,0.0,4.0,2.18,6.0,6.0,4.875
T,1,4111116271873376,3.2331,1.0,1.0,1.0,1.0,0.0,4.0,2.4835,7.0,6.0,3.6875
T,1,4242427003460982,2.5249,1.0,1.0,1.0,1.0,1.0,4.0,2.7028,8.0,4.0,3.5625
T,1,4532012182201719,1.298,1.0,1.0,1.0,1.0,2.0,4.0,2.875,9.0,4.0,3.0
T,1,4111111949590718,2.6498,1.0,1.0,1.0,1.0,0.0,4.0,2.3496,7.0,7.0,3.875
T,1,6011000160303016,-0.0587,1.0,1.0,1.0,1.0,5.0,6.0,1.8496,4.0,7.0,1.75
T,1,4242420562739409,2.5029,1.0,1.0,1.0,1.0,1.0,4.0,2.75,8.0,4.0,3.9375
T,1,4111110826997566,3.8205,1.0,1.0,1.0,1.0,0.0,4.0,2.8522,9.0,5.0,4.1875
T,1,4111117091812297,2.9917,1.0,1.0,1.0,1.0,0.0,4.0,2.3968,7.0,7.0,3.4375
T,1,4111119028097489,4.0336,1.0,1.0,1.0,1.0,0.0,4.0,2.6022,7.0,5.0,4.0625
T,1,4532018745359639,4.6593,1.0,1.0,1.0,1.0,2.0,4.0,3.1556,10.0,3.0,4.625
T,1,4111111554637713,3.0419,1.0,1.0,1.0,1.0,0.0,4.0,2.2718,6.0,7.0,3.1875
T,1,4111118665223952,3.5902,1.0,1.0,1.0,1.0,0.0,4.0,2.7272,8.0,5.0,3.5625
T,1,4532010406763928,3.8881,1.0,1.0,1.0,1.0,2.0,4.0,3.2028,10.0,3.0,3.75
T,1,4242423496618426,2.2932,1.0,1.0,1.0,1.0,1.0,4.0,2.4772,7.0,5.0,4.1875
T,1,4111114058825610,3.3194,1.0,1.0,1.0,1.0,0.0,4.0,2.5306,7.0,6.0,3.0
T,1,4111116781544608,3.1833,1.0,1.0,1.0,1.0,0.0,4.0,2.4835,7.0,6.0,3.625
T,1,4111115742491479,2.8038,1.0,1.0,1.0,1.0,0.0,4.0,2.2806,6.0,6.0,3.8125
T,1,5555551650306889,1.9903,1.0,1.0,1.0,1.0,4.0,5.0,2.3968,7.0,7.0,4.75
T,1,5555559705868068,1.1938,1.0,1.0,1.0,1.0,4.0,5.0,2.2246,6.0,7.0,5.4375
T,1,6011003616585350,0.5449,1.0,1.0,1.0,1.0,5.0,6.0,2.4835,6.0,4.0,3.125
T,1,4242426943240108,2.8262,1.0,1.0,1.0,1.0,1.0,4.0,2.6494,8.0,5.0,3.4375
T,1,5555555745747833,1.6587,1.0,1.0,1.0,1.0,4.0,5.0,1.9528,5.0,8.0,5.1875
T,1,4242425880704514,3.2416,1.0,1.0,1.0,1.0,1.0,4.0,2.6022,7.0,5.0,3.75
T,1,5555554773613090,1.5096,1.0,1.0,1.0,1.0,4.0,5.0,2.6556,8.0,6.0,4.375
T,1,4111118602672154,3.2552,1.0,1.0,1.0,1.0,0.0,4.0,2.6556,8.0,6.0,3.125
T,1,6011007901423789,0.7725,1.0,1.0,1.0,1.0,5.0,6.0,2.9528,9.0,4.0,3.625
T,1,5555559741839123,2.0046,1.0,1.0,1.0,1.0,4.0,5.0,2.6556,8.0,6.0,4.8125
T,1,4111110798763673,3.7298,1.0,1.0,1.0,1.0,0.0,4.0,2.7272,8.0,5.0,4.0625
T,1,4111118246022873,3.791,1.0,1.0,1.0,1.0,0.0,4.0,2.7272,8.0,5.0,3.1875
T,1,4242428210700491,2.2675,1.0,1.0,1.0,1.0,1.0,4.0,2.5778,7.0,4.0,3.125
T,1,4111116004339232,4.0706,1.0,1.0,1.0,1.0,0.0,4.0,2.6022,7.0,5.0,2.5625
T,1,5555558363624466,2.396,1.0,1.0,1.0,1.0,4.0,5.0,2.2806,6.0,6.0,4.875
T,1,4111115486146230,3.7208,1.0,1.0,1.0,1.0,0.0,4.0,2.6085,8.0,6.0,3.0
T,1,4111115177662743,3.0027,1.0,1.0,1.0,1.0,0.0,4.0,2.4835,7.0,6.0,3.5625
T,1,4111118261148314,4.0626,1.0,1.0,1.0,1.0,0.0,4.0,2.0778,6.0,8.0,2.9375
T,1,5105109724143690,1.6804,1.0,1.0,1.0,1.0,3.0,5.0,3.0306,9.0,3.0,3.5625
T,1,5105106036913604,1.0033,1.0,1.0,1.0,1.0,3.0,5.0,2.6556,7.0,4.0,3.125
T,1,5105107804677157,1.5201,1.0,1.0,1.0,1.0,3.0,5.0,2.6085,7.0,4.0,4.0
T,1,4242423408534117,3.1227,1.0,1.0,1.0,1.0,1.0,4.0,2.7272,8.0,5.0,3.375
T,1,4242425662039121,3.2198,1.0,1.0,1.0,1.0,1.0,4.0,2.7272,8.0,5.0,3.3125
T,1,5105106133570042,2.3784,1.0,1.0,1.0,1.0,3.0,5.0,2.7806,8.0,4.0,2.6875
T,1,4111110519931021,2.9766,1.0,1.0,1.0,1.0,0.0,4.0,2.25,7.0,8.0,2.5
T,1,4111118260825276,3.4791,1.0,1.0,1.0,1.0,0.0,4.0,2.7272,8.0,5.0,3.4375
T,1,6011008072294249,-0.0804,1.0,1.0,1.0,1.0,5.0,6.0,2.8278,8.0,4.0,3.4375
T,1,4111111362730965,3.8404,1.0,1.0,1.0,1.0,0.0,4.0,2.7806,9.0,6.0,3.1875
T,1,4532017810006844,2.0725,1.0,1.0,1.0,1.0,2.0,4.0,2.9528,9.0,4.0,3.3125
T,1,5105101887047784,0.8349,1.0,1.0,1.0,1.0,3.0,5.0,2.5613,6.0,3.0,4.125
T,1,4111111643494738,3.4027,1.0,1.0,1.0,1.0,0.0,4.0,2.4056,7.0,6.0,3.625
T,1,6011002083345249,0.4601,1.0,1.0,1.0,1.0,5.0,6.0,3.0,9.0,4.0,3.0
T,1,4532013419779790,2.6174,1.0,1.0,1.0,1.0,2.0,4.0,2.9056,8.0,3.0,4.4375
T,1,4242423604066211,3.1667,1.0,1.0,1.0,1.0,1.0,4.0,2.4528,6.0,4.0,2.9375
T,1,4111112871726965,3.3026,1.0,1.0,1.0,1.0,0.0,4.0,2.6556,8.0,6.0,3.875
T,1,4111119972207241,2.9841,1.0,1.0,1.0,1.0,0.0,4.0,2.3585,6.0,6.0,3.25
T,1,5105102837270450,0.9589,1.0,1.0,1.0,1.0,3.0,5.0,2.8278,8.0,4.0,3.125
T,1,4242425360195571,3.4501,1.0,1.0,1.0,1.0,1.0,4.0,2.9835,9.0,3.0,3.75
T,1,5555558198378106,2.1,1.0,1.0,1.0,1.0,4.0,5.0,2.6085,8.0,6.0,5.0625
T,1,4242426244621576,2.432,1.0,1.0,1.0,1.0,1.0,4.0,2.2516,6.0,5.0,3.8125
T,1,4111114648397401,3.3527,1.0,1.0,1.0,1.0,0.0,4.0,2.5306,8.0,6.0,3.4375
T,1,4111117051181345,2.3,1.0,1.0,1.0,1.0,0.0,4.0,2.25,7.0,8.0,2.75
T,1,5555557051749825,2.589,1.0,1.0,1.0,1.0,4.0,5.0,2.375,8.0,8.0,4.875
T,1,6011002168482289,0.9257,1.0,1.0,1.0,1.0,5.0,6.0,2.6863,7.0,3.0,3.625
T,1,5555557783374546,1.533,1.0,1.0,1.0,1.0,4.0,5.0,2.2246,6.0,7.0,5.25
T,1,4242422208949889,3.6189,1.0,1.0,1.0,1.0,1.0,4.0,2.18,5.0,5.0,4.8125
T,1,4111110565474629,3.5902,1.0,1.0,1.0,1.0,0.0,4.0,2.7272,8.0,5.0,3.5625
T,1,4242421919290823,2.8223,1.0,1.0,1.0,1.0,1.0,4.0,2.555,7.0,5.0,3.875
T,1,4242423742886249,2.7167,1.0,1.0,1.0,1.0,1.0,4.0,2.4238,7.0,5.0,4.4375
T,1,4111117597759158,3.733,1.0,1.0,1.0,1.0,0.0,4.0,2.3113,6.0,6.0,4.5
T,1,4111113455192079,3.8392,1.0,1.0,1.0,1.0,0.0,4.0,2.6556,8.0,6.0,3.375
T,1,4242424289648968,3.5371,1.0,1.0,1.0,1.0,1.0,4.0,2.2272,5.0,5.0,5.125
T,1,6011001886289497,0.752,1.0,1.0,1.0,1.0,5.0,6.0,2.8585,8.0,3.0,4.375
T,1,4111117933803694,3.3413,1.0,1.0,1.0,1.0,0.0,4.0,2.7272,8.0,5.0,3.8125
T,1,6011007212189350,0.7594,1.0,1.0,1.0,1.0,5.0,6.0,2.875,9.0,4.0,2.875
T,1,4111114057497668,3.7298,1.0,1.0,1.0,1.0,0.0,4.0,2.7272,8.0,5.0,4.0625
T,1,4111119323348579,3.2547,1.0,1.0,1.0,1.0,0.0,4.0,2.7272,8.0,5.0,3.875
T,1,4532010159650694,2.3969,1.0,1.0,1.0,1.0,2.0,4.0,2.9056,8.0,3.0,3.75
T,1,4111114419905135,2.8209,1.0,1.0,1.0,1.0,0.0,4.0,2.2246,6.0,7.0,3.125
T,1,4111118970680078,3.5094,1.0,1.0,1.0,1.0,0.0,4.0,2.555,7.0,5.0,3.875
T,1,4242427257485511,2.9713,1.0,1.0,1.0,1.0,1.0,4.0,2.4528,6.0,4.0,3.9375
T,1,4242427639733612,2.3054,1.0,1.0,1.0,1.0,1.0,4.0,2.6556,7.0,4.0,4.0625
T,1,5555558701501962,1.6474,1.0,1.0,1.0,1.0,4.0,5.0,2.5218,8.0,7.0,4.3125
T,1,5555551635533649,3.3256,1.0,1.0,1.0,1.0,4.0,5.0,2.0778,6.0,8.0,4.6875
T,1,5105100579914939,1.5286,1.0,1.0,1.0,1.0,3.0,5.0,2.6085,7.0,4.0,4.25
T,1,4242421798219869,2.5053,1.0,1.0,1.0,1.0,1.0,4.0,2.6556,7.0,4.0,4.875
T,1,4242425433147617,3.2416,1.0,1.0,1.0,1.0,1.0,4.0,2.6022,7.0,5.0,3.6875
T,1,5555550207641368,1.8797,1.0,1.0,1.0,1.0,4.0,5.0,2.7806,9.0,6.0,4.1875
T,1,4111110421540027,2.8187,1.0,1.0,1.0,1.0,0.0,4.0,2.3113,6.0,6.0,2.125
T,1,4242429474176576,3.7889,1.0,1.0,1.0,1.0,1.0,4.0,2.555,7.0,5.0,4.625
T,1,4111114528003061,3.9438,1.0,1.0,1.0,1.0,0.0,4.0,2.6085,8.0,6.0,2.375
T,1,4111119138801119,2.8961,1.0,1.0,1.0,1.0,0.0,4.0,1.9669,6.0,9.0,3.125
T,1,4532017928466492,4.4926,1.0,1.0,1.0,1.0,2.0,4.0,3.1556,10.0,3.0,4.5
T,1,4532013153306289,1.3555,1.0,1.0,1.0,1.0,2.0,4.0,3.0,9.0,4.0,3.4375
T,1,4111115139551463,3.3238,1.0,1.0,1.0,1.0,0.0,4.0,2.2246,6.0,7.0,3.1875
T,1,4111119128282734,2.9148,1.0,1.0,1.0,1.0,0.0,4.0,2.4835,7.0,6.0,3.4375
T,1,5105104533641661,2.1688,1.0,1.0,1.0,1.0,3.0,5.0,2.5306,6.0,4.0,3.1875
T,1,5555551582898508,0.6726,1.0,1.0,1.0,1.0,4.0,5.0,2.0,6.0,8.0,5.25
T,1,4111115322502513,2.4381,1.0,1.0,1.0,1.0,0.0,4.0,2.3113,6.0,6.0,2.3125
T,1,4111117078724051,2.6196,1.0,1.0,1.0,1.0,0.0,4.0,2.4835,7.0,6.0,3.125
T,1,5105108689211377,1.7523,1.0,1.0,1.0,1.0,3.0,5.0,3.0,9.0,4.0,4.0
T,1,4242429934071292,2.5592,1.0,1.0,1.0,1.0,1.0,4.0,2.4772,7.0,5.0,4.0
T,1,5105105343337689,1.7305,1.0,1.0,1.0,1.0,3.0,5.0,2.9528,9.0,4.0,3.9375
T,1,6011006117799594,0.6662,1.0,1.0,1.0,1.0,5.0,6.0,2.6556,7.0,4.0,4.125
T,1,4111114964972316,3.2331,1.0,1.0,1.0,1.0,0.0,4.0,2.4835,7.0,6.0,3.75
T,1,4111114320146050,2.9444,1.0,1.0,1.0,1.0,0.0,4.0,2.4363,7.0,6.0,2.125
T,1,4532015059960473,2.1229,1.0,1.0,1.0,1.0,2.0,4.0,3.0306,9.0,3.0,3.9375
T,1,4532013676914833,3.6417,1.0,1.0,1.0,1.0,2.0,4.0,3.125,10.0,4.0,4.0625
T,1,5555556015028243,1.0079,1.0,1.0,1.0,1.0,4.0,5.0,2.5218,8.0,7.0,3.8125
T,1,4111113384591508,3.2611,1.0,1.0,1.0,1.0,0.0,4.0,2.5306,7.0,6.0,3.4375
T,1,5555558039684571,0.64,1.0,1.0,1.0,1.0,4.0,5.0,2.6468,9.0,7.0,5.0625
T,1,4111119444981977,4.6412,1.0,1.0,1.0,1.0,0.0,4.0,2.1085,5.0,6.0,4.4375
T,1,4111118912463435,3.8641,1.0,1.0,1.0,1.0,0.0,4.0,2.6085,8.0,6.0,3.375
T,1,4111119668429810,3.3196,1.0,1.0,1.0,1.0,0.0,4.0,2.5306,7.0,6.0,3.875
T,1,4111110743454782,4.0098,1.0,1.0,1.0,1.0,0.0,4.0,2.6494,8.0,5.0,3.3125
T,1,4111113843180703,2.5327,1.0,1.0,1.0,1.0,0.0,4.0,2.3585,6.0,6.0,2.875
T,1,4111118205951948,3.5794,1.0,1.0,1.0,1.0,0.0,4.0,2.5306,7.0,6.0,3.75
T,1,4532013778774820,1.7775,1.0,1.0,1.0,1.0,2.0,4.0,2.875,8.0,4.0,4.25
T,1,4532013958607410,3.8383,1.0,1.0,1.0,1.0,2.0,4.0,3.2028,10.0,3.0,3.625
T,1,4111119805911530,2.5782,1.0,1.0,1.0,1.0,0.0,4.0,2.3968,7.0,7.0,3.125
T,1,4111112444095229,2.0969,1.0,1.0,1.0,1.0,0.0,4.0,2.3522,6.0,5.0,3.125
T,1,4111118333188397,2.959,1.0,1.0,1.0,1.0,0.0,4.0,2.2335,6.0,6.0,3.875
T,1,4111117902494111,4.0626,1.0,1.0,1.0,1.0,0.0,4.0,2.0778,6.0,8.0,2.9375
T,1,4111115498298805,3.8081,1.0,1.0,1.0,1.0,0.0,4.0,2.6022,7.0,5.0,4.1875
T,1,4532013473157727,1.2575,1.0,1.0,1.0,1.0,2.0,4.0,2.7028,7.0,4.0,3.8125
T,1,4532013811374364,1.4787,1.0,1.0,1.0,1.0,2.0,4.0,2.9056,9.0,4.0,3.4375
T,1,4111115893896286,4.4149,1.0,1.0,1.0,1.0,0.0,4.0,2.7272,8.0,5.0,4.5625
T,1,5105101807506208,1.9829,1.0,1.0,1.0,1.0,3.0,5.0,2.555,7.0,5.0,3.0625
T,1,4111119074134244,2.7806,1.0,1.0,1.0,1.0,0.0,4.0,2.305,7.0,6.0,2.9375
T,1,4111119304026442,3.6373,1.0,1.0,1.0,1.0,0.0,4.0,2.5244,7.0,5.0,2.6875
T,1,5105100982997026,1.5935,1.0,1.0,1.0,1.0,3.0,5.0,2.8278,8.0,4.0,4.0
T,1,5105109339273197,2.4544,1.0,1.0,1.0,1.0,3.0,5.0,2.7335,7.0,3.0,4.0625
T,1,4532018670930321,3.289,1.0,1.0,1.0,1.0,2.0,4.0,3.1556,10.0,3.0,3.375
T,1,6011005521963457,1.186,1.0,1.0,1.0,1.0,5.0,6.0,2.9835,9.0,3.0,3.4375
T,1,5555554576304210,1.4939,1.0,1.0,1.0,1.0,4.0,5.0,2.5218,8.0,7.0,3.875
T,1,4532013987737725,2.8156,1.0,1.0,1.0,1.0,2.0,4.0,2.9528,9.0,4.0,4.5625
T,1,4242423237303007,2.0406,1.0,1.0,1.0,1.0,1.0,4.0,2.2806,5.0,4.0,2.875
T,1,4242428838788837,1.7427,1.0,1.0,1.0,1.0,1.0,4.0,2.1863,5.0,6.0,5.375
T,1,5105103472719090,1.5574,1.0,1.0,1.0,1.0,3.0,5.0,2.8278,8.0,4.0,3.375
T,1,4111114011123780,1.1174,1.0,1.0,1.0,1.0,0.0,4.0,2.25,7.0,8.0,2.25
T,1,4242420232764464,2.4472,1.0,1.0,1.0,1.0,1.0,4.0,2.18,6.0,6.0,3.5
T,1,5555552709981219,1.8615,1.0,1.0,1.0,1.0,4.0,5.0,2.4835,7.0,6.0,4.875
T,1,5105106953365564,2.2081,1.0,1.0,1.0,1.0,3.0,5.0,2.6022,7.0,5.0,4.0
T,1,4242424956762332,2.3616,1.0,1.0,1.0,1.0,1.0,4.0,2.5244,7.0,5.0,4.0625
T,1,4242420416296242,2.7191,1.0,1.0,1.0,1.0,1.0,4.0,2.18,6.0,6.0,3.375
T,1,4242425869029214,2.8161,1.0,1.0,1.0,1.0,1.0,4.0,2.6494,8.0,5.0,4.0
T,1,4111118122891227,3.4335,1.0,1.0,1.0,1.0,0.0,4.0,2.1468,6.0,7.0,3.1875
T,1,5105105246433247,2.24,1.0,1.0,1.0,1.0,3.0,5.0,2.9056,8.0,3.0,3.25
T,1,4532017037620492,1.3751,1.0,1.0,1.0,1.0,2.0,4.0,3.0306,9.0,3.0,3.4375
T,1,4111116595889496,4.2031,1.0,1.0,1.0,1.0,0.0,4.0,2.4772,6.0,5.0,4.875
T,1,4111115410869816,3.0796,1.0,1.0,1.0,1.0,0.0,4.0,2.3968,7.0,7.0,3.5625
T,1,4111116931535464,2.9693,1.0,1.0,1.0,1.0,0.0,4.0,2.3585,6.0,6.0,3.4375
T,1,4111118968670669,4.1387,1.0,1.0,1.0,1.0,0.0,4.0,2.5244,7.0,5.0,4.625
T,1,4111117634487318,3.2876,1.0,1.0,1.0,1.0,0.0,4.0,2.3585,6.0,6.0,3.75
T,1,4111113650076499,3.8241,1.0,1.0,1.0,1.0,0.0,4.0,2.7744,8.0,5.0,3.625
T,1,4111119529965929,4.4201,1.0,1.0,1.0,1.0,0.0,4.0,2.2988,6.0,5.0,4.625
T,1,4242428233035982,2.8807,1.0,1.0,1.0,1.0,1.0,4.0,2.555,7.0,5.0,3.8125
T,1,5555557955727372,0.3317,1.0,1.0,1.0,1.0,4.0,5.0,1.875,5.0,8.0,5.25
T,1,4532011915149047,1.2111,1.0,1.0,1.0,1.0,2.0,4.0,2.8278,8.0,4.0,3.5
T,1,4242425745546852,2.8145,1.0,1.0,1.0,1.0,1.0,4.0,2.2744,6.0,5.0,4.3125
T,1,4111115036491912,3.3883,1.0,1.0,1.0,1.0,0.0,4.0,2.5218,8.0,7.0,3.0625
T,1,6011004680279185,0.7725,1.0,1.0,1.0,1.0,5.0,6.0,2.9528,9.0,4.0,3.625
T,1,4111110862831265,3.2552,1.0,1.0,1.0,1.0,0.0,4.0,2.6556,8.0,6.0,3.125
T,1,4242424544101555,3.4756,1.0,1.0,1.0,1.0,1.0,4.0,2.1085,5.0,6.0,3.25
T,1,4242422664145865,1.4529,1.0,1.0,1.0,1.0,1.0,4.0,2.3522,6.0,5.0,4.0625
T,1,5555556655949732,0.4652,1.0,1.0,1.0,1.0,4.0,5.0,2.25,7.0,8.0,5.375
T,1,5105102005154890,2.1351,1.0,1.0,1.0,1.0,3.0,5.0,2.4772,7.0,5.0,2.875
T,1,4242421381452067,2.1584,1.0,1.0,1.0,1.0,1.0,4.0,2.875,9.0,4.0,3.4375
T,1,6011002754753770,0.1887,1.0,1.0,1.0,1.0,5.0,6.0,2.75,8.0,4.0,3.4375
T,1,5105107227124886,2.2516,1.0,1.0,1.0,1.0,3.0,5.0,2.9056,8.0,3.0,3.6875
T,1,4111112086342707,3.773,1.0,1.0,1.0,1.0,0.0,4.0,2.7744,8.0,5.0,3.0
T,1,4111119998341354,3.0957,1.0,1.0,1.0,1.0,0.0,4.0,2.3113,6.0,6.0,4.0
T,1,4242426290708590,2.4757,1.0,1.0,1.0,1.0,1.0,4.0,2.7806,8.0,4.0,4.0
T,1,4242420561241506,2.6492,1.0,1.0,1.0,1.0,1.0,4.0,2.5,6.0,4.0,3.0
T,1,4111115229967041,3.8392,1.0,1.0,1.0,1.0,0.0,4.0,2.6556,8.0,6.0,3.375
T,1,4242424266620329,2.2133,1.0,1.0,1.0,1.0,1.0,4.0,2.2335,6.0,6.0,3.625
T,1,4242426657043797,3.0054,1.0,1.0,1.0,1.0,1.0,4.0,2.7806,8.0,4.0,4.5
T,1,4111111508186312,2.7219,1.0,1.0,1.0,1.0,0.0,4.0,2.375,8.0,8.0,2.75
T,1,4111113297721895,3.3026,1.0,1.0,1.0,1.0,0.0,4.0,2.6556,8.0,6.0,3.875
T,1,4242424627089792,2.9989,1.0,1.0,1.0,1.0,1.0,4.0,2.5244,7.0,5.0,4.5
T,1,4111116816990404,2.9461,1.0,1.0,1.0,1.0,0.0,4.0,2.3585,6.0,6.0,3.5
T,1,4242421737653681,3.235,1.0,1.0,1.0,1.0,1.0,4.0,2.9056,8.0,3.0,4.0625
T,1,6011001339185714,0.4492,1.0,1.0,1.0,1.0,5.0,6.0,2.8522,9.0,5.0,3.125
T,1,4242427154618982,2.7046,1.0,1.0,1.0,1.0,1.0,4.0,2.75,8.0,4.0,4.3125
T,1,5555554869866016,1.9517,1.0,1.0,1.0,1.0,4.0,5.0,2.4056,7.0,6.0,5.25
T,1,4532013839207448,2.1229,1.0,1.0,1.0,1.0,2.0,4.0,3.0306,9.0,3.0,3.9375
T,1,4242424046021830,3.0014,1.0,1.0,1.0,1.0,1.0,4.0,2.4772,7.0,5.0,2.875
T,1,4242422731110835,2.3801,1.0,1.0,1.0,1.0,1.0,4.0,2.7806,8.0,4.0,3.0625
T,1,4242425862913273,3.1427,1.0,1.0,1.0,1.0,1.0,4.0,2.8522,9.0,5.0,4.0
T,1,4242429096571477,3.1721,1.0,1.0,1.0,1.0,1.0,4.0,2.7806,8.0,4.0,4.5625
T,1,4242427026164207,2.5772,1.0,1.0,1.0,1.0,1.0,4.0,2.3994,6.0,5.0,3.3125
T,1,5105108835634761,2.1589,1.0,1.0,1.0,1.0,3.0,5.0,2.9056,8.0,3.0,3.9375
T,1,4111114793232718,3.2611,1.0,1.0,1.0,1.0,0.0,4.0,2.5306,7.0,6.0,3.4375
T,1,4111113181994913,3.821,1.0,1.0,1.0,1.0,0.0,4.0,1.9528,5.0,8.0,3.5625
T,1,6011008408795851,0.2073,1.0,1.0,1.0,1.0,5.0,6.0,2.7806,8.0,4.0,3.9375
T,1,4111115198475778,3.193,1.0,1.0,1.0,1.0,0.0,4.0,2.3585,6.0,6.0,4.375
T,1,4242420387557408,2.3279,1.0,1.0,1.0,1.0,1.0,4.0,2.7028,7.0,4.0,4.0625
T,1,4111111194979673,4.0036,1.0,1.0,1.0,1.0,0.0,4.0,2.2246,6.0,7.0,4.0625
T,1,4111112496194086,3.1833,1.0,1.0,1.0,1.0,0.0,4.0,2.4835,7.0,6.0,3.625
T,1,5105108431798713,1.3721,1.0,1.0,1.0,1.0,3.0,5.0,2.875,8.0,4.0,3.9375
T,1,4532013893059628,3.1612,1.0,1.0,1.0,1.0,2.0,4.0,3.0778,9.0,3.0,4.25
T,1,4111117113658298,2.9329,1.0,1.0,1.0,1.0,0.0,4.0,2.6468,9.0,7.0,3.6875
T,1,4111118588948537,4.1387,1.0,1.0,1.0,1.0,0.0,4.0,2.5244,7.0,5.0,4.625
T,1,4242425258060440,2.0909,1.0,1.0,1.0,1.0,1.0,4.0,2.3522,6.0,5.0,3.25
T,1,5555557912369623,2.2162,1.0,1.0,1.0,1.0,4.0,5.0,2.5306,7.0,6.0,4.875
T,1,4532018336304200,2.1239,1.0,1.0,1.0,1.0,2.0,4.0,2.75,8.0,4.0,2.75
T,1,4532017680741611,1.3555,1.0,1.0,1.0,1.0,2.0,4.0,3.0,9.0,4.0,3.5
T,1,5105107630286678,2.2635,1.0,1.0,1.0,1.0,3.0,5.0,2.9056,8.0,3.0,4.0625
T,1,5555553139005553,1.339,1.0,1.0,1.0,1.0,4.0,5.0,1.7947,5.0,9.0,4.0
T,1,6011008205330555,1.2898,1.0,1.0,1.0,1.0,5.0,6.0,2.5244,7.0,5.0,2.75
T,1,4242425962679600,2.3653,1.0,1.0,1.0,1.0,1.0,4.0,2.6556,7.0,4.0,4.25
T,1,4111110611978086,2.9917,1.0,1.0,1.0,1.0,0.0,4.0,2.3968,7.0,7.0,3.4375
T,1,4111119164341550,2.3772,1.0,1.0,1.0,1.0,0.0,4.0,2.3496,7.0,7.0,2.9375
T,1,5555555888946093,2.02,1.0,1.0,1.0,1.0,4.0,5.0,2.3496,7.0,7.0,5.625
T,1,4111115396701082,1.6523,1.0,1.0,1.0,1.0,0.0,4.0,2.9056,10.0,6.0,3.125
T,1,4111118075695096,3.9403,1.0,1.0,1.0,1.0,0.0,4.0,2.7744,8.0,5.0,4.0
T,1,4242427722488595,3.4061,1.0,1.0,1.0,1.0,1.0,4.0,2.3994,6.0,5.0,4.6875
T,1,4242423942420708,2.6793,1.0,1.0,1.0,1.0,1.0,4.0,2.4238,7.0,5.0,3.5625
T,1,4111113088607386,3.8788,1.0,1.0,1.0,1.0,0.0,4.0,2.6022,7.0,5.0,3.625
T,1,4111118095562771,3.9656,1.0,1.0,1.0,1.0,0.0,4.0,2.7806,9.0,6.0,3.6875
T,1,4242421993409497,3.3227,1.0,1.0,1.0,1.0,1.0,4.0,2.4772,7.0,5.0,4.5625
T,1,4532012054410190,2.4128,1.0,1.0,1.0,1.0,2.0,4.0,2.6556,7.0,4.0,2.5625
T,1,4111110796479595,3.8683,1.0,1.0,1.0,1.0,0.0,4.0,2.6022,7.0,5.0,4.375
T,1,4111119247527985,3.458,1.0,1.0,1.0,1.0,0.0,4.0,2.6494,7.0,5.0,4.1875
T,1,4111111506928996,3.8025,1.0,1.0,1.0,1.0,0.0,4.0,2.6085,8.0,6.0,4.0
T,1,4242427304686012,2.3506,1.0,1.0,1.0,1.0,1.0,4.0,2.75,8.0,4.0,3.4375
T,1,6011000738533268,0.5134,1.0,1.0,1.0,1.0,5.0,6.0,2.8278,8.0,4.0,3.3125
T,1,4532011157434875,2.1847,1.0,1.0,1.0,1.0,2.0,4.0,2.8585,8.0,3.0,3.75
T,1,4111110629204731,4.0409,1.0,1.0,1.0,1.0,0.0,4.0,2.6556,8.0,6.0,2.6875
T,1,4242426408217906,2.4866,1.0,1.0,1.0,1.0,1.0,4.0,2.75,8.0,4.0,3.8125
T,1,4111117847451184,3.4562,1.0,1.0,1.0,1.0,0.0,4.0,2.0218,5.0,7.0,3.625
T,1,4532010025940014,2.8668,1.0,1.0,1.0,1.0,2.0,4.0,2.6022,7.0,5.0,2.5
T,1,4111111613574824,2.8237,1.0,1.0,1.0,1.0,0.0,4.0,2.4746,8.0,7.0,3.125
T,1,4111118875958884,3.6697,1.0,1.0,1.0,1.0,0.0,4.0,2.2988,6.0,5.0,4.9375
T,1,4242423458688482,3.4661,1.0,1.0,1.0,1.0,1.0,4.0,2.2744,6.0,5.0,4.625
T,1,6011001873323929,0.4861,1.0,1.0,1.0,1.0,5.0,6.0,2.8585,8.0,3.0,3.4375
T,1,5105101122321754,2.8151,1.0,1.0,1.0,1.0,3.0,5.0,2.555,7.0,5.0,2.5
T,1,4111113897556915,3.577,1.0,1.0,1.0,1.0,0.0,4.0,2.6085,8.0,6.0,4.1875
T,1,4111117021146956,2.7703,1.0,1.0,1.0,1.0,0.0,4.0,2.5218,8.0,7.0,3.125
T,1,4111118183937919,3.7781,1.0,1.0,1.0,1.0,0.0,4.0,2.2246,6.0,7.0,4.1875
T,1,4111115813147117,3.234,1.0,1.0,1.0,1.0,0.0,4.0,1.9669,6.0,9.0,2.9375
T,1,4111114842982180,2.5347,1.0,1.0,1.0,1.0,0.0,4.0,2.3113,6.0,6.0,3.4375
T,1,4111110214579893,3.7769,1.0,1.0,1.0,1.0,0.0,4.0,2.7806,9.0,6.0,3.5625
T,1,6011005896685099,2.2851,1.0,1.0,1.0,1.0,5.0,6.0,2.5306,6.0,4.0,4.5625
T,1,4532018392679180,4.0486,1.0,1.0,1.0,1.0,2.0,4.0,3.25,10.0,2.0,4.25
T,1,4532017339508510,2.0988,1.0,1.0,1.0,1.0,2.0,4.0,2.9835,9.0,3.0,3.5
T,1,4242424133274839,2.3124,1.0,1.0,1.0,1.0,1.0,4.0,2.4772,7.0,5.0,3.875
T,1,4111119684877166,3.2378,1.0,1.0,1.0,1.0,0.0,4.0,2.3585,6.0,6.0,4.4375
T,1,4111115866673662,4.076,1.0,1.0,1.0,1.0,0.0,4.0,2.5488,8.0,5.0,4.0
T,1,5105103597435507,2.2946,1.0,1.0,1.0,1.0,3.0,5.0,2.6022,7.0,5.0,3.75
T,1,5555558368376492,2.0229,1.0,1.0,1.0,1.0,4.0,5.0,2.6556,8.0,6.0,5.375
T,1,4532010231102441,0.2311,1.0,1.0,1.0,1.0,2.0,4.0,2.4835,6.0,4.0,2.0625
T,1,4111116399709973,3.5411,1.0,1.0,1.0,1.0,0.0,4.0,2.5244,7.0,5.0,4.4375
T,1,4242421798503759,3.4983,1.0,1.0,1.0,1.0,1.0,4.0,3.0306,9.0,3.0,4.5
T,1,4111114915440736,3.6178,1.0,1.0,1.0,1.0,0.0,4.0,2.5306,8.0,6.0,3.25
T,1,4242421504508167,2.1718,1.0,1.0,1.0,1.0,1.0,4.0,2.8278,8.0,4.0,3.4375
T,1,6011007588112549,0.7725,1.0,1.0,1.0,1.0,5.0,6.0,2.9528,9.0,4.0,3.625
T,1,4111119780754871,3.4922,1.0,1.0,1.0,1.0,0.0,4.0,2.4835,7.0,6.0,4.0625
T,1,4111111854990242,3.1949,1.0,1.0,1.0,1.0,0.0,4.0,2.4835,7.0,6.0,3.3125
T,1,4242423036397507,3.0698,1.0,1.0,1.0,1.0,1.0,4.0,2.8585,8.0,3.0,3.8125
T,1,4532016348924080,2.0144,1.0,1.0,1.0,1.0,2.0,4.0,3.0306,9.0,3.0,3.6875
T,1,4532011138637984,3.9887,1.0,1.0,1.0,1.0,2.0,4.0,3.1556,10.0,3.0,4.0625
T,1,4532018663262492,1.9714,1.0,1.0,1.0,1.0,2.0,4.0,2.9528,9.0,4.0,3.9375
T,1,4532015505213287,1.8049,1.0,1.0,1.0,1.0,2.0,4.0,2.8278,8.0,4.0,3.3125
T,1,4111114416948807,3.4525,1.0,1.0,1.0,1.0,0.0,4.0,2.4056,7.0,6.0,3.75
T,1,4242422116299369,3.0114,1.0,1.0,1.0,1.0,1.0,4.0,2.43,6.0,5.0,4.125
T,1,5555556346814444,2.7724,1.0,1.0,1.0,1.0,4.0,5.0,2.18,6.0,6.0,4.625
T,1,5555559808367802,2.1,1.0,1.0,1.0,1.0,4.0,5.0,2.6085,8.0,6.0,5.0625
T,1,4532011614010169,2.3957,1.0,1.0,1.0,1.0,2.0,4.0,2.7272,8.0,5.0,2.75
T,1,4242424570218646,2.6996,1.0,1.0,1.0,1.0,1.0,4.0,2.6494,8.0,5.0,3.8125
T,1,4111116188956298,3.3526,1.0,1.0,1.0,1.0,0.0,4.0,2.4835,7.0,6.0,4.4375
T,1,4242428943158801,2.4352,1.0,1.0,1.0,1.0,1.0,4.0,2.7806,8.0,4.0,4.0625
T,1,4242425945997350,3.1248,1.0,1.0,1.0,1.0,1.0,4.0,2.6085,7.0,4.0,4.625
T,1,5555559604359805,1.3921,1.0,1.0,1.0,1.0,4.0,5.0,2.25,7.0,8.0,4.9375
T,1,4111116281036915,2.3613,1.0,1.0,1.0,1.0,0.0,4.0,2.6468,9.0,7.0,3.125
T,1,4532019364424936,1.6935,1.0,1.0,1.0,1.0,2.0,4.0,2.8278,8.0,4.0,4.0625
T,1,4242429820271006,3.2635,1.0,1.0,1.0,1.0,1.0,4.0,2.68,8.0,5.0,3.3125
T,1,4242423985339377,3.0423,1.0,1.0,1.0,1.0,1.0,4.0,2.6556,7.0,4.0,4.6875
T,1,4532010651673228,1.4734,1.0,1.0,1.0,1.0,2.0,4.0,3.0778,9.0,3.0,3.4375
T,1,4111119935366894,4.2135,1.0,1.0,1.0,1.0,0.0,4.0,2.6022,7.0,5.0,4.4375
T,1,4111112131019375,3.4603,1.0,1.0,1.0,1.0,0.0,4.0,2.375,8.0,8.0,2.5625
T,1,4242426846558085,3.4653,1.0,1.0,1.0,1.0,1.0,4.0,2.4835,6.0,4.0,4.5625
T,1,4111111707435700,2.5012,1.0,1.0,1.0,1.0,0.0,4.0,2.3113,6.0,6.0,2.6875
T,1,5555551995941382,1.6615,1.0,1.0,1.0,1.0,4.0,5.0,2.3496,7.0,7.0,5.0625
T,1,4111113267622941,3.0446,1.0,1.0,1.0,1.0,0.0,4.0,2.4835,7.0,6.0,3.1875
T,1,5555553963216367,2.1459,1.0,1.0,1.0,1.0,4.0,5.0,2.4363,7.0,6.0,4.75
T,1,4242423402311868,2.7214,1.0,1.0,1.0,1.0,1.0,4.0,2.625,7.0,4.0,3.375
T,1,4242429595735078,3.153,1.0,1.0,1.0,1.0,1.0,4.0,2.8585,8.0,3.0,4.75
T,1,4242422209497045,2.6714,1.0,1.0,1.0,1.0,1.0,4.0,2.2988,6.0,5.0,3.75
T,1,4242424585320700,3.0208,1.0,1.0,1.0,1.0,1.0,4.0,2.5778,7.0,4.0,3.25
T,1,5105100467175221,1.9248,1.0,1.0,1.0,1.0,3.0,5.0,2.6556,7.0,4.0,2.9375
T,1,4242421496563030,2.1718,1.0,1.0,1.0,1.0,1.0,4.0,2.8278,8.0,4.0,3.4375
T,1,4242424483575918,3.2751,1.0,1.0,1.0,1.0,1.0,4.0,2.7272,8.0,5.0,4.5
T,1,5105100620913492,1.3997,1.0,1.0,1.0,1.0,3.0,5.0,2.8278,8.0,4.0,3.0
T,1,4111112326923779,3.9286,1.0,1.0,1.0,1.0,0.0,4.0,2.6022,7.0,5.0,3.6875
T,1,4242427327049214,2.6793,1.0,1.0,1.0,1.0,1.0,4.0,2.4238,7.0,5.0,3.5625
T,1,4532013601992623,1.8519,1.0,1.0,1.0,1.0,2.0,4.0,2.9056,8.0,3.0,3.5
T,1,4532014508330842,2.4697,1.0,1.0,1.0,1.0,2.0,4.0,2.7335,7.0,3.0,3.25
T,1,4111111750057914,2.8212,1.0,1.0,1.0,1.0,0.0,4.0,2.2718,6.0,7.0,3.0
T,1,4111114424906516,2.7208,1.0,1.0,1.0,1.0,0.0,4.0,2.4056,7.0,6.0,3.125
T,1,4111114099721133,2.8603,1.0,1.0,1.0,1.0,0.0,4.0,2.3968,7.0,7.0,3.0
T,1,4242423659490472,2.5501,1.0,1.0,1.0,1.0,1.0,4.0,2.6494,8.0,5.0,4.1875
T,1,4242429559870218,3.0747,1.0,1.0,1.0,1.0,1.0,4.0,2.8278,8.0,4.0,4.5
T,1,6011004999555630,0.5615,1.0,1.0,1.0,1.0,5.0,6.0,2.6556,7.0,4.0,3.9375
T,1,4242427701902947,3.1536,1.0,1.0,1.0,1.0,1.0,4.0,2.4528,6.0,4.0,4.0
T,1,5105109134760836,1.8691,1.0,1.0,1.0,1.0,3.0,5.0,3.0306,9.0,3.0,3.6875
T,1,4111118704225323,3.4301,1.0,1.0,1.0,1.0,0.0,4.0,2.7272,8.0,5.0,2.8125
T,1,4532013208108433,2.0695,1.0,1.0,1.0,1.0,2.0,4.0,2.7028,7.0,4.0,2.9375
T,1,4532019396614694,2.8188,1.0,1.0,1.0,1.0,2.0,4.0,2.8585,8.0,3.0,4.5
T,1,5105103894363394,1.5172,1.0,1.0,1.0,1.0,3.0,5.0,2.875,8.0,4.0,4.0
T,1,4242424287165783,2.7046,1.0,1.0,1.0,1.0,1.0,4.0,2.75,8.0,4.0,4.3125
T,1,4242429312214639,2.5645,1.0,1.0,1.0,1.0,1.0,4.0,2.3994,6.0,5.0,3.625
T,1,5105101413904854,1.7226,1.0,1.0,1.0,1.0,3.0,5.0,2.6085,7.0,4.0,3.1875
T,1,4242420362879249,2.8355,1.0,1.0,1.0,1.0,1.0,4.0,2.6494,8.0,5.0,4.25
T,1,4242429123188725,2.7708,1.0,1.0,1.0,1.0,1.0,4.0,2.7272,8.0,5.0,4.0
T,1,5555555217495051,2.3139,1.0,1.0,1.0,1.0,4.0,5.0,2.0919,7.0,9.0,4.3125
T,1,4111117267368611,2.5137,1.0,1.0,1.0,1.0,0.0,4.0,2.3496,7.0,7.0,3.5
T,1,6011004151100357,0.7171,1.0,1.0,1.0,1.0,5.0,6.0,2.4238,7.0,5.0,2.1875
T,1,4111110732495408,3.8152,1.0,1.0,1.0,1.0,0.0,4.0,2.8522,9.0,5.0,3.1875
T,1,4111119867128023,3.5034,1.0,1.0,1.0,1.0,0.0,4.0,2.7806,9.0,6.0,3.4375
T,1,4242424605659251,2.6882,1.0,1.0,1.0,1.0,1.0,4.0,2.5778,7.0,4.0,3.8125
T,1,4242427832664234,2.5203,1.0,1.0,1.0,1.0,1.0,4.0,2.2988,6.0,5.0,3.9375
T,1,4111110226266174,1.7222,1.0,1.0,1.0,1.0,0.0,4.0,2.3113,6.0,6.0,2.8125
T,1,4532011163221787,2.0725,1.0,1.0,1.0,1.0,2.0,4.0,2.9528,9.0,4.0,3.3125
T,1,4242429360068937,3.2949,1.0,1.0,1.0,1.0,1.0,4.0,2.9056,8.0,3.0,4.3125
T,1,4111115039138908,3.2611,1.0,1.0,1.0,1.0,0.0,4.0,2.5306,7.0,6.0,3.4375
T,1,4242426919086600,2.5194,1.0,1.0,1.0,1.0,1.0,4.0,2.6863,7.0,3.0,3.9375
T,1,4242426408219076,2.4866,1.0,1.0,1.0,1.0,1.0,4.0,2.75,8.0,4.0,3.8125
T,1,4111117303354427,3.834,1.0,1.0,1.0,1.0,0.0,4.0,2.555,7.0,5.0,2.9375
T,1,4242424606213157,2.9138,1.0,1.0,1.0,1.0,1.0,4.0,2.75,8.0,4.0,3.3125
T,1,4111117139344170,3.1031,1.0,1.0,1.0,1.0,0.0,4.0,2.2246,6.0,7.0,3.0
T,1,4111117449239953,3.9844,1.0,1.0,1.0,1.0,0.0,4.0,2.555,7.0,5.0,4.0
T,1,4111111732639334,2.7208,1.0,1.0,1.0,1.0,0.0,4.0,2.4056,7.0,6.0,3.125
T,1,4242428480168577,3.0054,1.0,1.0,1.0,1.0,1.0,4.0,2.7806,8.0,4.0,4.5
T,1,4532011425207921,1.5194,1.0,1.0,1.0,1.0,2.0,4.0,2.8278,8.0,4.0,3.0
T,1,4111113179144232,2.4111,1.0,1.0,1.0,1.0,0.0,4.0,2.2246,6.0,7.0,2.8125
T,1,4242428103780584,2.2726,1.0,1.0,1.0,1.0,1.0,4.0,2.7806,8.0,4.0,3.875
T,1,4111112911460468,2.0198,1.0,1.0,1.0,1.0,0.0,4.0,2.3496,7.0,7.0,3.125
T,1,5105102053385545,1.4837,1.0,1.0,1.0,1.0,3.0,5.0,2.4835,7.0,6.0,3.25
T,1,4532013118400813,1.8772,1.0,1.0,1.0,1.0,2.0,4.0,2.6556,7.0,4.0,2.75
T,1,4242425932227878,2.3531,1.0,1.0,1.0,1.0,1.0,4.0,2.4835,7.0,6.0,4.4375
T,1,4111113645349142,2.7208,1.0,1.0,1.0,1.0,0.0,4.0,2.4056,7.0,6.0,3.125
T,1,4111112555812339,3.0737,1.0,1.0,1.0,1.0,0.0,4.0,2.4835,7.0,6.0,3.25
T,1,5555559377485613,2.2733,1.0,1.0,1.0,1.0,4.0,5.0,2.5218,8.0,7.0,5.1875
T,1,4111116444365011,3.3578,1.0,1.0,1.0,1.0,0.0,4.0,2.1468,6.0,7.0,2.6875
T,1,4532019725897176,4.1299,1.0,1.0,1.0,1.0,2.0,4.0,3.2028,10.0,3.0,4.75
T,1,4111116173149339,3.3381,1.0,1.0,1.0,1.0,0.0,4.0,2.2246,6.0,7.0,3.4375
T,1,4532017745955479,1.9626,1.0,1.0,1.0,1.0,2.0,4.0,2.7806,8.0,4.0,4.8125
T,1,4532010013008642,3.0363,1.0,1.0,1.0,1.0,2.0,4.0,2.7744,8.0,5.0,2.4375
T,1,4242425548234425,2.8607,1.0,1.0,1.0,1.0,1.0,4.0,2.0079,5.0,6.0,3.75
T,1,5105102174250792,1.7504,1.0,1.0,1.0,1.0,3.0,5.0,2.6863,7.0,3.0,3.1875
T,1,5105100267827765,2.4489,1.0,1.0,1.0,1.0,3.0,5.0,2.7335,7.0,3.0,3.875
T,1,6011004876846110,1.6132,1.0,1.0,1.0,1.0,5.0,6.0,2.4528,6.0,4.0,3.3125
T,1,4242428985380792,2.7736,1.0,1.0,1.0,1.0,1.0,4.0,2.7806,8.0,4.0,4.8125
T,1,4242429125252313,2.4171,1.0,1.0,1.0,1.0,1.0,4.0,2.3585,6.0,6.0,3.1875
T,1,4111113913896402,3.8392,1.0,1.0,1.0,1.0,0.0,4.0,2.6556,8.0,6.0,3.375
T,1,5555557570392305,2.8143,1.0,1.0,1.0,1.0,4.0,5.0,2.125,6.0,8.0,4.4375
T,1,5105102163384982,2.6931,1.0,1.0,1.0,1.0,3.0,5.0,3.0778,9.0,3.0,3.625
T,1,4242423225288798,3.521,1.0,1.0,1.0,1.0,1.0,4.0,2.4363,7.0,6.0,4.5
T,1,5105101675823909,2.5049,1.0,1.0,1.0,1.0,3.0,5.0,2.9835,9.0,3.0,3.875
T,1,4242420491885315,2.3419,1.0,1.0,1.0,1.0,1.0,4.0,2.8278,8.0,4.0,3.875
T,1,4242421795150950,3.3321,1.0,1.0,1.0,1.0,1.0,4.0,2.7335,7.0,3.0,3.75
T,1,5105101517516612,1.9133,1.0,1.0,1.0,1.0,3.0,5.0,2.2806,6.0,6.0,2.9375
T,1,4111111781406239,2.3613,1.0,1.0,1.0,1.0,0.0,4.0,2.6468,9.0,7.0,3.125
T,1,4242428959271670,3.354,1.0,1.0,1.0,1.0,1.0,4.0,2.9528,9.0,4.0,4.5
T,1,4242421521957140,3.0812,1.0,1.0,1.0,1.0,1.0,4.0,2.5778,7.0,4.0,3.3125
T,1,4111114496681450,3.111,1.0,1.0,1.0,1.0,0.0,4.0,2.4056,7.0,6.0,3.5
T,1,4111115791386943,3.7776,1.0,1.0,1.0,1.0,0.0,4.0,2.6556,8.0,6.0,4.0
T,1,4111111699300060,2.8491,1.0,1.0,1.0,1.0,0.0,4.0,2.2806,6.0,6.0,2.6875
T,1,4242421247722471,2.7344,1.0,1.0,1.0,1.0,1.0,4.0,1.8829,4.0,6.0,3.4375
T,1,6011005495118955,1.3339,1.0,1.0,1.0,1.0,5.0,6.0,2.5778,7.0,4.0,3.75
T,1,5105100180129166,1.978,1.0,1.0,1.0,1.0,3.0,5.0,2.5244,7.0,5.0,2.875
T,1,5105101036559390,2.2623,1.0,1.0,1.0,1.0,3.0,5.0,2.4528,6.0,4.0,3.3125
T,1,4111118976969756,4.9408,1.0,1.0,1.0,1.0,0.0,4.0,2.555,7.0,5.0,5.0625
T,1,4111119346161850,3.2244,1.0,1.0,1.0,1.0,0.0,4.0,2.5218,8.0,7.0,3.25
T,1,4111119663699037,3.7589,1.0,1.0,1.0,1.0,0.0,4.0,2.555,7.0,5.0,4.1875
T,1,6011009203905745,1.2,1.0,1.0,1.0,1.0,5.0,6.0,2.8994,9.0,5.0,3.25
T,1,4242427837529374,3.7039,1.0,1.0,1.0,1.0,1.0,4.0,2.5778,7.0,4.0,4.5625
T,1,4111113914685663,3.2331,1.0,1.0,1.0,1.0,0.0,4.0,2.4835,7.0,6.0,3.75
T,1,4111110506891485,3.2611,1.0,1.0,1.0,1.0,0.0,4.0,2.5306,7.0,6.0,3.4375
T,1,4532013358602359,2.0237,1.0,1.0,1.0,1.0,2.0,4.0,2.9528,9.0,4.0,3.6875
T,1,5555559652209647,1.487,1.0,1.0,1.0,1.0,4.0,5.0,2.3968,7.0,7.0,5.0
T,1,4111117527363840,3.6163,1.0,1.0,1.0,1.0,0.0,4.0,2.8994,9.0,5.0,3.375
T,1,4111116816103313,3.9798,1.0,1.0,1.0,1.0,0.0,4.0,2.0778,6.0,8.0,2.5625
T,1,4532019603152355,1.6772,1.0,1.0,1.0,1.0,2.0,4.0,2.8278,8.0,4.0,3.375
T,1,5555559863677202,1.1929,1.0,1.0,1.0,1.0,4.0,5.0,2.6556,8.0,6.0,5.0
T,1,4532017198352521,2.594,1.0,1.0,1.0,1.0,2.0,4.0,2.9835,9.0,3.0,3.625
T,1,5105108359595067,1.9127,1.0,1.0,1.0,1.0,3.0,5.0,2.7272,8.0,5.0,4.3125
T,1,4242427658913749,3.1222,1.0,1.0,1.0,1.0,1.0,4.0,2.9528,9.0,4.0,4.8125
T,1,4111117752310417,2.1003,1.0,1.0,1.0,1.0,0.0,4.0,2.3496,7.0,7.0,2.875
T,1,4242422911058911,2.619,1.0,1.0,1.0,1.0,1.0,4.0,2.5778,7.0,4.0,3.4375
T,1,4532014776619678,4.1299,1.0,1.0,1.0,1.0,2.0,4.0,3.1556,10.0,3.0,4.75
T,1,6011006456195537,0.9058,1.0,1.0,1.0,1.0,5.0,6.0,2.8113,8.0,3.0,3.6875
T,1,5105104862422113,1.7029,1.0,1.0,1.0,1.0,3.0,5.0,2.8278,8.0,4.0,2.8125
T,1,4532010274069119,1.8411,1.0,1.0,1.0,1.0,2.0,4.0,3.0306,9.0,3.0,3.375
T,1,4242426623681704,2.276,1.0,1.0,1.0,1.0,1.0,4.0,2.7028,8.0,4.0,3.8125
T,1,4532018583495750,2.0126,1.0,1.0,1.0,1.0,2.0,4.0,3.0,9.0,4.0,4.3125
T,1,4111112764793155,3.7769,1.0,1.0,1.0,1.0,0.0,4.0,2.6556,8.0,6.0,3.625
T,1,4242424234611988,2.4022,1.0,1.0,1.0,1.0,1.0,4.0,2.5244,7.0,5.0,4.0
T,1,5555556747730595,1.6216,1.0,1.0,1.0,1.0,4.0,5.0,2.2028,7.0,8.0,5.1875
T,1,5555550536703467,1.9912,1.0,1.0,1.0,1.0,4.0,5.0,2.2718,6.0,7.0,4.4375
T,1,4242421566707616,2.1636,1.0,1.0,1.0,1.0,1.0,4.0,2.6556,7.0,4.0,3.9375
T,1,4111110617313304,2.91,1.0,1.0,1.0,1.0,0.0,4.0,2.2246,6.0,7.0,2.3125
T,1,4242428095394162,2.606,1.0,1.0,1.0,1.0,1.0,4.0,2.875,9.0,4.0,4.0625
T,1,4242423106524873,2.4663,1.0,1.0,1.0,1.0,1.0,4.0,2.875,9.0,4.0,3.5625
T,1,4532013588521940,2.3969,1.0,1.0,1.0,1.0,2.0,4.0,2.9528,8.0,3.0,3.75
T,1,4242426750702687,2.3054,1.0,1.0,1.0,1.0,1.0,4.0,2.6556,7.0,4.0,4.125
T,1,4111114444064908,3.1137,1.0,1.0,1.0,1.0,0.0,4.0,2.18,6.0,6.0,3.25
T,1,5105105817594369,1.884,1.0,1.0,1.0,1.0,3.0,5.0,2.9528,9.0,4.0,4.3125
T,1,4111119986584221,3.5527,1.0,1.0,1.0,1.0,0.0,4.0,2.5306,7.0,6.0,3.9375
T,1,5105104747329509,2.258,1.0,1.0,1.0,1.0,3.0,5.0,2.9056,8.0,3.0,3.875
T,1,4532013723868032,1.835,1.0,1.0,1.0,1.0,2.0,4.0,2.9528,9.0,4.0,3.5625
T,1,4242421936733953,2.2097,1.0,1.0,1.0,1.0,1.0,4.0,2.7806,8.0,4.0,4.1875
T,1,4111110275101942,3.0009,1.0,1.0,1.0,1.0,0.0,4.0,2.3968,7.0,7.0,2.5
T,1,4242423584813673,2.4352,1.0,1.0,1.0,1.0,1.0,4.0,2.7806,8.0,4.0,4.125
T,1,4111118784532366,3.5518,1.0,1.0,1.0,1.0,0.0,4.0,2.7744,8.0,5.0,3.8125
T,1,4242426518774416,2.8086,1.0,1.0,1.0,1.0,1.0,4.0,2.6022,7.0,5.0,4.1875
T,1,4242427095542879,3.1248,1.0,1.0,1.0,1.0,1.0,4.0,2.625,7.0,4.0,4.625
T,1,4242425192373099,2.4352,1.0,1.0,1.0,1.0,1.0,4.0,2.7806,8.0,4.0,4.125
T,1,4111112092453035,4.0759,1.0,1.0,1.0,1.0,0.0,4.0,2.6494,7.0,5.0,2.625
T,1,4242429329781844,3.1657,1.0,1.0,1.0,1.0,1.0,4.0,2.5244,7.0,5.0,4.5625
T,1,4242420511052524,3.1599,1.0,1.0,1.0,1.0,1.0,4.0,2.2272,5.0,5.0,2.6875
T,1,4242422352859439,2.7545,1.0,1.0,1.0,1.0,1.0,4.0,2.3994,6.0,5.0,4.25
T,1,4242420965624802,2.4151,1.0,1.0,1.0,1.0,1.0,4.0,2.5244,7.0,5.0,3.75
T,1,5555557726569269,2.4718,1.0,1.0,1.0,1.0,4.0,5.0,2.0996,5.0,7.0,5.5625
T,1,4111113173543975,2.9461,1.0,1.0,1.0,1.0,0.0,4.0,2.3585,6.0,6.0,3.5
T,1,4111118237558463,3.8739,1.0,1.0,1.0,1.0,0.0,4.0,2.7744,8.0,5.0,3.75
T,1,4532010719546838,3.9887,1.0,1.0,1.0,1.0,2.0,4.0,3.25,10.0,2.0,4.125
T,1,5555552337917700,1.5558,1.0,1.0,1.0,1.0,4.0,5.0,2.4835,7.0,6.0,4.3125
T,1,6011006511460603,1.6872,1.0,1.0,1.0,1.0,5.0,6.0,2.2744,6.0,5.0,2.5
T,1,4111119727666022,3.5097,1.0,1.0,1.0,1.0,0.0,4.0,2.555,7.0,5.0,3.5
T,1,4111112372170549,3.6959,1.0,1.0,1.0,1.0,0.0,4.0,2.6556,8.0,6.0,3.0625
T,1,5105106142672375,1.7065,1.0,1.0,1.0,1.0,3.0,5.0,2.9056,8.0,3.0,3.4375
T,1,4111111714224337,3.7702,1.0,1.0,1.0,1.0,0.0,4.0,2.0996,5.0,7.0,2.6875
T,1,4111112526222006,2.9278,1.0,1.0,1.0,1.0,0.0,4.0,2.2988,6.0,5.0,2.25
T,1,4242428714363341,3.1144,1.0,1.0,1.0,1.0,1.0,4.0,2.555,7.0,5.0,3.625
T,1,4111118790772055,3.7789,1.0,1.0,1.0,1.0,0.0,4.0,2.7272,8.0,5.0,3.6875
T,1,4111118231312131,4.1207,1.0,1.0,1.0,1.0,0.0,4.0,1.7947,5.0,9.0,2.125
T,1,4111119392020950,3.6671,1.0,1.0,1.0,1.0,0.0,4.0,2.555,7.0,5.0,3.0
T,1,4111110073728896,3.2342,1.0,1.0,1.0,1.0,0.0,4.0,2.8994,9.0,5.0,3.6875
T,1,4242421445580978,2.7902,1.0,1.0,1.0,1.0,1.0,4.0,2.7272,8.0,5.0,4.3125
T,1,5555555107604838,2.0342,1.0,1.0,1.0,1.0,4.0,5.0,2.5218,8.0,7.0,4.5
T,1,4111118552322982,2.7838,1.0,1.0,1.0,1.0,0.0,4.0,2.5244,7.0,5.0,3.4375
T,1,4111114563022315,3.625,1.0,1.0,1.0,1.0,0.0,4.0,2.5306,7.0,6.0,2.5
T,1,5555559120912541,2.4621,1.0,1.0,1.0,1.0,4.0,5.0,2.2246,6.0,7.0,4.0
T,1,4111118696114261,4.3095,1.0,1.0,1.0,1.0,0.0,4.0,2.0778,6.0,8.0,3.3125
T,1,4242420602209595,2.6477,1.0,1.0,1.0,1.0,1.0,4.0,2.43,6.0,5.0,3.5
T,1,4242421509203764,2.1584,1.0,1.0,1.0,1.0,1.0,4.0,2.875,9.0,4.0,3.4375
T,1,4111114866028498,3.9844,1.0,1.0,1.0,1.0,0.0,4.0,2.555,7.0,5.0,4.0
T,1,4111113426111505,1.188,1.0,1.0,1.0,1.0,0.0,4.0,2.25,7.0,8.0,2.3125
T,1,5555558263773322,2.1012,1.0,1.0,1.0,1.0,4.0,5.0,2.3113,6.0,6.0,4.5625
T,1,4111119185835036,3.638,1.0,1.0,1.0,1.0,0.0,4.0,2.6556,8.0,6.0,3.5625
T,1,4111116784712137,2.5369,1.0,1.0,1.0,1.0,0.0,4.0,2.3496,7.0,7.0,3.4375
T,1,4242429136399921,2.6283,1.0,1.0,1.0,1.0,1.0,4.0,2.4528,6.0,4.0,4.375
T,1,4532016379742039,3.1013,1.0,1.0,1.0,1.0,2.0,4.0,3.0778,9.0,3.0,4.0625
T,1,4532015830772817,2.4253,1.0,1.0,1.0,1.0,2.0,4.0,2.9528,8.0,3.0,3.9375
T,1,4111115226718876,2.9722,1.0,1.0,1.0,1.0,0.0,4.0,2.5306,7.0,6.0,3.8125
T,1,5555558540010225,2.5441,1.0,1.0,1.0,1.0,4.0,5.0,2.0778,6.0,8.0,3.5625
T,1,4111111972507373,3.9613,1.0,1.0,1.0,1.0,0.0,4.0,2.6085,8.0,6.0,3.3125
T,1,6011006196428404,1.1026,1.0,1.0,1.0,1.0,5.0,6.0,2.6085,7.0,4.0,3.25
T,1,4242429387171789,3.5191,1.0,1.0,1.0,1.0,1.0,4.0,2.7335,7.0,3.0,4.875
T,1,4111110328605261,4.0409,1.0,1.0,1.0,1.0,0.0,4.0,2.6556,8.0,6.0,2.625
T,1,4111117658867106,3.2065,1.0,1.0,1.0,1.0,0.0,4.0,2.4835,7.0,6.0,3.9375
T,1,4242428583642346,2.3766,1.0,1.0,1.0,1.0,1.0,4.0,2.3994,6.0,5.0,4.1875
T,1,4111116169355486,2.9734,1.0,1.0,1.0,1.0,0.0,4.0,2.4835,7.0,6.0,3.875
T,1,4532010629275973,3.1013,1.0,1.0,1.0,1.0,2.0,4.0,3.0778,9.0,3.0,4.0625
T,1,4111119320475706,3.6531,1.0,1.0,1.0,1.0,0.0,4.0,2.8994,9.0,5.0,3.25
T,1,4242427384804014,2.3157,1.0,1.0,1.0,1.0,1.0,4.0,2.4835,7.0,6.0,3.5625
T,1,4111117505426411,1.6714,1.0,1.0,1.0,1.0,0.0,4.0,2.3496,7.0,7.0,2.75
T,1,5105105723246823,1.6957,1.0,1.0,1.0,1.0,3.0,5.0,3.0306,9.0,3.0,3.375
T,1,4242421778529113,2.2726,1.0,1.0,1.0,1.0,1.0,4.0,2.7806,8.0,4.0,3.875
T,1,4242426978016498,2.5978,1.0,1.0,1.0,1.0,1.0,4.0,2.8278,8.0,4.0,4.75
T,1,4111113447530220,4.1033,1.0,1.0,1.0,1.0,0.0,4.0,2.6022,7.0,5.0,2.4375
T,1,4111113221882151,3.9798,1.0,1.0,1.0,1.0,0.0,4.0,2.0778,6.0,8.0,2.625
T,1,5555557941198530,2.0916,1.0,1.0,1.0,1.0,4.0,5.0,2.5218,8.0,7.0,4.8125
T,1,4242421231438944,2.4684,1.0,1.0,1.0,1.0,1.0,4.0,2.2806,6.0,6.0,3.5625
T,1,6011000334164898,0.7967,1.0,1.0,1.0,1.0,5.0,6.0,2.7028,7.0,4.0,3.375
T,1,4111112708668810,2.9148,1.0,1.0,1.0,1.0,0.0,4.0,2.4835,7.0,6.0,3.4375
T,1,4111110621722862,2.4255,1.0,1.0,1.0,1.0,0.0,4.0,2.4056,7.0,6.0,2.8125
T,1,4111113530347268,3.2843,1.0,1.0,1.0,1.0,0.0,4.0,2.8522,9.0,5.0,3.125
T,1,4532015522078291,1.4787,1.0,1.0,1.0,1.0,2.0,4.0,2.9528,9.0,4.0,3.5
T,1,4532014032712994,1.8519,1.0,1.0,1.0,1.0,2.0,4.0,2.9056,8.0,3.0,3.5
T,1,4532018055450838,1.235,1.0,1.0,1.0,1.0,2.0,4.0,2.6556,7.0,4.0,3.8125
T,1,4111116798510659,3.7776,1.0,1.0,1.0,1.0,0.0,4.0,2.6556,8.0,6.0,4.0625
T,1,4111114492209546,3.1488,1.0,1.0,1.0,1.0,0.0,4.0,2.5244,7.0,5.0,3.375
T,1,4111115733483576,3.9286,1.0,1.0,1.0,1.0,0.0,4.0,2.6022,7.0,5.0,3.75
T,1,4532012176904039,1.7303,1.0,1.0,1.0,1.0,2.0,4.0,3.0778,9.0,3.0,3.5
T,1,4111111262863155,2.8603,1.0,1.0,1.0,1.0,0.0,4.0,2.3968,7.0,7.0,3.0
T,1,4242428576628575,3.7146,1.0,1.0,1.0,1.0,1.0,4.0,2.5306,6.0,4.0,4.8125
T,1,4242425065528241,2.1962,1.0,1.0,1.0,1.0,1.0,4.0,2.4772,7.0,5.0,3.5
T,1,4532017199451041,1.2111,1.0,1.0,1.0,1.0,2.0,4.0,2.8278,8.0,4.0,3.5
T,1,4111114393304560,3.7033,1.0,1.0,1.0,1.0,0.0,4.0,2.555,7.0,5.0,2.875
T,1,4111114012565112,3.7299,1.0,1.0,1.0,1.0,0.0,4.0,2.125,6.0,8.0,2.25
T,1,4532010986512133,1.9689,1.0,1.0,1.0,1.0,2.0,4.0,3.0306,9.0,3.0,3.3125
T,1,4242422989392358,3.461,1.0,1.0,1.0,1.0,1.0,4.0,2.43,6.0,5.0,4.75
T,1,5555558174620208,1.8496,1.0,1.0,1.0,1.0,4.0,5.0,2.6556,8.0,6.0,4.25
T,1,4242427012528571,2.8657,1.0,1.0,1.0,1.0,1.0,4.0,2.6022,7.0,5.0,3.5
T,1,4242426550456468,2.4305,1.0,1.0,1.0,1.0,1.0,4.0,2.3829,6.0,5.0,4.1875
T,1,4111111220894235,3.3812,1.0,1.0,1.0,1.0,0.0,4.0,2.6085,8.0,6.0,2.8125
T,1,4242427233401178,2.7214,1.0,1.0,1.0,1.0,1.0,4.0,2.625,7.0,4.0,3.375
T,1,4242427281943576,2.3483,1.0,1.0,1.0,1.0,1.0,4.0,2.875,9.0,4.0,4.375
T,1,4242421895931374,2.5644,1.0,1.0,1.0,1.0,1.0,4.0,2.8278,8.0,4.0,4.25
T,1,4242428860452344,2.5235,1.0,1.0,1.0,1.0,1.0,4.0,2.4056,7.0,6.0,3.875
T,1,4242427976392220,2.4927,1.0,1.0,1.0,1.0,1.0,4.0,2.4835,7.0,6.0,4.0625
T,1,4242427621543953,2.5029,1.0,1.0,1.0,1.0,1.0,4.0,2.75,8.0,4.0,3.9375
T,1,4111116911772467,3.7078,1.0,1.0,1.0,1.0,0.0,4.0,2.2246,6.0,7.0,3.6875
T,1,6011000501388056,1.0106,1.0,1.0,1.0,1.0,5.0,6.0,2.3585,6.0,6.0,2.75
T,1,5555550209340357,1.1913,1.0,1.0,1.0,1.0,4.0,5.0,2.3496,7.0,7.0,3.9375
T,1,4242426383390793,2.4951,1.0,1.0,1.0,1.0,1.0,4.0,2.7806,8.0,4.0,4.3125
T,1,5105108107228441,1.4433,1.0,1.0,1.0,1.0,3.0,5.0,2.7028,7.0,4.0,3.0625
T,1,4111117727897753,4.2559,1.0,1.0,1.0,1.0,0.0,4.0,2.5488,8.0,5.0,4.4375
T,1,4242424262762570,2.6988,1.0,1.0,1.0,1.0,1.0,4.0,2.2806,6.0,6.0,3.6875
T,1,5105109749527687,1.8385,1.0,1.0,1.0,1.0,3.0,5.0,3.0306,9.0,3.0,4.75
T,1,4111112451586334,2.6196,1.0,1.0,1.0,1.0,0.0,4.0,2.4835,7.0,6.0,3.125
T,1,4111117950916239,4.071,1.0,1.0,1.0,1.0,0.0,4.0,2.7335,9.0,6.0,3.75
T,1,4111113064938607,3.4503,1.0,1.0,1.0,1.0,0.0,4.0,2.7744,8.0,5.0,3.4375
T,1,5555555272282618,2.8051,1.0,1.0,1.0,1.0,4.0,5.0,2.1468,6.0,7.0,4.5625
T,1,4532016961167843,3.9887,1.0,1.0,1.0,1.0,2.0,4.0,3.1556,10.0,3.0,4.125
T,1,4111119109055711,4.0626,1.0,1.0,1.0,1.0,0.0,4.0,2.125,6.0,8.0,2.9375
T,1,4111110138790543,3.6959,1.0,1.0,1.0,1.0,0.0,4.0,2.6556,8.0,6.0,3.0625
T,1,4242422891884526,2.3791,1.0,1.0,1.0,1.0,1.0,4.0,2.4772,7.0,5.0,4.4375
T,1,4111113132274555,2.5327,1.0,1.0,1.0,1.0,0.0,4.0,2.3585,6.0,6.0,2.875
T,1,4532016445162964,1.5682,1.0,1.0,1.0,1.0,2.0,4.0,2.8278,8.0,4.0,3.875
T,1,4242421608832109,2.1718,1.0,1.0,1.0,1.0,1.0,4.0,2.8278,8.0,4.0,3.5
T,1,4111113402341597,3.8877,1.0,1.0,1.0,1.0,0.0,4.0,2.6085,8.0,6.0,2.9375
T,1,4111112044425636,2.8429,1.0,1.0,1.0,1.0,0.0,4.0,2.5244,7.0,5.0,2.8125
T,1,6011003434038434,0.7375,1.0,1.0,1.0,1.0,5.0,6.0,2.375,6.0,4.0,2.75
T,1,4111111151923706,3.2429,1.0,1.0,1.0,1.0,0.0,4.0,2.5,9.0,8.0,2.75
T,1,4242427902406029,1.958,1.0,1.0,1.0,1.0,1.0,4.0,2.3522,6.0,5.0,3.5625
T,1,4111114432784772,2.6261,1.0,1.0,1.0,1.0,0.0,4.0,2.3522,6.0,5.0,3.5625
T,1,4532012482336629,2.0237,1.0,1.0,1.0,1.0,2.0,4.0,2.9528,9.0,4.0,3.75
T,1,4111113176108925,-1.0408,1.0,1.0,1.0,1.0,0.0,4.0,2.7718,10.0,7.0,3.1875
T,1,5105105209202001,1.8488,1.0,1.0,1.0,1.0,3.0,5.0,2.1391,5.0,6.0,2.0625
T,1,4532012782840700,1.8049,1.0,1.0,1.0,1.0,2.0,4.0,2.8278,8.0,4.0,3.3125
T,1,4111113436066418,2.0175,1.0,1.0,1.0,1.0,0.0,4.0,2.3113,6.0,6.0,3.125
T,1,5555556815383426,1.9903,1.0,1.0,1.0,1.0,4.0,5.0,2.3968,7.0,7.0,4.75
T,1,4111113442173364,1.8921,1.0,1.0,1.0,1.0,0.0,4.0,2.2335,6.0,6.0,2.875
T,1,4111118435845118,3.9204,1.0,1.0,1.0,1.0,0.0,4.0,2.0524,5.0,7.0,3.5
T,1,5105106441382619,1.2357,1.0,1.0,1.0,1.0,3.0,5.0,3.0,9.0,4.0,3.5
T,1,4111119135033187,3.4417,1.0,1.0,1.0,1.0,0.0,4.0,2.4746,8.0,7.0,3.0625
T,1,4242426483823081,2.6882,1.0,1.0,1.0,1.0,1.0,4.0,2.5778,7.0,4.0,3.8125
T,1,4242420275895191,2.5045,1.0,1.0,1.0,1.0,1.0,4.0,2.8278,8.0,4.0,4.0625
T,1,4111115746500705,3.4949,1.0,1.0,1.0,1.0,0.0,4.0,2.43,6.0,5.0,3.0
T,1,4111112176584432,3.811,1.0,1.0,1.0,1.0,0.0,4.0,2.6085,8.0,6.0,3.1875
T,1,5555556591388342,1.2226,1.0,1.0,1.0,1.0,4.0,5.0,2.5218,8.0,7.0,4.9375
T,1,6011003422811156,2.1767,1.0,1.0,1.0,1.0,5.0,6.0,2.7272,8.0,5.0,2.5625
T,1,4111119637008471,3.8392,1.0,1.0,1.0,1.0,0.0,4.0,2.6556,8.0,6.0,3.375
T,1,4111116238576302,3.624,1.0,1.0,1.0,1.0,0.0,4.0,2.8994,9.0,5.0,3.1875
T,1,4532019762358439,4.0762,1.0,1.0,1.0,1.0,2.0,4.0,3.2028,10.0,3.0,4.4375
T,1,4242422826758720,2.4927,1.0,1.0,1.0,1.0,1.0,4.0,2.4835,7.0,6.0,4.0625
T,1,4242428527295656,3.7889,1.0,1.0,1.0,1.0,1.0,4.0,2.555,7.0,5.0,4.5625
T,1,4111114811794186,4.3897,1.0,1.0,1.0,1.0,0.0,4.0,2.0778,6.0,8.0,3.625
T,1,4242427641437376,3.0114,1.0,1.0,1.0,1.0,1.0,4.0,2.43,6.0,5.0,4.125
T,1,4111111492353738,3.8641,1.0,1.0,1.0,1.0,0.0,4.0,2.6085,8.0,6.0,3.375
T,1,4242423210190108,3.3623,1.0,1.0,1.0,1.0,1.0,4.0,2.6085,7.0,4.0,2.6875
T,1,5105101664067724,1.9352,1.0,1.0,1.0,1.0,3.0,5.0,2.7335,7.0,3.0,3.4375
T,1,4111111711596547,4.0698,1.0,1.0,1.0,1.0,0.0,4.0,2.125,6.0,8.0,3.4375
T,1,4242420196267009,2.5351,1.0,1.0,1.0,1.0,1.0,4.0,2.6556,7.0,4.0,3.625
T,1,4532010750466383,1.8257,1.0,1.0,1.0,1.0,2.0,4.0,3.0306,9.0,3.0,3.5625
T,1,4242425489445402,3.0649,1.0,1.0,1.0,1.0,1.0,4.0,2.1468,6.0,7.0,3.9375
T,1,4242423690521400,2.5561,1.0,1.0,1.0,1.0,1.0,4.0,2.7028,8.0,4.0,3.0
T,1,5555550765019429,2.2009,1.0,1.0,1.0,1.0,4.0,5.0,2.5218,8.0,7.0,4.5625
T,1,5105101929775822,2.4949,1.0,1.0,1.0,1.0,3.0,5.0,2.7335,7.0,3.0,4.0
T,1,6011008009991172,0.9547,1.0,1.0,1.0,1.0,5.0,6.0,2.4772,7.0,5.0,3.375
T,1,4111114001143145,3.7521,1.0,1.0,1.0,1.0,0.0,4.0,1.875,5.0,8.0,2.0
T,1,4111116755202845,3.9413,1.0,1.0,1.0,1.0,0.0,4.0,2.7272,8.0,5.0,3.3125
T,1,4242427307804463,3.2416,1.0,1.0,1.0,1.0,1.0,4.0,2.6022,7.0,5.0,3.75
T,1,5105107692737162,2.258,1.0,1.0,1.0,1.0,3.0,5.0,2.9056,8.0,3.0,3.875
T,1,4111112572958115,2.7857,1.0,1.0,1.0,1.0,0.0,4.0,2.3496,7.0,7.0,3.375
T,1,4111118538463975,3.7148,1.0,1.0,1.0,1.0,0.0,4.0,2.7744,8.0,5.0,4.1875
T,1,6011009814625930,0.2773,1.0,1.0,1.0,1.0,5.0,6.0,2.9528,9.0,4.0,3.4375
T,1,6011003478495235,2.9222,1.0,1.0,1.0,1.0,5.0,6.0,3.2028,10.0,3.0,3.625
T,1,5105107480158092,1.022,1.0,1.0,1.0,1.0,3.0,5.0,2.7806,8.0,4.0,3.5
T,1,5105108159976210,1.5671,1.0,1.0,1.0,1.0,3.0,5.0,2.7806,8.0,4.0,3.75
T,1,5105104762573817,2.5049,1.0,1.0,1.0,1.0,3.0,5.0,2.9835,9.0,3.0,3.875
T,1,4111111669756770,3.5975,1.0,1.0,1.0,1.0,0.0,4.0,2.4363,7.0,6.0,3.9375
T,1,5555557000080629,1.7657,1.0,1.0,1.0,1.0,4.0,5.0,2.305,7.0,6.0,3.875
T,1,5555556751614289,1.2226,1.0,1.0,1.0,1.0,4.0,5.0,2.5218,8.0,7.0,4.9375
T,1,4532011288419746,3.9887,1.0,1.0,1.0,1.0,2.0,4.0,3.1556,10.0,3.0,4.0625
T,1,4111116391426667,3.4525,1.0,1.0,1.0,1.0,0.0,4.0,2.4056,7.0,6.0,3.6875
T,1,4111115889614651,3.2103,1.0,1.0,1.0,1.0,0.0,4.0,2.2718,6.0,7.0,3.875
T,1,4111119214065324,3.3812,1.0,1.0,1.0,1.0,0.0,4.0,2.6085,8.0,6.0,2.8125
T,1,5555552453700898,1.8465,1.0,1.0,1.0,1.0,4.0,5.0,2.5218,8.0,7.0,4.75
T,1,4111111069993684,3.4922,1.0,1.0,1.0,1.0,0.0,4.0,2.4835,7.0,6.0,4.0
T,1,5105106333471140,1.8007,1.0,1.0,1.0,1.0,3.0,5.0,2.6556,7.0,4.0,2.75
T,1,4242426413068997,2.8685,1.0,1.0,1.0,1.0,1.0,4.0,2.9528,9.0,4.0,4.4375
T,1,4532011397149432,2.1349,1.0,1.0,1.0,1.0,2.0,4.0,2.8585,8.0,3.0,3.625
T,1,4111112354061781,2.8382,1.0,1.0,1.0,1.0,0.0,4.0,2.6468,9.0,7.0,2.875
T,1,5555550292472273,1.9537,1.0,1.0,1.0,1.0,4.0,5.0,2.4056,7.0,6.0,4.25
T,1,4111119250205792,3.3038,1.0,1.0,1.0,1.0,0.0,4.0,2.6022,7.0,5.0,3.125
T,1,4242422909624443,2.2355,1.0,1.0,1.0,1.0,1.0,4.0,2.18,6.0,6.0,3.8125
T,1,4111114597741195,3.5908,1.0,1.0,1.0,1.0,0.0,4.0,2.0996,5.0,7.0,3.8125
T,1,6011004137349839,1.0311,1.0,1.0,1.0,1.0,5.0,6.0,2.8585,8.0,3.0,3.6875
T,1,4111111347337399,3.5339,1.0,1.0,1.0,1.0,0.0,4.0,2.1556,5.0,6.0,3.625
T,1,5555557887387782,2.6129,1.0,1.0,1.0,1.0,4.0,5.0,2.0306,5.0,6.0,5.9375
T,1,4111116801730195,2.802,1.0,1.0,1.0,1.0,0.0,4.0,2.6468,9.0,7.0,3.0625
T,1,4242428233122350,2.9495,1.0,1.0,1.0,1.0,1.0,4.0,2.4363,7.0,6.0,2.9375
T,1,4111113328449292,3.3923,1.0,1.0,1.0,1.0,0.0,4.0,2.43,6.0,5.0,3.4375
T,1,4242420956419451,2.8715,1.0,1.0,1.0,1.0,1.0,4.0,2.6022,7.0,5.0,3.875
T,1,4111114999572875,4.8112,1.0,1.0,1.0,1.0,0.0,4.0,2.6022,7.0,5.0,4.625
T,1,5105103313853546,2.0747,1.0,1.0,1.0,1.0,3.0,5.0,2.5778,7.0,4.0,3.3125
T,1,4242425972989064,2.7726,1.0,1.0,1.0,1.0,1.0,4.0,2.7028,8.0,4.0,4.8125
T,1,4242427633541482,2.6996,1.0,1.0,1.0,1.0,1.0,4.0,2.6494,8.0,5.0,3.8125
T,1,4111112791549935,3.2065,1.0,1.0,1.0,1.0,0.0,4.0,2.4835,7.0,6.0,3.9375
T,1,4111117166928317,3.3838,1.0,1.0,1.0,1.0,0.0,4.0,2.5218,8.0,7.0,3.6875
T,1,5105109828111205,1.9508,1.0,1.0,1.0,1.0,3.0,5.0,2.43,6.0,5.0,3.0625
T,1,4111114975036788,3.4156,1.0,1.0,1.0,1.0,0.0,4.0,2.8994,9.0,5.0,4.125
T,1,4532014147957237,2.5704,1.0,1.0,1.0,1.0,2.0,4.0,2.9056,8.0,3.0,4.0
T,1,5555557483676869,3.0636,1.0,1.0,1.0,1.0,4.0,5.0,2.4835,7.0,6.0,5.875
T,1,4242420283563856,2.3684,1.0,1.0,1.0,1.0,1.0,4.0,2.7028,7.0,4.0,4.0
T,1,4242426440585492,2.7299,1.0,1.0,1.0,1.0,1.0,4.0,2.4056,7.0,6.0,4.0625
T,1,5555559912172700,2.2137,1.0,1.0,1.0,1.0,4.0,5.0,2.4056,6.0,6.0,4.25
T,1,4111116483320604,3.4049,1.0,1.0,1.0,1.0,0.0,4.0,2.6022,7.0,5.0,2.8125
T,1,4111115170002467,3.6393,1.0,1.0,1.0,1.0,0.0,4.0,2.4835,7.0,6.0,2.5625
T,1,4242422252674102,2.0957,1.0,1.0,1.0,1.0,1.0,4.0,2.2718,7.0,7.0,3.0625
T,1,4111116161359650,2.5226,1.0,1.0,1.0,1.0,0.0,4.0,2.3496,7.0,7.0,3.1875
T,1,5105102391646053,1.9987,1.0,1.0,1.0,1.0,3.0,5.0,2.8585,8.0,3.0,3.1875
T,1,4111118639675790,3.4755,1.0,1.0,1.0,1.0,0.0,4.0,2.8994,9.0,5.0,4.3125
T,1,4111118182203099,3.4971,1.0,1.0,1.0,1.0,0.0,4.0,2.5306,7.0,6.0,3.1875
T,1,4111113110761953,2.775,1.0,1.0,1.0,1.0,0.0,4.0,2.375,8.0,8.0,2.8125
T,1,5105107706534688,2.2635,1.0,1.0,1.0,1.0,3.0,5.0,2.9056,8.0,3.0,4.125
T,1,4532018507917905,2.2275,1.0,1.0,1.0,1.0,2.0,4.0,3.0306,9.0,3.0,4.125
T,1,4242422606501936,2.1025,1.0,1.0,1.0,1.0,1.0,4.0,2.7806,8.0,4.0,3.5
T,1,4532010062704935,1.8598,1.0,1.0,1.0,1.0,2.0,4.0,3.0,9.0,4.0,3.1875
T,1,4242420141000695,2.8593,1.0,1.0,1.0,1.0,1.0,4.0,2.5778,7.0,4.0,2.75
T,1,5105103584797661,2.01,1.0,1.0,1.0,1.0,3.0,5.0,3.0306,9.0,3.0,4.25
T,1,5105101506904209,1.9829,1.0,1.0,1.0,1.0,3.0,5.0,2.555,7.0,5.0,3.0
T,1,4111114991660611,3.9268,1.0,1.0,1.0,1.0,0.0,4.0,1.9528,5.0,8.0,3.25
T,1,4242421619031758,3.7162,1.0,1.0,1.0,1.0,1.0,4.0,3.1085,10.0,3.0,3.6875
T,1,4532014656003720,1.2205,1.0,1.0,1.0,1.0,2.0,4.0,2.875,8.0,4.0,3.0
T,1,4242421863137400,2.6455,1.0,1.0,1.0,1.0,1.0,4.0,2.8278,8.0,4.0,3.1875
T,1,5555555373189837,1.533,1.0,1.0,1.0,1.0,4.0,5.0,2.2246,6.0,7.0,5.25
T,1,4111118291232880,3.4647,1.0,1.0,1.0,1.0,0.0,4.0,2.4363,7.0,6.0,3.25
T,1,5555551195717376,2.4268,1.0,1.0,1.0,1.0,4.0,5.0,2.1774,6.0,7.0,4.8125
T,1,4111111952193780,2.9454,1.0,1.0,1.0,1.0,0.0,4.0,2.6468,9.0,7.0,3.375
T,1,4242420331211953,2.9956,1.0,1.0,1.0,1.0,1.0,4.0,2.6085,7.0,4.0,2.875
T,1,5555551926792557,1.5622,1.0,1.0,1.0,1.0,4.0,5.0,2.125,6.0,8.0,5.1875
T,1,4532010209454337,2.1731,1.0,1.0,1.0,1.0,2.0,4.0,2.8585,8.0,3.0,3.25
T,1,4111114934485944,3.4787,1.0,1.0,1.0,1.0,0.0,4.0,2.18,6.0,6.0,3.9375
T,1,4111113734321390,2.118,1.0,1.0,1.0,1.0,0.0,4.0,2.4056,7.0,6.0,2.75
T,1,4532016762674831,3.1013,1.0,1.0,1.0,1.0,2.0,4.0,3.0778,9.0,3.0,4.0625
T,1,4111111402754454,2.1719,1.0,1.0,1.0,1.0,0.0,4.0,2.18,6.0,6.0,2.8125
T,1,5105103971567289,2.01,1.0,1.0,1.0,1.0,3.0,5.0,3.0306,9.0,3.0,4.3125
T,1,4111113424733052,3.9931,1.0,1.0,1.0,1.0,0.0,4.0,2.555,7.0,5.0,2.625
T,1,4111115446419974,3.2456,1.0,1.0,1.0,1.0,0.0,4.0,2.18,6.0,6.0,3.875
T,1,6011004455307419,-0.253,1.0,1.0,1.0,1.0,5.0,6.0,2.7806,8.0,4.0,3.125
T,1,5555551445222524,1.0053,1.0,1.0,1.0,1.0,4.0,5.0,1.7028,4.0,8.0,3.8125
T,1,4111119156051191,3.234,1.0,1.0,1.0,1.0,0.0,4.0,1.9669,6.0,9.0,2.9375
T,1,4242421171948548,2.9849,1.0,1.0,1.0,1.0,1.0,4.0,2.555,7.0,5.0,4.125
T,1,4111112680606093,3.7444,1.0,1.0,1.0,1.0,0.0,4.0,2.68,8.0,5.0,3.0625
T,1,4111111374680984,3.8516,1.0,1.0,1.0,1.0,0.0,4.0,2.6085,8.0,6.0,3.6875
T,1,4111113416811684,3.8977,1.0,1.0,1.0,1.0,0.0,4.0,1.9528,5.0,8.0,3.1875
T,1,4111113250621603,2.7801,1.0,1.0,1.0,1.0,0.0,4.0,2.5306,7.0,6.0,2.3125
T,1,4532010479752725,2.2131,1.0,1.0,1.0,1.0,2.0,4.0,2.8585,8.0,3.0,3.9375
T,1,4111112970925377,3.7789,1.0,1.0,1.0,1.0,0.0,4.0,2.7272,8.0,5.0,3.75
T,1,5105109401446598,1.722,1.0,1.0,1.0,1.0,3.0,5.0,2.6863,7.0,3.0,3.875
T,1,4532012445434800,2.095,1.0,1.0,1.0,1.0,2.0,4.0,2.6022,7.0,5.0,3.0625
T,1,4111117439760935,3.4653,1.0,1.0,1.0,1.0,0.0,4.0,2.7744,8.0,5.0,3.875
T,1,5555556960413986,2.1,1.0,1.0,1.0,1.0,4.0,5.0,2.6085,8.0,6.0,5.125
T,1,4532012377053339,2.0859,1.0,1.0,1.0,1.0,2.0,4.0,2.7744,8.0,5.0,3.5625
T,1,5105108450712819,1.3783,1.0,1.0,1.0,1.0,3.0,5.0,2.7806,8.0,4.0,3.5625
T,1,5105105016750101,3.0862,1.0,1.0,1.0,1.0,3.0,5.0,2.0488,5.0,5.0,2.375
T,1,4111112482391472,3.4356,1.0,1.0,1.0,1.0,0.0,4.0,2.4363,7.0,6.0,3.1875
T,1,5555559590044973,1.9543,1.0,1.0,1.0,1.0,4.0,5.0,2.2246,6.0,7.0,5.0
T,1,4532018151880771,1.4341,1.0,1.0,1.0,1.0,2.0,4.0,2.8278,8.0,4.0,3.8125
T,1,4242423832110708,2.6458,1.0,1.0,1.0,1.0,1.0,4.0,2.7028,7.0,4.0,3.1875
T,1,4111113729791375,2.9734,1.0,1.0,1.0,1.0,0.0,4.0,2.4835,7.0,6.0,3.875
T,1,4111114917567387,3.8025,1.0,1.0,1.0,1.0,0.0,4.0,2.6085,8.0,6.0,4.125
T,1,4242420890833569,3.2949,1.0,1.0,1.0,1.0,1.0,4.0,2.9056,8.0,3.0,4.3125
T,1,4111117169995917,4.7506,1.0,1.0,1.0,1.0,0.0,4.0,2.1468,6.0,7.0,4.5
T,1,4532014589871342,3.1013,1.0,1.0,1.0,1.0,2.0,4.0,3.0778,9.0,3.0,4.125
T,1,4111116363725609,3.4023,1.0,1.0,1.0,1.0,0.0,4.0,2.8522,9.0,5.0,3.5
T,1,4111115792230207,3.8059,1.0,1.0,1.0,1.0,0.0,4.0,2.7272,8.0,5.0,2.875
T,1,5105105686246554,2.063,1.0,1.0,1.0,1.0,3.0,5.0,2.6022,7.0,5.0,3.9375
T,1,4111115896718594,4.0184,1.0,1.0,1.0,1.0,0.0,4.0,2.5306,7.0,6.0,4.4375
T,1,4532019576858095,4.097,1.0,1.0,1.0,1.0,2.0,4.0,3.125,10.0,4.0,4.8125
T,1,4111114209109609,2.2277,1.0,1.0,1.0,1.0,0.0,4.0,2.3113,6.0,6.0,3.0625
T,1,5555559771219006,2.2972,1.0,1.0,1.0,1.0,4.0,5.0,2.5306,7.0,6.0,4.5
T,1,4111116166240129,2.787,1.0,1.0,1.0,1.0,0.0,4.0,2.2246,6.0,7.0,2.875
T,1,4111111672164798,3.31,1.0,1.0,1.0,1.0,0.0,4.0,2.3968,7.0,7.0,3.75
T,1,4111113427091045,3.328,1.0,1.0,1.0,1.0,0.0,4.0,2.6085,8.0,6.0,2.75
T,1,4111117531762284,3.8392,1.0,1.0,1.0,1.0,0.0,4.0,2.6556,8.0,6.0,3.375
T,1,4242422729660411,2.0392,1.0,1.0,1.0,1.0,1.0,4.0,2.5244,7.0,5.0,3.5
T,1,4242423812388134,2.9992,1.0,1.0,1.0,1.0,1.0,4.0,2.2806,5.0,4.0,3.6875
T,1,4111110717797844,3.1921,1.0,1.0,1.0,1.0,0.0,4.0,2.2335,6.0,6.0,3.9375
T,1,4111117738205848,3.3413,1.0,1.0,1.0,1.0,0.0,4.0,2.7272,8.0,5.0,3.8125
T,1,4242423892919550,2.4951,1.0,1.0,1.0,1.0,1.0,4.0,2.7806,8.0,4.0,4.3125
T,1,4111114333158241,2.8054,1.0,1.0,1.0,1.0,0.0,4.0,2.1774,6.0,7.0,2.6875
T,1,4111115828396477,3.4755,1.0,1.0,1.0,1.0,0.0,4.0,2.8994,9.0,5.0,4.25
T,1,4111119087561870,3.8268,1.0,1.0,1.0,1.0,0.0,4.0,2.6556,8.0,6.0,3.75
T,1,5555556879402534,0.431,1.0,1.0,1.0,1.0,4.0,5.0,2.6468,9.0,7.0,4.875
T,1,4111115049955036,3.6103,1.0,1.0,1.0,1.0,0.0,4.0,2.6022,7.0,5.0,3.4375
T,1,4242420727405045,3.0731,1.0,1.0,1.0,1.0,1.0,4.0,2.2272,5.0,5.0,3.25
T,1,4242424224255143,2.6175,1.0,1.0,1.0,1.0,1.0,4.0,1.9363,5.0,6.0,3.125
T,1,4242428190136864,2.545,1.0,1.0,1.0,1.0,1.0,4.0,2.8278,8.0,4.0,4.0
T,1,4532018241030734,2.1347,1.0,1.0,1.0,1.0,2.0,4.0,2.8585,8.0,3.0,2.9375
T,1,5105108856640341,2.1291,1.0,1.0,1.0,1.0,3.0,5.0,2.7335,7.0,3.0,3.5625
T,1,4532010878254760,3.0751,1.0,1.0,1.0,1.0,2.0,4.0,3.0778,9.0,3.0,3.875
T,1,4532011214664803,1.4266,1.0,1.0,1.0,1.0,2.0,4.0,2.9056,8.0,3.0,3.125
T,1,5105109891660427,2.0015,1.0,1.0,1.0,1.0,3.0,5.0,3.0306,9.0,3.0,4.0
T,1,4111110111432550,3.437,1.0,1.0,1.0,1.0,0.0,4.0,2.125,6.0,8.0,1.9375
T,1,4111115312254273,2.9358,1.0,1.0,1.0,1.0,0.0,4.0,2.3585,6.0,6.0,2.6875
T,1,4242425969839348,2.9319,1.0,1.0,1.0,1.0,1.0,4.0,2.6556,7.0,4.0,5.125
T,1,4242426375095111,2.9535,1.0,1.0,1.0,1.0,1.0,4.0,2.9835,9.0,3.0,3.5
T,1,5555550313864425,1.5985,1.0,1.0,1.0,1.0,4.0,5.0,2.5218,8.0,7.0,4.125
T,1,5555554832042489,2.1093,1.0,1.0,1.0,1.0,4.0,5.0,2.4835,7.0,6.0,4.625
T,1,5105103245232579,1.5574,1.0,1.0,1.0,1.0,3.0,5.0,2.8278,8.0,4.0,3.375
T,1,4532014301832507,1.6592,1.0,1.0,1.0,1.0,2.0,4.0,2.9056,8.0,3.0,3.0
T,1,4242426323321023,1.7104,1.0,1.0,1.0,1.0,1.0,4.0,2.2335,6.0,6.0,2.6875
T,1,4111111514033094,3.1283,1.0,1.0,1.0,1.0,0.0,4.0,2.2246,6.0,7.0,2.4375
T,1,4111110483633835,3.0186,1.0,1.0,1.0,1.0,0.0,4.0,2.5244,7.0,5.0,3.25
T,1,4111110554962493,3.4791,1.0,1.0,1.0,1.0,0.0,4.0,2.7272,8.0,5.0,3.5
T,1,4532018050608216,1.6246,1.0,1.0,1.0,1.0,2.0,4.0,2.875,8.0,4.0,3.1875
T,1,4111119408194518,3.658,1.0,1.0,1.0,1.0,0.0,4.0,2.2246,6.0,7.0,3.625
T,1,4111119426647091,3.0027,1.0,1.0,1.0,1.0,0.0,4.0,2.4835,7.0,6.0,3.5625
T,1,4111112418628534,3.0737,1.0,1.0,1.0,1.0,0.0,4.0,2.4835,7.0,6.0,3.25
T,1,5555555970142619,2.2009,1.0,1.0,1.0,1.0,4.0,5.0,2.5218,8.0,7.0,4.625
T,1,4242427103299215,2.9032,1.0,1.0,1.0,1.0,1.0,4.0,2.7272,8.0,5.0,3.5625
T,1,4111111777077705,3.5432,1.0,1.0,1.0,1.0,0.0,4.0,1.9363,5.0,6.0,3.5625
T,1,4242425973831307,3.5224,1.0,1.0,1.0,1.0,1.0,4.0,2.9835,9.0,3.0,4.0
T,1,4532014143941706,1.9447,1.0,1.0,1.0,1.0,2.0,4.0,2.9528,9.0,4.0,3.375
T,1,4111111045530246,3.672,1.0,1.0,1.0,1.0,0.0,4.0,2.4835,7.0,6.0,2.4375
T,1,5555550769213648,1.4241,1.0,1.0,1.0,1.0,4.0,5.0,2.9056,10.0,6.0,4.75
T,1,4242423320607066,2.5619,1.0,1.0,1.0,1.0,1.0,4.0,2.4835,6.0,4.0,3.1875
T,1,4111117580532505,3.7693,1.0,1.0,1.0,1.0,0.0,4.0,2.6494,8.0,5.0,3.0625
T,1,4242424155874524,2.112,1.0,1.0,1.0,1.0,1.0,4.0,2.2335,6.0,6.0,3.9375
T,1,4111113526263701,3.3032,1.0,1.0,1.0,1.0,0.0,4.0,2.6556,8.0,6.0,2.75
T,1,4242420210937868,2.6184,1.0,1.0,1.0,1.0,1.0,4.0,2.9528,9.0,4.0,3.875
T,1,4242422983819794,3.4561,1.0,1.0,1.0,1.0,1.0,4.0,2.5778,7.0,4.0,4.875
T,1,4242427191489280,2.1624,1.0,1.0,1.0,1.0,1.0,4.0,2.625,7.0,4.0,4.1875
T,1,4111111292687160,3.1953,1.0,1.0,1.0,1.0,0.0,4.0,2.5218,8.0,7.0,3.1875
T,1,4532012712387533,1.2111,1.0,1.0,1.0,1.0,2.0,4.0,2.8278,8.0,4.0,3.5
T,1,4111110661586680,2.9972,1.0,1.0,1.0,1.0,0.0,4.0,2.2806,6.0,6.0,3.4375
T,1,4242422815712274,2.4684,1.0,1.0,1.0,1.0,1.0,4.0,2.2806,6.0,6.0,3.5625
T,1,4111119576279737,3.8626,1.0,1.0,1.0,1.0,0.0,4.0,2.6494,8.0,5.0,4.4375
T,1,5555553975771458,1.1725,1.0,1.0,1.0,1.0,4.0,5.0,2.2028,7.0,8.0,5.375
T,1,4242424609342581,3.2642,1.0,1.0,1.0,1.0,1.0,4.0,2.7744,9.0,5.0,3.75
T,1,4111113223131706,1.6892,1.0,1.0,1.0,1.0,0.0,4.0,2.3496,7.0,7.0,2.3125
T,1,4111115589358237,3.7298,1.0,1.0,1.0,1.0,0.0,4.0,2.7272,8.0,5.0,4.0
T,1,4111115827336615,3.5501,1.0,1.0,1.0,1.0,0.0,4.0,2.6556,8.0,6.0,3.4375
T,1,4111112632122033,1.0128,1.0,1.0,1.0,1.0,0.0,4.0,2.2335,6.0,6.0,2.0625
T,1,4111114445844688,3.6762,1.0,1.0,1.0,1.0,0.0,4.0,2.0079,5.0,6.0,4.0
T,1,4111113901005065,2.1359,1.0,1.0,1.0,1.0,0.0,4.0,2.4056,7.0,6.0,2.375
T,1,4111117504573403,3.6203,1.0,1.0,1.0,1.0,0.0,4.0,2.4772,6.0,5.0,2.9375
T,1,4242427154678150,2.3419,1.0,1.0,1.0,1.0,1.0,4.0,2.8278,8.0,4.0,3.875
T,1,4242426561145860,2.5849,1.0,1.0,1.0,1.0,1.0,4.0,2.6556,7.0,4.0,3.75
T,1,5555552785368216,2.0969,1.0,1.0,1.0,1.0,4.0,5.0,2.3968,7.0,7.0,4.875
T,1,4242422265611356,2.6709,1.0,1.0,1.0,1.0,1.0,4.0,2.43,6.0,5.0,3.4375
T,1,4111117229480967,3.6546,1.0,1.0,1.0,1.0,0.0,4.0,2.7744,8.0,5.0,3.9375
T,1,4111114498200655,3.8201,1.0,1.0,1.0,1.0,0.0,4.0,2.7272,8.0,5.0,3.25
T,1,4242424379751995,2.6438,1.0,1.0,1.0,1.0,1.0,4.0,2.6556,7.0,4.0,4.8125
T,1,4111113337796097,3.6987,1.0,1.0,1.0,1.0,0.0,4.0,2.555,7.0,5.0,3.9375
T,1,4111113058261677,3.8935,1.0,1.0,1.0,1.0,0.0,4.0,2.7806,9.0,6.0,3.375
T,1,4242423554203756,2.9219,1.0,1.0,1.0,1.0,1.0,4.0,2.5778,7.0,4.0,3.625
T,1,4111110708534917,3.9364,1.0,1.0,1.0,1.0,0.0,4.0,2.6556,8.0,6.0,3.3125
T,1,4111118494561705,3.8018,1.0,1.0,1.0,1.0,0.0,4.0,2.6085,8.0,6.0,3.625
T,1,4111114344701070,3.7438,1.0,1.0,1.0,1.0,0.0,4.0,2.1085,5.0,6.0,2.4375
T,1,4111116166558926,3.4259,1.0,1.0,1.0,1.0,0.0,4.0,2.4056,7.0,6.0,3.9375
T,1,4532012777164678,1.695,1.0,1.0,1.0,1.0,2.0,4.0,3.0,9.0,4.0,4.375
T,1,4111110342862450,4.1679,1.0,1.0,1.0,1.0,0.0,4.0,2.7272,8.0,5.0,2.6875
T,1,5555555063430079,1.2162,1.0,1.0,1.0,1.0,4.0,5.0,2.3496,7.0,7.0,4.1875
T,1,6011004651612281,1.739,1.0,1.0,1.0,1.0,5.0,6.0,2.555,7.0,5.0,2.75
T,1,4532013250889864,3.1612,1.0,1.0,1.0,1.0,2.0,4.0,3.0778,9.0,3.0,4.25
T,1,6011005009809123,1.6588,1.0,1.0,1.0,1.0,5.0,6.0,2.6085,8.0,6.0,2.8125
T,1,4242422048700021,2.7038,1.0,1.0,1.0,1.0,1.0,4.0,2.2744,6.0,5.0,2.625
T,1,4111119046954588,3.8081,1.0,1.0,1.0,1.0,0.0,4.0,2.6022,7.0,5.0,4.1875
T,1,4242422362365658,3.0519,1.0,1.0,1.0,1.0,1.0,4.0,2.43,6.0,5.0,4.0
T,1,4242425662145084,2.4151,1.0,1.0,1.0,1.0,1.0,4.0,2.5244,7.0,5.0,3.6875
T,1,6011005154395654,0.5057,1.0,1.0,1.0,1.0,5.0,6.0,2.6556,7.0,4.0,3.4375
T,1,4111110521628243,4.0658,1.0,1.0,1.0,1.0,0.0,4.0,2.6085,8.0,6.0,2.625
T,1,4242420187779616,2.8711,1.0,1.0,1.0,1.0,1.0,4.0,2.8585,8.0,3.0,4.375
T,1,4111111665346386,3.1364,1.0,1.0,1.0,1.0,0.0,4.0,2.2806,6.0,6.0,3.5625
T,1,4111119851713202,2.9689,1.0,1.0,1.0,1.0,0.0,4.0,2.6468,9.0,7.0,2.9375
T,1,6011005617059582,-0.1497,1.0,1.0,1.0,1.0,5.0,6.0,2.7806,8.0,4.0,3.5
T,1,6011001745706236,0.1877,1.0,1.0,1.0,1.0,5.0,6.0,2.7806,8.0,4.0,3.0625
T,1,5555556499038627,1.277,1.0,1.0,1.0,1.0,4.0,5.0,2.7806,9.0,6.0,5.25
T,1,4111110551785186,2.5369,1.0,1.0,1.0,1.0,0.0,4.0,2.3496,7.0,7.0,3.4375
T,1,4111113464357143,2.1363,1.0,1.0,1.0,1.0,0.0,4.0,2.2335,6.0,6.0,3.0625
T,1,4111112385825881,3.3668,1.0,1.0,1.0,1.0,0.0,4.0,2.2806,6.0,6.0,3.6875
T,1,4111117891930497,3.4922,1.0,1.0,1.0,1.0,0.0,4.0,2.4835,7.0,6.0,4.125
T,1,5555552534872229,2.4727,1.0,1.0,1.0,1.0,4.0,5.0,2.2718,7.0,7.0,4.625
T,1,4532011497198461,2.866,1.0,1.0,1.0,1.0,2.0,4.0,3.0778,10.0,4.0,4.0625
T,1,4532017478240289,2.2275,1.0,1.0,1.0,1.0,2.0,4.0,3.0306,9.0,3.0,4.125
T,1,4111113032210634,2.4679,1.0,1.0,1.0,1.0,0.0,4.0,2.3585,6.0,6.0,2.0625
T,1,5555559291206889,2.4054,1.0,1.0,1.0,1.0,4.0,5.0,2.4835,7.0,6.0,5.25
T,1,5555558844658661,1.369,1.0,1.0,1.0,1.0,4.0,5.0,2.0524,5.0,7.0,5.375
T,1,4111113255112152,3.777,1.0,1.0,1.0,1.0,0.0,4.0,1.9056,5.0,8.0,2.25
T,1,4532011331158077,1.7155,1.0,1.0,1.0,1.0,2.0,4.0,2.8278,8.0,4.0,3.1875
T,1,4111116039844529,3.8646,1.0,1.0,1.0,1.0,0.0,4.0,2.8522,9.0,5.0,3.6875
T,1,4111113605176980,3.8935,1.0,1.0,1.0,1.0,0.0,4.0,2.7806,9.0,6.0,3.375
T,1,4532013333503565,1.8115,1.0,1.0,1.0,1.0,2.0,4.0,2.4056,7.0,6.0,3.1875
T,1,4111118703563013,3.3812,1.0,1.0,1.0,1.0,0.0,4.0,2.6085,8.0,6.0,2.8125
T,1,4242422130707231,2.8038,1.0,1.0,1.0,1.0,1.0,4.0,2.4772,6.0,5.0,2.75
T,1,4111115507632234,3.8782,1.0,1.0,1.0,1.0,0.0,4.0,2.7744,8.0,5.0,2.875
T,1,4111111505035363,2.5339,1.0,1.0,1.0,1.0,0.0,4.0,2.3113,6.0,6.0,2.5
T,1,4242421793455880,2.841,1.0,1.0,1.0,1.0,1.0,4.0,2.9528,9.0,4.0,4.25
T,1,4111112426702396,3.26,1.0,1.0,1.0,1.0,0.0,4.0,2.7272,8.0,5.0,3.125
T,1,4111115620774657,3.8788,1.0,1.0,1.0,1.0,0.0,4.0,2.6022,7.0,5.0,3.625
T,1,4242429119914753,2.1624,1.0,1.0,1.0,1.0,1.0,4.0,2.6085,7.0,4.0,4.1875
T,1,5555550089140828,1.2872,1.0,1.0,1.0,1.0,4.0,5.0,2.4363,7.0,6.0,4.375
T,1,5555556668796831,2.7796,1.0,1.0,1.0,1.0,4.0,5.0,2.4056,7.0,6.0,5.625
T,1,4111118013812662,2.6588,1.0,1.0,1.0,1.0,0.0,4.0,2.3968,7.0,7.0,2.875
T,1,4111119252301342,3.672,1.0,1.0,1.0,1.0,0.0,4.0,2.4835,7.0,6.0,2.5
T,1,4111117525716569,2.9734,1.0,1.0,1.0,1.0,0.0,4.0,2.4835,7.0,6.0,3.875
T,1,4111114886190724,3.8018,1.0,1.0,1.0,1.0,0.0,4.0,2.6085,8.0,6.0,3.625
T,1,5105109945067132,2.4487,1.0,1.0,1.0,1.0,3.0,5.0,2.9835,9.0,3.0,3.625
T,1,4111115614710634,2.1003,1.0,1.0,1.0,1.0,0.0,4.0,2.3496,7.0,7.0,2.875
T,1,5555551300607959,0.9857,1.0,1.0,1.0,1.0,4.0,5.0,2.3496,7.0,7.0,4.375
T,1,4111111929699281,4.1133,1.0,1.0,1.0,1.0,0.0,4.0,2.1468,6.0,7.0,4.0625
T,1,4111119642450015,2.898,1.0,1.0,1.0,1.0,0.0,4.0,2.4835,7.0,6.0,2.8125
T,1,4242425171332140,2.8593,1.0,1.0,1.0,1.0,1.0,4.0,2.5778,7.0,4.0,2.8125
T,1,4242427580954282,2.514,1.0,1.0,1.0,1.0,1.0,4.0,2.5244,7.0,5.0,4.25
T,1,4111110126399513,3.3883,1.0,1.0,1.0,1.0,0.0,4.0,2.5218,8.0,7.0,3.0
T,1,4242429050060574,2.984,1.0,1.0,1.0,1.0,1.0,4.0,2.5778,7.0,4.0,3.375
T,1,5105107544220490,1.444,1.0,1.0,1.0,1.0,3.0,5.0,2.6556,7.0,4.0,3.0625
T,1,4111117518595897,4.155,1.0,1.0,1.0,1.0,0.0,4.0,2.3585,6.0,6.0,4.5625
T,1,4111113306308973,3.8595,1.0,1.0,1.0,1.0,0.0,4.0,2.6494,8.0,5.0,3.1875
T,1,5105101495263385,1.8541,1.0,1.0,1.0,1.0,3.0,5.0,2.9528,9.0,4.0,3.625
T,1,4242427669474293,3.4061,1.0,1.0,1.0,1.0,1.0,4.0,2.3994,6.0,5.0,4.6875
T,1,4532019850414862,3.0751,1.0,1.0,1.0,1.0,2.0,4.0,3.0778,9.0,3.0,3.875
T,1,4111112416507730,3.3032,1.0,1.0,1.0,1.0,0.0,4.0,2.6556,8.0,6.0,2.75
T,1,4242427612796685,3.1721,1.0,1.0,1.0,1.0,1.0,4.0,2.7806,8.0,4.0,4.6875
T,1,4242429364812157,2.6465,1.0,1.0,1.0,1.0,1.0,4.0,2.875,9.0,4.0,4.0
T,1,4532011306874773,2.0673,1.0,1.0,1.0,1.0,2.0,4.0,3.0306,9.0,3.0,3.8125
T,1,4532011658162124,1.7155,1.0,1.0,1.0,1.0,2.0,4.0,2.8278,8.0,4.0,3.1875
T,1,6011009480728844,0.2073,1.0,1.0,1.0,1.0,5.0,6.0,2.7806,8.0,4.0,3.875
T,1,4111110891764206,3.8152,1.0,1.0,1.0,1.0,0.0,4.0,2.6556,8.0,6.0,3.25
T,1,4111111561160469,3.9873,1.0,1.0,1.0,1.0,0.0,4.0,2.0778,6.0,8.0,3.0
T,1,5555559226624800,1.5558,1.0,1.0,1.0,1.0,4.0,5.0,2.4835,7.0,6.0,4.3125
T,1,4242420991256702,3.0919,1.0,1.0,1.0,1.0,1.0,4.0,2.7272,8.0,5.0,3.6875
T,1,4242421432888384,1.4375,1.0,1.0,1.0,1.0,1.0,4.0,2.1494,5.0,5.0,4.1875
T,1,4242426708868861,2.4812,1.0,1.0,1.0,1.0,1.0,4.0,2.6085,7.0,4.0,4.75
T,1,4111118355786607,3.9403,1.0,1.0,1.0,1.0,0.0,4.0,2.7744,8.0,5.0,4.0
T,1,4242426810984093,2.5045,1.0,1.0,1.0,1.0,1.0,4.0,2.8278,8.0,4.0,4.125
T,1,4242428289734009,2.4478,1.0,1.0,1.0,1.0,1.0,4.0,2.625,7.0,4.0,4.25
T,1,4532014456582303,1.6397,1.0,1.0,1.0,1.0,2.0,4.0,2.8585,8.0,3.0,3.4375
T,1,4242428723566116,2.2933,1.0,1.0,1.0,1.0,1.0,4.0,2.7806,8.0,4.0,3.9375
T,1,5105100436802103,2.9899,1.0,1.0,1.0,1.0,3.0,5.0,2.7272,8.0,5.0,2.4375
T,1,4242424586506281,2.2461,1.0,1.0,1.0,1.0,1.0,4.0,2.625,7.0,4.0,3.9375
T,1,4111116381096355,3.5501,1.0,1.0,1.0,1.0,0.0,4.0,2.6556,8.0,6.0,3.4375
T,1,4532015197551937,1.468,1.0,1.0,1.0,1.0,2.0,4.0,2.8278,8.0,4.0,4.1875
T,1,4111115523476855,3.8242,1.0,1.0,1.0,1.0,0.0,4.0,2.6494,8.0,5.0,3.6875
T,1,5555551990526048,2.2009,1.0,1.0,1.0,1.0,4.0,5.0,2.5218,8.0,7.0,4.625
T,1,4532010793609312,1.3751,1.0,1.0,1.0,1.0,2.0,4.0,3.0306,9.0,3.0,3.4375
T,1,4111112901194564,2.0198,1.0,1.0,1.0,1.0,0.0,4.0,2.3496,7.0,7.0,3.125
T,1,4111116237068558,3.2342,1.0,1.0,1.0,1.0,0.0,4.0,2.8994,9.0,5.0,3.6875
T,1,4111119042433603,3.9931,1.0,1.0,1.0,1.0,0.0,4.0,2.555,7.0,5.0,2.6875
T,1,4111119199693983,4.4705,1.0,1.0,1.0,1.0,0.0,4.0,2.18,6.0,6.0,4.6875
T,1,5105105527505291,1.5119,1.0,1.0,1.0,1.0,3.0,5.0,2.3113,6.0,6.0,3.3125
T,1,4242422176994487,3.1657,1.0,1.0,1.0,1.0,1.0,4.0,2.5244,7.0,5.0,4.6875
T,1,4242420844215327,3.2681,1.0,1.0,1.0,1.0,1.0,4.0,2.5488,8.0,5.0,3.375
T,1,6011006268939429,1.043,1.0,1.0,1.0,1.0,5.0,6.0,2.8585,8.0,3.0,4.125
T,1,5105100000090309,1.2027,1.0,1.0,1.0,1.0,3.0,5.0,1.8419,5.0,9.0,2.0625
T,1,4111114396255926,3.7327,1.0,1.0,1.0,1.0,0.0,4.0,2.6494,7.0,5.0,3.75
T,1,4111118206785444,3.6355,1.0,1.0,1.0,1.0,0.0,4.0,2.6494,8.0,5.0,3.5625
T,1,5105104501189313,2.3824,1.0,1.0,1.0,1.0,3.0,5.0,2.555,7.0,5.0,2.9375
T,1,4111113905531793,3.2039,1.0,1.0,1.0,1.0,0.0,4.0,2.4835,7.0,6.0,3.375
T,1,4242424034204885,2.2715,1.0,1.0,1.0,1.0,1.0,4.0,2.2806,6.0,6.0,3.5
T,1,4111113329078876,2.9405,1.0,1.0,1.0,1.0,0.0,4.0,2.8994,9.0,5.0,3.875
T,1,4532011273848537,2.4253,1.0,1.0,1.0,1.0,2.0,4.0,2.9528,8.0,3.0,3.9375
T,1,5555554148112034,1.8647,1.0,1.0,1.0,1.0,4.0,5.0,2.4363,7.0,6.0,3.625
T,1,4532015753248795,1.695,1.0,1.0,1.0,1.0,2.0,4.0,3.0,9.0,4.0,4.375
T,1,5105103806618794,2.0015,1.0,1.0,1.0,1.0,3.0,5.0,3.0306,9.0,3.0,4.0
T,1,6011000273303473,1.9753,1.0,1.0,1.0,1.0,5.0,6.0,2.5244,7.0,5.0,2.5
T,1,4111117435850433,3.8448,1.0,1.0,1.0,1.0,0.0,4.0,2.555,7.0,5.0,3.1875
T,1,4242425646302553,2.895,1.0,1.0,1.0,1.0,1.0,4.0,2.4528,6.0,4.0,3.5625
T,1,4242424411801907,3.2736,1.0,1.0,1.0,1.0,1.0,4.0,2.555,7.0,5.0,3.3125
T,1,4242420383116076,3.2697,1.0,1.0,1.0,1.0,1.0,4.0,2.9056,8.0,3.0,3.3125
T,1,4242420239130396,2.6389,1.0,1.0,1.0,1.0,1.0,4.0,2.6556,7.0,4.0,3.375
T,1,4111117540036167,3.3194,1.0,1.0,1.0,1.0,0.0,4.0,2.5306,7.0,6.0,3.0
T,1,6011000334998337,0.5064,1.0,1.0,1.0,1.0,5.0,6.0,2.75,8.0,4.0,3.5625
T,1,5555552451235756,2.1723,1.0,1.0,1.0,1.0,4.0,5.0,2.0919,7.0,9.0,4.375
T,1,4111111567205458,3.8401,1.0,1.0,1.0,1.0,0.0,4.0,2.6085,8.0,6.0,3.25
T,1,4111110534037226,4.2401,1.0,1.0,1.0,1.0,0.0,4.0,2.7744,8.0,5.0,2.5625
T,1,5105105861625432,1.5574,1.0,1.0,1.0,1.0,3.0,5.0,2.8278,8.0,4.0,3.375
T,1,4242428597394355,2.3987,1.0,1.0,1.0,1.0,1.0,4.0,2.6556,7.0,4.0,4.75
T,1,4111112104900262,2.8187,1.0,1.0,1.0,1.0,0.0,4.0,2.3113,6.0,6.0,2.1875
T,1,4532015035276366,2.1349,1.0,1.0,1.0,1.0,2.0,4.0,2.8585,8.0,3.0,3.625
T,1,4242422126624051,2.4102,1.0,1.0,1.0,1.0,1.0,4.0,2.2806,6.0,6.0,2.9375
T,1,4242420127844520,2.8234,1.0,1.0,1.0,1.0,1.0,4.0,2.4238,7.0,5.0,3.1875
T,1,4532013094461433,1.9234,1.0,1.0,1.0,1.0,2.0,4.0,2.75,8.0,4.0,3.25
T,1,4242423727347910,2.6882,1.0,1.0,1.0,1.0,1.0,4.0,2.5778,7.0,4.0,3.8125
T,1,4111114245124661,2.0741,1.0,1.0,1.0,1.0,0.0,4.0,2.0218,5.0,7.0,2.75
T,1,4111110707677303,2.3071,1.0,1.0,1.0,1.0,0.0,4.0,2.3522,6.0,5.0,3.0625
T,1,5105109079203610,2.0165,1.0,1.0,1.0,1.0,3.0,5.0,2.7272,8.0,5.0,3.0625
T,1,4111112099689847,3.8173,1.0,1.0,1.0,1.0,0.0,4.0,2.7272,8.0,5.0,4.4375
T,1,5555556385233423,2.3231,1.0,1.0,1.0,1.0,4.0,5.0,2.1468,6.0,7.0,4.3125
T,1,6011004909855781,0.4217,1.0,1.0,1.0,1.0,5.0,6.0,2.8278,8.0,4.0,4.0
T,1,4111117499167963,3.193,1.0,1.0,1.0,1.0,0.0,4.0,2.3585,6.0,6.0,4.375
T,1,5105104948161610,2.3259,1.0,1.0,1.0,1.0,3.0,5.0,2.6022,7.0,5.0,3.25
T,1,4242420848828661,2.9415,1.0,1.0,1.0,1.0,1.0,4.0,2.375,6.0,4.0,4.3125
T,1,5105106874094368,2.7551,1.0,1.0,1.0,1.0,3.0,5.0,3.0778,9.0,3.0,4.1875
T,1,4242429521808734,2.606,1.0,1.0,1.0,1.0,1.0,4.0,2.875,9.0,4.0,4.0625
T,1,4111111370616495,3.1953,1.0,1.0,1.0,1.0,0.0,4.0,2.5218,8.0,7.0,3.1875
T,1,4242429328885711,2.1775,1.0,1.0,1.0,1.0,1.0,4.0,2.7806,8.0,4.0,4.375
T,1,4532010651399535,1.4341,1.0,1.0,1.0,1.0,2.0,4.0,2.8278,8.0,4.0,3.8125
T,1,4242429183859132,2.1024,1.0,1.0,1.0,1.0,1.0,4.0,2.7028,7.0,4.0,4.1875
T,1,4111113013183446,2.8054,1.0,1.0,1.0,1.0,0.0,4.0,2.1774,6.0,7.0,2.625
T,1,4242420119882231,3.2736,1.0,1.0,1.0,1.0,1.0,4.0,2.555,7.0,5.0,3.3125
T,1,5105101998166358,1.4685,1.0,1.0,1.0,1.0,3.0,5.0,2.7028,7.0,4.0,4.25
T,1,4242424821665447,2.7299,1.0,1.0,1.0,1.0,1.0,4.0,2.4056,7.0,6.0,4.0625
T,1,4111113759427015,3.8152,1.0,1.0,1.0,1.0,0.0,4.0,2.6556,8.0,6.0,3.25
T,1,4242426986168687,3.3883,1.0,1.0,1.0,1.0,1.0,4.0,2.6085,7.0,4.0,5.1875
T,1,4532015612805280,2.1731,1.0,1.0,1.0,1.0,2.0,4.0,2.8585,8.0,3.0,3.25
T,1,5555553531601397,1.3449,1.0,1.0,1.0,1.0,4.0,5.0,2.3496,7.0,7.0,4.25
T,1,4532014120856216,1.4266,1.0,1.0,1.0,1.0,2.0,4.0,2.9056,8.0,3.0,3.125
T,1,5105107223473790,1.7065,1.0,1.0,1.0,1.0,3.0,5.0,2.9056,8.0,3.0,3.5
T,1,4111119369027137,3.5269,1.0,1.0,1.0,1.0,0.0,4.0,2.6556,8.0,6.0,3.5
T,1,5555551939991287,1.3582,1.0,1.0,1.0,1.0,4.0,5.0,2.4056,7.0,6.0,5.5
T,1,4242422244593774,2.8579,1.0,1.0,1.0,1.0,1.0,4.0,2.18,6.0,6.0,4.0625
T,1,4111118693131912,3.2949,1.0,1.0,1.0,1.0,0.0,4.0,2.25,7.0,8.0,3.25
T,1,5105107359528680,1.8351,1.0,1.0,1.0,1.0,3.0,5.0,2.9528,9.0,4.0,4.0625
T,1,4111114509876931,3.3199,1.0,1.0,1.0,1.0,0.0,4.0,2.7806,9.0,6.0,3.8125
T,1,4242429984983586,2.865,1.0,1.0,1.0,1.0,1.0,4.0,2.6085,7.0,4.0,5.4375
T,1,6011002391289600,1.4197,1.0,1.0,1.0,1.0,5.0,6.0,2.6022,7.0,5.0,3.0
T,1,4111111706210435,2.9778,1.0,1.0,1.0,1.0,0.0,4.0,2.5218,8.0,7.0,2.375
T,1,4111113343709027,3.9114,1.0,1.0,1.0,1.0,0.0,4.0,2.6022,7.0,5.0,2.9375
T,1,4111112675642525,3.7483,1.0,1.0,1.0,1.0,0.0,4.0,2.43,6.0,5.0,3.3125
T,1,4111117391174117,3.8571,1.0,1.0,1.0,1.0,0.0,4.0,1.7947,5.0,9.0,3.125
T,1,4242427219215964,2.4022,1.0,1.0,1.0,1.0,1.0,4.0,2.5244,7.0,5.0,4.0
T,1,5105106143398988,2.3176,1.0,1.0,1.0,1.0,3.0,5.0,2.9056,8.0,3.0,4.4375
T,1,4242426250755037,2.5351,1.0,1.0,1.0,1.0,1.0,4.0,2.6556,7.0,4.0,3.625
T,1,4111116024584262,3.6671,1.0,1.0,1.0,1.0,0.0,4.0,2.555,7.0,5.0,3.0
T,1,5105102375499602,1.8691,1.0,1.0,1.0,1.0,3.0,5.0,3.0306,9.0,3.0,3.6875
T,1,4111116584055117,2.5226,1.0,1.0,1.0,1.0,0.0,4.0,2.3496,7.0,7.0,3.1875
T,1,4242424134712167,2.1604,1.0,1.0,1.0,1.0,1.0,4.0,2.3522,6.0,5.0,3.375
T,1,4111119329457531,3.349,1.0,1.0,1.0,1.0,0.0,4.0,2.5306,7.0,6.0,3.5625
T,1,4111111768818653,2.6498,1.0,1.0,1.0,1.0,0.0,4.0,2.3496,7.0,7.0,3.875
T,1,4242424356430241,2.019,1.0,1.0,1.0,1.0,1.0,4.0,2.4056,7.0,6.0,3.125
T,1,4532010086666417,2.0237,1.0,1.0,1.0,1.0,2.0,4.0,2.9528,9.0,4.0,3.6875
T,1,5555558007622173,1.8007,1.0,1.0,1.0,1.0,4.0,5.0,2.6556,8.0,6.0,4.125
T,1,4532010632410815,1.4443,1.0,1.0,1.0,1.0,2.0,4.0,2.9056,8.0,3.0,2.8125
T,1,4111118699612337,3.4919,1.0,1.0,1.0,1.0,0.0,4.0,2.6556,8.0,6.0,3.9375
T,1,4111118052301312,2.3951,1.0,1.0,1.0,1.0,0.0,4.0,2.3968,7.0,7.0,2.125
T,1,4111112422192600,2.6635,1.0,1.0,1.0,1.0,0.0,4.0,2.2806,6.0,6.0,2.3125
T,1,4111111290708174,2.8603,1.0,1.0,1.0,1.0,0.0,4.0,2.3968,7.0,7.0,3.0
T,1,5105105790030571,1.1504,1.0,1.0,1.0,1.0,3.0,5.0,2.3522,6.0,5.0,3.0625
T,1,6011006351320255,2.3001,1.0,1.0,1.0,1.0,5.0,6.0,2.5306,6.0,4.0,2.5
T,1,4111112790045547,3.9513,1.0,1.0,1.0,1.0,0.0,4.0,2.6022,7.0,5.0,3.25
T,1,4111117415969278,3.5521,1.0,1.0,1.0,1.0,0.0,4.0,2.6556,8.0,6.0,4.1875
T,1,5105102396964527,2.8349,1.0,1.0,1.0,1.0,3.0,5.0,3.0778,9.0,3.0,4.0625
T,1,5555558761260376,1.7844,1.0,1.0,1.0,1.0,4.0,5.0,2.6085,8.0,6.0,4.75
T,1,4242427931331396,2.1636,1.0,1.0,1.0,1.0,1.0,4.0,2.6556,7.0,4.0,3.9375
T,1,6011006035840629,1.0391,1.0,1.0,1.0,1.0,5.0,6.0,2.8522,9.0,5.0,3.1875
T,1,4111118180897967,4.1295,1.0,1.0,1.0,1.0,0.0,4.0,2.4835,7.0,6.0,4.5
T,1,4111113884366047,3.8788,1.0,1.0,1.0,1.0,0.0,4.0,2.6022,7.0,5.0,3.625
T,1,4242427632655135,2.1473,1.0,1.0,1.0,1.0,1.0,4.0,2.6556,7.0,4.0,3.8125
T,1,4111115376216259,3.5501,1.0,1.0,1.0,1.0,0.0,4.0,2.6556,8.0,6.0,3.4375
T,1,6011001096882438,0.2066,1.0,1.0,1.0,1.0,5.0,6.0,2.7806,8.0,4.0,3.5625
T,1,4111114493703406,3.1825,1.0,1.0,1.0,1.0,0.0,4.0,2.5244,7.0,5.0,3.0625
T,1,4111113347014747,3.6467,1.0,1.0,1.0,1.0,0.0,4.0,2.1085,5.0,6.0,3.0625
T,1,4242425001101624,1.5755,1.0,1.0,1.0,1.0,1.0,4.0,2.4056,6.0,4.0,2.375
T,1,4111115441074931,2.8397,1.0,1.0,1.0,1.0,0.0,4.0,2.2718,7.0,7.0,2.9375
T,1,4111113703179472,3.0737,1.0,1.0,1.0,1.0,0.0,4.0,2.4835,7.0,6.0,3.25
T,1,5105103175007967,1.4899,1.0,1.0,1.0,1.0,3.0,5.0,2.6085,7.0,4.0,3.5625
T,1,4242424858049846,3.6877,1.0,1.0,1.0,1.0,1.0,4.0,2.4363,7.0,6.0,4.625
T,1,4111119507332845,3.1503,1.0,1.0,1.0,1.0,0.0,4.0,2.8994,9.0,5.0,3.4375
T,1,5555557932161505,2.2833,1.0,1.0,1.0,1.0,4.0,5.0,2.375,8.0,8.0,4.3125
T,1,4532016683866557,2.8156,1.0,1.0,1.0,1.0,2.0,4.0,2.9528,9.0,4.0,4.6875
T,1,4242421838678918,2.7736,1.0,1.0,1.0,1.0,1.0,4.0,2.7806,8.0,4.0,4.8125
T,1,4242429321940513,2.3564,1.0,1.0,1.0,1.0,1.0,4.0,2.625,7.0,4.0,3.4375
T,1,4111118247799271,3.3774,1.0,1.0,1.0,1.0,0.0,4.0,2.3585,6.0,6.0,4.0625
T,1,4111116941265722,3.1949,1.0,1.0,1.0,1.0,0.0,4.0,2.4835,7.0,6.0,3.3125
T,1,4242420873307326,2.3962,1.0,1.0,1.0,1.0,1.0,4.0,2.6556,7.0,4.0,3.5625
T,1,4111115216730410,2.9778,1.0,1.0,1.0,1.0,0.0,4.0,2.5218,8.0,7.0,2.375
T,1,4242426979591911,3.1248,1.0,1.0,1.0,1.0,1.0,4.0,2.6085,7.0,4.0,4.6875
T,1,5105101645012252,1.7426,1.0,1.0,1.0,1.0,3.0,5.0,2.4056,6.0,4.0,2.5
T,1,4111112494860225,3.8346,1.0,1.0,1.0,1.0,0.0,4.0,2.68,8.0,5.0,3.1875
T,1,4242427777267472,4.7028,1.0,1.0,1.0,1.0,1.0,4.0,1.805,4.0,6.0,4.625
T,1,4111110375008500,2.7133,1.0,1.0,1.0,1.0,0.0,4.0,2.4238,7.0,5.0,2.3125
T,1,4111110497825955,3.4441,1.0,1.0,1.0,1.0,0.0,4.0,2.7272,8.0,5.0,3.9375
T,1,4111115761818644,3.7078,1.0,1.0,1.0,1.0,0.0,4.0,2.2246,6.0,7.0,3.6875
T,1,4111118222741645,3.0106,1.0,1.0,1.0,1.0,0.0,4.0,2.4363,7.0,6.0,3.125
T,1,5555555215113953,1.2985,1.0,1.0,1.0,1.0,4.0,5.0,1.7947,5.0,9.0,4.0625
T,1,4111113122342313,3.5334,1.0,1.0,1.0,1.0,0.0,4.0,1.8496,4.0,7.0,2.0625
T,1,4111117520996646,3.4441,1.0,1.0,1.0,1.0,0.0,4.0,2.7272,8.0,5.0,3.9375
T,1,4532013324887860,2.268,1.0,1.0,1.0,1.0,2.0,4.0,3.0306,9.0,3.0,4.0
T,1,4532012519047595,1.5922,1.0,1.0,1.0,1.0,2.0,4.0,2.875,8.0,4.0,3.875
T,1,4242428359502302,2.8889,1.0,1.0,1.0,1.0,1.0,4.0,2.6022,7.0,5.0,3.4375
T,1,4242424653254047,2.7335,1.0,1.0,1.0,1.0,1.0,4.0,2.4056,7.0,6.0,3.625
T,1,4111114893093788,4.186,1.0,1.0,1.0,1.0,0.0,4.0,2.6022,7.0,5.0,4.25
T,1,4111110283120140,1.9159,1.0,1.0,1.0,1.0,0.0,4.0,2.2246,6.0,7.0,1.875
T,1,4242426942795797,3.6097,1.0,1.0,1.0,1.0,1.0,4.0,2.4056,6.0,4.0,5.1875
T,1,6011001976195885,0.5355,1.0,1.0,1.0,1.0,5.0,6.0,2.7028,7.0,4.0,4.1875
T,1,4111117380460626,3.791,1.0,1.0,1.0,1.0,0.0,4.0,2.7272,8.0,5.0,3.1875
T,1,4242425848889860,3.5307,1.0,1.0,1.0,1.0,1.0,4.0,2.4772,7.0,5.0,5.125
T,1,4111110026950464,3.3275,1.0,1.0,1.0,1.0,0.0,4.0,2.555,7.0,5.0,2.8125
T,1,4111111962190503,3.0487,1.0,1.0,1.0,1.0,0.0,4.0,2.5218,8.0,7.0,2.8125
T,1,5105105665483863,1.4196,1.0,1.0,1.0,1.0,3.0,5.0,2.7028,7.0,4.0,4.125
T,1,4111117038932596,1.947,1.0,1.0,1.0,1.0,0.0,4.0,3.0244,10.0,5.0,3.8125
T,1,4242425805957957,2.5053,1.0,1.0,1.0,1.0,1.0,4.0,2.6556,7.0,4.0,4.875
T,1,6011001296830104,2.3315,1.0,1.0,1.0,1.0,5.0,6.0,2.6494,8.0,5.0,2.625
T,1,4242429976270380,2.5644,1.0,1.0,1.0,1.0,1.0,4.0,2.8278,8.0,4.0,4.3125
T,1,4242426868519213,2.279,1.0,1.0,1.0,1.0,1.0,4.0,2.8278,8.0,4.0,4.1875
T,1,6011007763804464,0.6764,1.0,1.0,1.0,1.0,5.0,6.0,2.6556,7.0,4.0,3.5625
T,1,4111118387593617,3.7776,1.0,1.0,1.0,1.0,0.0,4.0,2.6556,8.0,6.0,4.125
T,1,5555557433913412,1.4271,1.0,1.0,1.0,1.0,4.0,5.0,2.4835,7.0,6.0,4.1875
T,1,4532016003044919,1.7155,1.0,1.0,1.0,1.0,2.0,4.0,2.8278,8.0,4.0,3.1875
T,1,4111117070138060,2.8564,1.0,1.0,1.0,1.0,0.0,4.0,2.4056,7.0,6.0,2.5625
T,1,5105102971099160,1.5587,1.0,1.0,1.0,1.0,3.0,5.0,2.5778,7.0,4.0,3.5
T,1,4242421623851498,2.6447,1.0,1.0,1.0,1.0,1.0,4.0,2.75,8.0,4.0,4.0625
T,1,4242424067602112,2.453,1.0,1.0,1.0,1.0,1.0,4.0,2.3994,6.0,5.0,2.9375
T,1,6011006420824352,0.6815,1.0,1.0,1.0,1.0,5.0,6.0,2.8278,8.0,4.0,2.75
T,1,4111111080093902,2.8564,1.0,1.0,1.0,1.0,0.0,4.0,2.4056,7.0,6.0,2.5625
T,1,4242427029168684,2.7046,1.0,1.0,1.0,1.0,1.0,4.0,2.75,8.0,4.0,4.3125
T,1,4111111046139450,2.4097,1.0,1.0,1.0,1.0,0.0,4.0,2.3496,7.0,7.0,2.625
T,1,4111112281805276,3.28,1.0,1.0,1.0,1.0,0.0,4.0,2.6085,8.0,6.0,3.125
T,1,5555552564157509,3.1935,1.0,1.0,1.0,1.0,4.0,5.0,2.2169,8.0,9.0,4.625
T,1,5555559361305322,1.3364,1.0,1.0,1.0,1.0,4.0,5.0,2.3496,7.0,7.0,4.0
T,1,4111110186536426,3.28,1.0,1.0,1.0,1.0,0.0,4.0,2.6085,8.0,6.0,3.125
T,1,4111116307576373,3.5097,1.0,1.0,1.0,1.0,0.0,4.0,2.555,7.0,5.0,3.5
T,1,4111115111202184,3.3812,1.0,1.0,1.0,1.0,0.0,4.0,1.9669,6.0,9.0,2.125
T,1,4242428411645529,2.2198,1.0,1.0,1.0,1.0,1.0,4.0,2.5244,7.0,5.0,3.9375
T,1,4532012735227690,1.8507,1.0,1.0,1.0,1.0,2.0,4.0,3.0,9.0,4.0,3.625
T,1,4111112150870773,3.7208,1.0,1.0,1.0,1.0,0.0,4.0,2.6085,8.0,6.0,3.0625
T,1,4111114807505257,3.9513,1.0,1.0,1.0,1.0,0.0,4.0,2.6022,7.0,5.0,3.25
T,1,4242421152546303,2.533,1.0,1.0,1.0,1.0,1.0,4.0,2.625,7.0,4.0,3.0
T,1,4111118886974730,3.7897,1.0,1.0,1.0,1.0,0.0,4.0,2.7272,8.0,5.0,4.3125
T,1,4242428518589083,3.1721,1.0,1.0,1.0,1.0,1.0,4.0,2.7806,8.0,4.0,4.5625
T,1,6011000815194661,1.0501,1.0,1.0,1.0,1.0,5.0,6.0,2.4772,7.0,5.0,3.0625
T,1,4111117633215108,2.4624,1.0,1.0,1.0,1.0,0.0,4.0,2.6468,9.0,7.0,2.8125
T,1,4111112698008548,3.7789,1.0,1.0,1.0,1.0,0.0,4.0,2.7272,8.0,5.0,3.6875
T,1,4111110763955833,3.8148,1.0,1.0,1.0,1.0,0.0,4.0,2.8522,9.0,5.0,3.625
T,1,4532015334286470,1.8257,1.0,1.0,1.0,1.0,2.0,4.0,3.0306,9.0,3.0,3.5625
T,1,4242425778567502,2.1302,1.0,1.0,1.0,1.0,1.0,4.0,2.6085,7.0,4.0,4.375
T,1,4111118366451852,3.349,1.0,1.0,1.0,1.0,0.0,4.0,2.5306,7.0,6.0,3.5625
T,1,4532014314192261,1.4501,1.0,1.0,1.0,1.0,2.0,4.0,2.7806,8.0,4.0,3.0
T,1,4111116453274401,3.0713,1.0,1.0,1.0,1.0,0.0,4.0,2.5306,8.0,6.0,2.8125
T,1,5555550814496198,1.5429,1.0,1.0,1.0,1.0,4.0,5.0,2.5306,7.0,6.0,5.0
T,1,4111112933872179,3.5794,1.0,1.0,1.0,1.0,0.0,4.0,2.5306,7.0,6.0,3.75
T,1,4242425721196573,2.545,1.0,1.0,1.0,1.0,1.0,4.0,2.8278,8.0,4.0,4.0
T,1,4111118990749192,3.4861,1.0,1.0,1.0,1.0,0.0,4.0,2.4056,7.0,6.0,4.1875
T,1,5555553263292068,1.2075,1.0,1.0,1.0,1.0,4.0,5.0,2.4835,7.0,6.0,4.4375
T,1,4111111387375358,3.2876,1.0,1.0,1.0,1.0,0.0,4.0,2.3585,6.0,6.0,3.6875
T,1,4111119572211841,2.9732,1.0,1.0,1.0,1.0,0.0,4.0,2.25,7.0,8.0,3.0625
T,1,4111115166318240,3.0487,1.0,1.0,1.0,1.0,0.0,4.0,2.5218,8.0,7.0,2.8125
T,1,4111111589391518,4.4395,1.0,1.0,1.0,1.0,0.0,4.0,2.125,6.0,8.0,3.6875
T,1,4111113749945845,3.1357,1.0,1.0,1.0,1.0,0.0,4.0,2.5244,7.0,5.0,4.1875
T,1,4111115343315515,2.6756,1.0,1.0,1.0,1.0,0.0,4.0,1.8496,4.0,7.0,2.75
T,1,4532017730985168,4.0486,1.0,1.0,1.0,1.0,2.0,4.0,3.25,10.0,2.0,4.3125
T,1,5555556410512494,1.2959,1.0,1.0,1.0,1.0,4.0,5.0,2.3496,7.0,7.0,4.125
T,1,6011003268886445,1.0376,1.0,1.0,1.0,1.0,5.0,6.0,2.8585,8.0,3.0,3.875
T,0,4111118960463664,-6.7205,1.0,1.0,0.0,1.0,0.0,4.0,2.4772,7.0,5.0,3.8125
T,0,4111110890997216,-6.6831,1.0,1.0,0.0,1.0,0.0,4.0,2.6085,8.0,6.0,3.75
T,0,5105108210977811,-7.101,1.0,1.0,0.0,1.0,3.0,5.0,2.6022,7.0,5.0,3.5
T,0,6011002342450134,-7.48,1.0,1.0,0.0,1.0,5.0,6.0,2.6556,7.0,4.0,2.25
T,0,6011008670703094,-7.2202,1.0,1.0,0.0,1.0,5.0,6.0,2.6556,8.0,6.0,3.25
T,0,4242424587876497,-7.5285,1.0,1.0,0.0,1.0,1.0,4.0,2.555,7.0,5.0,5.1875
T,0,5555550888472072,-7.8612,1.0,1.0,0.0,1.0,4.0,5.0,2.3585,6.0,6.0,4.75
T,0,5555556084130385,-6.8056,1.0,1.0,0.0,1.0,4.0,5.0,2.3968,7.0,7.0,4.25
T,0,4532013405950614,-7.3982,1.0,1.0,0.0,1.0,2.0,4.0,2.8585,8.0,3.0,3.25
T,0,5555554609080623,-6.9092,1.0,1.0,0.0,1.0,4.0,5.0,2.6085,8.0,6.0,4.25
T,0,4532012123342956,-7.4085,1.0,1.0,0.0,1.0,2.0,4.0,2.8278,8.0,4.0,3.25
T,0,4242420249360399,-6.4099,1.0,1.0,0.0,1.0,1.0,4.0,2.4528,6.0,4.0,3.9375
T,0,4532018008844147,-7.2516,1.0,1.0,0.0,1.0,2.0,4.0,2.7806,8.0,4.0,3.6875
T,0,4532016974473538,-7.4913,1.0,1.0,0.0,1.0,2.0,4.0,3.1556,10.0,3.0,4.4375
T,0,6011003683364319,-7.763,1.0,1.0,0.0,1.0,5.0,6.0,2.6085,7.0,4.0,3.375
T,0,4532010706437767,-6.7844,1.0,1.0,0.0,1.0,2.0,4.0,2.8278,8.0,4.0,3.875
T,0,4242421336937778,-7.2059,1.0,1.0,0.0,1.0,1.0,4.0,2.8113,8.0,3.0,4.5
T,0,5105109776943795,-7.9784,1.0,1.0,0.0,1.0,3.0,5.0,2.8585,8.0,3.0,4.875
T,0,4111113621581742,3.3883,1.0,1.0,1.0,1.0,0.0,4.0,2.5218,8.0,7.0,3.0
T,0,4242425150838400,-7.3954,1.0,1.0,0.0,1.0,1.0,4.0,2.6556,7.0,4.0,3.25
T,0,4242420321618102,-6.7898,1.0,1.0,0.0,1.0,1.0,4.0,2.555,7.0,5.0,2.625
T,0,4242426969265118,-7.4855,1.0,1.0,0.0,1.0,1.0,4.0,2.6556,7.0,4.0,4.4375
T,0,4532018583048498,-7.4926,1.0,1.0,0.0,1.0,2.0,4.0,2.8278,8.0,4.0,4.5
T,0,4111117984257473,-6.7683,1.0,1.0,0.0,1.0,0.0,4.0,2.68,8.0,5.0,4.0625
T,0,4532019289734971,3.7719,1.0,1.0,1.0,1.0,2.0,4.0,3.0778,9.0,3.0,4.625
T,0,5555555557162750,-8.6377,1.0,1.0,0.0,1.0,4.0,5.0,1.7988,6.0,10.0,4.5625
T,0,4111117088857296,-6.5672,1.0,1.0,0.0,1.0,0.0,4.0,2.8522,9.0,5.0,4.3125
T,0,5555550898457207,1.487,1.0,1.0,1.0,1.0,4.0,5.0,2.3968,7.0,7.0,5.0
T,0,4242422298327885,-7.0299,1.0,1.0,0.0,1.0,1.0,4.0,2.4363,7.0,6.0,4.5
T,0,6011009450938476,-7.4958,1.0,1.0,0.0,1.0,5.0,6.0,3.0,9.0,4.0,3.9375
T,0,4242421626456055,2.9217,1.0,1.0,1.0,1.0,1.0,4.0,2.4056,6.0,4.0,3.625
T,0,5105107666076593,-7.3081,1.0,1.0,0.0,1.0,3.0,5.0,2.6556,7.0,4.0,4.1875
T,0,4532018128439194,-6.8646,1.0,1.0,0.0,1.0,2.0,4.0,2.9056,8.0,3.0,4.0
T,0,6011009638051925,-0.0804,1.0,1.0,1.0,1.0,5.0,6.0,2.8278,8.0,4.0,3.5
T,0,4111110018803879,3.5859,1.0,1.0,1.0,1.0,0.0,4.0,2.4363,7.0,6.0,3.3125
T,0,4242420936312326,-6.9981,1.0,1.0,0.0,1.0,1.0,4.0,2.555,7.0,5.0,3.3125
T,0,6011003618346845,-7.3931,1.0,1.0,0.0,1.0,5.0,6.0,2.7335,7.0,3.0,3.5
T,0,5105104351323489,-7.7191,1.0,1.0,0.0,1.0,3.0,5.0,2.8585,8.0,3.0,3.375
T,0,6011007316707882,-7.5616,1.0,1.0,0.0,1.0,5.0,6.0,2.6556,7.0,4.0,3.5625
T,0,5555554821471029,-6.934,1.0,1.0,0.0,1.0,4.0,5.0,2.6556,8.0,6.0,4.25
T,0,4532018429191554,-6.6978,1.0,1.0,0.0,1.0,2.0,4.0,2.8585,8.0,3.0,3.9375
T,0,5555550918846158,-8.6467,1.0,1.0,0.0,1.0,4.0,5.0,2.3496,7.0,7.0,5.0
T,0,5105103304458710,-7.273,1.0,1.0,0.0,1.0,3.0,5.0,2.6556,7.0,4.0,2.9375
T,0,6011008285689594,-7.7799,1.0,1.0,0.0,1.0,5.0,6.0,2.9056,8.0,3.0,4.5
T,0,4532016716984265,-7.1665,1.0,1.0,0.0,1.0,2.0,4.0,3.2028,10.0,3.0,4.3125
T,0,5105106400625107,2.7219,1.0,1.0,1.0,1.0,3.0,5.0,2.555,7.0,5.0,2.6875
T,0,4532017394152132,-7.3982,1.0,1.0,0.0,1.0,2.0,4.0,2.8585,8.0,3.0,3.25
T,0,6011009964171631,-7.1878,1.0,1.0,0.0,1.0,5.0,6.0,2.555,7.0,5.0,3.4375
T,0,5105108549773370,-6.9189,1.0,1.0,0.0,1.0,3.0,5.0,2.8585,8.0,3.0,4.0625
T,0,4111110408396942,-7.0484,1.0,1.0,0.0,1.0,0.0,4.0,2.7272,8.0,5.0,3.375
T,0,6011008712180661,-7.6091,1.0,1.0,0.0,1.0,5.0,6.0,2.3522,6.0,5.0,3.0
T,0,5105104717068023,-7.8799,1.0,1.0,0.0,1.0,3.0,5.0,2.9528,9.0,4.0,3.125
T,0,6011000853932642,0.2915,1.0,1.0,1.0,1.0,5.0,6.0,3.0,9.0,4.0,3.125
T,0,6011003814172390,-7.5171,1.0,1.0,0.0,1.0,5.0,6.0,2.875,9.0,4.0,2.875
T,0,4242424034353732,2.5225,1.0,1.0,1.0,1.0,1.0,4.0,2.2744,6.0,5.0,3.25
T,0,5555555241287655,-8.2475,1.0,1.0,0.0,1.0,4.0,5.0,2.0919,7.0,9.0,4.6875
T,0,4532012945817016,-7.5662,1.0,1.0,0.0,1.0,2.0,4.0,3.2028,10.0,3.0,3.625
T,0,4111118340278826,-6.7413,1.0,1.0,0.0,1.0,0.0,4.0,2.7272,8.0,5.0,3.5625
T,0,4532010629261641,-7.3982,1.0,1.0,0.0,1.0,2.0,4.0,2.8585,8.0,3.0,3.25
T,0,5555556426823939,-7.9686,1.0,1.0,0.0,1.0,4.0,5.0,2.5306,7.0,6.0,5.125
T,0,5555555518067140,-6.876,1.0,1.0,0.0,1.0,4.0,5.0,2.25,7.0,8.0,4.1875
T,0,4111112353611159,-7.8384,1.0,1.0,0.0,1.0,0.0,4.0,2.25,7.0,8.0,2.8125
T,0,5555559097591971,0.6565,1.0,1.0,1.0,1.0,4.0,5.0,2.0218,5.0,7.0,5.4375
T,0,5555554347679774,-8.638,1.0,1.0,0.0,1.0,4.0,5.0,2.2335,6.0,6.0,5.5
T,0,5555552357063274,-6.8056,1.0,1.0,0.0,1.0,4.0,5.0,2.3968,7.0,7.0,4.3125
T,0,4111114375898030,-6.8585,1.0,1.0,0.0,1.0,0.0,4.0,2.7744,8.0,5.0,3.5
T,0,6011001163058525,-7.0993,1.0,1.0,0.0,1.0,5.0,6.0,2.5778,7.0,4.0,2.75
T,0,5105101098106433,-6.9438,1.0,1.0,0.0,1.0,3.0,5.0,2.75,8.0,4.0,2.9375
T,0,4532010851931126,-7.8156,1.0,1.0,0.0,1.0,2.0,4.0,3.0,9.0,4.0,3.1875
T,0,4111117761644145,3.6503,1.0,1.0,1.0,1.0,0.0,4.0,2.0218,5.0,7.0,3.375
T,0,4242427201125663,-7.0519,1.0,1.0,0.0,1.0,1.0,4.0,2.7272,8.0,5.0,3.1875
T,0,5555552614073722,1.8661,1.0,1.0,1.0,1.0,4.0,5.0,2.6085,8.0,6.0,4.0
T,0,5105106019196874,-6.952,1.0,1.0,0.0,1.0,3.0,5.0,2.8278,8.0,4.0,3.9375
T,0,6011007908511833,-7.5762,1.0,1.0,0.0,1.0,5.0,6.0,2.75,8.0,4.0,3.3125
T,0,4242420675668332,-6.9738,1.0,1.0,0.0,1.0,1.0,4.0,2.7806,8.0,4.0,4.0
T,0,5555550608941794,-8.0131,1.0,1.0,0.0,1.0,4.0,5.0,2.6556,8.0,6.0,4.875
T,0,5105100298034748,-7.7424,1.0,1.0,0.0,1.0,3.0,5.0,3.0,9.0,4.0,3.5625
T,0,4111118959289005,-6.4849,1.0,1.0,0.0,1.0,0.0,4.0,2.6022,7.0,5.0,4.0
T,0,5555557963154804,-8.9235,1.0,1.0,0.0,1.0,4.0,5.0,2.6468,9.0,7.0,4.8125
T,0,5105102411686392,-8.1109,1.0,1.0,0.0,1.0,3.0,5.0,3.0,9.0,4.0,3.375
T,0,5105106446061358,1.3471,1.0,1.0,1.0,1.0,3.0,5.0,2.6863,7.0,3.0,3.4375
T,0,4111114777300603,-6.8491,1.0,1.0,0.0,1.0,0.0,4.0,2.43,6.0,5.0,2.875
T,0,4111114414657467,4.0237,1.0,1.0,1.0,1.0,0.0,4.0,2.055,5.0,6.0,3.5625
T,0,5555553124967643,2.4031,1.0,1.0,1.0,1.0,4.0,5.0,2.6556,8.0,6.0,4.6875
T,0,4242421518007053,-7.5055,1.0,1.0,0.0,1.0,1.0,4.0,2.8585,8.0,3.0,3.0
T,0,6011004541200854,-7.0075,1.0,1.0,0.0,1.0,5.0,6.0,2.555,7.0,5.0,2.5625
T,0,4111117919253666,3.5168,1.0,1.0,1.0,1.0,0.0,4.0,2.6085,8.0,6.0,3.9375
T,0,6011006991842963,-6.7741,1.0,1.0,0.0,1.0,5.0,6.0,2.8113,8.0,3.0,4.0625
T,0,4532019616193040,2.3179,1.0,1.0,1.0,1.0,2.0,4.0,2.9056,8.0,3.0,3.375
T,0,4111112763651735,3.5502,1.0,1.0,1.0,1.0,0.0,4.0,2.5306,7.0,6.0,3.375
T,0,4242420705299926,-6.7781,1.0,1.0,0.0,1.0,1.0,4.0,2.555,7.0,5.0,4.1875
T,0,5555556211703813,1.721,1.0,1.0,1.0,1.0,4.0,5.0,2.6085,8.0,6.0,3.875
T,0,6011003760570586,-7.1104,1.0,1.0,0.0,1.0,5.0,6.0,2.6022,7.0,5.0,3.4375
T,0,5555554572839308,-8.4203,1.0,1.0,0.0,1.0,4.0,5.0,2.5218,8.0,7.0,4.9375
T,0,4532017927824229,-6.9328,1.0,1.0,0.0,1.0,2.0,4.0,2.8994,9.0,5.0,4.1875
T,0,4242426981625570,-7.1477,1.0,1.0,0.0,1.0,1.0,4.0,2.9528,9.0,4.0,4.1875
T,0,6011004554279194,-7.4431,1.0,1.0,0.0,1.0,5.0,6.0,2.8585,8.0,3.0,3.625
T,0,5105104589178938,-7.9123,1.0,1.0,0.0,1.0,3.0,5.0,2.8585,8.0,3.0,4.625
T,0,4111112015912710,-9.2102,1.0,1.0,0.0,1.0,0.0,4.0,2.25,7.0,8.0,2.3125
T,0,5555558005469101,-7.1916,1.0,1.0,0.0,1.0,4.0,5.0,2.3496,7.0,7.0,4.0
T,0,5105105557241372,-7.1687,1.0,1.0,0.0,1.0,3.0,5.0,2.6022,7.0,5.0,3.3125
T,0,4242421387700658,-7.0265,1.0,1.0,0.0,1.0,1.0,4.0,3.0306,9.0,3.0,3.9375
T,0,5555557103538924,-8.1876,1.0,1.0,0.0,1.0,4.0,5.0,2.6468,9.0,7.0,4.5
T,0,5555551089593589,-8.7932,1.0,1.0,0.0,1.0,4.0,5.0,2.0778,6.0,8.0,5.4375
T,0,5105108457399620,-7.3516,1.0,1.0,0.0,1.0,3.0,5.0,3.1556,10.0,3.0,4.0625
T,0,5105100401135501,-8.4514,1.0,1.0,0.0,1.0,3.0,5.0,2.0488,5.0,5.0,2.0
T,0,6011002061798563,-7.8038,1.0,1.0,0.0,1.0,5.0,6.0,2.9056,9.0,4.0,3.4375
T,0,4111113631383536,-7.3331,1.0,1.0,0.0,1.0,0.0,4.0,2.18,6.0,6.0,3.125
T,0,6011006077515113,1.1017,1.0,1.0,1.0,1.0,5.0,6.0,2.3994,6.0,5.0,2.75
T,0,4242425350517564,-7.0944,1.0,1.0,0.0,1.0,1.0,4.0,2.7028,8.0,4.0,3.6875
T,0,6011007508881112,-7.342,1.0,1.0,0.0,1.0,5.0,6.0,2.4772,7.0,5.0,3.0625
T,0,4532014129499455,1.2689,1.0,1.0,1.0,1.0,2.0,4.0,2.6556,7.0,4.0,4.1875
T,0,6011005227156053,-7.4297,1.0,1.0,0.0,1.0,5.0,6.0,2.6556,7.0,4.0,2.75
T,0,4242429256181759,-7.2588,1.0,1.0,0.0,1.0,1.0,4.0,2.8278,8.0,4.0,4.4375
T,0,4111115389283242,-6.6985,1.0,1.0,0.0,1.0,0.0,4.0,2.6022,7.0,5.0,3.4375
T,0,4111112762157768,-7.123,1.0,1.0,0.0,1.0,0.0,4.0,2.4835,7.0,6.0,3.75
T,0,4242423247452760,2.8599,1.0,1.0,1.0,1.0,1.0,4.0,2.4238,7.0,5.0,3.625
T,0,4111113741838097,3.5794,1.0,1.0,1.0,1.0,0.0,4.0,2.5306,7.0,6.0,3.6875
T,0,6011009715881780,1.2126,1.0,1.0,1.0,1.0,5.0,6.0,2.5778,7.0,4.0,3.875
T,0,4242429277286686,-7.7136,1.0,1.0,0.0,1.0,1.0,4.0,2.43,6.0,5.0,4.9375
T,0,6011002465806866,-7.6223,1.0,1.0,0.0,1.0,5.0,6.0,2.5244,7.0,5.0,3.6875
T,0,4111119143657869,-6.8866,1.0,1.0,0.0,1.0,0.0,4.0,2.6556,8.0,6.0,4.1875
T,0,4532013374501049,2.144,1.0,1.0,1.0,1.0,2.0,4.0,2.8585,8.0,3.0,3.1875
T,0,4532019751823819,-6.8942,1.0,1.0,0.0,1.0,2.0,4.0,3.0778,9.0,3.0,4.25
T,0,4532015515162104,-7.0645,1.0,1.0,0.0,1.0,2.0,4.0,2.625,7.0,4.0,2.8125
T,0,6011005193341066,-6.9304,1.0,1.0,0.0,1.0,5.0,6.0,2.5778,7.0,4.0,2.875
T,0,4111111146416116,-8.0607,1.0,1.0,0.0,1.0,0.0,4.0,1.3294,3.0,10.0,2.5
T,0,5105105046485558,-6.6778,1.0,1.0,0.0,1.0,3.0,5.0,2.3585,6.0,6.0,3.875
T,0,4532014928838788,0.6941,1.0,1.0,1.0,1.0,2.0,4.0,2.8994,9.0,5.0,5.0
T,0,4532016610738811,-7.8256,1.0,1.0,0.0,1.0,2.0,4.0,3.0,9.0,4.0,3.5
T,0,4242423698270712,-6.5738,1.0,1.0,0.0,1.0,1.0,4.0,2.8522,9.0,5.0,3.9375
T,0,4532016976517631,-7.0357,1.0,1.0,0.0,1.0,2.0,4.0,3.0306,9.0,3.0,4.125
T,0,5105103117518410,2.1879,1.0,1.0,1.0,1.0,3.0,5.0,2.4363,7.0,6.0,2.6875
T,0,4242420474554897,-7.4871,1.0,1.0,0.0,1.0,1.0,4.0,2.4835,7.0,6.0,4.4375
T,0,4532018298701377,2.8758,1.0,1.0,1.0,1.0,2.0,4.0,3.0778,9.0,3.0,4.1875
T,0,4242425492941591,-6.6685,1.0,1.0,0.0,1.0,1.0,4.0,2.2272,5.0,5.0,4.1875
T,0,5555555256153747,-8.2475,1.0,1.0,0.0,1.0,4.0,5.0,2.0919,7.0,9.0,4.6875
T,0,4242422585046589,-6.7437,1.0,1.0,0.0,1.0,1.0,4.0,2.5778,7.0,4.0,4.375
T,0,4111116726300950,-6.6916,1.0,1.0,0.0,1.0,0.0,4.0,2.8522,9.0,5.0,2.9375
T,0,4532015796936344,-7.3495,1.0,1.0,0.0,1.0,2.0,4.0,3.0306,9.0,3.0,4.4375
T,0,5555558674676346,0.9572,1.0,1.0,1.0,1.0,4.0,5.0,2.2806,6.0,6.0,5.4375
T,0,4111118274000445,3.7943,1.0,1.0,1.0,1.0,0.0,4.0,2.4772,7.0,5.0,2.6875
T,0,5555550267352362,-6.361,1.0,1.0,0.0,1.0,4.0,5.0,2.2246,6.0,7.0,4.125
T,0,4111110980770214,-6.8115,1.0,1.0,0.0,1.0,0.0,4.0,2.4835,7.0,6.0,2.9375
T,0,4532013801580414,-7.2135,1.0,1.0,0.0,1.0,2.0,4.0,2.7335,7.0,3.0,3.0625
T,0,4111118264030664,-6.8574,1.0,1.0,0.0,1.0,0.0,4.0,2.555,7.0,5.0,3.0
T,0,5105101701618278,-7.1687,1.0,1.0,0.0,1.0,3.0,5.0,2.6022,7.0,5.0,3.3125
T,0,4532015921925232,-6.8695,1.0,1.0,0.0,1.0,2.0,4.0,2.6022,7.0,5.0,3.4375
T,0,5105107202469060,-7.0157,1.0,1.0,0.0,1.0,3.0,5.0,2.7744,8.0,5.0,3.0
T,0,4111119372217276,-6.8245,1.0,1.0,0.0,1.0,0.0,4.0,2.4363,7.0,6.0,3.4375
T,0,4111117744945820,-6.7105,1.0,1.0,0.0,1.0,0.0,4.0,2.6494,8.0,5.0,3.6875
T,0,5555552682854764,-7.9457,1.0,1.0,0.0,1.0,4.0,5.0,2.2718,6.0,7.0,5.125
T,0,5555553509306860,-6.5025,1.0,1.0,0.0,1.0,4.0,5.0,2.2246,6.0,7.0,4.375
T,0,4242429185863938,-7.7651,1.0,1.0,0.0,1.0,1.0,4.0,2.8585,8.0,3.0,4.875
T,0,4111115514585185,3.8697,1.0,1.0,1.0,1.0,0.0,4.0,1.7962,4.0,7.0,3.5
T,0,6011006382854377,-7.0711,1.0,1.0,0.0,1.0,5.0,6.0,3.0778,9.0,3.0,3.8125
T,0,4532011829595435,-7.0599,1.0,1.0,0.0,1.0,2.0,4.0,2.875,8.0,4.0,4.125
T,0,5105100230910553,-7.619,1.0,1.0,0.0,1.0,3.0,5.0,2.3522,6.0,5.0,2.5
T,0,5555550609720833,-6.9092,1.0,1.0,0.0,1.0,4.0,5.0,2.6085,8.0,6.0,4.25
T,0,4111110507713422,-7.2675,1.0,1.0,0.0,1.0,0.0,4.0,2.5306,7.0,6.0,2.5
T,0,6011005738918492,2.992,1.0,1.0,1.0,1.0,5.0,6.0,3.1556,10.0,3.0,4.0
T,0,4111118575120448,-7.3891,1.0,1.0,0.0,1.0,0.0,4.0,2.4835,7.0,6.0,3.3125
T,0,4111110465708668,-6.6061,1.0,1.0,0.0,1.0,0.0,4.0,2.6022,7.0,5.0,3.6875
T,0,6011008968309555,-7.3917,1.0,1.0,0.0,1.0,5.0,6.0,2.7028,7.0,4.0,4.125
T,0,5555550483269881,-8.2823,1.0,1.0,0.0,1.0,4.0,5.0,2.7335,9.0,6.0,4.9375
T,0,6011007593678968,-9.0553,1.0,1.0,0.0,1.0,5.0,6.0,2.9056,8.0,3.0,4.75
T,0,6011006693058705,-7.2719,1.0,1.0,0.0,1.0,5.0,6.0,2.7272,8.0,5.0,3.5625
T,0,4532016100495749,-7.4244,1.0,1.0,0.0,1.0,2.0,4.0,3.0306,9.0,3.0,3.75
T,0,4111111023677817,-7.2459,1.0,1.0,0.0,1.0,0.0,4.0,2.4746,8.0,7.0,3.1875
T,0,4242428945992763,-8.6627,1.0,1.0,0.0,1.0,1.0,4.0,2.7028,8.0,4.0,5.0
T,0,5105101932227530,1.8561,1.0,1.0,1.0,1.0,3.0,5.0,2.6863,7.0,3.0,2.875
T,0,4532017578463185,-6.8942,1.0,1.0,0.0,1.0,2.0,4.0,3.0778,9.0,3.0,4.3125
T,0,4532012099298050,-7.2516,1.0,1.0,0.0,1.0,2.0,4.0,2.7806,8.0,4.0,3.6875
T,0,4111113879551218,-6.9724,1.0,1.0,0.0,1.0,0.0,4.0,2.5218,8.0,7.0,3.625
T,0,4242427873999182,-8.3029,1.0,1.0,0.0,1.0,1.0,4.0,2.6556,7.0,4.0,5.0625
T,0,4532016402235630,-6.7701,1.0,1.0,0.0,1.0,2.0,4.0,2.7335,7.0,3.0,2.875
T,0,5105106942410996,-6.5695,1.0,1.0,0.0,1.0,3.0,5.0,2.7335,7.0,3.0,3.875
T,0,5555557338891775,-7.8353,1.0,1.0,0.0,1.0,4.0,5.0,2.2246,6.0,7.0,5.5
T,0,6011004638957076,-7.1551,1.0,1.0,0.0,1.0,5.0,6.0,2.9528,9.0,4.0,3.9375
T,0,4532019962197315,-7.1815,1.0,1.0,0.0,1.0,2.0,4.0,3.0306,9.0,3.0,4.1875
T,0,5105102100230857,-7.0816,1.0,1.0,0.0,1.0,3.0,5.0,2.555,7.0,5.0,2.5
T,0,4111112342887587,-6.3362,1.0,1.0,0.0,1.0,0.0,4.0,2.6022,7.0,5.0,3.9375
T,0,6011008304510974,0.7808,1.0,1.0,1.0,1.0,5.0,6.0,2.8522,9.0,5.0,3.0625
T,0,4111118584993523,-6.835,1.0,1.0,0.0,1.0,0.0,4.0,2.6494,7.0,5.0,4.0625
T,0,6011005998619426,0.9627,1.0,1.0,1.0,1.0,5.0,6.0,2.8113,8.0,3.0,4.1875
T,0,5105107212107193,2.3358,1.0,1.0,1.0,1.0,3.0,5.0,2.6022,7.0,5.0,2.8125
T,0,5555552790794902,-8.1616,1.0,1.0,0.0,1.0,4.0,5.0,2.3585,6.0,6.0,4.9375
T,0,5555555277288845,-9.1248,1.0,1.0,0.0,1.0,4.0,5.0,1.9528,5.0,8.0,5.375
T,0,4532010464156061,-7.6219,1.0,1.0,0.0,1.0,2.0,4.0,2.6863,7.0,3.0,3.0
T,0,4242423906823268,-6.5832,1.0,1.0,0.0,1.0,1.0,4.0,2.6022,7.0,5.0,4.0625
T,0,4532014103089187,-7.7551,1.0,1.0,0.0,1.0,2.0,4.0,3.0306,9.0,3.0,3.5
T,0,4111113004557738,-7.0351,1.0,1.0,0.0,1.0,0.0,4.0,2.6494,7.0,5.0,3.1875
T,0,4111114877693849,-7.3567,1.0,1.0,0.0,1.0,0.0,4.0,2.6022,7.0,5.0,4.625
T,0,6011002648190957,0.8224,1.0,1.0,1.0,1.0,5.0,6.0,2.9528,9.0,4.0,3.6875
T,0,4532010615416581,1.7446,1.0,1.0,1.0,1.0,2.0,4.0,2.8278,8.0,4.0,3.25
T,0,4532018561686099,3.7719,1.0,1.0,1.0,1.0,2.0,4.0,3.0778,9.0,3.0,4.5625
T,0,6011006068623483,-7.763,1.0,1.0,0.0,1.0,5.0,6.0,2.625,7.0,4.0,3.375
T,0,6011002189633255,-7.8297,1.0,1.0,0.0,1.0,5.0,6.0,2.9056,8.0,3.0,3.25
T,0,5105107092264252,-7.6454,1.0,1.0,0.0,1.0,3.0,5.0,2.7806,8.0,4.0,3.1875
T,0,4111110978373208,-6.8585,1.0,1.0,0.0,1.0,0.0,4.0,2.7744,8.0,5.0,3.5
T,0,4111112016472488,-7.4499,1.0,1.0,0.0,1.0,0.0,4.0,2.4835,7.0,6.0,3.1875
T,0,4111113085030347,-6.8899,1.0,1.0,0.0,1.0,0.0,4.0,2.555,7.0,5.0,2.625
T,0,6011006748090458,-7.109,1.0,1.0,0.0,1.0,5.0,6.0,2.7744,8.0,5.0,3.6875
T,0,4111112098761905,-6.7778,1.0,1.0,0.0,1.0,0.0,4.0,2.7806,9.0,6.0,3.5
T,0,5555550161331314,-7.9664,1.0,1.0,0.0,1.0,4.0,5.0,2.2335,6.0,6.0,3.3125
T,0,4111111587318173,-7.1794,1.0,1.0,0.0,1.0,0.0,4.0,2.125,6.0,8.0,3.3125
T,0,4111116288198851,-6.4269,1.0,1.0,0.0,1.0,0.0,4.0,2.2718,7.0,7.0,4.0625
T,0,6011004752565787,-6.9564,1.0,1.0,0.0,1.0,5.0,6.0,2.8585,8.0,3.0,4.0
T,0,4242428059723592,-6.876,1.0,1.0,0.0,1.0,1.0,4.0,2.7272,8.0,5.0,4.25
T,0,4111114977544719,-6.6872,1.0,1.0,0.0,1.0,0.0,4.0,2.1085,5.0,6.0,4.125
T,0,5105102673100091,-6.8006,1.0,1.0,0.0,1.0,3.0,5.0,2.6494,8.0,5.0,2.5625
T,0,5105103821838163,-7.5941,1.0,1.0,0.0,1.0,3.0,5.0,2.6556,7.0,4.0,3.4375
T,0,4242423468556670,-7.0033,1.0,1.0,0.0,1.0,1.0,4.0,2.7806,8.0,4.0,4.25
T,0,6011006602658626,-7.1203,1.0,1.0,0.0,1.0,5.0,6.0,2.2806,6.0,6.0,3.4375
T,0,4532015273810203,-7.0627,1.0,1.0,0.0,1.0,2.0,4.0,2.8585,8.0,3.0,2.875
T,0,4532016135575121,-7.2573,1.0,1.0,0.0,1.0,2.0,4.0,2.75,8.0,4.0,3.1875
T,0,6011002902172822,-6.9841,1.0,1.0,0.0,1.0,5.0,6.0,2.4772,7.0,5.0,2.6875
T,0,4242424819129734,-7.0771,1.0,1.0,0.0,1.0,1.0,4.0,2.5244,7.0,5.0,4.125
T,0,5105104887391477,-7.419,1.0,1.0,0.0,1.0,3.0,5.0,2.9056,8.0,3.0,4.375
T,0,4111113992604602,3.237,1.0,1.0,1.0,1.0,0.0,4.0,2.6494,7.0,5.0,3.125
T,0,4111112344723659,-7.0484,1.0,1.0,0.0,1.0,0.0,4.0,2.7272,8.0,5.0,3.375
T,0,5105108780964531,-6.831,1.0,1.0,0.0,1.0,3.0,5.0,2.9835,9.0,3.0,3.9375
T,0,6011008929129329,-7.2113,1.0,1.0,0.0,1.0,5.0,6.0,2.6085,7.0,4.0,3.875
T,0,5555550968000919,-7.5928,1.0,1.0,0.0,1.0,4.0,5.0,2.2335,6.0,6.0,4.5
T,0,5555553365704862,-7.9623,1.0,1.0,0.0,1.0,4.0,5.0,2.5218,8.0,7.0,4.625
T,0,4242425982357272,-6.8427,1.0,1.0,0.0,1.0,1.0,4.0,2.4835,7.0,6.0,4.25
T,0,4532013984448420,-6.4939,1.0,1.0,0.0,1.0,2.0,4.0,2.7744,8.0,5.0,3.8125
T,0,5555555364754890,-7.76,1.0,1.0,0.0,1.0,4.0,5.0,2.375,8.0,8.0,5.0625
T,0,4111118242580670,-6.9398,1.0,1.0,0.0,1.0,0.0,4.0,2.7744,8.0,5.0,3.1875
T,0,6011005151245802,-6.9944,1.0,1.0,0.0,1.0,5.0,6.0,2.5778,7.0,4.0,2.5625
T,0,5105104449811851,-6.8566,1.0,1.0,0.0,1.0,3.0,5.0,2.43,6.0,5.0,3.5625
T,0,4111110608867668,-7.5522,1.0,1.0,0.0,1.0,0.0,4.0,2.3522,6.0,5.0,4.0
T,0,4242427706240622,-7.3555,1.0,1.0,0.0,1.0,1.0,4.0,2.1556,5.0,6.0,3.375
T,0,6011009860551055,0.8613,1.0,1.0,1.0,1.0,5.0,6.0,2.3522,6.0,5.0,3.25
T,0,4242421748708799,-8.1502,1.0,1.0,0.0,1.0,1.0,4.0,2.6556,7.0,4.0,4.875
T,0,4111114489089711,3.7078,1.0,1.0,1.0,1.0,0.0,4.0,2.2246,6.0,7.0,3.75
T,0,6011006606077082,-7.3316,1.0,1.0,0.0,1.0,5.0,6.0,2.2806,6.0,6.0,3.125
T,0,4111119147726402,-7.4499,1.0,1.0,0.0,1.0,0.0,4.0,2.4835,7.0,6.0,3.1875
T,0,5105108487574551,-6.7082,1.0,1.0,0.0,1.0,3.0,5.0,2.4772,6.0,5.0,4.125
T,0,4111118451109681,-7.2042,1.0,1.0,0.0,1.0,0.0,4.0,2.25,7.0,8.0,3.25
T,0,4111112576126226,-7.6254,1.0,1.0,0.0,1.0,0.0,4.0,2.2335,6.0,6.0,3.0
T,0,5555557742161648,-8.0095,1.0,1.0,0.0,1.0,4.0,5.0,2.5306,7.0,6.0,4.75
T,0,5105108717511312,-7.2813,1.0,1.0,0.0,1.0,3.0,5.0,2.4835,7.0,6.0,3.0
T,0,6011004823889031,0.3163,1.0,1.0,1.0,1.0,5.0,6.0,2.7806,8.0,4.0,3.375
T,0,4111119164612497,3.658,1.0,1.0,1.0,1.0,0.0,4.0,2.2246,6.0,7.0,3.625
T,0,4111111874972131,-7.2042,1.0,1.0,0.0,1.0,0.0,4.0,2.25,7.0,8.0,3.25
T,0,5105104818207049,-7.5861,1.0,1.0,0.0,1.0,3.0,5.0,2.8278,8.0,4.0,3.4375
T,0,4242429758903384,-7.8574,1.0,1.0,0.0,1.0,1.0,4.0,2.8278,8.0,4.0,4.625
T,0,5105104472050816,-7.5628,1.0,1.0,0.0,1.0,3.0,5.0,2.7806,8.0,4.0,3.0625
T,0,4242422225009538,-7.4807,1.0,1.0,0.0,1.0,1.0,4.0,2.4835,7.0,6.0,3.375
T,0,5105102847405072,-7.6858,1.0,1.0,0.0,1.0,3.0,5.0,2.7028,7.0,4.0,3.1875
T,0,4111114441320465,-7.4592,1.0,1.0,0.0,1.0,0.0,4.0,2.305,7.0,6.0,2.625
T,0,6011000253036986,0.7346,1.0,1.0,1.0,1.0,5.0,6.0,2.7272,8.0,5.0,3.125
T,0,4111110772392956,-7.5521,1.0,1.0,0.0,1.0,0.0,4.0,2.8994,9.0,5.0,3.6875
T,0,4242425333257837,-6.4164,1.0,1.0,0.0,1.0,1.0,4.0,2.4528,6.0,4.0,4.0
T,0,5105108045111941,-7.4705,1.0,1.0,0.0,1.0,3.0,5.0,2.3113,6.0,6.0,2.875
T,0,5105104274845225,-7.5941,1.0,1.0,0.0,1.0,3.0,5.0,2.6556,7.0,4.0,3.4375
T,0,6011005813921095,-7.5762,1.0,1.0,0.0,1.0,5.0,6.0,2.75,8.0,4.0,3.1875
T,0,4111117556564923,-6.5334,1.0,1.0,0.0,1.0,0.0,4.0,2.7272,8.0,5.0,3.8125
T,0,5555555012719702,-6.4743,1.0,1.0,0.0,1.0,4.0,5.0,2.2718,6.0,7.0,4.0
T,0,5555552740545245,-8.5374,1.0,1.0,0.0,1.0,4.0,5.0,1.7947,5.0,9.0,4.25
T,0,5105106709908234,-7.715,1.0,1.0,0.0,1.0,3.0,5.0,3.125,10.0,4.0,3.75
T,0,5555557180102602,-7.4858,1.0,1.0,0.0,1.0,4.0,5.0,2.4835,7.0,6.0,3.5625
T,0,5105105191814586,-7.5896,1.0,1.0,0.0,1.0,3.0,5.0,2.5244,7.0,5.0,3.75
T,0,4532017852576367,-7.3495,1.0,1.0,0.0,1.0,2.0,4.0,3.0306,9.0,3.0,4.4375
T,0,5555553820927291,-7.9221,1.0,1.0,0.0,1.0,4.0,5.0,2.6085,8.0,6.0,4.5625
T,0,4111116241050407,-7.8645,1.0,1.0,0.0,1.0,0.0,4.0,2.4363,7.0,6.0,2.375
T,0,6011005093528019,0.7346,1.0,1.0,1.0,1.0,5.0,6.0,2.7272,8.0,5.0,3.125
T,0,4242425356894835,-8.0841,1.0,1.0,0.0,1.0,1.0,4.0,2.6556,7.0,4.0,4.625
T,0,4532017041780662,1.7303,1.0,1.0,1.0,1.0,2.0,4.0,3.0778,9.0,3.0,3.5
T,0,5555554138668908,-8.088,1.0,1.0,0.0,1.0,4.0,5.0,2.6085,8.0,6.0,5.1875
T,0,5105105151862181,-7.3316,1.0,1.0,0.0,1.0,3.0,5.0,2.2806,6.0,6.0,3.125
T,0,4111116376249260,-7.0484,1.0,1.0,0.0,1.0,0.0,4.0,2.7272,8.0,5.0,3.375
T,0,4242420824275201,-7.1348,1.0,1.0,0.0,1.0,1.0,4.0,2.4056,7.0,6.0,3.0625
T,0,5555556799104360,-7.9469,1.0,1.0,0.0,1.0,4.0,5.0,2.6556,8.0,6.0,4.6875
T,0,6011008819753127,0.8224,1.0,1.0,1.0,1.0,5.0,6.0,2.9528,9.0,4.0,3.6875
T,0,4532015567443862,-7.0357,1.0,1.0,0.0,1.0,2.0,4.0,3.0306,9.0,3.0,4.0625
T,0,4111115603602620,-6.9966,1.0,1.0,0.0,1.0,0.0,4.0,2.555,7.0,5.0,2.4375
T,0,6011001429250067,-7.1285,1.0,1.0,0.0,1.0,5.0,6.0,2.7272,8.0,5.0,2.75
T,0,4242424589712629,-7.1555,1.0,1.0,0.0,1.0,1.0,4.0,2.6494,8.0,5.0,4.4375
T,0,6011000335857573,0.8708,1.0,1.0,1.0,1.0,5.0,6.0,2.6556,7.0,4.0,3.375
T,0,5555552131262795,-7.2321,1.0,1.0,0.0,1.0,4.0,5.0,2.3496,7.0,7.0,4.25
T,0,5555551007878091,-7.3917,1.0,1.0,0.0,1.0,4.0,5.0,2.3585,6.0,6.0,4.4375
T,0,4242428813560737,-7.0735,1.0,1.0,0.0,1.0,1.0,4.0,3.0306,9.0,3.0,4.125
T,0,4111117486238430,-7.0484,1.0,1.0,0.0,1.0,0.0,4.0,2.7272,8.0,5.0,3.375
T,0,4111118690349853,-6.5782,1.0,1.0,0.0,1.0,0.0,4.0,2.7744,8.0,5.0,4.0
T,0,4242429504942722,-6.5738,1.0,1.0,0.0,1.0,1.0,4.0,2.18,6.0,6.0,3.875
T,0,5555554863477643,-7.9462,1.0,1.0,0.0,1.0,4.0,5.0,2.3585,6.0,6.0,5.125
T,0,5105104453631462,-7.8092,1.0,1.0,0.0,1.0,3.0,5.0,2.7335,7.0,3.0,3.125
T,0,6011004628899858,-8.0961,1.0,1.0,0.0,1.0,5.0,6.0,2.8278,8.0,4.0,4.6875
T,0,6011007836148644,-7.7508,1.0,1.0,0.0,1.0,5.0,6.0,2.6863,7.0,3.0,3.6875
T,0,6011002669737789,-7.6196,1.0,1.0,0.0,1.0,5.0,6.0,2.8585,8.0,3.0,4.5
T,0,5555555305588998,-9.2102,1.0,1.0,0.0,1.0,4.0,5.0,1.7947,5.0,9.0,5.625
T,0,6011003817701054,-7.0556,1.0,1.0,0.0,1.0,5.0,6.0,2.6494,8.0,5.0,2.75
T,0,5555551458150143,-6.9679,1.0,1.0,0.0,1.0,4.0,5.0,2.0778,6.0,8.0,3.875
T,0,4532014779223918,-7.0509,1.0,1.0,0.0,1.0,2.0,4.0,3.0778,9.0,3.0,4.1875
T,0,4532018127251801,-7.646,1.0,1.0,0.0,1.0,2.0,4.0,2.8278,8.0,4.0,3.125
T,0,6011002212494446,-6.7068,1.0,1.0,0.0,1.0,5.0,6.0,2.4835,6.0,4.0,2.875
T,0,4111119622115881,-7.2042,1.0,1.0,0.0,1.0,0.0,4.0,2.25,7.0,8.0,3.25
T,0,4111115950362850,-7.0933,1.0,1.0,0.0,1.0,0.0,4.0,2.8522,9.0,5.0,3.25
T,0,4242426056429217,3.1372,1.0,1.0,1.0,1.0,1.0,4.0,2.6494,8.0,5.0,3.75
T,0,4111117260878263,-6.6608,1.0,1.0,0.0,1.0,0.0,4.0,2.7744,8.0,5.0,3.625
T,0,4242428407325060,2.8416,1.0,1.0,1.0,1.0,1.0,4.0,2.7028,8.0,4.0,3.3125
T,0,5555555972454233,-7.9979,1.0,1.0,0.0,1.0,4.0,5.0,2.125,6.0,8.0,4.625
T,0,5555556191525435,-8.075,1.0,1.0,0.0,1.0,4.0,5.0,2.0919,7.0,9.0,4.4375
T,0,4242421166387916,-6.6166,1.0,1.0,0.0,1.0,1.0,4.0,2.8113,8.0,3.0,4.125
T,0,4532019221840706,-8.2715,1.0,1.0,0.0,1.0,2.0,4.0,3.1556,10.0,3.0,3.375
T,0,4532011414138396,-7.4849,1.0,1.0,0.0,1.0,2.0,4.0,2.9056,9.0,4.0,3.4375
T,0,4242426130328978,-7.0019,1.0,1.0,0.0,1.0,1.0,4.0,2.9528,9.0,4.0,4.0625
T,0,6011002421630878,-7.6448,1.0,1.0,0.0,1.0,5.0,6.0,2.8278,8.0,4.0,3.0625
T,0,5555552328591301,-6.7651,1.0,1.0,0.0,1.0,4.0,5.0,2.3968,7.0,7.0,4.0
T,0,4242428810511053,-7.494,1.0,1.0,0.0,1.0,1.0,4.0,2.7335,7.0,3.0,3.125
T,0,4242423769818964,-8.4518,1.0,1.0,0.0,1.0,1.0,4.0,2.8278,8.0,4.0,4.9375
T,0,6011001070676622,-7.8178,1.0,1.0,0.0,1.0,5.0,6.0,2.2272,5.0,5.0,2.8125
T,0,5105106754144269,-7.3651,1.0,1.0,0.0,1.0,3.0,5.0,2.8585,8.0,3.0,3.75
T,0,5555559943321119,-7.6248,1.0,1.0,0.0,1.0,4.0,5.0,2.3113,6.0,6.0,4.5
T,0,5105102857906503,-7.4819,1.0,1.0,0.0,1.0,3.0,5.0,2.875,9.0,4.0,3.5625
T,0,6011005007581827,-7.2013,1.0,1.0,0.0,1.0,5.0,6.0,2.6022,7.0,5.0,3.1875
T,0,6011000301021222,-7.6639,1.0,1.0,0.0,1.0,5.0,6.0,2.0306,5.0,6.0,1.3125
T,0,4242427276851037,-6.9614,1.0,1.0,0.0,1.0,1.0,4.0,2.9056,9.0,4.0,4.0
T,0,4242421095818686,2.8711,1.0,1.0,1.0,1.0,1.0,4.0,2.8585,8.0,3.0,4.375
T,0,4111110258971177,-7.0346,1.0,1.0,0.0,1.0,0.0,4.0,2.4746,8.0,7.0,3.5
T,0,4111112065322130,-8.2435,1.0,1.0,0.0,1.0,0.0,4.0,2.4835,7.0,6.0,2.0625
T,0,5555553292999040,-7.4378,1.0,1.0,0.0,1.0,4.0,5.0,2.2806,6.0,6.0,4.8125
T,0,4242425301301304,2.727,1.0,1.0,1.0,1.0,1.0,4.0,2.4835,6.0,4.0,2.375
T,0,4242425569915763,-7.6989,1.0,1.0,0.0,1.0,1.0,4.0,2.8585,8.0,3.0,4.625
T,0,4532019044863807,-7.137,1.0,1.0,0.0,1.0,2.0,4.0,3.1556,10.0,3.0,4.0
T,0,4111114625248820,-7.1774,1.0,1.0,0.0,1.0,0.0,4.0,2.555,7.0,5.0,3.125
T,0,4242424531670811,-7.6379,1.0,1.0,0.0,1.0,1.0,4.0,2.9056,9.0,4.0,3.375
T,0,6011009602388849,-7.1503,1.0,1.0,0.0,1.0,5.0,6.0,2.8278,8.0,4.0,4.0625
T,0,6011007687442014,-7.7177,1.0,1.0,0.0,1.0,5.0,6.0,2.6556,7.0,4.0,3.1875
T,0,4111110351986708,-6.7778,1.0,1.0,0.0,1.0,0.0,4.0,2.7806,9.0,6.0,3.5
T,0,5555556884019117,2.428,1.0,1.0,1.0,1.0,4.0,5.0,2.6085,8.0,6.0,4.6875
T,0,4242422323471012,-7.2888,1.0,1.0,0.0,1.0,1.0,4.0,2.2806,6.0,6.0,2.6875
T,0,4532013949071283,-6.6996,1.0,1.0,0.0,1.0,2.0,4.0,3.0778,9.0,3.0,3.8125
T,0,5105102252659261,-7.1559,1.0,1.0,0.0,1.0,3.0,5.0,2.4528,6.0,4.0,3.25
T,0,5105102452415831,-7.1905,1.0,1.0,0.0,1.0,3.0,5.0,2.625,7.0,4.0,2.9375
T,0,5105103476148723,-7.8223,1.0,1.0,0.0,1.0,3.0,5.0,3.0778,9.0,3.0,3.5625
T,0,6011007639971149,-7.3003,1.0,1.0,0.0,1.0,5.0,6.0,2.6556,7.0,4.0,4.0
T,0,4532017609071488,3.9887,1.0,1.0,1.0,1.0,2.0,4.0,3.2028,10.0,3.0,4.0625
T,0,6011007414007273,-7.0075,1.0,1.0,0.0,1.0,5.0,6.0,2.555,7.0,5.0,2.6875
T,0,5105106310519980,-7.395,1.0,1.0,0.0,1.0,3.0,5.0,2.5778,7.0,4.0,3.375
T,0,5105102942231564,-7.9491,1.0,1.0,0.0,1.0,3.0,5.0,2.8585,8.0,3.0,3.125
T,0,6011008654302982,-8.1445,1.0,1.0,0.0,1.0,5.0,6.0,3.0,9.0,4.0,3.4375
T,0,4242420855921508,2.1473,1.0,1.0,1.0,1.0,1.0,4.0,2.6556,7.0,4.0,3.8125
T,0,6011003501529664,-7.7141,1.0,1.0,0.0,1.0,5.0,6.0,2.7806,8.0,4.0,3.0625
T,0,4532017019803796,-7.1775,1.0,1.0,0.0,1.0,2.0,4.0,3.2028,10.0,3.0,4.0625
T,0,4532014560581244,-7.5363,1.0,1.0,0.0,1.0,2.0,4.0,2.8278,8.0,4.0,3.375
T,0,4111118040043017,-7.9797,1.0,1.0,0.0,1.0,0.0,4.0,2.2335,6.0,6.0,2.25
T,0,4111117685851147,-6.5856,1.0,1.0,0.0,1.0,0.0,4.0,2.2718,6.0,7.0,3.8125
T,0,5555559922030260,1.3942,1.0,1.0,1.0,1.0,4.0,5.0,2.3113,6.0,6.0,3.9375
T,0,5105108916496366,-7.3388,1.0,1.0,0.0,1.0,3.0,5.0,2.8278,8.0,4.0,4.375
T,0,6011000201715152,0.0735,1.0,1.0,1.0,1.0,5.0,6.0,2.2988,6.0,5.0,2.0
T,0,4111118743541741,-7.0474,1.0,1.0,0.0,1.0,0.0,4.0,2.1468,6.0,7.0,3.3125
T,0,4111112922976082,-6.7844,1.0,1.0,0.0,1.0,0.0,4.0,2.6494,8.0,5.0,3.5
T,0,5555558361580574,-7.597,1.0,1.0,0.0,1.0,4.0,5.0,2.375,8.0,8.0,4.8125
T,0,4532018864525595,-7.2178,1.0,1.0,0.0,1.0,2.0,4.0,2.8994,9.0,5.0,4.5
T,0,5105109016461905,-7.1559,1.0,1.0,0.0,1.0,3.0,5.0,2.4528,6.0,4.0,3.3125
T,0,4532013336866725,-6.8617,1.0,1.0,0.0,1.0,2.0,4.0,2.9528,9.0,4.0,4.0
T,0,4111111351475495,-7.0741,1.0,1.0,0.0,1.0,0.0,4.0,2.1774,6.0,7.0,3.3125
T,0,5555552273055349,-7.0175,1.0,1.0,0.0,1.0,4.0,5.0,2.25,7.0,8.0,4.375
T,0,4532018860362498,-6.8942,1.0,1.0,0.0,1.0,2.0,4.0,3.0778,9.0,3.0,4.3125
T,0,5105100898697716,-7.6675,1.0,1.0,0.0,1.0,3.0,5.0,2.7806,7.0,3.0,4.5625
T,0,5105104322511454,-7.0385,1.0,1.0,0.0,1.0,3.0,5.0,2.4528,6.0,4.0,2.6875
T,0,6011009478676770,-6.6989,1.0,1.0,0.0,1.0,5.0,6.0,2.5778,7.0,4.0,4.3125
T,0,6011007390223949,-7.7374,1.0,1.0,0.0,1.0,5.0,6.0,2.8278,8.0,4.0,3.5
T,0,5105102706915273,-7.7191,1.0,1.0,0.0,1.0,3.0,5.0,2.8585,8.0,3.0,3.375
T,0,4242421356249241,2.557,1.0,1.0,1.0,1.0,1.0,4.0,2.4238,7.0,5.0,3.4375
T,0,6011005436136450,-6.8689,1.0,1.0,0.0,1.0,5.0,6.0,2.5306,6.0,4.0,2.8125
T,0,4242425998081761,-7.5265,1.0,1.0,0.0,1.0,1.0,4.0,3.0306,9.0,3.0,4.5
T,0,5555559362148929,2.4738,1.0,1.0,1.0,1.0,4.0,5.0,2.6085,8.0,6.0,5.1875
T,0,6011007038444643,-7.6352,1.0,1.0,0.0,1.0,5.0,6.0,2.625,7.0,4.0,3.1875
T,0,6011007590369585,-7.1503,1.0,1.0,0.0,1.0,5.0,6.0,2.8278,8.0,4.0,4.0625
T,0,6011001423896772,-7.681,1.0,1.0,0.0,1.0,5.0,6.0,3.0306,9.0,3.0,3.5625
T,0,5105106201459552,-7.2461,1.0,1.0,0.0,1.0,3.0,5.0,2.555,7.0,5.0,3.1875
T,0,5555553509838973,-8.3628,1.0,1.0,0.0,1.0,4.0,5.0,2.2246,6.0,7.0,5.3125
T,0,5105105667574267,-7.3081,1.0,1.0,0.0,1.0,3.0,5.0,2.6556,7.0,4.0,4.1875
T,0,5555552610817366,-7.249,1.0,1.0,0.0,1.0,4.0,5.0,2.6085,8.0,6.0,4.375
T,0,4532012315369768,-7.1775,1.0,1.0,0.0,1.0,2.0,4.0,3.2028,10.0,3.0,4.0625
T,0,4111117623594790,-7.0993,1.0,1.0,0.0,1.0,0.0,4.0,2.8994,9.0,5.0,3.8125
T,0,5105106343029392,-7.7517,1.0,1.0,0.0,1.0,3.0,5.0,2.9056,8.0,3.0,3.3125
T,0,6011003302202330,-7.4743,1.0,1.0,0.0,1.0,5.0,6.0,2.1085,5.0,6.0,1.625
T,0,4532015793640491,-6.8582,1.0,1.0,0.0,1.0,2.0,4.0,3.0778,9.0,3.0,3.9375
T,0,5105103152068412,1.8428,1.0,1.0,1.0,1.0,3.0,5.0,2.7806,8.0,4.0,2.75
T,0,5105101524254840,-6.719,1.0,1.0,0.0,1.0,3.0,5.0,2.4835,6.0,4.0,2.9375
T,0,4111119011368216,-7.1693,1.0,1.0,0.0,1.0,0.0,4.0,2.375,8.0,8.0,2.875
T,0,5555558316381064,-7.213,1.0,1.0,0.0,1.0,4.0,5.0,2.5306,7.0,6.0,4.375
T,0,6011006025948087,-7.3139,1.0,1.0,0.0,1.0,5.0,6.0,2.8994,9.0,5.0,3.5625
T,0,4242428187630191,-6.538,1.0,1.0,0.0,1.0,1.0,4.0,2.9835,9.0,3.0,3.875
T,0,6011000488803910,-7.1865,1.0,1.0,0.0,1.0,5.0,6.0,2.4363,7.0,6.0,3.0625
T,0,4111114558867427,4.0336,1.0,1.0,1.0,1.0,0.0,4.0,2.6022,7.0,5.0,4.0625
T,0,4111117555417652,-6.9086,1.0,1.0,0.0,1.0,0.0,4.0,2.2806,6.0,6.0,3.5
T,0,4111112161621127,-8.118,1.0,1.0,0.0,1.0,0.0,4.0,1.7947,5.0,9.0,2.375
T,0,4111119995543254,-6.5833,1.0,1.0,0.0,1.0,0.0,4.0,2.3829,6.0,5.0,4.0
T,0,4532012833561102,-7.0627,1.0,1.0,0.0,1.0,2.0,4.0,2.8585,8.0,3.0,2.875
T,0,4111111767567746,-6.6872,1.0,1.0,0.0,1.0,0.0,4.0,2.1085,5.0,6.0,4.0625
T,0,4242422989642598,-8.9956,1.0,1.0,0.0,1.0,1.0,4.0,2.3522,6.0,5.0,5.0
T,0,4111114954174640,-6.9873,1.0,1.0,0.0,1.0,0.0,4.0,2.305,7.0,6.0,3.3125
T,0,4242426560168658,-7.1607,1.0,1.0,0.0,1.0,1.0,4.0,2.6556,7.0,4.0,4.3125
T,0,5105103940855440,-7.395,1.0,1.0,0.0,1.0,3.0,5.0,2.5778,7.0,4.0,3.375
T,0,4532011857243052,-7.5586,1.0,1.0,0.0,1.0,2.0,4.0,2.9056,8.0,3.0,3.25
T,0,5105103759852266,-7.3915,1.0,1.0,0.0,1.0,3.0,5.0,3.0,9.0,4.0,4.0625
T,0,5105108048039826,-7.4162,1.0,1.0,0.0,1.0,3.0,5.0,2.9528,9.0,4.0,3.75
T,0,6011002557897871,-6.9969,1.0,1.0,0.0,1.0,5.0,6.0,2.8585,8.0,3.0,4.1875
T,0,6011008614662952,0.2066,1.0,1.0,1.0,1.0,5.0,6.0,2.7806,8.0,4.0,3.5625
T,0,4532016838604928,-6.8942,1.0,1.0,0.0,1.0,2.0,4.0,3.0778,9.0,3.0,4.3125
T,0,5555553678857436,-8.3527,1.0,1.0,0.0,1.0,4.0,5.0,2.2718,6.0,7.0,5.4375
T,0,5555555524231088,-6.876,1.0,1.0,0.0,1.0,4.0,5.0,2.25,7.0,8.0,4.25
T,0,6011008780128048,-7.7764,1.0,1.0,0.0,1.0,5.0,6.0,2.4772,7.0,5.0,3.375
T,0,5105105525647994,-6.6888,1.0,1.0,0.0,1.0,3.0,5.0,2.7744,8.0,5.0,4.25
T,0,5555553536700542,-6.876,1.0,1.0,0.0,1.0,4.0,5.0,2.25,7.0,8.0,4.0625
T,0,5105107575723486,-7.0508,1.0,1.0,0.0,1.0,3.0,5.0,2.9528,9.0,4.0,4.125
T,0,6011003238757089,-7.9082,1.0,1.0,0.0,1.0,5.0,6.0,3.0,9.0,4.0,3.75
T,0,5555550232241053,-7.0153,1.0,1.0,0.0,1.0,4.0,5.0,2.2246,6.0,7.0,3.25
T,0,4111113179487144,3.5871,1.0,1.0,1.0,1.0,0.0,4.0,2.1468,6.0,7.0,3.5625
T,0,4111110577916604,-7.2123,1.0,1.0,0.0,1.0,0.0,4.0,2.5306,7.0,6.0,3.375
T,0,5105105569261979,-7.6553,1.0,1.0,0.0,1.0,3.0,5.0,2.6556,7.0,4.0,4.4375
T,0,5105102835637739,-7.2099,1.0,1.0,0.0,1.0,3.0,5.0,3.0306,9.0,3.0,4.0625
T,0,4532011088471886,-6.9022,1.0,1.0,0.0,1.0,2.0,4.0,2.9528,9.0,4.0,4.125
T,0,5555554965251250,-7.6257,1.0,1.0,0.0,1.0,4.0,5.0,2.0919,7.0,9.0,4.3125
T,0,4111112554854015,-7.6254,1.0,1.0,0.0,1.0,0.0,4.0,2.2335,6.0,6.0,3.0
T,0,5555555694442813,-8.0323,1.0,1.0,0.0,1.0,4.0,5.0,2.4746,8.0,7.0,4.75
T,0,4532019848491601,-7.0357,1.0,1.0,0.0,1.0,2.0,4.0,3.0306,9.0,3.0,4.0625
T,0,5105108487104126,-7.5761,1.0,1.0,0.0,1.0,3.0,5.0,2.8278,8.0,4.0,3.3125
T,0,5555557958502772,2.0415,1.0,1.0,1.0,1.0,4.0,5.0,2.0778,6.0,8.0,5.125
T,0,6011000213316851,-7.855,1.0,1.0,0.0,1.0,5.0,6.0,2.5244,7.0,5.0,2.375
T,0,6011004826549274,-7.6955,1.0,1.0,0.0,1.0,5.0,6.0,3.0306,9.0,3.0,3.6875
T,0,4532019291408296,-7.0357,1.0,1.0,0.0,1.0,2.0,4.0,3.0306,9.0,3.0,4.0625
T,0,4532018799594957,-8.8727,1.0,1.0,0.0,1.0,2.0,4.0,2.9528,9.0,4.0,5.4375
T,0,4242428781395990,-7.6582,1.0,1.0,0.0,1.0,1.0,4.0,2.9835,9.0,3.0,4.8125
T,0,6011008292676167,0.5615,1.0,1.0,1.0,1.0,5.0,6.0,2.6556,7.0,4.0,3.875
T,0,5555557359251306,-7.3725,1.0,1.0,0.0,1.0,4.0,5.0,2.375,8.0,8.0,4.4375
T,0,4532011918952938,-7.2115,1.0,1.0,0.0,1.0,2.0,4.0,2.9056,8.0,3.0,4.375
T,0,6011006237545260,-7.6448,1.0,1.0,0.0,1.0,5.0,6.0,2.8278,8.0,4.0,3.0
T,0,4111113513802089,-6.6986,1.0,1.0,0.0,1.0,0.0,4.0,2.6556,8.0,6.0,3.0
T,0,6011003182822656,-7.8924,1.0,1.0,0.0,1.0,5.0,6.0,2.6863,7.0,3.0,3.1875
T,0,5555552951312149,-6.361,1.0,1.0,0.0,1.0,4.0,5.0,2.2246,6.0,7.0,4.1875
T,0,6011008074608554,-7.2647,1.0,1.0,0.0,1.0,5.0,6.0,2.6494,7.0,5.0,3.4375
T,0,4111117137867158,-6.6577,1.0,1.0,0.0,1.0,0.0,4.0,2.3496,7.0,7.0,3.875
T,0,4532012964045157,-7.4244,1.0,1.0,0.0,1.0,2.0,4.0,3.0306,9.0,3.0,3.625
T,0,5105100588538166,1.7196,1.0,1.0,1.0,1.0,3.0,5.0,2.4835,6.0,4.0,3.875
T,0,6011002108273739,-7.9648,1.0,1.0,0.0,1.0,5.0,6.0,2.8278,8.0,4.0,3.125
T,0,4532018503785007,-7.1822,1.0,1.0,0.0,1.0,2.0,4.0,2.8278,8.0,4.0,3.625
T,0,5555554727481455,-8.1039,1.0,1.0,0.0,1.0,4.0,5.0,2.0778,6.0,8.0,4.8125
T,0,6011001833742882,-7.7971,1.0,1.0,0.0,1.0,5.0,6.0,2.8585,8.0,3.0,3.375
T,0,4242420369417898,-7.778,1.0,1.0,0.0,1.0,1.0,4.0,2.9528,9.0,4.0,4.5625
T,0,4532014522943372,1.1418,1.0,1.0,1.0,1.0,2.0,4.0,2.7806,8.0,4.0,3.5
T,0,4242425942091417,-7.3547,1.0,1.0,0.0,1.0,1.0,4.0,2.5244,7.0,5.0,3.75
T,0,4242423276435572,-6.6128,1.0,1.0,0.0,1.0,1.0,4.0,2.3994,6.0,5.0,3.875
T,0,4242424362840479,-6.6868,1.0,1.0,0.0,1.0,1.0,4.0,2.5306,8.0,6.0,4.0625
T,0,4111111002420106,-7.6542,1.0,1.0,0.0,1.0,0.0,4.0,2.0218,5.0,7.0,1.5625
T,0,4242423205770588,-7.1022,1.0,1.0,0.0,1.0,1.0,4.0,2.7028,7.0,4.0,3.9375
T,0,4532012119504439,-7.2395,1.0,1.0,0.0,1.0,2.0,4.0,2.7806,7.0,3.0,3.3125
T,0,4242424748263679,-7.9225,1.0,1.0,0.0,1.0,1.0,4.0,2.5244,7.0,5.0,4.625
T,0,5555553096227176,-7.9469,1.0,1.0,0.0,1.0,4.0,5.0,2.6556,8.0,6.0,4.5625
T,0,5105102357191682,-7.6525,1.0,1.0,0.0,1.0,3.0,5.0,2.9528,9.0,4.0,3.5
T,0,5105104190915185,-7.4726,1.0,1.0,0.0,1.0,3.0,5.0,2.3522,6.0,5.0,3.4375
T,0,6011001965333715,-7.7177,1.0,1.0,0.0,1.0,5.0,6.0,2.6556,7.0,4.0,3.1875
T,0,4532010914095669,-6.8646,1.0,1.0,0.0,1.0,2.0,4.0,2.9056,8.0,3.0,4.0
T,0,4111115345178886,-6.8478,1.0,1.0,0.0,1.0,0.0,4.0,2.4835,7.0,6.0,4.0
T,0,4242424782233227,2.8699,1.0,1.0,1.0,1.0,1.0,4.0,2.0218,5.0,7.0,3.625
T,0,4242427162231353,-6.9981,1.0,1.0,0.0,1.0,1.0,4.0,2.555,7.0,5.0,3.1875
T,0,4532016795867941,-7.953,1.0,1.0,0.0,1.0,2.0,4.0,3.25,10.0,2.0,4.8125
T,0,4242421582864496,-7.2986,1.0,1.0,0.0,1.0,1.0,4.0,2.5244,7.0,5.0,4.4375
T,0,4111110902250304,-7.8567,1.0,1.0,0.0,1.0,0.0,4.0,2.5244,7.0,5.0,2.125
T,0,4532018070475982,-6.9052,1.0,1.0,0.0,1.0,2.0,4.0,3.0778,9.0,3.0,4.0625
T,0,6011008437196070,-7.4512,1.0,1.0,0.0,1.0,5.0,6.0,2.7272,8.0,5.0,3.3125
T,0,5555555709607100,-6.7814,1.0,1.0,0.0,1.0,4.0,5.0,2.1468,6.0,7.0,4.0625
T,0,4111111123062591,3.493,1.0,1.0,1.0,1.0,0.0,4.0,2.375,8.0,8.0,2.4375
T,0,4242421177156396,-6.6985,1.0,1.0,0.0,1.0,1.0,4.0,2.8585,8.0,3.0,4.0
T,0,4242423597807891,-7.8971,1.0,1.0,0.0,1.0,1.0,4.0,3.0306,9.0,3.0,4.6875
T,0,4532018109319552,-7.3323,1.0,1.0,0.0,1.0,2.0,4.0,2.9056,8.0,3.0,3.625
T,0,5105107678612242,-7.5109,1.0,1.0,0.0,1.0,3.0,5.0,2.9056,8.0,3.0,3.5625
T,0,6011005276171560,-7.1188,1.0,1.0,0.0,1.0,5.0,6.0,2.4528,6.0,4.0,3.0
T,0,5555558222263506,2.2742,1.0,1.0,1.0,1.0,4.0,5.0,2.1468,6.0,7.0,4.125
T,0,4242425187733758,-7.1429,1.0,1.0,0.0,1.0,1.0,4.0,2.7335,7.0,3.0,4.5
T,0,4242428043522774,-6.8601,1.0,1.0,0.0,1.0,1.0,4.0,2.4238,7.0,5.0,3.75
T,0,6011008727947593,-7.4296,1.0,1.0,0.0,1.0,5.0,6.0,3.1556,10.0,3.0,4.3125
T,0,6011008931038885,-6.74,1.0,1.0,0.0,1.0,5.0,6.0,2.5778,7.0,4.0,3.8125
T,0,4111110400369849,-6.9582,1.0,1.0,0.0,1.0,0.0,4.0,2.555,7.0,5.0,3.25
T,0,6011004043775844,-7.704,1.0,1.0,0.0,1.0,5.0,6.0,2.75,8.0,4.0,3.375
T,0,6011005717854391,-7.5675,1.0,1.0,0.0,1.0,5.0,6.0,2.9528,9.0,4.0,3.625
T,0,4532018474971748,-7.6783,1.0,1.0,0.0,1.0,2.0,4.0,2.9528,9.0,4.0,4.625
T,0,5105106635330493,-7.8129,1.0,1.0,0.0,1.0,3.0,5.0,2.6556,7.0,4.0,3.375
T,0,5105109542608244,-7.6014,1.0,1.0,0.0,1.0,3.0,5.0,2.8585,8.0,3.0,3.5
T,0,4242428336147368,-7.3174,1.0,1.0,0.0,1.0,1.0,4.0,2.6556,7.0,4.0,4.1875
T,0,5105101574427350,-7.9226,1.0,1.0,0.0,1.0,3.0,5.0,2.6556,7.0,4.0,3.125
T,0,4242428428540035,-7.0814,1.0,1.0,0.0,1.0,1.0,4.0,2.3994,6.0,5.0,3.5625
T,0,4242425842598589,-7.7323,1.0,1.0,0.0,1.0,1.0,4.0,2.2806,5.0,4.0,5.0625
T,0,4532016378219340,-7.5662,1.0,1.0,0.0,1.0,2.0,4.0,3.2028,10.0,3.0,3.625
T,0,4532015836506003,1.6462,1.0,1.0,1.0,1.0,2.0,4.0,2.7806,8.0,4.0,3.1875
T,0,5105106375167100,-7.0862,1.0,1.0,0.0,1.0,3.0,5.0,2.4528,6.0,4.0,3.0
T,0,4242426312185459,-6.666,1.0,1.0,0.0,1.0,1.0,4.0,2.75,8.0,4.0,3.875
T,0,4111119871924308,-6.708,1.0,1.0,0.0,1.0,0.0,4.0,2.6556,8.0,6.0,3.75
T,0,4242422825692484,-6.593,1.0,1.0,0.0,1.0,1.0,4.0,2.18,6.0,6.0,4.25
T,0,5105103781007547,-7.7304,1.0,1.0,0.0,1.0,3.0,5.0,2.6085,7.0,4.0,3.375
T,0,6011007091704232,-6.9515,1.0,1.0,0.0,1.0,5.0,6.0,2.7272,8.0,5.0,2.6875
T,0,5105100428580564,-7.7304,1.0,1.0,0.0,1.0,3.0,5.0,2.625,7.0,4.0,3.375
T,0,4532014472797771,-7.1994,1.0,1.0,0.0,1.0,2.0,4.0,2.7272,8.0,5.0,4.375
T,0,5555551863610531,2.4621,1.0,1.0,1.0,1.0,4.0,5.0,2.2246,6.0,7.0,4.0
T,0,5105102490854021,-7.273,1.0,1.0,0.0,1.0,3.0,5.0,2.6556,7.0,4.0,2.9375
T,0,5105104552164629,1.236,1.0,1.0,1.0,1.0,3.0,5.0,2.7028,7.0,4.0,3.5
T,0,4532014717798187,-7.6783,1.0,1.0,0.0,1.0,2.0,4.0,2.9528,9.0,4.0,4.625
T,0,4242425029220722,-7.2762,1.0,1.0,0.0,1.0,1.0,4.0,2.0778,6.0,8.0,3.0625
T,0,4532010607802783,-7.8256,1.0,1.0,0.0,1.0,2.0,4.0,3.0,9.0,4.0,3.5
T,0,4111110538990072,-7.0933,1.0,1.0,0.0,1.0,0.0,4.0,2.8522,9.0,5.0,3.25
T,0,5105101953881300,-7.2873,1.0,1.0,0.0,1.0,3.0,5.0,2.4528,6.0,4.0,3.125
T,0,5555552499789786,-8.3297,1.0,1.0,0.0,1.0,4.0,5.0,2.4835,7.0,6.0,6.1875
T,0,5555552167214587,-7.8186,1.0,1.0,0.0,1.0,4.0,5.0,2.3968,7.0,7.0,4.5625
T,0,5105101392295068,1.8506,1.0,1.0,1.0,1.0,3.0,5.0,2.8585,8.0,3.0,3.5625
T,0,4111110552706078,-6.8237,1.0,1.0,0.0,1.0,0.0,4.0,2.7272,8.0,5.0,3.0625
T,0,6011009774532051,-7.7938,1.0,1.0,0.0,1.0,5.0,6.0,2.9528,9.0,4.0,3.1875
T,0,6011006123363640,-7.8085,1.0,1.0,0.0,1.0,5.0,6.0,2.4056,6.0,4.0,2.625
T,0,4242421633323687,-6.7636,1.0,1.0,0.0,1.0,1.0,4.0,2.5778,7.0,4.0,3.75
T,0,5555558527352345,-8.6129,1.0,1.0,0.0,1.0,4.0,5.0,1.9669,6.0,9.0,4.625
T,0,5555557467644781,-8.5875,1.0,1.0,0.0,1.0,4.0,5.0,2.3113,6.0,6.0,5.25
T,0,5105102650898558,-6.7272,1.0,1.0,0.0,1.0,3.0,5.0,2.555,7.0,5.0,4.25
T,0,4111118084414861,-7.5555,1.0,1.0,0.0,1.0,0.0,4.0,1.9746,5.0,7.0,3.3125
T,0,5555552527363887,-7.9457,1.0,1.0,0.0,1.0,4.0,5.0,2.2718,6.0,7.0,5.0625
T,0,5105100070832443,-6.6455,1.0,1.0,0.0,1.0,3.0,5.0,2.7744,8.0,5.0,2.6875
T,0,5105106015849365,1.5671,1.0,1.0,1.0,1.0,3.0,5.0,2.7806,8.0,4.0,3.6875
T,0,4111114362808314,-6.9784,1.0,1.0,0.0,1.0,0.0,4.0,2.4835,7.0,6.0,3.0
T,0,4111114326958144,3.3527,1.0,1.0,1.0,1.0,0.0,4.0,2.5306,8.0,6.0,3.4375
T,0,5555557647691425,-7.933,1.0,1.0,0.0,1.0,4.0,5.0,2.3968,7.0,7.0,5.0625
T,0,4111112863554778,-6.5782,1.0,1.0,0.0,1.0,0.0,4.0,2.7744,8.0,5.0,4.0
T,0,5555555520287561,-8.075,1.0,1.0,0.0,1.0,4.0,5.0,2.0919,7.0,9.0,4.4375
T,0,4532013015204720,-7.0085,1.0,1.0,0.0,1.0,2.0,4.0,2.7028,7.0,4.0,2.4375
T,0,4532016361371867,-6.6568,1.0,1.0,0.0,1.0,2.0,4.0,2.9835,9.0,3.0,3.9375
T,0,4242422602595013,-7.0519,1.0,1.0,0.0,1.0,1.0,4.0,2.7272,8.0,5.0,3.1875
T,0,6011009802141432,-7.0421,1.0,1.0,0.0,1.0,5.0,6.0,2.75,8.0,4.0,2.625
T,0,4111110551983115,-6.9912,1.0,1.0,0.0,1.0,0.0,4.0,2.2028,7.0,8.0,2.9375
T,0,4111117297683520,-8.0023,1.0,1.0,0.0,1.0,0.0,4.0,3.0244,10.0,5.0,3.625
T,0,4242423499600105,-7.4177,1.0,1.0,0.0,1.0,1.0,4.0,2.7806,8.0,4.0,3.4375
T,0,6011008898358284,-7.232,1.0,1.0,0.0,1.0,5.0,6.0,2.8522,9.0,5.0,4.4375
T,0,4242429065652745,-6.6755,1.0,1.0,0.0,1.0,1.0,4.0,2.5778,7.0,4.0,4.1875
T,0,6011008588496870,-7.3849,1.0,1.0,0.0,1.0,5.0,6.0,2.75,8.0,4.0,4.4375
T,0,5555553602553466,-7.1565,1.0,1.0,0.0,1.0,4.0,5.0,2.0778,6.0,8.0,4.375
T,0,4532016451552605,-7.2425,1.0,1.0,0.0,1.0,2.0,4.0,2.6494,7.0,5.0,3.375
T,0,4242429755600981,-7.0625,1.0,1.0,0.0,1.0,1.0,4.0,3.0306,9.0,3.0,4.25
T,0,4111119671960214,-7.0555,1.0,1.0,0.0,1.0,0.0,4.0,2.3968,7.0,7.0,3.375
T,0,5555554362328325,-6.6094,1.0,1.0,0.0,1.0,4.0,5.0,2.1774,6.0,7.0,4.25
T,0,4111115273815180,-6.8277,1.0,1.0,0.0,1.0,0.0,4.0,2.5218,8.0,7.0,3.0625
T,0,4532013272294777,-6.8381,1.0,1.0,0.0,1.0,2.0,4.0,2.75,8.0,4.0,4.0625
T,0,4532019614571078,-7.1305,1.0,1.0,0.0,1.0,2.0,4.0,3.2028,10.0,3.0,3.9375
T,0,4242421426940927,-6.4599,1.0,1.0,0.0,1.0,1.0,4.0,2.4238,7.0,5.0,3.875
T,0,5105106729425764,-7.0388,1.0,1.0,0.0,1.0,3.0,5.0,2.9528,8.0,3.0,4.0
T,0,5555550688300255,-7.015,1.0,1.0,0.0,1.0,4.0,5.0,2.0778,6.0,8.0,4.1875
T,0,6011006627078754,-7.5705,1.0,1.0,0.0,1.0,5.0,6.0,2.7806,8.0,4.0,3.75
T,0,4532011199556646,-6.8905,1.0,1.0,0.0,1.0,2.0,4.0,2.8585,8.0,3.0,4.1875
T,0,4532014885546316,-6.9051,1.0,1.0,0.0,1.0,2.0,4.0,2.9056,8.0,3.0,4.0625
T,0,6011002313433021,-1.4593,1.0,1.0,1.0,1.0,5.0,6.0,2.375,6.0,4.0,1.875
T,0,4242429517415239,2.4284,1.0,1.0,1.0,1.0,1.0,4.0,2.625,7.0,4.0,4.0
T,0,4111112241262099,-7.3876,1.0,1.0,0.0,1.0,0.0,4.0,2.2806,6.0,6.0,2.875
T,0,4242423478770639,-7.5561,1.0,1.0,0.0,1.0,1.0,4.0,2.7806,8.0,4.0,4.5
T,0,4242427974710235,-6.9959,1.0,1.0,0.0,1.0,1.0,4.0,2.7028,8.0,4.0,3.9375
T,0,4532013843575527,-6.9103,1.0,1.0,0.0,1.0,2.0,4.0,2.8278,8.0,4.0,4.0
T,0,4532012168841365,-7.3323,1.0,1.0,0.0,1.0,2.0,4.0,2.9528,8.0,3.0,3.6875
T,0,5105108870187466,-6.7157,1.0,1.0,0.0,1.0,3.0,5.0,2.7335,7.0,3.0,4.1875
T,0,4242428329338850,-7.2349,1.0,1.0,0.0,1.0,1.0,4.0,2.6085,7.0,4.0,4.1875
T,0,4532015658163369,-6.8496,1.0,1.0,0.0,1.0,2.0,4.0,2.9835,9.0,3.0,4.1875
T,0,5105102675516277,-6.8535,1.0,1.0,0.0,1.0,3.0,5.0,2.5306,6.0,4.0,3.75
T,0,4111118970247779,3.5135,1.0,1.0,1.0,1.0,0.0,4.0,2.5244,7.0,5.0,4.3125
T,0,5105106840031891,-7.4248,1.0,1.0,0.0,1.0,3.0,5.0,2.75,8.0,4.0,3.25
T,0,5555551892590755,-8.5519,1.0,1.0,0.0,1.0,4.0,5.0,2.0919,7.0,9.0,5.0625
T,0,5555551447636689,2.5299,1.0,1.0,1.0,1.0,4.0,5.0,2.6085,8.0,6.0,5.25
T,0,5105103433035624,-7.3971,1.0,1.0,0.0,1.0,3.0,5.0,2.6556,7.0,4.0,2.8125
T,0,4111114764999311,3.1946,1.0,1.0,1.0,1.0,0.0,4.0,2.1774,6.0,7.0,3.875
T,0,4532016913113694,-7.1822,1.0,1.0,0.0,1.0,2.0,4.0,2.8278,8.0,4.0,3.625
T,0,5555551962974760,-8.2173,1.0,1.0,0.0,1.0,4.0,5.0,2.6556,8.0,6.0,5.0625
T,0,4532013745673275,-6.7043,1.0,1.0,0.0,1.0,2.0,4.0,2.8585,8.0,3.0,4.0
T,0,4242424304801422,-7.3645,1.0,1.0,0.0,1.0,1.0,4.0,2.18,6.0,6.0,2.875
T,0,5555554643017662,1.8745,1.0,1.0,1.0,1.0,4.0,5.0,2.6085,8.0,6.0,4.3125
T,0,6011008668315349,-6.9107,1.0,1.0,0.0,1.0,5.0,6.0,2.8585,8.0,3.0,3.8125
T,0,4242422445499256,-6.7239,1.0,1.0,0.0,1.0,1.0,4.0,2.055,5.0,6.0,4.25
T,0,4532017137918104,-7.8256,1.0,1.0,0.0,1.0,2.0,4.0,3.0,9.0,4.0,3.5
T,0,5105103015197643,-7.6454,1.0,1.0,0.0,1.0,3.0,5.0,2.7806,8.0,4.0,3.1875
T,0,6011002287161283,-7.6351,1.0,1.0,0.0,1.0,5.0,6.0,2.6556,7.0,4.0,3.0
T,0,5555552625763506,-7.6573,1.0,1.0,0.0,1.0,4.0,5.0,2.0778,6.0,8.0,4.5
T,0,6011009139082516,-7.5762,1.0,1.0,0.0,1.0,5.0,6.0,2.75,8.0,4.0,3.25
T,0,6011004443359188,-7.4285,1.0,1.0,0.0,1.0,5.0,6.0,2.8585,8.0,3.0,3.5625
T,0,6011003482895584,-7.2474,1.0,1.0,0.0,1.0,5.0,6.0,3.0306,9.0,3.0,4.0
T,0,6011009334568015,-7.7274,1.0,1.0,0.0,1.0,5.0,6.0,2.8278,8.0,4.0,3.25
T,0,5555550593102864,-7.4959,1.0,1.0,0.0,1.0,4.0,5.0,2.6468,9.0,7.0,4.25
T,0,4532010160287336,-7.745,1.0,1.0,0.0,1.0,2.0,4.0,3.0306,9.0,3.0,3.1875
T,0,4111116770910889,-6.6801,1.0,1.0,0.0,1.0,0.0,4.0,2.5306,7.0,6.0,4.0
T,0,4532019807446615,-7.1775,1.0,1.0,0.0,1.0,2.0,4.0,3.2028,10.0,3.0,4.0625
T,0,5105103536418719,-7.4162,1.0,1.0,0.0,1.0,3.0,5.0,2.9528,9.0,4.0,3.6875
T,0,4242429215741671,-6.3871,1.0,1.0,0.0,1.0,1.0,4.0,2.5778,7.0,4.0,3.8125
T,0,5555559388125975,-8.8211,1.0,1.0,0.0,1.0,4.0,5.0,2.25,7.0,8.0,5.4375
T,0,4532011183329824,-7.4083,1.0,1.0,0.0,1.0,2.0,4.0,2.8585,8.0,3.0,3.5
T,0,4532010994780573,2.8758,1.0,1.0,1.0,1.0,2.0,4.0,3.0778,9.0,3.0,4.1875
T,0,5105105171940321,-6.9336,1.0,1.0,0.0,1.0,3.0,5.0,2.68,8.0,5.0,2.8125
T,0,4242422758225878,-8.0129,1.0,1.0,0.0,1.0,1.0,4.0,2.1863,5.0,6.0,4.5
T,0,4111110193711638,-6.9677,1.0,1.0,0.0,1.0,0.0,4.0,2.375,8.0,8.0,3.0
T,0,6011000754787328,-7.5675,1.0,1.0,0.0,1.0,5.0,6.0,2.9528,9.0,4.0,3.6875
T,0,5105102368218426,-7.8795,1.0,1.0,0.0,1.0,3.0,5.0,2.9056,8.0,3.0,3.375
T,0,4532017312957595,-7.0489,1.0,1.0,0.0,1.0,2.0,4.0,2.875,8.0,4.0,4.25
T,0,4532012102726092,2.5745,1.0,1.0,1.0,1.0,2.0,4.0,2.8522,9.0,5.0,2.875
T,0,4242420764328052,-6.8618,1.0,1.0,0.0,1.0,1.0,4.0,2.6494,8.0,5.0,3.4375
T,0,4111110725801577,-7.4499,1.0,1.0,0.0,1.0,0.0,4.0,2.4835,7.0,6.0,3.1875
T,0,4111113049214152,-7.748,1.0,1.0,0.0,1.0,0.0,4.0,2.3496,7.0,7.0,2.5
T,0,5105104579250971,1.1585,1.0,1.0,1.0,1.0,3.0,5.0,2.6556,7.0,4.0,3.8125
T,0,5105100308423392,2.0811,1.0,1.0,1.0,1.0,3.0,5.0,2.8278,8.0,4.0,2.875
T,0,4242429329722526,-7.1424,1.0,1.0,0.0,1.0,1.0,4.0,2.3496,7.0,7.0,4.0625
T,0,4532016005896697,-7.4913,1.0,1.0,0.0,1.0,2.0,4.0,3.1556,10.0,3.0,4.4375
T,0,4111112227398207,-6.9435,1.0,1.0,0.0,1.0,0.0,4.0,2.6494,8.0,5.0,3.1875
T,0,5555550865091017,-7.2321,1.0,1.0,0.0,1.0,4.0,5.0,2.3496,7.0,7.0,4.1875
T,0,4111118244139783,-7.123,1.0,1.0,0.0,1.0,0.0,4.0,2.4835,7.0,6.0,3.625
T,0,5105104342265687,-7.4869,1.0,1.0,0.0,1.0,3.0,5.0,3.0778,9.0,3.0,3.6875
T,0,4111119384556112,-7.2385,1.0,1.0,0.0,1.0,0.0,4.0,2.5218,8.0,7.0,3.3125
T,0,4111116284298026,-6.7217,1.0,1.0,0.0,1.0,0.0,4.0,2.6022,7.0,5.0,3.5
T,0,5555559694582854,-8.1824,1.0,1.0,0.0,1.0,4.0,5.0,2.125,6.0,8.0,5.625
T,0,4242428105097892,-7.0907,1.0,1.0,0.0,1.0,1.0,4.0,2.8278,8.0,4.0,4.1875
T,0,6011007434917340,-7.9552,1.0,1.0,0.0,1.0,5.0,6.0,2.6556,7.0,4.0,3.125
T,0,4532014061474251,-7.3259,1.0,1.0,0.0,1.0,2.0,4.0,2.8278,8.0,4.0,3.0625
T,0,4242429196491111,-7.0246,1.0,1.0,0.0,1.0,1.0,4.0,2.18,5.0,5.0,3.75
T,0,4532012145468324,-7.5363,1.0,1.0,0.0,1.0,2.0,4.0,2.8278,8.0,4.0,3.375
T,0,4111117809965146,-6.7409,1.0,1.0,0.0,1.0,0.0,4.0,2.6556,8.0,6.0,4.0
T,0,6011008241635621,-7.184,1.0,1.0,0.0,1.0,5.0,6.0,2.7806,8.0,4.0,2.875
T,0,5555556870341473,-7.9469,1.0,1.0,0.0,1.0,4.0,5.0,2.6556,8.0,6.0,4.5625
T,0,4111117860325194,-8.1046,1.0,1.0,0.0,1.0,0.0,4.0,2.9056,10.0,6.0,3.375
T,0,5105107747926161,-6.952,1.0,1.0,0.0,1.0,3.0,5.0,2.8278,8.0,4.0,3.875
T,0,4111119725549264,-6.3162,1.0,1.0,0.0,1.0,0.0,4.0,2.6022,7.0,5.0,3.875
T,0,4532011341674570,-7.5586,1.0,1.0,0.0,1.0,2.0,4.0,2.9056,8.0,3.0,3.3125
T,0,5105105507747083,-7.0839,1.0,1.0,0.0,1.0,3.0,5.0,2.5778,7.0,4.0,3.625
T,0,6011008378892011,-7.6399,1.0,1.0,0.0,1.0,5.0,6.0,2.7028,8.0,4.0,3.4375
T,0,5105103375757088,-6.3946,1.0,1.0,0.0,1.0,3.0,5.0,2.5306,6.0,4.0,4.0625
T,0,5105103815719640,-7.6525,1.0,1.0,0.0,1.0,3.0,5.0,2.9056,9.0,4.0,3.5
T,0,5105102192456259,-7.5289,1.0,1.0,0.0,1.0,3.0,5.0,2.6556,7.0,4.0,3.5625
T,0,4111114932031173,-7.6413,1.0,1.0,0.0,1.0,0.0,4.0,2.3496,7.0,7.0,2.625
T,0,5555554601998423,-7.943,1.0,1.0,0.0,1.0,4.0,5.0,2.7806,9.0,6.0,4.75
T,0,4532011444767348,-6.7401,1.0,1.0,0.0,1.0,2.0,4.0,2.8994,9.0,5.0,3.9375
T,0,6011009030643390,-7.229,1.0,1.0,0.0,1.0,5.0,6.0,2.3585,6.0,6.0,2.8125
T,0,4242428985132881,-6.7511,1.0,1.0,0.0,1.0,1.0,4.0,2.5778,7.0,4.0,4.4375
T,0,5555551086690880,1.7469,1.0,1.0,1.0,1.0,4.0,5.0,2.3113,6.0,6.0,4.75
T,0,5555552032509428,-7.2321,1.0,1.0,0.0,1.0,4.0,5.0,2.3496,7.0,7.0,4.0625
T,0,5105102682419185,-7.3498,1.0,1.0,0.0,1.0,3.0,5.0,2.8278,8.0,4.0,3.625
T,0,6011003696611562,-7.7548,1.0,1.0,0.0,1.0,5.0,6.0,2.4772,7.0,5.0,3.3125
T,0,5105102811811326,-7.2539,1.0,1.0,0.0,1.0,3.0,5.0,2.5306,7.0,6.0,2.8125
T,0,4532012162208904,-7.6644,1.0,1.0,0.0,1.0,2.0,4.0,2.9528,9.0,4.0,3.0625
T,0,4242427961554079,-7.2588,1.0,1.0,0.0,1.0,1.0,4.0,2.8278,8.0,4.0,4.4375
T,0,4242425024602730,-6.9197,1.0,1.0,0.0,1.0,1.0,4.0,2.4772,7.0,5.0,2.9375
T,0,5555559259228201,-6.9229,1.0,1.0,0.0,1.0,4.0,5.0,2.1468,6.0,7.0,4.375
T,0,4242421129586715,-6.9673,1.0,1.0,0.0,1.0,1.0,4.0,2.7806,8.0,4.0,3.9375
T,0,5555551036622203,-7.0656,1.0,1.0,0.0,1.0,4.0,5.0,2.3585,6.0,6.0,3.4375
T,0,4532018505253674,-7.5893,1.0,1.0,0.0,1.0,2.0,4.0,3.0,9.0,4.0,3.75
T,0,5555558719979499,2.853,1.0,1.0,1.0,1.0,4.0,5.0,2.18,6.0,6.0,6.375
T,0,6011006004904289,-7.6982,1.0,1.0,0.0,1.0,5.0,6.0,2.5306,7.0,6.0,3.125
T,0,4532016294432090,-7.526,1.0,1.0,0.0,1.0,2.0,4.0,2.8585,8.0,3.0,3.375
T,0,5105109446332610,-8.1094,1.0,1.0,0.0,1.0,3.0,5.0,2.9056,8.0,3.0,3.125
T,0,6011001321664029,-6.9944,1.0,1.0,0.0,1.0,5.0,6.0,2.5778,7.0,4.0,2.625
T,0,4242420556105178,-7.3381,1.0,1.0,0.0,1.0,1.0,4.0,2.8585,8.0,3.0,3.5
T,0,5105101151842020,-7.5505,1.0,1.0,0.0,1.0,3.0,5.0,2.3522,6.0,5.0,2.25
T,0,4532014884088389,-7.8307,1.0,1.0,0.0,1.0,2.0,4.0,2.7272,8.0,5.0,4.6875
T,0,5105109636490129,-6.8327,1.0,1.0,0.0,1.0,3.0,5.0,2.8585,8.0,3.0,3.8125
T,0,5555557958730994,-8.6604,1.0,1.0,0.0,1.0,4.0,5.0,2.3496,7.0,7.0,5.6875
T,0,5555552082947919,-8.1924,1.0,1.0,0.0,1.0,4.0,5.0,2.6085,8.0,6.0,5.0625
T,0,4111116050336272,4.2401,1.0,1.0,1.0,1.0,0.0,4.0,2.7744,8.0,5.0,2.6875
T,0,6011005532094758,-8.3704,1.0,1.0,0.0,1.0,5.0,6.0,3.0778,10.0,4.0,3.5
T,0,4111111546045324,-7.4692,1.0,1.0,0.0,1.0,0.0,4.0,2.4056,7.0,6.0,2.6875
T,0,5555557724051364,-6.9494,1.0,1.0,0.0,1.0,4.0,5.0,2.5218,8.0,7.0,4.3125
T,0,5105106445012762,-7.4891,1.0,1.0,0.0,1.0,3.0,5.0,2.7335,7.0,3.0,3.0625
T,0,5555554134872760,-7.2612,1.0,1.0,0.0,1.0,4.0,5.0,2.7806,9.0,6.0,4.5
T,0,4242427171427513,-6.9487,1.0,1.0,0.0,1.0,1.0,4.0,2.4056,6.0,4.0,3.5
T,0,4532013811736532,-7.6027,1.0,1.0,0.0,1.0,2.0,4.0,2.9528,9.0,4.0,3.375
T,0,4111110133764271,-7.3183,1.0,1.0,0.0,1.0,0.0,4.0,2.3968,7.0,7.0,2.6875
T,0,4242423234501945,-7.6658,1.0,1.0,0.0,1.0,1.0,4.0,2.5244,7.0,5.0,3.375
T,0,4532017716274483,-6.9952,1.0,1.0,0.0,1.0,2.0,4.0,3.0306,9.0,3.0,4.0
T,0,5555559874220474,-7.9322,1.0,1.0,0.0,1.0,4.0,5.0,2.4835,7.0,6.0,4.8125
T,0,4242421603094384,-6.9304,1.0,1.0,0.0,1.0,1.0,4.0,2.7272,8.0,5.0,3.5
T,0,5105100484238909,-7.5738,1.0,1.0,0.0,1.0,3.0,5.0,2.875,8.0,4.0,3.6875
T,0,4242424012786684,-7.0366,1.0,1.0,0.0,1.0,1.0,4.0,2.5244,7.0,5.0,4.0
T,0,4111116386315855,-6.7383,1.0,1.0,0.0,1.0,0.0,4.0,2.3585,6.0,6.0,3.6875
T,0,5555559055395629,-9.2102,1.0,1.0,0.0,1.0,4.0,5.0,1.9197,6.0,9.0,5.1875
T,0,5555552982493150,-7.9623,1.0,1.0,0.0,1.0,4.0,5.0,2.5218,8.0,7.0,4.5625
T,0,4532018992597268,-9.2102,1.0,1.0,0.0,1.0,2.0,4.0,3.1556,10.0,3.0,5.0
T,0,4242427860080834,-6.9228,1.0,1.0,0.0,1.0,1.0,4.0,2.6085,7.0,4.0,3.875
T,0,5105101782369532,-7.6175,1.0,1.0,0.0,1.0,3.0,5.0,3.0306,9.0,3.0,3.625
T,0,5555555807036182,0.9878,1.0,1.0,1.0,1.0,4.0,5.0,2.5218,8.0,7.0,4.375
T,0,6011004133177646,-7.3944,1.0,1.0,0.0,1.0,5.0,6.0,2.5306,6.0,4.0,3.125
T,0,4242420363859541,-6.8355,1.0,1.0,0.0,1.0,1.0,4.0,2.9528,9.0,4.0,3.875
T,0,4242421080517415,-7.6329,1.0,1.0,0.0,1.0,1.0,4.0,2.6556,7.0,4.0,3.125
T,0,4111116870930621,-6.8051,1.0,1.0,0.0,1.0,0.0,4.0,2.7806,9.0,6.0,3.1875
T,0,6011004566486470,-7.1165,1.0,1.0,0.0,1.0,5.0,6.0,2.5778,7.0,4.0,3.625
T,0,5105109477012289,-6.993,1.0,1.0,0.0,1.0,3.0,5.0,2.9056,8.0,3.0,3.8125
T,0,5105109538055712,-7.1001,1.0,1.0,0.0,1.0,3.0,5.0,2.68,8.0,5.0,3.5625
T,0,5105103067910674,1.0914,1.0,1.0,1.0,1.0,3.0,5.0,2.8278,8.0,4.0,3.4375
T,0,5555557814351894,-8.3261,1.0,1.0,0.0,1.0,4.0,5.0,2.3968,7.0,7.0,5.0
T,0,6011009136908957,-7.2196,1.0,1.0,0.0,1.0,5.0,6.0,2.7806,8.0,4.0,4.0625
T,0,4532010495463283,-7.4244,1.0,1.0,0.0,1.0,2.0,4.0,3.0306,9.0,3.0,3.6875
T,0,5555551561750067,-8.0787,1.0,1.0,0.0,1.0,4.0,5.0,2.0,5.0,8.0,4.25
T,0,5555557689544795,-8.1824,1.0,1.0,0.0,1.0,4.0,5.0,2.125,6.0,8.0,5.875
T,0,6011007051076315,-7.2037,1.0,1.0,0.0,1.0,5.0,6.0,2.3994,6.0,5.0,2.6875
T,0,4242424220520001,-8.3094,1.0,1.0,0.0,1.0,1.0,4.0,2.0306,5.0,6.0,2.125
T,0,4242423942927959,3.2307,1.0,1.0,1.0,1.0,1.0,4.0,2.2744,6.0,5.0,4.8125
T,0,5105109644313223,-7.9975,1.0,1.0,0.0,1.0,3.0,5.0,2.9056,8.0,3.0,3.0625
T,0,4111117540821962,-6.7443,1.0,1.0,0.0,1.0,0.0,4.0,2.7806,9.0,6.0,3.3125
T,0,4242424117069074,-6.7339,1.0,1.0,0.0,1.0,1.0,4.0,2.6022,7.0,5.0,3.5625
T,0,5555555175295435,-8.7448,1.0,1.0,0.0,1.0,4.0,5.0,1.9238,7.0,10.0,4.75
T,0,4242421068771199,-6.8847,1.0,1.0,0.0,1.0,1.0,4.0,2.8585,8.0,3.0,4.1875
T,0,4532015555212425,-7.1533,1.0,1.0,0.0,1.0,2.0,4.0,2.2806,6.0,6.0,3.1875
T,0,4532012096167821,-7.9015,1.0,1.0,0.0,1.0,2.0,4.0,3.1556,10.0,3.0,3.5625
T,0,4242423192170772,-6.8113,1.0,1.0,0.0,1.0,1.0,4.0,2.555,7.0,5.0,3.5625
T,0,4111110258987243,-7.5376,1.0,1.0,0.0,1.0,0.0,4.0,2.8994,9.0,5.0,3.5625
T,0,4111113464437001,-7.343,1.0,1.0,0.0,1.0,0.0,4.0,2.2806,6.0,6.0,2.5625
T,0,4532014164011511,-6.9187,1.0,1.0,0.0,1.0,2.0,4.0,2.4835,7.0,6.0,2.4375
T,0,6011006438219002,-6.9515,1.0,1.0,0.0,1.0,5.0,6.0,2.7272,8.0,5.0,2.6875
T,0,5555557131799703,-7.6161,1.0,1.0,0.0,1.0,4.0,5.0,2.3585,6.0,6.0,4.8125
T,0,5555552268406305,-6.8056,1.0,1.0,0.0,1.0,4.0,5.0,2.3968,7.0,7.0,4.125
T,0,4242427120207786,-6.7842,1.0,1.0,0.0,1.0,1.0,4.0,2.555,7.0,5.0,3.625
T,0,5105104605392341,-7.7382,1.0,1.0,0.0,1.0,3.0,5.0,2.8585,8.0,3.0,3.0625
T,0,4242429425813015,-7.1971,1.0,1.0,0.0,1.0,1.0,4.0,2.75,8.0,4.0,3.5
T,0,4242422731876761,-7.1717,1.0,1.0,0.0,1.0,1.0,4.0,2.6556,7.0,4.0,4.125
T,0,6011003430421189,-7.0421,1.0,1.0,0.0,1.0,5.0,6.0,2.75,8.0,4.0,2.6875
T,0,4242423496329581,-6.8214,1.0,1.0,0.0,1.0,1.0,4.0,2.75,8.0,4.0,4.25
T,0,6011002596824378,-7.2835,1.0,1.0,0.0,1.0,5.0,6.0,3.2028,10.0,3.0,3.875
T,0,4532015579127178,-6.8496,1.0,1.0,0.0,1.0,2.0,4.0,2.9835,9.0,3.0,4.1875
T,0,5555554242440175,-6.7344,1.0,1.0,0.0,1.0,4.0,5.0,2.1468,6.0,7.0,3.9375
T,0,5555553212316577,-6.5148,1.0,1.0,0.0,1.0,4.0,5.0,2.2718,6.0,7.0,4.1875
T,0,4532014394172265,-7.4244,1.0,1.0,0.0,1.0,2.0,4.0,3.0306,9.0,3.0,3.625
T,0,4242420822774191,-7.3547,1.0,1.0,0.0,1.0,1.0,4.0,2.5244,7.0,5.0,3.6875
T,0,4242420076678097,-7.0898,1.0,1.0,0.0,1.0,1.0,4.0,2.6863,7.0,3.0,4.25
T,0,4111111522499166,-6.8966,1.0,1.0,0.0,1.0,0.0,4.0,2.2718,6.0,7.0,3.375
T,0,4111119772328286,-6.6401,1.0,1.0,0.0,1.0,0.0,4.0,2.7272,8.0,5.0,3.9375
T,0,4532015577633663,-7.0201,1.0,1.0,0.0,1.0,2.0,4.0,2.7806,8.0,4.0,4.125
T,0,5105104530203271,-7.3267,1.0,1.0,0.0,1.0,3.0,5.0,2.6556,7.0,4.0,2.4375
T,0,4111113100622456,-7.8746,1.0,1.0,0.0,1.0,0.0,4.0,2.5306,7.0,6.0,2.375
T,0,5105108383138811,-6.9961,1.0,1.0,0.0,1.0,3.0,5.0,2.2272,5.0,5.0,3.5
T,0,5105109854690360,-6.952,1.0,1.0,0.0,1.0,3.0,5.0,2.8278,8.0,4.0,3.875
T,0,5105105068390924,-7.4162,1.0,1.0,0.0,1.0,3.0,5.0,2.9528,9.0,4.0,3.625
T,0,5555552876141996,-8.1129,1.0,1.0,0.0,1.0,4.0,5.0,2.6556,8.0,6.0,5.1875
T,0,4532015090896023,-7.5748,1.0,1.0,0.0,1.0,2.0,4.0,3.0,9.0,4.0,3.5625
T,0,5105105393830579,-7.2676,1.0,1.0,0.0,1.0,3.0,5.0,2.6556,7.0,4.0,4.0
T,0,4242429241315901,-6.9775,1.0,1.0,0.0,1.0,1.0,4.0,2.5778,7.0,4.0,3.3125
T,0,5555559173929793,-7.9889,1.0,1.0,0.0,1.0,4.0,5.0,2.2806,6.0,6.0,5.5625
T,0,6011003403696997,-7.3003,1.0,1.0,0.0,1.0,5.0,6.0,2.6556,7.0,4.0,4.0
T,0,4111118367429304,-7.012,1.0,1.0,0.0,1.0,0.0,4.0,2.8522,9.0,5.0,3.4375
T,0,4111116009470213,-6.6873,1.0,1.0,0.0,1.0,0.0,4.0,2.6085,8.0,6.0,2.5625
T,0,6011007378690428,-7.4958,1.0,1.0,0.0,1.0,5.0,6.0,3.0,9.0,4.0,3.875
T,0,5555555473781565,-8.5519,1.0,1.0,0.0,1.0,4.0,5.0,2.0919,7.0,9.0,5.0625
T,0,4111112232434299,-7.2475,1.0,1.0,0.0,1.0,0.0,4.0,2.2272,5.0,5.0,3.0625
T,0,5105103240572595,-7.4277,1.0,1.0,0.0,1.0,3.0,5.0,2.7272,8.0,5.0,3.375
T,0,4242424648314784,-7.2881,1.0,1.0,0.0,1.0,1.0,4.0,2.3496,7.0,7.0,4.1875
T,0,6011000781754395,-7.553,1.0,1.0,0.0,1.0,5.0,6.0,2.9528,9.0,4.0,3.5625
T,0,5555553216542889,-7.8406,1.0,1.0,0.0,1.0,4.0,5.0,2.5218,8.0,7.0,4.875
T,0,5555551931684303,-6.9092,1.0,1.0,0.0,1.0,4.0,5.0,2.6085,8.0,6.0,4.25
T,0,5105106838304299,-7.0388,1.0,1.0,0.0,1.0,3.0,5.0,3.0778,9.0,3.0,4.0
T,0,4111112451535552,-7.5897,1.0,1.0,0.0,1.0,0.0,4.0,2.055,5.0,6.0,2.875
T,0,4242428629673447,-7.9225,1.0,1.0,0.0,1.0,1.0,4.0,2.5244,7.0,5.0,4.625
T,0,6011005150960335,-6.9108,1.0,1.0,0.0,1.0,5.0,6.0,2.43,6.0,5.0,2.8125
T,0,5105100642622726,-7.6025,1.0,1.0,0.0,1.0,3.0,5.0,2.6556,7.0,4.0,3.0625
T,0,4242425909811597,3.6299,1.0,1.0,1.0,1.0,1.0,4.0,2.8585,8.0,3.0,4.5
T,0,5555557646312351,-6.8056,1.0,1.0,0.0,1.0,4.0,5.0,2.3968,7.0,7.0,4.25
T,0,6011007148675199,-7.1503,1.0,1.0,0.0,1.0,5.0,6.0,2.8278,8.0,4.0,4.0625
T,0,4532010659620576,-6.4983,1.0,1.0,0.0,1.0,2.0,4.0,2.9835,9.0,3.0,3.8125
T,0,5555554957662927,-8.3527,1.0,1.0,0.0,1.0,4.0,5.0,2.2718,6.0,7.0,5.4375
T,0,4532013017274024,-7.1588,1.0,1.0,0.0,1.0,2.0,4.0,2.7335,7.0,3.0,2.8125
T,0,5555554736048368,1.4857,1.0,1.0,1.0,1.0,4.0,5.0,2.5306,7.0,6.0,4.9375
T,0,4532019999195853,-8.1011,1.0,1.0,0.0,1.0,2.0,4.0,2.7272,8.0,5.0,5.125
T,0,6011002747393773,-7.5705,1.0,1.0,0.0,1.0,5.0,6.0,2.7806,8.0,4.0,3.75
T,0,4532010015480928,-7.6325,1.0,1.0,0.0,1.0,2.0,4.0,2.875,8.0,4.0,3.25
T,0,5105101736238721,-7.8001,1.0,1.0,0.0,1.0,3.0,5.0,2.875,8.0,4.0,3.25
T,0,4111112835518467,-6.708,1.0,1.0,0.0,1.0,0.0,4.0,2.6556,8.0,6.0,3.625
T,0,4111112207230793,-7.1196,1.0,1.0,0.0,1.0,0.0,4.0,2.6022,7.0,5.0,2.75
T,0,4532010960816222,-7.4749,1.0,1.0,0.0,1.0,2.0,4.0,2.9528,9.0,4.0,3.1875
T,0,4111118699535425,-6.7887,1.0,1.0,0.0,1.0,0.0,4.0,2.7272,8.0,5.0,4.0625
T,0,4242425071839187,-7.2193,1.0,1.0,0.0,1.0,1.0,4.0,3.0306,9.0,3.0,4.1875
T,0,5105103493654473,-7.3651,1.0,1.0,0.0,1.0,3.0,5.0,2.8585,8.0,3.0,3.75
T,0,4111115293813961,-7.088,1.0,1.0,0.0,1.0,0.0,4.0,2.5218,8.0,7.0,3.5
T,0,5105104665762668,-6.9819,1.0,1.0,0.0,1.0,3.0,5.0,2.7272,8.0,5.0,4.25
T,0,5105109683027809,-7.351,1.0,1.0,0.0,1.0,3.0,5.0,3.0,9.0,4.0,4.0
T,0,5105103539608337,-7.4191,1.0,1.0,0.0,1.0,3.0,5.0,2.7806,8.0,4.0,3.6875
T,0,4532015618628767,-7.2189,1.0,1.0,0.0,1.0,2.0,4.0,3.0778,9.0,3.0,4.4375
T,0,4242426636953874,-7.9267,1.0,1.0,0.0,1.0,1.0,4.0,2.7806,8.0,4.0,4.6875
T,0,4532012819169402,-7.4099,1.0,1.0,0.0,1.0,2.0,4.0,3.0306,9.0,3.0,3.5625
T,0,4242422943518391,-7.0421,1.0,1.0,0.0,1.0,1.0,4.0,2.625,7.0,4.0,3.9375
T,0,5555559475421398,-8.0156,1.0,1.0,0.0,1.0,4.0,5.0,2.5218,8.0,7.0,5.125
T,0,4532013320025884,-7.5336,1.0,1.0,0.0,1.0,2.0,4.0,2.7335,7.0,3.0,3.125
T,0,4111119673499951,-7.0551,1.0,1.0,0.0,1.0,0.0,4.0,2.4056,7.0,6.0,4.4375
T,0,5555552205775457,-8.3563,1.0,1.0,0.0,1.0,4.0,5.0,1.7947,5.0,9.0,4.625
T,0,4532011766545817,-7.0357,1.0,1.0,0.0,1.0,2.0,4.0,3.0306,9.0,3.0,4.0625
T,0,4242423016171294,2.7812,1.0,1.0,1.0,1.0,1.0,4.0,2.7028,8.0,4.0,3.25
T,0,5105108201543739,-7.6782,1.0,1.0,0.0,1.0,3.0,5.0,2.9835,9.0,3.0,3.375
T,0,5555551032066904,1.3454,1.0,1.0,1.0,1.0,4.0,5.0,2.6085,8.0,6.0,3.8125
T,0,4532019261494376,-6.9052,1.0,1.0,0.0,1.0,2.0,4.0,3.0778,9.0,3.0,4.125
T,0,5105103702162952,-7.5309,1.0,1.0,0.0,1.0,3.0,5.0,2.8113,8.0,3.0,3.0625
T,0,4111113884877470,-6.5833,1.0,1.0,0.0,1.0,0.0,4.0,2.3829,6.0,5.0,4.0625
T,0,6011008808987598,-8.198,1.0,1.0,0.0,1.0,5.0,6.0,2.5244,7.0,5.0,4.875
T,0,4242420561067318,-7.7285,1.0,1.0,0.0,1.0,1.0,4.0,3.0306,9.0,3.0,3.4375
T,0,4242429922970740,-6.6685,1.0,1.0,0.0,1.0,1.0,4.0,2.2272,5.0,5.0,4.1875
T,0,4532015927264768,-7.4913,1.0,1.0,0.0,1.0,2.0,4.0,3.2028,10.0,3.0,4.4375
T,0,5555554198036351,-7.6088,1.0,1.0,0.0,1.0,4.0,5.0,2.5218,8.0,7.0,4.375
T,0,4242429016407296,-6.9228,1.0,1.0,0.0,1.0,1.0,4.0,2.625,7.0,4.0,3.875
T,0,6011001632255599,-7.3931,1.0,1.0,0.0,1.0,5.0,6.0,2.7335,7.0,3.0,3.4375
T,0,4242427673787515,-7.9267,1.0,1.0,0.0,1.0,1.0,4.0,2.7806,8.0,4.0,4.625
T,0,5105108236939135,-6.8327,1.0,1.0,0.0,1.0,3.0,5.0,2.8585,8.0,3.0,3.8125
T,0,6011006566027284,-7.704,1.0,1.0,0.0,1.0,5.0,6.0,2.75,8.0,4.0,3.375
T,0,5555551327780601,-6.934,1.0,1.0,0.0,1.0,4.0,5.0,2.6556,8.0,6.0,4.0625
T,0,6011004360266608,-7.3006,1.0,1.0,0.0,1.0,5.0,6.0,2.4238,7.0,5.0,3.0625
T,0,4242422563556214,-7.4227,1.0,1.0,0.0,1.0,1.0,4.0,2.3522,6.0,5.0,3.5625
T,0,6011007390105042,-6.7325,1.0,1.0,0.0,1.0,5.0,6.0,2.7335,9.0,6.0,2.4375
T,0,4532014740967635,-6.9052,1.0,1.0,0.0,1.0,2.0,4.0,3.0778,9.0,3.0,4.125
T,0,5555554425141454,-8.0342,1.0,1.0,0.0,1.0,4.0,5.0,1.6494,4.0,8.0,4.0
T,0,4242421666823980,-7.16,1.0,1.0,0.0,1.0,1.0,4.0,2.7806,8.0,4.0,4.1875
T,0,6011006515749838,-7.2474,1.0,1.0,0.0,1.0,5.0,6.0,3.0306,9.0,3.0,4.0
T,0,4532011157544398,-6.4383,1.0,1.0,0.0,1.0,2.0,4.0,2.9835,9.0,3.0,3.875
T,0,4532019951569218,2.5192,1.0,1.0,1.0,1.0,2.0,4.0,2.9835,9.0,3.0,4.375
T,0,6011003422525605,-7.2526,1.0,1.0,0.0,1.0,5.0,6.0,2.6556,7.0,4.0,2.625
T,0,5105107403185765,-7.4191,1.0,1.0,0.0,1.0,3.0,5.0,2.7806,8.0,4.0,3.625
T,0,6011004516616538,-7.2999,1.0,1.0,0.0,1.0,5.0,6.0,2.5778,7.0,4.0,3.3125
T,0,4532010462514356,-7.7897,1.0,1.0,0.0,1.0,2.0,4.0,2.7806,7.0,3.0,3.1875
T,0,4111110622700038,-6.7392,1.0,1.0,0.0,1.0,0.0,4.0,2.6494,8.0,5.0,2.3125
T,0,4242421890673492,2.3805,1.0,1.0,1.0,1.0,1.0,4.0,2.875,9.0,4.0,4.1875
T,0,5555555163715504,-7.6257,1.0,1.0,0.0,1.0,4.0,5.0,2.0919,7.0,9.0,4.1875
T,0,5105102878254182,-7.7181,1.0,1.0,0.0,1.0,3.0,5.0,2.6863,7.0,3.0,3.6875
T,0,4111118592470688,-6.5782,1.0,1.0,0.0,1.0,0.0,4.0,2.8522,9.0,5.0,4.125
T,0,5555556710728350,-6.9494,1.0,1.0,0.0,1.0,4.0,5.0,2.5218,8.0,7.0,4.3125
T,0,4111115405769658,3.7298,1.0,1.0,1.0,1.0,0.0,4.0,2.7272,8.0,5.0,4.0
T,0,4532010649947503,-6.7702,1.0,1.0,0.0,1.0,2.0,4.0,3.0306,9.0,3.0,3.875
T,0,4242423640683922,-6.9782,1.0,1.0,0.0,1.0,1.0,4.0,2.5244,7.0,5.0,3.8125
T,0,4111116616476073,-6.8854,1.0,1.0,0.0,1.0,0.0,4.0,2.2806,6.0,6.0,3.4375
T,0,4242425702198755,-7.16,1.0,1.0,0.0,1.0,1.0,4.0,2.7806,8.0,4.0,4.1875
T,0,4532014529135143,-7.5842,1.0,1.0,0.0,1.0,2.0,4.0,2.6863,7.0,3.0,3.25
T,0,5105102759454587,2.08,1.0,1.0,1.0,1.0,3.0,5.0,2.7744,8.0,5.0,4.25
T,0,4532012969146247,-7.0357,1.0,1.0,0.0,1.0,2.0,4.0,3.0306,9.0,3.0,4.0625
T,0,4242422080026640,1.3069,1.0,1.0,1.0,1.0,1.0,4.0,2.1494,5.0,5.0,2.875
T,0,4532014600155570,-7.1747,1.0,1.0,0.0,1.0,2.0,4.0,2.75,8.0,4.0,3.0
T,0,4242428650217760,-7.112,1.0,1.0,0.0,1.0,1.0,4.0,2.8278,8.0,4.0,3.75
T,0,4111114177071498,-6.8781,1.0,1.0,0.0,1.0,0.0,4.0,2.1774,6.0,7.0,3.5625
T,0,4242422895030733,-7.1814,1.0,1.0,0.0,1.0,1.0,4.0,2.7806,8.0,4.0,3.625
T,0,4111117471469838,-6.8478,1.0,1.0,0.0,1.0,0.0,4.0,2.4835,7.0,6.0,4.125
T,0,4242425911202127,-6.9822,1.0,1.0,0.0,1.0,1.0,4.0,2.4363,7.0,6.0,3.0
T,0,4242429222081719,-7.2237,1.0,1.0,0.0,1.0,1.0,4.0,2.4835,7.0,6.0,3.6875
T,0,5105103027359969,-6.9189,1.0,1.0,0.0,1.0,3.0,5.0,2.8585,8.0,3.0,4.0625
T,0,5105104997655678,1.6432,1.0,1.0,1.0,1.0,3.0,5.0,2.875,8.0,4.0,4.875
T,0,4111111576982913,-7.2108,1.0,1.0,0.0,1.0,0.0,4.0,2.6468,9.0,7.0,3.75
T,0,4111118142777619,-7.0051,1.0,1.0,0.0,1.0,0.0,4.0,2.3496,7.0,7.0,3.8125
T,0,4111113409284650,-7.2251,1.0,1.0,0.0,1.0,0.0,4.0,2.8522,9.0,5.0,3.125
T,0,4532014262132453,-7.0229,1.0,1.0,0.0,1.0,2.0,4.0,2.6556,7.0,4.0,2.9375
T,0,4532014552669547,-6.8912,1.0,1.0,0.0,1.0,2.0,4.0,2.9528,9.0,4.0,4.25
T,0,5105109739657920,-6.9189,1.0,1.0,0.0,1.0,3.0,5.0,2.8585,8.0,3.0,4.3125
T,0,5105100318567726,-7.3506,1.0,1.0,0.0,1.0,3.0,5.0,2.8585,8.0,3.0,3.5625
T,0,4111117834602250,-7.1184,1.0,1.0,0.0,1.0,0.0,4.0,2.8994,9.0,5.0,2.875
T,0,5555556906696273,-8.0906,1.0,1.0,0.0,1.0,4.0,5.0,2.4056,7.0,6.0,5.25
T,0,5555556936344608,-8.5119,1.0,1.0,0.0,1.0,4.0,5.0,2.4835,7.0,6.0,4.9375
T,0,4242422091331896,-7.112,1.0,1.0,0.0,1.0,1.0,4.0,2.8278,8.0,4.0,3.75
T,0,5555556722569613,-8.1233,1.0,1.0,0.0,1.0,4.0,5.0,2.3496,7.0,7.0,4.8125
T,0,5555558435908526,-8.1531,1.0,1.0,0.0,1.0,4.0,5.0,2.375,8.0,8.0,5.0
T,0,6011006164142514,-7.1498,1.0,1.0,0.0,1.0,5.0,6.0,2.3829,6.0,5.0,2.625
T,0,5105108402727782,2.3178,1.0,1.0,1.0,1.0,3.0,5.0,2.7335,7.0,3.0,3.6875
T,0,4532013536801482,-7.5686,1.0,1.0,0.0,1.0,2.0,4.0,2.9528,8.0,3.0,3.4375
T,0,4242425722705504,-6.9882,1.0,1.0,0.0,1.0,1.0,4.0,2.2272,5.0,5.0,3.4375
T,0,4242424822625446,-7.9985,1.0,1.0,0.0,1.0,1.0,4.0,1.9363,5.0,6.0,3.8125
T,0,6011007228108479,-7.7374,1.0,1.0,0.0,1.0,5.0,6.0,2.8278,8.0,4.0,3.5
T,0,5555553712107379,-7.7004,1.0,1.0,0.0,1.0,4.0,5.0,2.4835,7.0,6.0,4.375
T,0,4532017283329608,3.8841,1.0,1.0,1.0,1.0,2.0,4.0,3.1556,10.0,3.0,3.9375
T,0,4532011810272019,2.1485,1.0,1.0,1.0,1.0,2.0,4.0,2.9056,9.0,4.0,2.875
T,0,4242421127127463,-7.6213,1.0,1.0,0.0,1.0,1.0,4.0,2.3522,6.0,5.0,3.25
T,0,5105108075622605,-7.6026,1.0,1.0,0.0,1.0,3.0,5.0,2.625,7.0,4.0,3.3125
T,0,5105105503325309,-7.4197,1.0,1.0,0.0,1.0,3.0,5.0,2.3522,6.0,5.0,2.9375
T,0,5105109968311079,-7.0683,1.0,1.0,0.0,1.0,3.0,5.0,2.7806,8.0,4.0,4.0625
T,0,4532010396653033,-7.0917,1.0,1.0,0.0,1.0,2.0,4.0,2.7272,8.0,5.0,3.3125
T,0,6011007337033445,-7.2231,1.0,1.0,0.0,1.0,5.0,6.0,2.625,7.0,4.0,2.9375
T,0,5105105595373298,-6.6888,1.0,1.0,0.0,1.0,3.0,5.0,2.7744,8.0,5.0,4.25
T,0,5105105452844602,-7.6851,1.0,1.0,0.0,1.0,3.0,5.0,2.6556,7.0,4.0,3.25
T,0,4242427708238068,-7.3174,1.0,1.0,0.0,1.0,1.0,4.0,2.6556,7.0,4.0,4.1875
T,0,4532017004132222,-6.7128,1.0,1.0,0.0,1.0,2.0,4.0,2.6022,7.0,5.0,2.375
T,0,4111110367705534,-6.8468,1.0,1.0,0.0,1.0,0.0,4.0,2.6494,7.0,5.0,3.0625
T,0,4532010025862973,-7.9015,1.0,1.0,0.0,1.0,2.0,4.0,3.1556,10.0,3.0,3.5625
T,0,6011001767042616,-7.2663,1.0,1.0,0.0,1.0,5.0,6.0,2.375,6.0,4.0,3.0
T,0,4532019056108801,-7.4749,1.0,1.0,0.0,1.0,2.0,4.0,2.9528,9.0,4.0,3.3125
T,0,6011007406775686,-6.6584,1.0,1.0,0.0,1.0,5.0,6.0,2.5778,7.0,4.0,4.0
T,0,5555553111394395,-6.9722,1.0,1.0,0.0,1.0,4.0,5.0,2.0524,5.0,7.0,4.3125
T,0,4111116494212737,-7.3801,1.0,1.0,0.0,1.0,0.0,4.0,2.4835,7.0,6.0,3.375
T,0,6011004664575658,-7.3003,1.0,1.0,0.0,1.0,5.0,6.0,2.6556,7.0,4.0,4.0
T,0,5105100867958410,-7.4191,1.0,1.0,0.0,1.0,3.0,5.0,2.7806,8.0,4.0,3.75
T,0,5555558855837798,-9.2102,1.0,1.0,0.0,1.0,4.0,5.0,1.875,5.0,8.0,6.125
T,0,4111111516773041,-7.8915,1.0,1.0,0.0,1.0,0.0,4.0,2.25,7.0,8.0,2.75
T,0,6011009846198482,-6.7483,1.0,1.0,0.0,1.0,5.0,6.0,2.7335,7.0,3.0,4.1875
T,0,4111116156914077,-6.9852,1.0,1.0,0.0,1.0,0.0,4.0,2.3968,7.0,7.0,3.4375
T,0,5555557290438258,-7.8406,1.0,1.0,0.0,1.0,4.0,5.0,2.5218,8.0,7.0,4.875
T,0,4532015053438477,-6.5392,1.0,1.0,0.0,1.0,2.0,4.0,2.8585,8.0,3.0,3.8125
T,0,4242422742201527,-7.2338,1.0,1.0,0.0,1.0,1.0,4.0,2.1468,6.0,7.0,3.125
T,0,4242429833035806,-6.692,1.0,1.0,0.0,1.0,1.0,4.0,2.8585,8.0,3.0,3.9375
T,0,4111111387737061,-7.4484,1.0,1.0,0.0,1.0,0.0,4.0,2.3496,7.0,7.0,3.25
T,0,4111116258680923,-7.5521,1.0,1.0,0.0,1.0,0.0,4.0,2.8994,9.0,5.0,3.625
T,0,4111118215906917,-7.1962,1.0,1.0,0.0,1.0,0.0,4.0,2.6468,9.0,7.0,3.5625
T,0,4242420196772403,-6.985,1.0,1.0,0.0,1.0,1.0,4.0,2.75,8.0,4.0,3.5625
T,0,6011007386752105,-7.7274,1.0,1.0,0.0,1.0,5.0,6.0,2.8278,8.0,4.0,3.25
T,0,5555554059778736,-8.7019,1.0,1.0,0.0,1.0,4.0,5.0,2.4746,8.0,7.0,5.375
T,0,6011002815764895,-7.2408,1.0,1.0,0.0,1.0,5.0,6.0,3.0306,9.0,3.0,3.9375
T,0,4532012196997290,-6.8912,1.0,1.0,0.0,1.0,2.0,4.0,2.9528,9.0,4.0,4.3125
T,0,6011006079511984,-7.3886,1.0,1.0,0.0,1.0,5.0,6.0,2.75,8.0,4.0,3.625
T,0,4242420004189352,-7.5274,1.0,1.0,0.0,1.0,1.0,4.0,2.7028,8.0,4.0,3.125
T,0,4111118562871355,-6.6831,1.0,1.0,0.0,1.0,0.0,4.0,2.6085,8.0,6.0,3.6875
T,0,6011002732403326,-7.3594,1.0,1.0,0.0,1.0,5.0,6.0,2.6556,7.0,4.0,2.5
T,0,6011005731028758,-7.8552,1.0,1.0,0.0,1.0,5.0,6.0,2.8278,8.0,4.0,3.375
T,0,4111118467053350,-7.0716,1.0,1.0,0.0,1.0,0.0,4.0,2.7744,8.0,5.0,3.125
T,0,4532010137194587,-7.2938,1.0,1.0,0.0,1.0,2.0,4.0,3.0778,9.0,3.0,3.75
T,0,4532012092644466,-7.2516,1.0,1.0,0.0,1.0,2.0,4.0,2.7806,8.0,4.0,3.625
T,0,4242424593148648,2.5453,1.0,1.0,1.0,1.0,1.0,4.0,2.6085,8.0,6.0,4.375
T,0,6011002626136022,0.9122,1.0,1.0,1.0,1.0,5.0,6.0,2.2028,5.0,4.0,2.375
T,0,4111114059130551,-7.2985,1.0,1.0,0.0,1.0,0.0,4.0,2.2246,6.0,7.0,2.625
T,0,4242426102462700,-7.63,1.0,1.0,0.0,1.0,1.0,4.0,2.3522,6.0,5.0,2.875
T,0,4111111778736525,-6.6831,1.0,1.0,0.0,1.0,0.0,4.0,2.6085,8.0,6.0,3.75
T,0,4532017850349608,-7.1775,1.0,1.0,0.0,1.0,2.0,4.0,3.2028,10.0,3.0,4.0625
T,0,6011002508425494,-7.7274,1.0,1.0,0.0,1.0,5.0,6.0,2.8278,8.0,4.0,3.1875
T,0,5555555062711228,-7.1916,1.0,1.0,0.0,1.0,4.0,5.0,2.3496,7.0,7.0,4.0
T,0,5105108189802162,1.4074,1.0,1.0,1.0,1.0,3.0,5.0,2.6556,7.0,4.0,3.5625
T,0,5555557271867829,1.8261,1.0,1.0,1.0,1.0,4.0,5.0,2.4835,7.0,6.0,5.4375
T,0,5555550933464529,-7.8186,1.0,1.0,0.0,1.0,4.0,5.0,2.3968,7.0,7.0,4.6875
T,0,6011002566588409,-7.1632,1.0,1.0,0.0,1.0,5.0,6.0,2.8278,8.0,4.0,3.8125
T,0,5105106214472157,-7.6858,1.0,1.0,0.0,1.0,3.0,5.0,2.7028,7.0,4.0,3.1875
T,0,6011009739134953,-6.6879,1.0,1.0,0.0,1.0,5.0,6.0,2.8113,8.0,3.0,3.8125
T,0,6011002557165509,-7.2999,1.0,1.0,0.0,1.0,5.0,6.0,2.5778,7.0,4.0,3.3125
T,0,5105102943553485,-6.9576,1.0,1.0,0.0,1.0,3.0,5.0,2.7744,8.0,5.0,3.75
T,0,5555553530269535,0.1685,1.0,1.0,1.0,1.0,4.0,5.0,1.9197,6.0,9.0,4.4375
T,0,6011002596866524,-7.1632,1.0,1.0,0.0,1.0,5.0,6.0,2.8278,8.0,4.0,3.8125
T,0,5105109396140683,-6.993,1.0,1.0,0.0,1.0,3.0,5.0,2.9056,8.0,3.0,3.8125
T,0,4242428994513150,-6.898,1.0,1.0,0.0,1.0,1.0,4.0,2.8278,8.0,4.0,3.9375
T,0,4111116590237166,-6.7022,1.0,1.0,0.0,1.0,0.0,4.0,2.7335,9.0,6.0,3.375
T,0,4111119564087786,-6.5672,1.0,1.0,0.0,1.0,0.0,4.0,2.7744,8.0,5.0,4.3125
T,0,4111111551365538,-7.2119,1.0,1.0,0.0,1.0,0.0,4.0,2.1468,6.0,7.0,3.1875
T,0,4532014081379314,-7.3673,1.0,1.0,0.0,1.0,2.0,4.0,2.9835,9.0,3.0,3.4375
T,0,4111111295560072,-6.6624,1.0,1.0,0.0,1.0,0.0,4.0,2.6556,8.0,6.0,2.875
T,0,4532010596136572,-7.2938,1.0,1.0,0.0,1.0,2.0,4.0,3.0778,9.0,3.0,3.6875
T,0,6011006686699158,-7.0456,1.0,1.0,0.0,1.0,5.0,6.0,2.43,6.0,5.0,4.5
T,0,5105108762246300,-8.2206,1.0,1.0,0.0,1.0,3.0,5.0,3.0,9.0,4.0,3.125
T,0,5555553696148423,-8.2582,1.0,1.0,0.0,1.0,4.0,5.0,2.6556,8.0,6.0,4.75
T,0,4532011947602893,-7.137,1.0,1.0,0.0,1.0,2.0,4.0,3.25,10.0,2.0,4.0
T,0,4532018306763892,-7.3232,1.0,1.0,0.0,1.0,2.0,4.0,3.2028,10.0,3.0,4.1875
T,0,4111118734464907,-6.4881,1.0,1.0,0.0,1.0,0.0,4.0,2.6494,8.0,5.0,3.8125
T,0,4111117627776947,-6.7731,1.0,1.0,0.0,1.0,0.0,4.0,2.2988,6.0,5.0,4.4375
T,0,5555554558136439,-7.8935,1.0,1.0,0.0,1.0,4.0,5.0,2.25,7.0,8.0,4.875
T,0,4532011406165572,-7.5586,1.0,1.0,0.0,1.0,2.0,4.0,2.9056,8.0,3.0,3.25
T,0,5555554996693163,-8.8382,1.0,1.0,0.0,1.0,4.0,5.0,2.3113,6.0,6.0,5.375
T,0,4242423696464947,-8.1065,1.0,1.0,0.0,1.0,1.0,4.0,2.3113,6.0,6.0,4.75
T,0,6011008764973936,0.9642,1.0,1.0,1.0,1.0,5.0,6.0,2.9056,8.0,3.0,4.375
T,0,6011009856464554,-7.255,1.0,1.0,0.0,1.0,5.0,6.0,2.6863,7.0,3.0,4.0
T,0,5555554891722143,-7.2812,1.0,1.0,0.0,1.0,4.0,5.0,2.6556,8.0,6.0,4.4375
T,0,5555557005853560,-8.8849,1.0,1.0,0.0,1.0,4.0,5.0,1.9197,6.0,9.0,4.3125
T,0,6011009573665572,0.9384,1.0,1.0,1.0,1.0,5.0,6.0,2.8585,8.0,3.0,3.9375
T,0,4532017597724948,-7.8559,1.0,1.0,0.0,1.0,2.0,4.0,3.0306,9.0,3.0,4.8125
T,0,5105102023494944,-7.6858,1.0,1.0,0.0,1.0,3.0,5.0,2.7028,7.0,4.0,3.3125
T,0,6011000670758681,-6.9777,1.0,1.0,0.0,1.0,5.0,6.0,2.43,6.0,5.0,3.5
T,0,4242422006455091,-7.3025,1.0,1.0,0.0,1.0,1.0,4.0,2.5778,7.0,4.0,3.125
T,0,4242425091814016,-7.4382,1.0,1.0,0.0,1.0,1.0,4.0,2.7806,8.0,4.0,3.3125
T,0,4242422998746021,-6.8417,1.0,1.0,0.0,1.0,1.0,4.0,2.6494,8.0,5.0,4.125
T,0,4532015829103970,-7.2938,1.0,1.0,0.0,1.0,2.0,4.0,3.0778,9.0,3.0,3.6875
T,0,4532013637523268,-7.2486,1.0,1.0,0.0,1.0,2.0,4.0,2.9528,9.0,4.0,3.75
T,0,6011006570950045,-7.2813,1.0,1.0,0.0,1.0,5.0,6.0,2.4835,7.0,6.0,3.0625
T,0,5555552047238830,-6.8732,1.0,1.0,0.0,1.0,4.0,5.0,2.5306,7.0,6.0,4.1875
T,0,5105103899655620,1.553,1.0,1.0,1.0,1.0,3.0,5.0,2.8278,8.0,4.0,4.0625
T,0,5105109569788782,-8.6073,1.0,1.0,0.0,1.0,3.0,5.0,2.9056,8.0,3.0,5.0625
T,0,5555553190354924,1.1316,1.0,1.0,1.0,1.0,4.0,5.0,2.3968,7.0,7.0,4.375
T,0,4532012817611295,-7.7063,1.0,1.0,0.0,1.0,2.0,4.0,3.0778,10.0,4.0,3.5625
T,0,6011007435942434,-7.7938,1.0,1.0,0.0,1.0,5.0,6.0,2.9528,9.0,4.0,3.3125
T,0,4532019805810640,-7.8256,1.0,1.0,0.0,1.0,2.0,4.0,3.0,9.0,4.0,3.5
T,0,5105105969873671,-8.0726,1.0,1.0,0.0,1.0,3.0,5.0,2.9056,8.0,3.0,4.5625
T,0,4242426633958150,-7.033,1.0,1.0,0.0,1.0,1.0,4.0,3.0306,9.0,3.0,4.0
T,0,6011008246126850,-7.9552,1.0,1.0,0.0,1.0,5.0,6.0,2.6556,7.0,4.0,3.125
T,0,6011003558078816,-7.5761,1.0,1.0,0.0,1.0,5.0,6.0,2.6556,7.0,4.0,3.6875
T,0,5105101577169244,-7.3498,1.0,1.0,0.0,1.0,3.0,5.0,2.8278,8.0,4.0,3.625
T,0,4111110636624340,-7.0057,1.0,1.0,0.0,1.0,0.0,4.0,2.43,6.0,5.0,2.6875
T,0,4532013904966788,-8.0011,1.0,1.0,0.0,1.0,2.0,4.0,3.25,10.0,2.0,4.6875
T,0,5105105749147573,-7.2676,1.0,1.0,0.0,1.0,3.0,5.0,2.6556,7.0,4.0,4.0
T,0,6011005941831924,-7.9215,1.0,1.0,0.0,1.0,5.0,6.0,2.9528,9.0,4.0,3.375
T,0,5555550335997805,-8.4394,1.0,1.0,0.0,1.0,4.0,5.0,2.125,6.0,8.0,4.9375
T,0,4532018255305255,-7.3864,1.0,1.0,0.0,1.0,2.0,4.0,2.4835,7.0,6.0,3.4375
T,0,5105107075519961,-6.3604,1.0,1.0,0.0,1.0,3.0,5.0,2.4528,6.0,4.0,3.875
T,0,5555558733965939,-8.1704,1.0,1.0,0.0,1.0,4.0,5.0,2.1774,6.0,7.0,5.75
T,0,4111117502181802,-7.3183,1.0,1.0,0.0,1.0,0.0,4.0,2.3968,7.0,7.0,2.6875
T,0,4532013921620155,-7.5451,1.0,1.0,0.0,1.0,2.0,4.0,2.8585,8.0,3.0,3.0625
T,0,4532013004439036,-6.8484,1.0,1.0,0.0,1.0,2.0,4.0,2.7028,8.0,4.0,2.9375
T,0,4111113924368080,-6.9398,1.0,1.0,0.0,1.0,0.0,4.0,2.7744,8.0,5.0,3.25
T,0,4532017539206622,-7.5748,1.0,1.0,0.0,1.0,2.0,4.0,3.0,9.0,4.0,3.5625
T,0,4242423666364498,-8.6454,1.0,1.0,0.0,1.0,1.0,4.0,2.3522,6.0,5.0,4.5625
T,0,4242429255236657,-6.529,1.0,1.0,0.0,1.0,1.0,4.0,2.555,7.0,5.0,4.25
T,0,4111112381694464,-6.905,1.0,1.0,0.0,1.0,0.0,4.0,2.4056,7.0,6.0,3.5
T,0,4242429540432482,2.642,1.0,1.0,1.0,1.0,1.0,4.0,2.305,7.0,6.0,3.6875
T,0,5555557194114520,-7.1916,1.0,1.0,0.0,1.0,4.0,5.0,2.3496,7.0,7.0,4.0
T,0,4111115819920169,-6.919,1.0,1.0,0.0,1.0,0.0,4.0,2.4746,8.0,7.0,3.6875
T,0,4532019684685577,-9.2102,1.0,1.0,0.0,1.0,2.0,4.0,3.2028,10.0,3.0,5.0
T,0,4242422093031073,-6.9189,1.0,1.0,0.0,1.0,1.0,4.0,2.6085,7.0,4.0,2.875
T,0,6011005882680594,-7.1033,1.0,1.0,0.0,1.0,5.0,6.0,2.8278,8.0,4.0,3.9375
T,0,5555550737118864,-7.9469,1.0,1.0,0.0,1.0,4.0,5.0,2.6556,8.0,6.0,4.6875
T,0,4532010877538616,-7.0816,1.0,1.0,0.0,1.0,2.0,4.0,3.125,9.0,2.0,4.125
T,0,5555550508599734,-8.6014,1.0,1.0,0.0,1.0,4.0,5.0,2.25,7.0,8.0,5.0
T,0,4532013023470091,1.8227,1.0,1.0,1.0,1.0,2.0,4.0,2.8278,8.0,4.0,2.75
T,0,5105105145591727,-7.5896,1.0,1.0,0.0,1.0,3.0,5.0,2.5244,7.0,5.0,3.625
T,0,5555553630181453,-7.1916,1.0,1.0,0.0,1.0,4.0,5.0,2.3496,7.0,7.0,4.0
T,0,6011005066873921,0.2773,1.0,1.0,1.0,1.0,5.0,6.0,2.9056,9.0,4.0,3.4375
T,0,5105105923265766,-6.952,1.0,1.0,0.0,1.0,3.0,5.0,2.8278,8.0,4.0,3.9375
T,0,4242425012004818,-6.8408,1.0,1.0,0.0,1.0,1.0,4.0,2.4528,6.0,4.0,2.9375
T,0,4532015621692070,-7.745,1.0,1.0,0.0,1.0,2.0,4.0,3.0306,9.0,3.0,3.3125
T,0,5105107316830128,-7.5761,1.0,1.0,0.0,1.0,3.0,5.0,2.8278,8.0,4.0,3.1875
T,0,4242429290558521,-6.5919,1.0,1.0,0.0,1.0,1.0,4.0,2.555,7.0,5.0,4.0
T,0,6011003514402799,0.8108,1.0,1.0,1.0,1.0,5.0,6.0,2.9528,9.0,4.0,3.25
T,0,5555559939458802,-8.8295,1.0,1.0,0.0,1.0,4.0,5.0,2.3496,7.0,7.0,5.4375
T,0,4111110424040741,-8.1798,1.0,1.0,0.0,1.0,0.0,4.0,2.0079,5.0,6.0,2.1875
T,0,4242428974848245,-7.9556,1.0,1.0,0.0,1.0,1.0,4.0,2.2335,6.0,6.0,4.8125
T,0,6011001155197448,-7.4512,1.0,1.0,0.0,1.0,5.0,6.0,2.7272,8.0,5.0,3.3125
T,0,5555554750272966,-7.6968,1.0,1.0,0.0,1.0,4.0,5.0,2.3968,7.0,7.0,4.875
T,0,6011003418619911,-7.6941,1.0,1.0,0.0,1.0,5.0,6.0,2.4835,7.0,6.0,3.1875
T,0,5555555710630230,-7.5679,1.0,1.0,0.0,1.0,4.0,5.0,2.3496,7.0,7.0,3.5625
T,0,4532017819941529,-7.3421,1.0,1.0,0.0,1.0,2.0,4.0,3.0306,9.0,3.0,4.375
T,0,4111115536321116,-7.4996,1.0,1.0,0.0,1.0,0.0,4.0,2.125,6.0,8.0,2.625
T,0,6011008321718368,-7.6268,1.0,1.0,0.0,1.0,5.0,6.0,2.6556,7.0,4.0,3.4375
T,0,4532013223750208,-6.91,1.0,1.0,0.0,1.0,2.0,4.0,2.7806,8.0,4.0,2.9375
T,0,5105106417801134,-6.8531,1.0,1.0,0.0,1.0,3.0,5.0,2.7272,8.0,5.0,2.9375
T,0,6011005016533037,-6.9874,1.0,1.0,0.0,1.0,5.0,6.0,2.43,6.0,5.0,2.5625
T,0,5555557338100557,-6.9134,1.0,1.0,0.0,1.0,4.0,5.0,2.125,6.0,8.0,4.3125
T,0,4532019114393680,-7.4244,1.0,1.0,0.0,1.0,2.0,4.0,3.0306,9.0,3.0,3.6875
T,0,4532018763049645,-7.3232,1.0,1.0,0.0,1.0,2.0,4.0,3.2028,10.0,3.0,4.1875
T,0,5555553515709522,-7.6257,1.0,1.0,0.0,1.0,4.0,5.0,2.0919,7.0,9.0,4.3125
T,0,4111110236510258,-6.7121,1.0,1.0,0.0,1.0,0.0,4.0,2.6556,8.0,6.0,2.5625
T,0,4111112578942745,-6.3162,1.0,1.0,0.0,1.0,0.0,4.0,2.6022,7.0,5.0,3.875
T,0,4532012425953797,-6.8941,1.0,1.0,0.0,1.0,2.0,4.0,2.9056,8.0,3.0,4.25
T,0,4532019930009720,-7.2194,1.0,1.0,0.0,1.0,2.0,4.0,2.7272,8.0,5.0,3.375
T,0,4532014229944008,-7.2371,1.0,1.0,0.0,1.0,2.0,4.0,2.7806,8.0,4.0,3.5625
T,0,4111112312255522,-7.9233,1.0,1.0,0.0,1.0,0.0,4.0,2.0079,5.0,6.0,2.375
T,0,5555554175585551,-8.3813,1.0,1.0,0.0,1.0,4.0,5.0,1.4966,5.0,11.0,4.75
T,0,4532015268133877,-6.9052,1.0,1.0,0.0,1.0,2.0,4.0,3.0778,9.0,3.0,4.0625
T,0,6011003117555346,-7.6351,1.0,1.0,0.0,1.0,5.0,6.0,2.6556,7.0,4.0,3.0
T,0,4242421569217761,2.1636,1.0,1.0,1.0,1.0,1.0,4.0,2.6556,7.0,4.0,3.9375
T,0,4242423530606076,-7.6417,1.0,1.0,0.0,1.0,1.0,4.0,2.6863,7.0,3.0,3.375
T,0,4111119197841865,3.3436,1.0,1.0,1.0,1.0,0.0,4.0,2.3968,7.0,7.0,4.1875
T,0,5555550027918983,-8.0131,1.0,1.0,0.0,1.0,4.0,5.0,2.6556,8.0,6.0,4.8125
T,0,5105105731132868,-7.5861,1.0,1.0,0.0,1.0,3.0,5.0,2.8278,8.0,4.0,3.5
T,0,4242423044125095,-7.6749,1.0,1.0,0.0,1.0,1.0,4.0,2.5244,7.0,5.0,3.1875
T,0,6011002446287828,-7.3192,1.0,1.0,0.0,1.0,5.0,6.0,2.7335,7.0,3.0,3.6875
T,0,4242428328229755,2.645,1.0,1.0,1.0,1.0,1.0,4.0,2.4835,7.0,6.0,4.3125
T,0,5105102252921475,-7.2672,1.0,1.0,0.0,1.0,3.0,5.0,2.5778,7.0,4.0,3.1875
T,0,6011007230441470,-7.1142,1.0,1.0,0.0,1.0,5.0,6.0,2.555,7.0,5.0,2.5
T,0,5105106299600673,-7.3498,1.0,1.0,0.0,1.0,3.0,5.0,2.8278,8.0,4.0,3.75
T,0,4111111443190844,-7.0366,1.0,1.0,0.0,1.0,0.0,4.0,2.0462,6.0,7.0,2.9375
T,0,5555557696595554,-9.2102,1.0,1.0,0.0,1.0,4.0,5.0,1.6738,5.0,10.0,5.6875
T,0,4532013243596440,-7.4186,1.0,1.0,0.0,1.0,2.0,4.0,2.8278,8.0,4.0,3.4375
T,0,4532012719400098,-7.8256,1.0,1.0,0.0,1.0,2.0,4.0,3.0,9.0,4.0,3.4375
T,0,4532015220237202,-6.9187,1.0,1.0,0.0,1.0,2.0,4.0,2.4835,7.0,6.0,2.5
T,0,4532019820956828,2.7314,1.0,1.0,1.0,1.0,2.0,4.0,3.0306,9.0,3.0,4.5
T,0,5555553646537265,-8.1039,1.0,1.0,0.0,1.0,4.0,5.0,2.0778,6.0,8.0,4.8125
T,0,4532012711981997,2.1359,1.0,1.0,1.0,1.0,2.0,4.0,2.9528,9.0,4.0,4.3125
T,0,4532014297424388,-6.9022,1.0,1.0,0.0,1.0,2.0,4.0,2.9528,9.0,4.0,4.125
T,0,4111112012204299,-7.7388,1.0,1.0,0.0,1.0,0.0,4.0,2.1556,5.0,6.0,2.5
T,0,5105100134321262,-7.4473,1.0,1.0,0.0,1.0,3.0,5.0,2.6556,7.0,4.0,2.25
T,0,4111110903958770,3.5902,1.0,1.0,1.0,1.0,0.0,4.0,2.7272,8.0,5.0,3.5625
T,0,5555558827982857,-9.0938,1.0,1.0,0.0,1.0,4.0,5.0,2.0218,5.0,7.0,5.875
T,0,5105103619376046,-7.3506,1.0,1.0,0.0,1.0,3.0,5.0,2.8585,8.0,3.0,3.5625
T,0,4532014722637196,3.0751,1.0,1.0,1.0,1.0,2.0,4.0,3.0778,9.0,3.0,3.875
T,0,4532010873415769,-7.1775,1.0,1.0,0.0,1.0,2.0,4.0,3.25,10.0,2.0,4.0625
T,0,4532016953146312,-7.5686,1.0,1.0,0.0,1.0,2.0,4.0,2.9056,8.0,3.0,3.4375
T,0,4242429519330819,-6.739,1.0,1.0,0.0,1.0,1.0,4.0,2.8585,8.0,3.0,4.125
T,0,5105103302742720,-7.1518,1.0,1.0,0.0,1.0,3.0,5.0,2.7028,7.0,4.0,2.625
T,0,6011005084557823,-7.8038,1.0,1.0,0.0,1.0,5.0,6.0,2.9528,9.0,4.0,3.4375
T,0,6011009193164521,-7.3217,1.0,1.0,0.0,1.0,5.0,6.0,2.7272,8.0,5.0,3.0625
T,0,4242426501018131,-7.2,1.0,1.0,0.0,1.0,1.0,4.0,2.7806,8.0,4.0,2.75
T,0,6011004193090770,-7.2813,1.0,1.0,0.0,1.0,5.0,6.0,2.4835,7.0,6.0,3.0
T,0,4111111726734683,-7.0709,1.0,1.0,0.0,1.0,0.0,4.0,2.5306,7.0,6.0,3.5
T,0,5105108739175760,-6.6961,1.0,1.0,0.0,1.0,3.0,5.0,2.8113,8.0,3.0,4.0625
T,0,5105108605549418,-7.2611,1.0,1.0,0.0,1.0,3.0,5.0,2.6556,7.0,4.0,3.875
T,0,4242425360006127,-7.3557,1.0,1.0,0.0,1.0,1.0,4.0,2.7806,8.0,4.0,3.0
T,0,4532012492136391,-7.4083,1.0,1.0,0.0,1.0,2.0,4.0,2.8585,8.0,3.0,3.4375
T,0,4111118340313739,-7.1257,1.0,1.0,0.0,1.0,0.0,4.0,2.4056,7.0,6.0,3.125
T,0,4111119282467278,-6.4849,1.0,1.0,0.0,1.0,0.0,4.0,2.6022,7.0,5.0,4.0
T,0,5105102270028847,-7.6858,1.0,1.0,0.0,1.0,3.0,5.0,2.7028,7.0,4.0,3.25
T,0,4242420483311248,-7.2801,1.0,1.0,0.0,1.0,1.0,4.0,2.3994,6.0,5.0,3.25
T,0,5105108462494937,-7.3516,1.0,1.0,0.0,1.0,3.0,5.0,3.2028,10.0,3.0,4.25
T,0,4532016099032217,-7.8728,1.0,1.0,0.0,1.0,2.0,4.0,3.0306,9.0,3.0,3.375
T,0,4111115806228910,-7.0187,1.0,1.0,0.0,1.0,0.0,4.0,2.6556,8.0,6.0,3.125
T,0,5105109880514659,-7.3081,1.0,1.0,0.0,1.0,3.0,5.0,2.6556,7.0,4.0,4.1875
T,0,6011009937048393,-7.1726,1.0,1.0,0.0,1.0,5.0,6.0,2.7806,8.0,4.0,3.9375
T,0,5555550230596726,-7.465,1.0,1.0,0.0,1.0,4.0,5.0,2.3968,7.0,7.0,4.375
T,0,4532018369145982,-7.388,1.0,1.0,0.0,1.0,2.0,4.0,3.125,9.0,2.0,4.375
T,0,5105102375597809,-6.999,1.0,1.0,0.0,1.0,3.0,5.0,2.8278,8.0,4.0,4.1875
T,0,4111115170490079,-7.0746,1.0,1.0,0.0,1.0,0.0,4.0,2.3585,6.0,6.0,3.1875
T,0,6011006980520127,1.1754,1.0,1.0,1.0,1.0,5.0,6.0,2.7272,8.0,5.0,3.0
T,0,4111118248398925,3.8081,1.0,1.0,1.0,1.0,0.0,4.0,2.6022,7.0,5.0,4.1875
T,0,5555557246563986,-8.7019,1.0,1.0,0.0,1.0,4.0,5.0,2.4746,8.0,7.0,5.375
T,0,4242426528060788,-7.1607,1.0,1.0,0.0,1.0,1.0,4.0,2.6556,7.0,4.0,4.25
T,0,4242428029695873,-7.778,1.0,1.0,0.0,1.0,1.0,4.0,2.9528,9.0,4.0,4.6875
T,0,5555551996866083,1.9232,1.0,1.0,1.0,1.0,4.0,5.0,2.4835,7.0,6.0,5.375
T,0,4532012895561896,3.7719,1.0,1.0,1.0,1.0,2.0,4.0,3.0778,9.0,3.0,4.625
T,0,5555555449386210,-8.1876,1.0,1.0,0.0,1.0,4.0,5.0,2.6468,9.0,7.0,4.5
T,0,5555551922306598,-7.9623,1.0,1.0,0.0,1.0,4.0,5.0,2.5218,8.0,7.0,4.6875
T,0,5105101288833168,-7.4609,1.0,1.0,0.0,1.0,3.0,5.0,2.625,7.0,4.0,3.75
T,0,4111116358027111,-6.9295,1.0,1.0,0.0,1.0,0.0,4.0,2.5,9.0,8.0,2.6875
T,0,4242426120834760,-7.1971,1.0,1.0,0.0,1.0,1.0,4.0,2.75,8.0,4.0,3.4375
T,0,5105109986420028,-7.5738,1.0,1.0,0.0,1.0,3.0,5.0,2.875,8.0,4.0,3.75
T,0,5105106782636359,1.8813,1.0,1.0,1.0,1.0,3.0,5.0,3.0306,9.0,3.0,4.1875
T,0,4242422468221615,2.2947,1.0,1.0,1.0,1.0,1.0,4.0,2.2806,6.0,6.0,3.4375
T,0,4111119620600964,-7.0608,1.0,1.0,0.0,1.0,0.0,4.0,2.43,6.0,5.0,3.1875
T,0,6011008556243043,0.0483,1.0,1.0,1.0,1.0,5.0,6.0,2.875,8.0,4.0,3.0
T,0,5555554389160798,-8.6747,1.0,1.0,0.0,1.0,4.0,5.0,2.7806,9.0,6.0,5.3125
T,0,5555552683599910,-7.9622,1.0,1.0,0.0,1.0,4.0,5.0,2.4746,8.0,7.0,5.125
T,0,4111111637576737,-6.6447,1.0,1.0,0.0,1.0,0.0,4.0,2.2806,6.0,6.0,3.8125
T,0,4111115457337869,-6.5782,1.0,1.0,0.0,1.0,0.0,4.0,2.7744,8.0,5.0,4.125
T,0,4242423692640439,-6.6949,1.0,1.0,0.0,1.0,1.0,4.0,2.3994,6.0,5.0,4.0
T,0,4532017283615317,-7.4244,1.0,1.0,0.0,1.0,2.0,4.0,3.0306,9.0,3.0,3.625
T,0,4532011403492833,-7.4085,1.0,1.0,0.0,1.0,2.0,4.0,2.8278,8.0,4.0,3.25
T,0,6011009348628328,-7.071,1.0,1.0,0.0,1.0,5.0,6.0,2.9056,8.0,3.0,3.8125
T,0,5105108452617861,-7.3498,1.0,1.0,0.0,1.0,3.0,5.0,2.8278,8.0,4.0,3.75
T,0,6011007089442688,-7.1098,1.0,1.0,0.0,1.0,5.0,6.0,2.8278,8.0,4.0,4.0
T,0,5555550685027331,-6.9494,1.0,1.0,0.0,1.0,4.0,5.0,2.5218,8.0,7.0,4.0625
T,0,6011008080617333,-6.7867,1.0,1.0,0.0,1.0,5.0,6.0,2.43,6.0,5.0,2.9375
T,0,4532012989343770,-7.0509,1.0,1.0,0.0,1.0,2.0,4.0,3.0778,9.0,3.0,4.1875
T,0,6011004912179588,-7.1551,1.0,1.0,0.0,1.0,5.0,6.0,2.9528,9.0,4.0,3.875
T,0,5105104561922739,-7.6175,1.0,1.0,0.0,1.0,3.0,5.0,3.0306,9.0,3.0,3.75
T,0,5105108469299703,-7.3516,1.0,1.0,0.0,1.0,3.0,5.0,3.1556,10.0,3.0,4.3125
T,0,5555550641476337,-7.2204,1.0,1.0,0.0,1.0,4.0,5.0,2.5306,7.0,6.0,4.4375
T,0,4532019856112814,-7.5893,1.0,1.0,0.0,1.0,2.0,4.0,3.0,9.0,4.0,3.75
T,0,4242426530580337,-7.1017,1.0,1.0,0.0,1.0,1.0,4.0,2.8585,8.0,3.0,3.625
T,0,6011008976243852,-7.2835,1.0,1.0,0.0,1.0,5.0,6.0,3.2028,10.0,3.0,3.875
T,0,6011008510312834,-7.0421,1.0,1.0,0.0,1.0,5.0,6.0,2.75,8.0,4.0,2.6875
T,0,4532014715314074,-7.4358,1.0,1.0,0.0,1.0,2.0,4.0,2.7028,7.0,4.0,3.1875
T,0,6011003643731974,-7.3931,1.0,1.0,0.0,1.0,5.0,6.0,2.7335,7.0,3.0,3.4375
T,0,5555554458903440,-7.2307,1.0,1.0,0.0,1.0,4.0,5.0,2.1468,6.0,7.0,4.4375
T,0,4532013303556321,-6.6252,1.0,1.0,0.0,1.0,2.0,4.0,2.6022,7.0,5.0,2.875
T,0,5105103091197678,1.4484,1.0,1.0,1.0,1.0,3.0,5.0,2.8278,8.0,4.0,3.9375
T,0,5105108298627153,1.8564,1.0,1.0,1.0,1.0,3.0,5.0,3.0306,9.0,3.0,3.9375
T,0,4111119401538280,-6.6986,1.0,1.0,0.0,1.0,0.0,4.0,2.6556,8.0,6.0,3.0625
T,0,4532013878421364,-6.8302,1.0,1.0,0.0,1.0,2.0,4.0,3.0306,9.0,3.0,3.8125
T,0,4532011691232299,-7.2516,1.0,1.0,0.0,1.0,2.0,4.0,2.7806,8.0,4.0,3.6875
T,0,5555554417626423,-7.041,1.0,1.0,0.0,1.0,4.0,5.0,2.4835,7.0,6.0,4.3125
T,0,5555553099151095,-8.2454,1.0,1.0,0.0,1.0,4.0,5.0,1.9528,5.0,8.0,4.5
T,0,5555551442045972,-7.2321,1.0,1.0,0.0,1.0,4.0,5.0,2.3496,7.0,7.0,4.25
T,0,5105100172430423,-7.0717,1.0,1.0,0.0,1.0,3.0,5.0,2.7028,7.0,4.0,2.375
T,0,4532016068867715,-6.8942,1.0,1.0,0.0,1.0,2.0,4.0,3.0778,9.0,3.0,4.3125
T,0,5555556045578318,-7.597,1.0,1.0,0.0,1.0,4.0,5.0,2.375,8.0,8.0,4.8125
T,0,5555554926437886,-8.1136,1.0,1.0,0.0,1.0,4.0,5.0,2.6556,8.0,6.0,5.4375
T,0,4111119052766722,-6.8297,1.0,1.0,0.0,1.0,0.0,4.0,2.7272,8.0,5.0,3.4375
T,0,5555559308836670,-8.4571,1.0,1.0,0.0,1.0,4.0,5.0,2.5306,7.0,6.0,5.0
T,0,5105104331851901,-6.9557,1.0,1.0,0.0,1.0,3.0,5.0,2.555,7.0,5.0,2.9375
T,0,4242426430631256,2.984,1.0,1.0,1.0,1.0,1.0,4.0,2.5778,7.0,4.0,3.375
T,0,4111112971526822,-7.0236,1.0,1.0,0.0,1.0,0.0,4.0,2.5306,8.0,6.0,3.3125
T,0,4242429291595688,-8.7914,1.0,1.0,0.0,1.0,1.0,4.0,2.6556,7.0,4.0,5.0
T,0,4532019758277585,2.2786,1.0,1.0,1.0,1.0,2.0,4.0,2.9528,9.0,4.0,4.875
T,0,6011009059044795,-7.018,1.0,1.0,0.0,1.0,5.0,6.0,2.6022,7.0,5.0,3.75
T,0,6011003166644456,-7.2129,1.0,1.0,0.0,1.0,5.0,6.0,2.3829,6.0,5.0,3.3125
T,0,4111114348110066,-7.2985,1.0,1.0,0.0,1.0,0.0,4.0,2.2246,6.0,7.0,2.625
T,0,6011000323219865,-7.1595,1.0,1.0,0.0,1.0,5.0,6.0,2.8278,8.0,4.0,2.9375
T,0,6011003935511230,-7.1011,1.0,1.0,0.0,1.0,5.0,6.0,2.5778,7.0,4.0,2.5
T,0,5105109223104518,-7.0775,1.0,1.0,0.0,1.0,3.0,5.0,2.7806,8.0,4.0,2.9375
T,0,6011002735178249,-8.5178,1.0,1.0,0.0,1.0,5.0,6.0,3.1556,10.0,3.0,3.5
T,0,4532010895450089,-6.9037,1.0,1.0,0.0,1.0,2.0,4.0,2.8278,8.0,4.0,3.9375
T,0,4242420973178222,-6.7837,1.0,1.0,0.0,1.0,1.0,4.0,2.6085,8.0,6.0,3.6875
T,0,5555552386274039,-7.6318,1.0,1.0,0.0,1.0,4.0,5.0,2.7806,9.0,6.0,4.625
T,0,5555552747490716,-7.9882,1.0,1.0,0.0,1.0,4.0,5.0,2.6085,8.0,6.0,4.8125
T,0,4111110590424713,-7.0665,1.0,1.0,0.0,1.0,0.0,4.0,2.6085,8.0,6.0,2.75
T,0,5555556090863267,-7.9882,1.0,1.0,0.0,1.0,4.0,5.0,2.6085,8.0,6.0,4.8125
T,0,4242423171589293,-6.945,1.0,1.0,0.0,1.0,1.0,4.0,2.8278,8.0,4.0,4.125
T,0,5105105543020917,-7.4969,1.0,1.0,0.0,1.0,3.0,5.0,2.7028,8.0,4.0,3.0
T,0,4111116588223245,-6.9172,1.0,1.0,0.0,1.0,0.0,4.0,2.6022,7.0,5.0,3.375
T,0,4242424993647914,-7.4005,1.0,1.0,0.0,1.0,1.0,4.0,2.4363,7.0,6.0,4.625
T,0,4532012816742807,2.8883,1.0,1.0,1.0,1.0,2.0,4.0,3.0778,9.0,3.0,3.75
T,0,5105101315904215,-6.9515,1.0,1.0,0.0,1.0,3.0,5.0,2.4772,7.0,5.0,2.6875
T,0,5105106591976869,-8.3223,1.0,1.0,0.0,1.0,3.0,5.0,2.6863,7.0,3.0,4.875
T,0,6011002013774955,0.8108,1.0,1.0,1.0,1.0,5.0,6.0,2.9528,9.0,4.0,3.1875
T,0,4532012984877689,-8.7708,1.0,1.0,0.0,1.0,2.0,4.0,3.2028,10.0,3.0,5.1875
T,0,4242421030253765,-7.6064,1.0,1.0,0.0,1.0,1.0,4.0,2.8278,8.0,4.0,3.125
T,0,4532015006546063,-7.6725,1.0,1.0,0.0,1.0,2.0,4.0,2.6556,7.0,4.0,3.125
T,0,4532012546849758,-8.0011,1.0,1.0,0.0,1.0,2.0,4.0,3.1556,10.0,3.0,4.5625
T,0,5105102226302200,-8.6416,1.0,1.0,0.0,1.0,3.0,5.0,2.2988,6.0,5.0,1.9375
T,0,4242421139554955,-6.4569,1.0,1.0,0.0,1.0,1.0,4.0,2.4528,6.0,4.0,4.0625
T,0,4242423406499688,-7.4285,1.0,1.0,0.0,1.0,1.0,4.0,2.6022,7.0,5.0,4.6875
T,0,4111115056615174,-7.0043,1.0,1.0,0.0,1.0,0.0,4.0,2.2246,6.0,7.0,3.0625
T,0,5555550544170133,-6.9766,1.0,1.0,0.0,1.0,4.0,5.0,2.2718,6.0,7.0,3.625
T,0,5555553207697530,-7.4479,1.0,1.0,0.0,1.0,4.0,5.0,2.3968,7.0,7.0,4.5
T,0,4242428193729638,-7.8574,1.0,1.0,0.0,1.0,1.0,4.0,2.8278,8.0,4.0,4.625
T,0,5555554494305034,1.8024,1.0,1.0,1.0,1.0,4.0,5.0,2.0218,5.0,7.0,4.125
T,0,6011001974438189,-7.1033,1.0,1.0,0.0,1.0,5.0,6.0,2.8278,8.0,4.0,3.875
T,0,4532013053681640,-7.5586,1.0,1.0,0.0,1.0,2.0,4.0,2.9056,8.0,3.0,3.1875
T,0,4242424755509955,-8.2748,1.0,1.0,0.0,1.0,1.0,4.0,2.3522,6.0,5.0,4.5
T,0,4242425950718543,2.781,1.0,1.0,1.0,1.0,1.0,4.0,2.9056,9.0,4.0,4.0625
T,0,4532012060979091,-7.2486,1.0,1.0,0.0,1.0,2.0,4.0,2.9528,9.0,4.0,3.625
T,0,5555550335693352,-7.8435,1.0,1.0,0.0,1.0,4.0,5.0,2.0,6.0,8.0,4.3125
T,0,4111118423479645,-6.2455,1.0,1.0,0.0,1.0,0.0,4.0,2.7744,9.0,5.0,3.8125
T,0,6011002046942429,-7.3944,1.0,1.0,0.0,1.0,5.0,6.0,2.5306,6.0,4.0,3.125
T,0,5105106391239973,-6.8784,1.0,1.0,0.0,1.0,3.0,5.0,2.8585,8.0,3.0,4.0
T,0,6011002476018327,-7.6448,1.0,1.0,0.0,1.0,5.0,6.0,2.8278,8.0,4.0,3.0
T,0,4111113719705822,-6.7443,1.0,1.0,0.0,1.0,0.0,4.0,2.7806,9.0,6.0,3.3125
T,0,4242420565207222,2.5083,1.0,1.0,1.0,1.0,1.0,4.0,2.2246,6.0,7.0,3.0625
T,0,4532018906190980,-6.9022,1.0,1.0,0.0,1.0,2.0,4.0,2.9528,9.0,4.0,4.0625
T,0,5555559756858664,-8.5005,1.0,1.0,0.0,1.0,4.0,5.0,2.0778,6.0,8.0,5.875
T,0,4532015239755705,-6.6354,1.0,1.0,0.0,1.0,2.0,4.0,2.7744,8.0,5.0,3.9375
T,0,5555551800728874,-8.0539,1.0,1.0,0.0,1.0,4.0,5.0,2.4835,7.0,6.0,4.6875
T,0,5555555761356412,-7.0175,1.0,1.0,0.0,1.0,4.0,5.0,2.25,7.0,8.0,4.375
T,0,4242428576064683,-7.3281,1.0,1.0,0.0,1.0,1.0,4.0,2.7806,8.0,4.0,4.4375
T,0,5105103761676449,2.2635,1.0,1.0,1.0,1.0,3.0,5.0,2.9056,8.0,3.0,4.0625
T,0,5105105975667948,-8.2204,1.0,1.0,0.0,1.0,3.0,5.0,2.875,8.0,4.0,4.875
T,0,6011000670080480,-7.6142,1.0,1.0,0.0,1.0,5.0,6.0,2.125,6.0,8.0,2.5625
T,0,4532015302269396,-7.3323,1.0,1.0,0.0,1.0,2.0,4.0,2.9056,8.0,3.0,3.75
T,0,5555553365790905,-8.0023,1.0,1.0,0.0,1.0,4.0,5.0,2.125,6.0,8.0,4.8125
T,0,4532012427732908,1.9005,1.0,1.0,1.0,1.0,2.0,4.0,3.0,9.0,4.0,3.6875
T,0,4532016713569939,-7.8593,1.0,1.0,0.0,1.0,2.0,4.0,3.0306,9.0,3.0,4.5625
T,0,4242426181279289,3.214,1.0,1.0,1.0,1.0,1.0,4.0,2.6022,7.0,5.0,4.4375
T,0,4111115928885631,-6.716,1.0,1.0,0.0,1.0,0.0,4.0,2.6085,8.0,6.0,4.0
T,0,6011003578496287,-7.4296,1.0,1.0,0.0,1.0,5.0,6.0,3.2028,10.0,3.0,4.1875
T,0,5555553776198991,-8.3297,1.0,1.0,0.0,1.0,4.0,5.0,2.4835,7.0,6.0,5.625
T,0,4111112139939388,-6.8899,1.0,1.0,0.0,1.0,0.0,4.0,2.3113,6.0,6.0,4.0
T,0,5105104606824603,-7.5761,1.0,1.0,0.0,1.0,3.0,5.0,2.8278,8.0,4.0,3.1875
T,0,5555550601021406,-7.3316,1.0,1.0,0.0,1.0,4.0,5.0,2.2806,6.0,6.0,3.125
T,0,4111111523993410,-7.2691,1.0,1.0,0.0,1.0,0.0,4.0,2.3968,7.0,7.0,2.875
T,0,4242422198766325,-6.7665,1.0,1.0,0.0,1.0,1.0,4.0,2.8522,9.0,5.0,4.1875
T,0,4242422695308268,2.5048,1.0,1.0,1.0,1.0,1.0,4.0,2.7272,8.0,5.0,4.1875
T,0,5555551349813795,-8.3261,1.0,1.0,0.0,1.0,4.0,5.0,2.3968,7.0,7.0,5.0
T,0,5105107050173738,-7.4144,1.0,1.0,0.0,1.0,3.0,5.0,2.4835,6.0,4.0,3.3125
T,0,5105107982569036,1.8813,1.0,1.0,1.0,1.0,3.0,5.0,3.0306,9.0,3.0,4.1875
T,0,4532017665484461,-6.9022,1.0,1.0,0.0,1.0,2.0,4.0,2.9528,9.0,4.0,4.125
T,0,4111117552534708,-6.8297,1.0,1.0,0.0,1.0,0.0,4.0,2.7272,8.0,5.0,3.4375
T,0,4242422735785090,-6.9045,1.0,1.0,0.0,1.0,1.0,4.0,2.8278,8.0,4.0,4.0
T,0,5105108264884088,-6.6781,1.0,1.0,0.0,1.0,3.0,5.0,2.6022,7.0,5.0,4.25
T,0,5555553310596608,-7.4724,1.0,1.0,0.0,1.0,4.0,5.0,2.3968,7.0,7.0,4.4375
T,0,4532014461035127,-7.8043,1.0,1.0,0.0,1.0,2.0,4.0,2.9056,8.0,3.0,3.0
T,0,4532011508250269,2.6926,1.0,1.0,1.0,1.0,2.0,4.0,2.9835,9.0,3.0,3.3125
T,0,4532017963305960,-6.9887,1.0,1.0,0.0,1.0,2.0,4.0,3.0306,9.0,3.0,3.9375
T,0,6011004011901627,-7.3597,1.0,1.0,0.0,1.0,5.0,6.0,2.4238,7.0,5.0,2.4375
T,0,5105102915455860,-7.1001,1.0,1.0,0.0,1.0,3.0,5.0,2.68,8.0,5.0,3.5625
T,0,5105107565327312,-7.6858,1.0,1.0,0.0,1.0,3.0,5.0,2.7028,7.0,4.0,3.3125
T,0,5105103794782249,-7.2557,1.0,1.0,0.0,1.0,3.0,5.0,3.125,9.0,2.0,4.1875
T,0,4532013293912473,-7.1822,1.0,1.0,0.0,1.0,2.0,4.0,2.8278,8.0,4.0,3.625
T,0,5105104957300648,-7.4162,1.0,1.0,0.0,1.0,3.0,5.0,2.9528,9.0,4.0,3.625
T,0,4242427847291708,-6.7511,1.0,1.0,0.0,1.0,1.0,4.0,2.5778,7.0,4.0,4.4375
T,0,6011008867868946,-7.6251,1.0,1.0,0.0,1.0,5.0,6.0,2.5778,7.0,4.0,4.875
T,0,4532010096370817,-8.2279,1.0,1.0,0.0,1.0,2.0,4.0,3.125,10.0,4.0,3.5
T,0,4532018672340070,-7.8156,1.0,1.0,0.0,1.0,2.0,4.0,3.0,9.0,4.0,3.25
T,0,5105109185411287,-7.1351,1.0,1.0,0.0,1.0,3.0,5.0,2.7272,8.0,5.0,3.625
T,0,4242421237442052,-7.2386,1.0,1.0,0.0,1.0,1.0,4.0,2.305,7.0,6.0,3.0
T,0,4242423672067688,-7.4855,1.0,1.0,0.0,1.0,1.0,4.0,2.6556,7.0,4.0,4.4375
T,0,4532017162515061,1.5194,1.0,1.0,1.0,1.0,2.0,4.0,2.8278,8.0,4.0,3.0625
T,0,5105105606700681,-7.1803,1.0,1.0,0.0,1.0,3.0,5.0,2.3829,6.0,5.0,3.1875
T,0,6011004018418059,0.8931,1.0,1.0,1.0,1.0,5.0,6.0,2.5244,7.0,5.0,3.0
T,0,4111113239840505,-6.7515,1.0,1.0,0.0,1.0,0.0,4.0,2.7744,8.0,5.0,3.0
T,0,6011008386884120,-7.2321,1.0,1.0,0.0,1.0,5.0,6.0,2.5778,7.0,4.0,3.5
T,0,5105107566069474,-6.7157,1.0,1.0,0.0,1.0,3.0,5.0,2.7335,7.0,3.0,4.125
T,0,4111117704146868,-6.7383,1.0,1.0,0.0,1.0,0.0,4.0,2.3585,6.0,6.0,3.75
T,0,5555552175096577,-8.1768,1.0,1.0,0.0,1.0,4.0,5.0,2.2028,7.0,8.0,4.9375
T,0,6011007084993760,-6.771,1.0,1.0,0.0,1.0,5.0,6.0,2.7744,8.0,5.0,3.8125
T,0,4242421330191365,-7.6183,1.0,1.0,0.0,1.0,1.0,4.0,2.8113,8.0,3.0,3.125
T,0,4111116587169580,-6.7409,1.0,1.0,0.0,1.0,0.0,4.0,2.6556,8.0,6.0,4.0
T,0,6011003270678641,-7.7967,1.0,1.0,0.0,1.0,5.0,6.0,2.7806,8.0,4.0,3.25
T,0,5555555550672368,-8.1219,1.0,1.0,0.0,1.0,4.0,5.0,2.0919,7.0,9.0,4.8125
T,0,4242428386513854,-7.1607,1.0,1.0,0.0,1.0,1.0,4.0,2.6556,7.0,4.0,4.3125
T,0,4111118793013435,-6.8621,1.0,1.0,0.0,1.0,0.0,4.0,2.6085,8.0,6.0,3.25
T,0,4532010323059998,-6.6978,1.0,1.0,0.0,1.0,2.0,4.0,2.8585,8.0,3.0,3.9375
T,0,4111111171262154,-8.093,1.0,1.0,0.0,1.0,0.0,4.0,1.9669,6.0,9.0,2.4375
T,0,4242426208462854,-6.6505,1.0,1.0,0.0,1.0,1.0,4.0,2.2988,6.0,5.0,3.9375
T,0,5555552373221416,-7.4058,1.0,1.0,0.0,1.0,4.0,5.0,2.4835,7.0,6.0,3.8125
T,0,4242424655138316,-7.2007,1.0,1.0,0.0,1.0,1.0,4.0,2.7028,7.0,4.0,3.75
T,0,4532011798248045,-6.8582,1.0,1.0,0.0,1.0,2.0,4.0,3.0778,9.0,3.0,3.9375
T,0,6011001484956842,-7.4431,1.0,1.0,0.0,1.0,5.0,6.0,2.8585,8.0,3.0,3.6875
T,0,4242426234031248,-7.1802,1.0,1.0,0.0,1.0,1.0,4.0,2.4238,7.0,5.0,3.1875
T,0,5105109994825562,1.6071,1.0,1.0,1.0,1.0,3.0,5.0,2.8278,8.0,4.0,4.4375
T,0,5555551081477932,-7.2612,1.0,1.0,0.0,1.0,4.0,5.0,2.7806,9.0,6.0,4.5
T,0,6011007200255044,-7.9159,1.0,1.0,0.0,1.0,5.0,6.0,2.5306,7.0,6.0,2.3125
T,0,5105109780156846,-6.9189,1.0,1.0,0.0,1.0,3.0,5.0,2.8585,8.0,3.0,4.125
T,0,4242421341582424,-7.2413,1.0,1.0,0.0,1.0,1.0,4.0,2.18,6.0,6.0,3.25
T,0,5555550556727806,-8.153,1.0,1.0,0.0,1.0,4.0,5.0,2.125,6.0,8.0,4.75
T,0,6011002462543035,-7.0164,1.0,1.0,0.0,1.0,5.0,6.0,2.75,7.0,4.0,2.625
T,0,6011006547926724,-7.6034,1.0,1.0,0.0,1.0,5.0,6.0,2.9056,8.0,3.0,3.75
T,0,4532011169404232,-7.1076,1.0,1.0,0.0,1.0,2.0,4.0,2.8585,8.0,3.0,2.9375
T,0,5105107111154562,-7.3165,1.0,1.0,0.0,1.0,3.0,5.0,2.4056,7.0,6.0,2.8125
T,0,4111111792493602,-6.8869,1.0,1.0,0.0,1.0,0.0,4.0,2.6556,8.0,6.0,3.25
T,0,4242425787314606,-7.0019,1.0,1.0,0.0,1.0,1.0,4.0,2.9528,9.0,4.0,4.0625
T,0,5555553313262902,-7.0148,1.0,1.0,0.0,1.0,4.0,5.0,2.4363,7.0,6.0,3.8125
T,0,6011008458180040,-7.4705,1.0,1.0,0.0,1.0,5.0,6.0,2.3113,6.0,6.0,2.875
T,0,5555555928956162,-8.5933,1.0,1.0,0.0,1.0,4.0,5.0,2.125,6.0,8.0,5.1875
T,0,5555553615666996,-9.2102,1.0,1.0,0.0,1.0,4.0,5.0,1.9212,5.0,7.0,5.4375
T,0,5105103181851838,2.6299,1.0,1.0,1.0,1.0,3.0,5.0,2.2272,5.0,5.0,3.625
T,0,4532017897273724,-7.216,1.0,1.0,0.0,1.0,2.0,4.0,2.9528,9.0,4.0,4.4375
T,0,5555551479447271,-8.1187,1.0,1.0,0.0,1.0,4.0,5.0,2.3113,6.0,6.0,4.75
T,0,5105106821169059,-7.5434,1.0,1.0,0.0,1.0,3.0,5.0,2.6556,7.0,4.0,3.6875
T,0,4532010991791443,-6.4793,1.0,1.0,0.0,1.0,2.0,4.0,2.8585,8.0,3.0,3.875
T,0,5555552053783395,-7.7352,1.0,1.0,0.0,1.0,4.0,5.0,2.2028,7.0,8.0,4.6875
T,0,5105105906603981,-7.5434,1.0,1.0,0.0,1.0,3.0,5.0,2.6556,7.0,4.0,3.6875
T,0,5105109946278704,2.8838,1.0,1.0,1.0,1.0,3.0,5.0,3.0778,9.0,3.0,4.25
T,0,5105103440107520,-7.6887,1.0,1.0,0.0,1.0,3.0,5.0,2.555,7.0,5.0,2.375
T,0,4111114362871983,-6.708,1.0,1.0,0.0,1.0,0.0,4.0,2.6556,8.0,6.0,3.75
T,0,6011009043958568,-7.3598,1.0,1.0,0.0,1.0,5.0,6.0,2.875,8.0,4.0,4.0625
T,0,6011003968827661,-7.1791,1.0,1.0,0.0,1.0,5.0,6.0,2.7806,8.0,4.0,4.0
T,0,4532013749130234,-7.4085,1.0,1.0,0.0,1.0,2.0,4.0,2.8278,8.0,4.0,3.1875
T,0,5555559483939849,-8.517,1.0,1.0,0.0,1.0,4.0,5.0,2.1556,5.0,6.0,6.0
T,0,4242422735161059,-7.2694,1.0,1.0,0.0,1.0,1.0,4.0,2.9528,9.0,4.0,3.5625
T,0,5105100273670993,1.4957,1.0,1.0,1.0,1.0,3.0,5.0,2.875,8.0,4.0,3.625
T,0,4532014039712094,-7.6863,1.0,1.0,0.0,1.0,2.0,4.0,2.9056,8.0,3.0,3.375
T,0,4111114765982397,-7.3436,1.0,1.0,0.0,1.0,0.0,4.0,2.8994,9.0,5.0,4.3125
T,0,5105104740329216,-7.899,1.0,1.0,0.0,1.0,3.0,5.0,3.0306,9.0,3.0,3.125
T,0,6011003088554768,-7.1033,1.0,1.0,0.0,1.0,5.0,6.0,2.8278,8.0,4.0,3.875
T,0,4532011665479345,-7.0357,1.0,1.0,0.0,1.0,2.0,4.0,3.0306,9.0,3.0,4.0625
T,0,4242427121735070,-7.3954,1.0,1.0,0.0,1.0,1.0,4.0,2.6556,7.0,4.0,3.1875
T,0,4111118802548787,-6.9788,1.0,1.0,0.0,1.0,0.0,4.0,2.5244,7.0,5.0,4.125
T,0,5105105343016385,-7.8401,1.0,1.0,0.0,1.0,3.0,5.0,2.6085,7.0,4.0,3.125
T,0,4532010864639998,-7.6807,1.0,1.0,0.0,1.0,2.0,4.0,3.0778,9.0,3.0,4.8125
T,0,4242429800355227,-6.8565,1.0,1.0,0.0,1.0,1.0,4.0,2.7272,8.0,5.0,3.6875
T,0,4242422514124580,-7.459,1.0,1.0,0.0,1.0,1.0,4.0,2.2988,6.0,5.0,3.125
T,0,6011009525127446,-7.8297,1.0,1.0,0.0,1.0,5.0,6.0,2.9056,8.0,3.0,3.3125
T,0,4111110631165277,-6.6608,1.0,1.0,0.0,1.0,0.0,4.0,2.5218,8.0,7.0,2.9375
T,0,4111117974898207,3.8683,1.0,1.0,1.0,1.0,0.0,4.0,2.6022,7.0,5.0,4.375
T,0,4532016937805710,-6.9719,1.0,1.0,0.0,1.0,2.0,4.0,3.2028,10.0,3.0,3.8125
T,0,4242424245647663,-7.1058,1.0,1.0,0.0,1.0,1.0,4.0,2.2335,6.0,6.0,4.0625
T,0,5105103605197142,-7.8799,1.0,1.0,0.0,1.0,3.0,5.0,2.9056,9.0,4.0,3.125
T,0,4242428046051179,-7.2839,1.0,1.0,0.0,1.0,1.0,4.0,2.9528,9.0,4.0,3.6875
T,0,4242429816677220,-6.887,1.0,1.0,0.0,1.0,1.0,4.0,2.7272,8.0,5.0,4.125
T,0,4111115047001604,-7.9797,1.0,1.0,0.0,1.0,0.0,4.0,2.2335,6.0,6.0,2.25
T,0,4242424150232072,-7.6894,1.0,1.0,0.0,1.0,1.0,4.0,2.4056,7.0,6.0,2.75
T,0,5555558559328456,-8.7917,1.0,1.0,0.0,1.0,4.0,5.0,2.0919,7.0,9.0,5.3125
T,0,5105102962542122,-6.9557,1.0,1.0,0.0,1.0,3.0,5.0,2.555,7.0,5.0,2.9375
T,0,5555554573787424,-8.2016,1.0,1.0,0.0,1.0,4.0,5.0,2.1774,6.0,7.0,5.0625
T,0,4532016630092541,-7.5586,1.0,1.0,0.0,1.0,2.0,4.0,2.9528,8.0,3.0,3.1875
T,0,4242427607734035,-7.2232,1.0,1.0,0.0,1.0,1.0,4.0,2.6556,7.0,4.0,3.75
T,0,4111112598844612,3.1833,1.0,1.0,1.0,1.0,0.0,4.0,2.4835,7.0,6.0,3.625
T,0,4111117125952050,-7.318,1.0,1.0,0.0,1.0,0.0,4.0,2.4835,7.0,6.0,2.8125
T,0,5555553447881993,-8.1107,1.0,1.0,0.0,1.0,4.0,5.0,2.5306,7.0,6.0,5.375
T,0,4242427288380742,-7.9458,1.0,1.0,0.0,1.0,1.0,4.0,2.3522,6.0,5.0,4.1875
T,0,5555551321224185,-7.0711,1.0,1.0,0.0,1.0,4.0,5.0,2.1774,6.0,7.0,3.6875
T,0,5555558410052611,-7.5408,1.0,1.0,0.0,1.0,4.0,5.0,2.3496,7.0,7.0,3.625
T,0,4111114265720897,-7.5521,1.0,1.0,0.0,1.0,0.0,4.0,2.8994,9.0,5.0,3.6875
T,0,5555553584672996,-8.8851,1.0,1.0,0.0,1.0,4.0,5.0,2.5218,8.0,7.0,5.5625
T,0,4111116725497669,-6.6989,1.0,1.0,0.0,1.0,0.0,4.0,2.6022,7.0,5.0,4.375
T,0,6011006095681532,-7.7967,1.0,1.0,0.0,1.0,5.0,6.0,2.7806,8.0,4.0,3.3125
T,0,4111111415874491,-7.8677,1.0,1.0,0.0,1.0,0.0,4.0,2.0,6.0,8.0,3.3125
T,0,6011005076704276,-7.2788,1.0,1.0,0.0,1.0,5.0,6.0,2.555,7.0,5.0,3.25
T,0,4111118444366958,-6.9788,1.0,1.0,0.0,1.0,0.0,4.0,2.5244,7.0,5.0,4.125
T,0,5105102390834047,-7.9831,1.0,1.0,0.0,1.0,3.0,5.0,3.0,9.0,4.0,3.25
T,0,6011004318041007,0.1807,1.0,1.0,1.0,1.0,5.0,6.0,2.4056,7.0,6.0,2.25
T,0,4242422240347846,-7.0144,1.0,1.0,0.0,1.0,1.0,4.0,2.305,7.0,6.0,3.625
T,0,4242421004399192,-6.8913,1.0,1.0,0.0,1.0,1.0,4.0,2.4528,6.0,4.0,3.5
T,0,4242423246318328,-7.3955,1.0,1.0,0.0,1.0,1.0,4.0,2.3522,6.0,5.0,3.625
T,0,4242420191186792,-6.8479,1.0,1.0,0.0,1.0,1.0,4.0,2.7806,8.0,4.0,3.875
T,0,6011001610580936,-7.0937,1.0,1.0,0.0,1.0,5.0,6.0,2.4772,7.0,5.0,2.9375
T,0,4242428207193872,-6.887,1.0,1.0,0.0,1.0,1.0,4.0,2.7272,8.0,5.0,4.0625
T,0,4242421738057157,-6.4735,1.0,1.0,0.0,1.0,1.0,4.0,2.8585,8.0,3.0,3.875
T,0,6011007398834869,-8.1506,1.0,1.0,0.0,1.0,5.0,6.0,2.9056,8.0,3.0,4.5625
T,0,5555553912496404,-7.5514,1.0,1.0,0.0,1.0,4.0,5.0,2.6085,8.0,6.0,4.5
T,0,4111119470967270,3.9286,1.0,1.0,1.0,1.0,0.0,4.0,2.6022,7.0,5.0,3.75
T,0,4111112454390673,-7.0933,1.0,1.0,0.0,1.0,0.0,4.0,2.8522,9.0,5.0,3.25
T,0,6011009904914713,-7.2089,1.0,1.0,0.0,1.0,5.0,6.0,2.5778,7.0,4.0,3.4375
T,0,6011001173765304,-7.3472,1.0,1.0,0.0,1.0,5.0,6.0,2.625,7.0,4.0,2.8125
T,0,5105101258067425,-7.6454,1.0,1.0,0.0,1.0,3.0,5.0,2.7806,8.0,4.0,3.25
T,0,4111117720470954,3.8979,1.0,1.0,1.0,1.0,0.0,4.0,2.555,7.0,5.0,3.375
T,0,4242421768300674,-7.112,1.0,1.0,0.0,1.0,1.0,4.0,2.8278,8.0,4.0,3.75
T,0,4532012884819316,-7.0357,1.0,1.0,0.0,1.0,2.0,4.0,3.0306,9.0,3.0,4.0625
T,0,5555551166619629,-7.8698,1.0,1.0,0.0,1.0,4.0,5.0,2.1085,5.0,6.0,4.8125
T,0,4242428036901571,-7.7507,1.0,1.0,0.0,1.0,1.0,4.0,3.1556,10.0,3.0,3.625
T,0,4242423770801358,-7.3676,1.0,1.0,0.0,1.0,1.0,4.0,2.9056,8.0,3.0,3.75
T,0,5555550415662024,2.0456,1.0,1.0,1.0,1.0,4.0,5.0,2.2718,6.0,7.0,3.75
T,0,6011003651625430,-7.2526,1.0,1.0,0.0,1.0,5.0,6.0,2.6556,7.0,4.0,2.6875
T,0,4532010987155337,-6.9887,1.0,1.0,0.0,1.0,2.0,4.0,3.0306,9.0,3.0,3.9375
T,0,5105103543596164,-7.521,1.0,1.0,0.0,1.0,3.0,5.0,2.7028,7.0,4.0,3.625
T,0,6011003214391783,-7.9833,1.0,1.0,0.0,1.0,5.0,6.0,2.9056,9.0,4.0,3.0625
T,0,6011004073720706,-7.2102,1.0,1.0,0.0,1.0,5.0,6.0,2.4835,7.0,6.0,2.75
T,0,6011008204046274,-7.0351,1.0,1.0,0.0,1.0,5.0,6.0,2.6022,7.0,5.0,2.8125
T,0,4532014188218566,-6.8646,1.0,1.0,0.0,1.0,2.0,4.0,2.9056,8.0,3.0,4.0
T,0,6011001347266301,-6.9944,1.0,1.0,0.0,1.0,5.0,6.0,2.5778,7.0,4.0,2.5625
T,0,5555558991266661,-8.2236,1.0,1.0,0.0,1.0,4.0,5.0,2.2806,6.0,6.0,5.25
T,0,6011009278401440,-6.8875,1.0,1.0,0.0,1.0,5.0,6.0,2.68,8.0,5.0,2.9375
T,0,4242426962167358,-7.3157,1.0,1.0,0.0,1.0,1.0,4.0,2.9056,9.0,4.0,4.4375
T,0,5555556660252994,-7.8888,1.0,1.0,0.0,1.0,4.0,5.0,2.2246,6.0,7.0,4.9375
T,0,5105107366702467,-7.3651,1.0,1.0,0.0,1.0,3.0,5.0,2.8585,8.0,3.0,3.75
T,0,4242426345067989,-7.778,1.0,1.0,0.0,1.0,1.0,4.0,2.9528,9.0,4.0,4.6875
T,0,6011006003124658,-6.8345,1.0,1.0,0.0,1.0,5.0,6.0,2.68,8.0,5.0,2.6875
T,0,4242429069328693,-8.0841,1.0,1.0,0.0,1.0,1.0,4.0,2.6556,7.0,4.0,4.5625
T,0,4242428092660629,-6.4617,1.0,1.0,0.0,1.0,1.0,4.0,2.43,6.0,5.0,4.125
T,0,4242424021777424,-8.0809,1.0,1.0,0.0,1.0,1.0,4.0,2.0079,5.0,6.0,3.5
T,0,5555554204933982,-7.8861,1.0,1.0,0.0,1.0,4.0,5.0,2.5306,7.0,6.0,4.625
T,0,5105107530631767,0.428,1.0,1.0,1.0,1.0,3.0,5.0,2.5613,6.0,3.0,3.5625
T,0,4111113860010165,-7.748,1.0,1.0,0.0,1.0,0.0,4.0,2.3496,7.0,7.0,2.4375
T,0,5105104264613152,2.0379,1.0,1.0,1.0,1.0,3.0,5.0,2.7028,7.0,4.0,2.875
T,0,4242424139424082,-7.1581,1.0,1.0,0.0,1.0,1.0,4.0,2.305,7.0,6.0,3.4375
T,0,4242424206204318,-7.0637,1.0,1.0,0.0,1.0,1.0,4.0,2.4238,7.0,5.0,3.0
T,0,5105106348876489,-8.122,1.0,1.0,0.0,1.0,3.0,5.0,3.0778,9.0,3.0,4.6875
T,0,6011008451404122,-7.848,1.0,1.0,0.0,1.0,5.0,6.0,2.5778,7.0,4.0,2.4375
T,0,6011003033714546,-7.4297,1.0,1.0,0.0,1.0,5.0,6.0,2.6556,7.0,4.0,2.75
T,0,4242420017357494,-6.8565,1.0,1.0,0.0,1.0,1.0,4.0,2.7272,8.0,5.0,3.625
T,0,4532019902588893,-8.1762,1.0,1.0,0.0,1.0,2.0,4.0,2.9056,8.0,3.0,4.75
T,0,6011003563570457,-7.7918,1.0,1.0,0.0,1.0,5.0,6.0,2.7028,7.0,4.0,3.3125
T,0,6011006997376661,1.6206,1.0,1.0,1.0,1.0,5.0,6.0,2.43,6.0,5.0,4.25
T,0,4532017448040911,-7.4749,1.0,1.0,0.0,1.0,2.0,4.0,2.9056,9.0,4.0,3.3125
T,0,4242422068965793,3.5207,1.0,1.0,1.0,1.0,1.0,4.0,2.9528,9.0,4.0,4.5625
T,0,4111115874254963,-6.4095,1.0,1.0,0.0,1.0,0.0,4.0,2.8522,9.0,5.0,3.875
T,0,5105105110367473,-7.6025,1.0,1.0,0.0,1.0,3.0,5.0,2.6556,7.0,4.0,3.0625
T,0,6011008938933161,-6.8861,1.0,1.0,0.0,1.0,5.0,6.0,2.5306,6.0,4.0,3.6875
T,0,5555559044478458,-8.6349,1.0,1.0,0.0,1.0,4.0,5.0,2.1468,6.0,7.0,5.1875
T,0,5105106032389882,2.124,1.0,1.0,1.0,1.0,3.0,5.0,2.9056,8.0,3.0,3.8125
T,0,6011006248604630,1.2926,1.0,1.0,1.0,1.0,5.0,6.0,2.5244,7.0,5.0,2.9375
T,0,4532012962709528,-7.2395,1.0,1.0,0.0,1.0,2.0,4.0,3.125,10.0,4.0,4.0625
T,0,6011001418996077,-7.4936,1.0,1.0,0.0,1.0,5.0,6.0,2.625,7.0,4.0,3.75
T,0,4242427756472519,-6.7511,1.0,1.0,0.0,1.0,1.0,4.0,2.5778,7.0,4.0,4.4375
T,0,6011005205461212,-7.9478,1.0,1.0,0.0,1.0,5.0,6.0,2.4528,6.0,4.0,2.25
T,0,5555553301093069,-6.9419,1.0,1.0,0.0,1.0,4.0,5.0,2.3113,6.0,6.0,4.0
T,0,5105104886052931,-7.3241,1.0,1.0,0.0,1.0,3.0,5.0,2.9835,9.0,3.0,3.625
T,0,4111118974826753,-7.3436,1.0,1.0,0.0,1.0,0.0,4.0,2.8994,9.0,5.0,4.25
T,0,4532012551968336,2.1229,1.0,1.0,1.0,1.0,2.0,4.0,3.0306,9.0,3.0,3.9375
T,0,4532011633108381,-7.1747,1.0,1.0,0.0,1.0,2.0,4.0,2.75,8.0,4.0,3.0625
T,0,4111113933867428,-6.62,1.0,1.0,0.0,1.0,0.0,4.0,2.7272,8.0,5.0,3.875
T,0,5555551706251490,-6.9494,1.0,1.0,0.0,1.0,4.0,5.0,2.5218,8.0,7.0,4.0625
T,0,5105103049028875,-7.4162,1.0,1.0,0.0,1.0,3.0,5.0,2.9528,9.0,4.0,3.625
T,0,5555555247369282,-7.7872,1.0,1.0,0.0,1.0,4.0,5.0,2.4746,8.0,7.0,4.875
T,0,6011000465214724,-7.2526,1.0,1.0,0.0,1.0,5.0,6.0,2.6556,7.0,4.0,2.6875
T,0,5105103608595000,1.5324,1.0,1.0,1.0,1.0,3.0,5.0,2.4056,7.0,6.0,3.0
T,0,4111118742410123,-7.6413,1.0,1.0,0.0,1.0,0.0,4.0,2.3496,7.0,7.0,2.5625
T,0,4111117869861406,-6.8478,1.0,1.0,0.0,1.0,0.0,4.0,2.4835,7.0,6.0,4.0
T,0,4242420523142234,-7.7291,1.0,1.0,0.0,1.0,1.0,4.0,2.18,6.0,6.0,2.75
T,0,4242426833688575,-7.5797,1.0,1.0,0.0,1.0,1.0,4.0,2.7335,7.0,3.0,4.8125
T,0,4111112522238664,-7.1634,1.0,1.0,0.0,1.0,0.0,4.0,2.5244,7.0,5.0,3.0625
T,0,4532010492314328,-7.3982,1.0,1.0,0.0,1.0,2.0,4.0,2.8585,8.0,3.0,3.1875
T,0,4532010722490469,-7.131,1.0,1.0,0.0,1.0,2.0,4.0,2.9835,9.0,3.0,3.625
T,0,5555551782792843,-8.2173,1.0,1.0,0.0,1.0,4.0,5.0,2.6556,8.0,6.0,5.0625
T,0,4532012300406445,-6.8875,1.0,1.0,0.0,1.0,2.0,4.0,2.625,7.0,4.0,2.6875
T,0,6011002004076327,-7.3088,1.0,1.0,0.0,1.0,5.0,6.0,2.5306,7.0,6.0,2.4375
T,0,4242424304155498,-6.885,1.0,1.0,0.0,1.0,1.0,4.0,2.6085,8.0,6.0,3.8125
T,0,5555559433203517,-6.896,1.0,1.0,0.0,1.0,4.0,5.0,2.4746,8.0,7.0,4.1875
T,0,5105103490974684,-7.2099,1.0,1.0,0.0,1.0,3.0,5.0,3.0306,9.0,3.0,4.125
T,0,5105103658737249,-7.3516,1.0,1.0,0.0,1.0,3.0,5.0,3.2028,10.0,3.0,4.125
T,0,6011001737059873,-7.5705,1.0,1.0,0.0,1.0,5.0,6.0,2.7806,8.0,4.0,3.625
T,0,4532018073548282,2.5037,1.0,1.0,1.0,1.0,2.0,4.0,2.9056,8.0,3.0,3.875
T,0,4532014552691124,-7.4279,1.0,1.0,0.0,1.0,2.0,4.0,2.8113,8.0,3.0,3.375
T,0,4532010599094508,-6.9796,1.0,1.0,0.0,1.0,2.0,4.0,2.7806,8.0,4.0,4.0
T,0,6011002017716120,-8.0677,1.0,1.0,0.0,1.0,5.0,6.0,2.1738,5.0,5.0,2.1875
T,0,4532015261591648,-6.7702,1.0,1.0,0.0,1.0,2.0,4.0,3.0306,9.0,3.0,3.875
T,0,4532019811794039,-7.0357,1.0,1.0,0.0,1.0,2.0,4.0,3.0306,9.0,3.0,4.125
T,0,5105108460943111,-7.1704,1.0,1.0,0.0,1.0,3.0,5.0,2.7272,8.0,5.0,3.0625
T,0,4111119973263334,3.0523,1.0,1.0,1.0,1.0,0.0,4.0,2.5244,7.0,5.0,3.625
T,0,6011007287955450,-7.5675,1.0,1.0,0.0,1.0,5.0,6.0,2.9528,9.0,4.0,3.75
T,0,5555554338122673,-6.9092,1.0,1.0,0.0,1.0,4.0,5.0,2.6085,8.0,6.0,4.3125
T,0,4111115382538076,2.772,1.0,1.0,1.0,1.0,0.0,4.0,2.8994,9.0,5.0,3.5
T,0,5555553588224255,-8.3563,1.0,1.0,0.0,1.0,4.0,5.0,1.7947,5.0,9.0,4.625
T,0,6011007862123014,1.6086,1.0,1.0,1.0,1.0,5.0,6.0,2.75,8.0,4.0,2.625
T,0,4532010812595833,-7.3323,1.0,1.0,0.0,1.0,2.0,4.0,2.9056,8.0,3.0,3.6875
T,0,4532011372806950,-8.2467,1.0,1.0,0.0,1.0,2.0,4.0,3.2028,10.0,3.0,3.5
T,0,4242425058926878,-8.2379,1.0,1.0,0.0,1.0,1.0,4.0,2.7806,8.0,4.0,4.75
T,0,4111115964830355,-6.7413,1.0,1.0,0.0,1.0,0.0,4.0,2.7272,8.0,5.0,3.5625
T,0,4242428393093378,-7.4855,1.0,1.0,0.0,1.0,1.0,4.0,2.6556,7.0,4.0,4.4375
T,0,6011003333044009,-7.4246,1.0,1.0,0.0,1.0,5.0,6.0,2.2806,6.0,6.0,2.3125
T,0,4242428871539036,-7.4154,1.0,1.0,0.0,1.0,1.0,4.0,3.1556,10.0,3.0,4.25
T,0,4242429609624164,-7.8,1.0,1.0,0.0,1.0,1.0,4.0,2.3522,6.0,5.0,4.0625
T,0,4532011294168824,2.6438,1.0,1.0,1.0,1.0,2.0,4.0,2.9835,9.0,3.0,3.75
T,0,4532018033210421,-7.1234,1.0,1.0,0.0,1.0,2.0,4.0,2.6863,7.0,3.0,2.4375
T,0,4111116814867479,-6.5289,1.0,1.0,0.0,1.0,0.0,4.0,2.3585,6.0,6.0,4.3125
T,0,4242428049171847,-6.7289,1.0,1.0,0.0,1.0,1.0,4.0,2.6022,7.0,5.0,4.1875
T,0,5105104636494354,-7.521,1.0,1.0,0.0,1.0,3.0,5.0,2.7028,7.0,4.0,3.75
T,0,6011004325935337,-7.7938,1.0,1.0,0.0,1.0,5.0,6.0,2.9528,9.0,4.0,3.25
T,0,4532015250631683,2.3179,1.0,1.0,1.0,1.0,2.0,4.0,2.9056,8.0,3.0,3.375
T,0,5105103259770447,-7.3651,1.0,1.0,0.0,1.0,3.0,5.0,2.8585,8.0,3.0,3.75
T,0,6011004582739926,-7.3826,1.0,1.0,0.0,1.0,5.0,6.0,3.2028,10.0,3.0,3.9375
T,0,5105103306012820,-6.9211,1.0,1.0,0.0,1.0,3.0,5.0,2.6022,7.0,5.0,2.3125
T,0,4111116635326243,-6.8854,1.0,1.0,0.0,1.0,0.0,4.0,2.43,6.0,5.0,3.0625
T,0,5555553357380331,-6.9933,1.0,1.0,0.0,1.0,4.0,5.0,2.0462,6.0,7.0,4.125
T,0,5555555301296757,-7.7187,1.0,1.0,0.0,1.0,4.0,5.0,2.375,8.0,8.0,4.6875
T,0,5105103936038965,-6.6751,1.0,1.0,0.0,1.0,3.0,5.0,2.7335,7.0,3.0,4.0
T,0,4532018316058078,-6.8302,1.0,1.0,0.0,1.0,2.0,4.0,3.0306,9.0,3.0,3.8125
T,0,4111117961585972,-6.7299,1.0,1.0,0.0,1.0,0.0,4.0,2.6556,8.0,6.0,4.25
T,0,4242423253428954,-6.6505,1.0,1.0,0.0,1.0,1.0,4.0,2.2988,6.0,5.0,3.9375
T,0,4532013595053135,1.4667,1.0,1.0,1.0,1.0,2.0,4.0,2.5244,7.0,5.0,3.375
T,0,5105106276763941,1.8564,1.0,1.0,1.0,1.0,3.0,5.0,3.0306,9.0,3.0,3.9375
T,0,5105107148835201,-7.6454,1.0,1.0,0.0,1.0,3.0,5.0,2.7806,8.0,4.0,3.1875
T,0,5105107520354722,-7.6025,1.0,1.0,0.0,1.0,3.0,5.0,2.6556,7.0,4.0,3.0625
T,0,6011005551961230,-7.0993,1.0,1.0,0.0,1.0,5.0,6.0,2.5778,7.0,4.0,2.8125
T,0,5105107010097368,-7.2999,1.0,1.0,0.0,1.0,3.0,5.0,2.7272,8.0,5.0,3.3125
T,0,5555550032657117,-6.7585,1.0,1.0,0.0,1.0,4.0,5.0,2.3968,7.0,7.0,3.875
T,0,5555554019866263,-7.6365,1.0,1.0,0.0,1.0,4.0,5.0,2.7335,9.0,6.0,4.6875
T,0,5105108036092199,1.5671,1.0,1.0,1.0,1.0,3.0,5.0,2.7806,8.0,4.0,3.6875
T,0,6011005794926661,-7.1726,1.0,1.0,0.0,1.0,5.0,6.0,2.7806,8.0,4.0,3.9375
T,0,4242420417550131,-7.3129,1.0,1.0,0.0,1.0,1.0,4.0,2.6556,7.0,4.0,2.8125
T,0,4111113426429558,-6.7413,1.0,1.0,0.0,1.0,0.0,4.0,2.7272,8.0,5.0,3.5625
T,0,5555555945840428,-8.541,1.0,1.0,0.0,1.0,4.0,5.0,2.0778,6.0,8.0,4.9375
T,0,4532010651433452,-7.2135,1.0,1.0,0.0,1.0,2.0,4.0,2.7335,7.0,3.0,3.0
T,0,4111115861130242,-6.7846,1.0,1.0,0.0,1.0,0.0,4.0,2.5218,8.0,7.0,2.5625
T,0,5555550912400611,-7.3247,1.0,1.0,0.0,1.0,4.0,5.0,2.4363,7.0,6.0,3.375
T,0,4111117697806361,-6.5473,1.0,1.0,0.0,1.0,0.0,4.0,2.6085,8.0,6.0,3.875
T,0,4532013068962630,2.594,1.0,1.0,1.0,1.0,2.0,4.0,2.9835,9.0,3.0,3.625
T,0,6011002354742501,-7.3158,1.0,1.0,0.0,1.0,5.0,6.0,2.8278,8.0,4.0,2.5625
T,0,5555557010102179,-7.3323,1.0,1.0,0.0,1.0,4.0,5.0,2.3113,6.0,6.0,3.625
T,0,4111119484582203,-7.0484,1.0,1.0,0.0,1.0,0.0,4.0,2.7272,8.0,5.0,3.375
T,0,6011001436341367,-6.7068,1.0,1.0,0.0,1.0,5.0,6.0,2.4835,6.0,4.0,2.875
T,0,4242422399716886,-7.9235,1.0,1.0,0.0,1.0,1.0,4.0,2.8278,8.0,4.0,4.8125
T,0,5555553169940921,-7.9221,1.0,1.0,0.0,1.0,4.0,5.0,2.6085,8.0,6.0,4.625
T,0,4242423758283915,-6.934,1.0,1.0,0.0,1.0,1.0,4.0,2.8278,8.0,4.0,4.3125
T,0,4242424686657303,-7.0143,1.0,1.0,0.0,1.0,1.0,4.0,2.7806,8.0,4.0,4.125
T,0,5555551082063918,1.8496,1.0,1.0,1.0,1.0,4.0,5.0,2.6556,8.0,6.0,4.25
T,0,5105108986920367,-7.4191,1.0,1.0,0.0,1.0,3.0,5.0,3.0778,9.0,3.0,4.375
T,0,6011003760120256,-7.1142,1.0,1.0,0.0,1.0,5.0,6.0,2.555,7.0,5.0,2.5
T,0,4242424679390313,-6.9673,1.0,1.0,0.0,1.0,1.0,4.0,2.7806,8.0,4.0,3.9375
T,0,4111113773664119,-6.8495,1.0,1.0,0.0,1.0,0.0,4.0,2.2718,6.0,7.0,3.5
T,0,6011003028363019,-7.0075,1.0,1.0,0.0,1.0,5.0,6.0,2.555,7.0,5.0,2.6875
T,0,5555551100618659,-6.361,1.0,1.0,0.0,1.0,4.0,5.0,2.2246,6.0,7.0,4.1875
T,0,4111116866950018,-7.123,1.0,1.0,0.0,1.0,0.0,4.0,2.4835,7.0,6.0,3.625
T,0,4242426808057998,-7.7651,1.0,1.0,0.0,1.0,1.0,4.0,2.8585,8.0,3.0,4.875
T,0,4242423318307680,-7.0872,1.0,1.0,0.0,1.0,1.0,4.0,2.8585,8.0,3.0,3.5625
T,0,4532019012614684,-7.7551,1.0,1.0,0.0,1.0,2.0,4.0,3.0306,9.0,3.0,3.5
T,0,5555555607516748,1.3921,1.0,1.0,1.0,1.0,4.0,5.0,2.25,7.0,8.0,4.9375
T,0,4532014484452775,-6.893,1.0,1.0,0.0,1.0,2.0,4.0,2.7272,8.0,5.0,4.0625
T,0,5555552282959008,-7.8653,1.0,1.0,0.0,1.0,4.0,5.0,2.0996,5.0,7.0,4.6875
T,0,5105101675776254,-7.2611,1.0,1.0,0.0,1.0,3.0,5.0,2.6556,7.0,4.0,3.875
T,0,4242420057290973,-7.2232,1.0,1.0,0.0,1.0,1.0,4.0,2.6556,7.0,4.0,3.75
T,0,5105105148607098,-7.4191,1.0,1.0,0.0,1.0,3.0,5.0,2.7806,8.0,4.0,3.75
T,0,4532012853881644,-6.8646,1.0,1.0,0.0,1.0,2.0,4.0,2.9056,8.0,3.0,4.0
T,0,4242425980293778,-8.1686,1.0,1.0,0.0,1.0,1.0,4.0,2.8278,8.0,4.0,4.75
T,0,4242421822168669,-6.6074,1.0,1.0,0.0,1.0,1.0,4.0,2.43,6.0,5.0,4.1875
T,0,5555559795144383,-8.1303,1.0,1.0,0.0,1.0,4.0,5.0,2.3968,7.0,7.0,5.1875
T,0,4111116069598568,-6.7063,1.0,1.0,0.0,1.0,0.0,4.0,2.6022,7.0,5.0,4.4375
T,0,4111118057024769,-7.5376,1.0,1.0,0.0,1.0,0.0,4.0,2.8994,9.0,5.0,3.5625
T,0,5105106189597423,-7.3516,1.0,1.0,0.0,1.0,3.0,5.0,3.1556,10.0,3.0,4.125
T,0,4111113565594844,-6.6968,1.0,1.0,0.0,1.0,0.0,4.0,2.4772,7.0,5.0,3.875
T,0,5105109021534075,-7.4969,1.0,1.0,0.0,1.0,3.0,5.0,2.7028,8.0,4.0,3.0
T,0,5105106928339314,1.8691,1.0,1.0,1.0,1.0,3.0,5.0,3.0306,9.0,3.0,3.75
T,0,6011009276601404,-6.9884,1.0,1.0,0.0,1.0,5.0,6.0,2.555,7.0,5.0,2.9375
T,0,4242424378408994,-7.7915,1.0,1.0,0.0,1.0,1.0,4.0,2.4835,7.0,6.0,4.625
T,0,4111115661720647,-7.3891,1.0,1.0,0.0,1.0,0.0,4.0,2.4835,7.0,6.0,3.3125
T,0,4532014806641860,-7.1719,1.0,1.0,0.0,1.0,2.0,4.0,2.8585,8.0,3.0,3.625
T,0,4111113232077164,-7.4679,1.0,1.0,0.0,1.0,0.0,4.0,2.5306,7.0,6.0,2.75
T,0,4242423417444794,-6.811,1.0,1.0,0.0,1.0,1.0,4.0,2.0778,6.0,8.0,4.0625
T,0,4532011312343906,-6.8406,1.0,1.0,0.0,1.0,2.0,4.0,2.8278,8.0,4.0,2.9375
T,0,4111116942631554,-7.3801,1.0,1.0,0.0,1.0,0.0,4.0,2.4835,7.0,6.0,3.375
T,0,4532015667620514,-7.3178,1.0,1.0,0.0,1.0,2.0,4.0,2.9056,8.0,3.0,3.5625
T,0,5105104437420739,-7.7617,1.0,1.0,0.0,1.0,3.0,5.0,2.9056,8.0,3.0,3.4375
T,0,5105101011295783,-7.1268,1.0,1.0,0.0,1.0,3.0,5.0,2.68,8.0,5.0,3.0625
T,0,4242422755227045,-7.0864,1.0,1.0,0.0,1.0,1.0,4.0,2.1085,5.0,6.0,3.5625
T,0,4242425611214434,-8.0853,1.0,1.0,0.0,1.0,1.0,4.0,2.2335,6.0,6.0,3.0625
T,0,4532019977523430,-6.8646,1.0,1.0,0.0,1.0,2.0,4.0,2.9528,8.0,3.0,4.0
T,0,5105101902501116,-8.2257,1.0,1.0,0.0,1.0,3.0,5.0,2.2335,6.0,6.0,2.375
T,0,4242421220753512,-6.8468,1.0,1.0,0.0,1.0,1.0,4.0,2.4835,7.0,6.0,2.875
T,0,4532013866798800,-7.4839,1.0,1.0,0.0,1.0,2.0,4.0,3.1556,10.0,3.0,4.375
T,0,6011000338316666,-7.451,1.0,1.0,0.0,1.0,5.0,6.0,2.18,5.0,5.0,3.125
T,0,4532017734422238,-7.2371,1.0,1.0,0.0,1.0,2.0,4.0,2.7806,8.0,4.0,3.5625
T,0,5105109817148132,-7.4135,1.0,1.0,0.0,1.0,3.0,5.0,2.8994,9.0,5.0,3.5
T,0,5555553217075759,2.7158,1.0,1.0,1.0,1.0,4.0,5.0,2.2028,7.0,8.0,4.75
T,0,4242429124557913,-7.0486,1.0,1.0,0.0,1.0,1.0,4.0,2.625,7.0,4.0,4.0
T,0,4532012502678024,-7.4749,1.0,1.0,0.0,1.0,2.0,4.0,2.9528,9.0,4.0,3.1875
T,0,6011005762021760,-7.1651,1.0,1.0,0.0,1.0,5.0,6.0,2.43,6.0,5.0,2.75
T,0,6011005394879124,-7.8373,1.0,1.0,0.0,1.0,5.0,6.0,3.1556,10.0,3.0,3.75
T,0,5555553345183810,-6.361,1.0,1.0,0.0,1.0,4.0,5.0,2.2246,6.0,7.0,4.125
T,0,4532011677118791,-6.7121,1.0,1.0,0.0,1.0,2.0,4.0,2.9772,10.0,5.0,3.9375
T,0,6011002628992881,-7.6175,1.0,1.0,0.0,1.0,5.0,6.0,2.5613,6.0,3.0,3.9375
T,0,5105100788023466,-7.9932,1.0,1.0,0.0,1.0,3.0,5.0,3.0,9.0,4.0,3.5
T,0,4532013551313507,1.7782,1.0,1.0,1.0,1.0,2.0,4.0,2.5778,7.0,4.0,3.0
T,0,5105108686769409,-8.0726,1.0,1.0,0.0,1.0,3.0,5.0,2.9056,8.0,3.0,4.6875
T,0,4242423921087632,-6.8206,1.0,1.0,0.0,1.0,1.0,4.0,2.8522,9.0,5.0,3.6875
T,0,4111115014899775,-6.6801,1.0,1.0,0.0,1.0,0.0,4.0,2.5306,7.0,6.0,4.0
T,0,4111111544271724,-7.9691,1.0,1.0,0.0,1.0,0.0,4.0,2.0218,5.0,7.0,2.875
T,0,6011005937036586,-7.5011,1.0,1.0,0.0,1.0,5.0,6.0,2.8278,8.0,4.0,3.75
T,0,4532019585595525,-7.6467,1.0,1.0,0.0,1.0,2.0,4.0,2.5218,8.0,7.0,4.5625
T,0,4532013820551072,-7.5451,1.0,1.0,0.0,1.0,2.0,4.0,2.8585,8.0,3.0,3.0
T,0,6011006776877894,-8.4549,1.0,1.0,0.0,1.0,5.0,6.0,2.6556,7.0,4.0,4.8125
T,0,4532015454872185,-6.9103,1.0,1.0,0.0,1.0,2.0,4.0,2.8278,8.0,4.0,4.0
T,0,4111115874433878,-6.3634,1.0,1.0,0.0,1.0,0.0,4.0,2.43,6.0,5.0,4.125
T,0,5555558035172730,-6.8056,1.0,1.0,0.0,1.0,4.0,5.0,2.3968,7.0,7.0,4.125
T,0,6011006712799870,-7.3003,1.0,1.0,0.0,1.0,5.0,6.0,2.6556,7.0,4.0,4.0
T,0,4242425981492634,-6.8307,1.0,1.0,0.0,1.0,1.0,4.0,2.6494,8.0,5.0,4.3125
T,0,4242421921181867,-6.3634,1.0,1.0,0.0,1.0,1.0,4.0,2.5778,7.0,4.0,3.875
T,0,4111112357797951,3.4922,1.0,1.0,1.0,1.0,0.0,4.0,2.4835,7.0,6.0,4.0
T,0,5105106387918606,-6.9189,1.0,1.0,0.0,1.0,3.0,5.0,2.8585,8.0,3.0,4.125
T,0,4242420278902280,-7.5146,1.0,1.0,0.0,1.0,1.0,4.0,2.3113,6.0,6.0,3.5
T,0,4532012528996415,-7.0357,1.0,1.0,0.0,1.0,2.0,4.0,3.0306,9.0,3.0,4.125
T,0,5555550172174884,-7.5155,1.0,1.0,0.0,1.0,4.0,5.0,2.5306,7.0,6.0,4.5
T,0,5105107125453362,-7.8135,1.0,1.0,0.0,1.0,3.0,5.0,2.8278,8.0,4.0,3.125
T,0,4532011962485047,3.8285,1.0,1.0,1.0,1.0,2.0,4.0,3.2028,10.0,3.0,3.8125
T,0,6011007415203467,-7.1595,1.0,1.0,0.0,1.0,5.0,6.0,2.8278,8.0,4.0,2.9375
T,0,5555559094545935,-8.7574,1.0,1.0,0.0,1.0,4.0,5.0,1.7947,5.0,9.0,5.1875
T,0,4532012467782823,-7.2024,1.0,1.0,0.0,1.0,2.0,4.0,3.0,9.0,4.0,4.0
T,0,5105109306019952,-7.5348,1.0,1.0,0.0,1.0,3.0,5.0,2.6085,7.0,4.0,3.5
T,0,4532015061419044,-7.3953,1.0,1.0,0.0,1.0,2.0,4.0,2.7806,8.0,4.0,3.0625
T,0,4111112219835070,-6.4247,1.0,1.0,0.0,1.0,0.0,4.0,2.7806,9.0,6.0,2.875
T,0,6011005834448895,-6.9969,1.0,1.0,0.0,1.0,5.0,6.0,2.8585,8.0,3.0,4.125
T,0,5555556373091755,-8.0441,1.0,1.0,0.0,1.0,4.0,5.0,2.25,7.0,8.0,4.75
T,0,4532014920597620,-7.4244,1.0,1.0,0.0,1.0,2.0,4.0,3.0306,9.0,3.0,3.6875
T,0,5105108456387564,-7.2085,1.0,1.0,0.0,1.0,3.0,5.0,2.875,8.0,4.0,4.25
T,0,4111116204131131,-8.6729,1.0,1.0,0.0,1.0,0.0,4.0,1.9669,6.0,9.0,1.9375
T,0,5555555968760930,-8.1303,1.0,1.0,0.0,1.0,4.0,5.0,2.3968,7.0,7.0,5.1875
T,0,6011009274979055,-7.1503,1.0,1.0,0.0,1.0,5.0,6.0,2.8278,8.0,4.0,4.0625
T,0,5105101084845319,-7.5941,1.0,1.0,0.0,1.0,3.0,5.0,2.6556,7.0,4.0,3.4375
T,0,4111110779966216,-6.7228,1.0,1.0,0.0,1.0,0.0,4.0,2.4835,7.0,6.0,3.875
T,0,5105104393483439,-7.2387,1.0,1.0,0.0,1.0,3.0,5.0,2.7028,7.0,4.0,3.875
T,0,6011008516831031,-7.3814,1.0,1.0,0.0,1.0,5.0,6.0,2.3994,6.0,5.0,2.75
T,0,5555557494961317,-7.9686,1.0,1.0,0.0,1.0,4.0,5.0,2.5306,7.0,6.0,5.0625
T,0,5105106258888937,-8.3572,1.0,1.0,0.0,1.0,3.0,5.0,2.9528,9.0,4.0,4.75
T,0,6011004366275911,0.8108,1.0,1.0,1.0,1.0,5.0,6.0,2.9056,9.0,4.0,3.25
T,0,4242422864293828,-7.1215,1.0,1.0,0.0,1.0,1.0,4.0,2.2335,6.0,6.0,4.375
T,0,5555550473082366,-6.934,1.0,1.0,0.0,1.0,4.0,5.0,2.6556,8.0,6.0,4.3125
T,0,5555558989754046,-8.2496,1.0,1.0,0.0,1.0,4.0,5.0,2.3968,7.0,7.0,5.625
T,0,5105102313131396,-7.3422,1.0,1.0,0.0,1.0,3.0,5.0,2.5244,7.0,5.0,2.75
T,0,5555550672076585,-8.153,1.0,1.0,0.0,1.0,4.0,5.0,2.125,6.0,8.0,4.75
T,0,6011007758339682,2.1102,1.0,1.0,1.0,1.0,5.0,6.0,3.0778,9.0,3.0,4.125
T,0,4242422850403131,-7.2304,1.0,1.0,0.0,1.0,1.0,4.0,2.625,7.0,4.0,2.8125
T,0,5105104519466345,-7.5434,1.0,1.0,0.0,1.0,3.0,5.0,2.6556,7.0,4.0,3.6875
T,0,6011002372693644,-7.9575,1.0,1.0,0.0,1.0,5.0,6.0,2.9056,8.0,3.0,3.375
T,0,5105106057287545,-6.9127,1.0,1.0,0.0,1.0,3.0,5.0,2.7272,8.0,5.0,3.8125
T,0,6011006958680375,-7.1503,1.0,1.0,0.0,1.0,5.0,6.0,2.8278,8.0,4.0,4.0625
T,0,4242424756724897,-7.6437,1.0,1.0,0.0,1.0,1.0,4.0,2.4772,7.0,5.0,4.8125
T,0,4532017284954570,-7.0357,1.0,1.0,0.0,1.0,2.0,4.0,3.0306,9.0,3.0,4.125
T,0,6011001534321564,-7.2578,1.0,1.0,0.0,1.0,5.0,6.0,2.7028,7.0,4.0,2.625
T,0,5105108434437093,-7.3506,1.0,1.0,0.0,1.0,3.0,5.0,2.8585,8.0,3.0,3.5625
T,0,4242428056019431,-7.5202,1.0,1.0,0.0,1.0,1.0,4.0,2.9528,9.0,4.0,3.4375
T,0,6011006217294998,-6.9969,1.0,1.0,0.0,1.0,5.0,6.0,2.8585,8.0,3.0,4.0625
T,0,4532018181592479,3.1612,1.0,1.0,1.0,1.0,2.0,4.0,3.0778,9.0,3.0,4.3125
T,0,5105106679261905,-7.2158,1.0,1.0,0.0,1.0,3.0,5.0,2.6863,7.0,3.0,3.9375
T,0,4111115621131788,-7.0255,1.0,1.0,0.0,1.0,0.0,4.0,2.375,8.0,8.0,3.1875
T,0,6011006685533345,-7.8247,1.0,1.0,0.0,1.0,5.0,6.0,2.6863,7.0,3.0,3.5
T,0,4532018765013917,-6.912,1.0,1.0,0.0,1.0,2.0,4.0,3.2028,10.0,3.0,3.875
T,0,6011009776582194,1.1935,1.0,1.0,1.0,1.0,5.0,6.0,3.0306,9.0,3.0,4.125
T,0,4532015146598818,-7.0102,1.0,1.0,0.0,1.0,2.0,4.0,2.9835,9.0,3.0,4.375
T,0,4111115400958217,-7.0187,1.0,1.0,0.0,1.0,0.0,4.0,2.6556,8.0,6.0,3.125
T,0,6011003167318455,-7.7274,1.0,1.0,0.0,1.0,5.0,6.0,2.8278,8.0,4.0,3.1875
T,0,4242421695455617,-7.3174,1.0,1.0,0.0,1.0,1.0,4.0,2.6556,7.0,4.0,4.1875
T,0,5555553528596623,-8.4394,1.0,1.0,0.0,1.0,4.0,5.0,2.125,6.0,8.0,4.9375
T,0,5105103727627857,-6.999,1.0,1.0,0.0,1.0,3.0,5.0,2.8278,8.0,4.0,4.125
T,0,4242428417623367,-7.0892,1.0,1.0,0.0,1.0,1.0,4.0,2.625,7.0,4.0,4.0625
T,0,4242424901326728,-6.6841,1.0,1.0,0.0,1.0,1.0,4.0,2.7744,9.0,5.0,3.75
T,0,6011007742744739,-7.1726,1.0,1.0,0.0,1.0,5.0,6.0,2.7806,8.0,4.0,3.875
T,0,6011004227281269,-7.7967,1.0,1.0,0.0,1.0,5.0,6.0,2.7806,8.0,4.0,3.1875
T,0,6011004229744972,-7.3192,1.0,1.0,0.0,1.0,5.0,6.0,2.7335,7.0,3.0,3.625
T,0,5555555654192781,2.589,1.0,1.0,1.0,1.0,4.0,5.0,2.375,8.0,8.0,4.875
T,0,4242423275864378,-7.403,1.0,1.0,0.0,1.0,1.0,4.0,2.625,7.0,4.0,4.4375
T,0,5555559375326308,-8.0323,1.0,1.0,0.0,1.0,4.0,5.0,2.4746,8.0,7.0,4.75
T,0,5555557628026728,-7.6161,1.0,1.0,0.0,1.0,4.0,5.0,2.3585,6.0,6.0,4.875
T,0,4532012865611492,-7.4244,1.0,1.0,0.0,1.0,2.0,4.0,3.0306,9.0,3.0,3.6875
T,0,5555556598076288,1.5791,1.0,1.0,1.0,1.0,4.0,5.0,2.3496,7.0,7.0,5.5625
T,0,5555551428707029,-7.2739,1.0,1.0,0.0,1.0,4.0,5.0,2.6556,8.0,6.0,4.375
T,0,5105106433765158,-7.3498,1.0,1.0,0.0,1.0,3.0,5.0,2.8278,8.0,4.0,3.75
T,0,5555552568107025,-6.876,1.0,1.0,0.0,1.0,4.0,5.0,2.25,7.0,8.0,4.125
T,0,5105106917435596,-6.999,1.0,1.0,0.0,1.0,3.0,5.0,2.8278,8.0,4.0,4.1875
T,0,4532012399858739,-7.8559,1.0,1.0,0.0,1.0,2.0,4.0,3.0306,9.0,3.0,4.875
T,0,5105102887770440,-7.521,1.0,1.0,0.0,1.0,3.0,5.0,2.7028,7.0,4.0,3.6875
T,0,4111112236773837,-6.7107,1.0,1.0,0.0,1.0,0.0,4.0,2.555,7.0,5.0,3.5625
T,0,5105107381883728,-7.2857,1.0,1.0,0.0,1.0,3.0,5.0,2.7028,7.0,4.0,4.1875
T,0,5555558202865442,-6.8103,1.0,1.0,0.0,1.0,4.0,5.0,2.2246,6.0,7.0,4.4375
T,0,5105104992107258,-7.3651,1.0,1.0,0.0,1.0,3.0,5.0,2.8585,8.0,3.0,3.6875
T,0,5105104917904741,-6.8535,1.0,1.0,0.0,1.0,3.0,5.0,2.5306,6.0,4.0,3.625
T,0,4111119055024144,-7.343,1.0,1.0,0.0,1.0,0.0,4.0,2.2806,6.0,6.0,2.6875
T,0,4242428569320944,-6.8307,1.0,1.0,0.0,1.0,1.0,4.0,2.6494,8.0,5.0,4.25
T,0,4532012838377248,-6.8905,1.0,1.0,0.0,1.0,2.0,4.0,2.8585,8.0,3.0,4.1875
T,0,5105105633393015,-7.264,1.0,1.0,0.0,1.0,3.0,5.0,2.4056,6.0,4.0,3.125
T,0,4111110564722981,-6.7443,1.0,1.0,0.0,1.0,0.0,4.0,2.7806,9.0,6.0,3.3125
T,0,4242429499321807,-7.3493,1.0,1.0,0.0,1.0,1.0,4.0,2.7028,8.0,4.0,4.375
T,0,4111117234564067,-6.9512,1.0,1.0,0.0,1.0,0.0,4.0,2.7272,8.0,5.0,3.3125
T,0,4532017016304476,-7.5586,1.0,1.0,0.0,1.0,2.0,4.0,2.9056,8.0,3.0,3.3125
T,0,5555553149234429,-7.3917,1.0,1.0,0.0,1.0,4.0,5.0,2.3585,6.0,6.0,4.4375
T,0,4532010150332253,-7.4054,1.0,1.0,0.0,1.0,2.0,4.0,2.4835,6.0,4.0,2.4375
T,0,4242427458419708,-7.2008,1.0,1.0,0.0,1.0,1.0,4.0,2.7272,8.0,5.0,4.4375
T,0,5555555907194598,-8.3084,1.0,1.0,0.0,1.0,4.0,5.0,2.2028,7.0,8.0,5.4375
T,0,4111119677817334,-6.8478,1.0,1.0,0.0,1.0,0.0,4.0,2.4835,7.0,6.0,4.0
T,0,5105101225243782,-7.5628,1.0,1.0,0.0,1.0,3.0,5.0,2.7806,8.0,4.0,3.0
T,0,4532015308079336,-7.371,1.0,1.0,0.0,1.0,2.0,4.0,3.0778,10.0,4.0,3.6875
T,0,5105101666450399,1.588,1.0,1.0,1.0,1.0,3.0,5.0,2.6863,7.0,3.0,3.8125
T,0,4532016155443555,-7.294,1.0,1.0,0.0,1.0,2.0,4.0,2.4835,7.0,6.0,3.625
T,0,4532014733840684,-6.7359,1.0,1.0,0.0,1.0,2.0,4.0,2.9528,9.0,4.0,3.875
T,0,5105107169265739,2.1837,1.0,1.0,1.0,1.0,3.0,5.0,2.9056,8.0,3.0,4.1875
T,0,6011001745747353,-7.6118,1.0,1.0,0.0,1.0,5.0,6.0,2.7335,7.0,3.0,3.375
T,0,4111118702615981,-7.2847,1.0,1.0,0.0,1.0,0.0,4.0,2.6468,9.0,7.0,3.5
T,0,6011009425557249,-7.6034,1.0,1.0,0.0,1.0,5.0,6.0,2.9056,8.0,3.0,3.75
T,0,5105107453550270,-7.9637,1.0,1.0,0.0,1.0,3.0,5.0,2.5244,7.0,5.0,3.125
T,0,5555556926995910,0.2239,1.0,1.0,1.0,1.0,4.0,5.0,2.1468,6.0,7.0,5.375
T,0,4111110740852305,-6.7152,1.0,1.0,0.0,1.0,0.0,4.0,2.7272,8.0,5.0,2.6875
T,0,4242424723207862,-6.8901,1.0,1.0,0.0,1.0,1.0,4.0,2.4056,7.0,6.0,3.6875
T,0,4111115590519652,3.111,1.0,1.0,1.0,1.0,0.0,4.0,2.4056,7.0,6.0,3.5
T,0,5555554478831589,-8.8295,1.0,1.0,0.0,1.0,4.0,5.0,2.3496,7.0,7.0,5.4375
T,0,6011008827644193,1.1016,1.0,1.0,1.0,1.0,5.0,6.0,3.0306,9.0,3.0,3.75
T,0,6011003155432263,-7.3462,1.0,1.0,0.0,1.0,5.0,6.0,2.7335,7.0,3.0,2.625
T,0,4532014905887995,-8.3764,1.0,1.0,0.0,1.0,2.0,4.0,3.0306,9.0,3.0,4.9375
T,0,4532015743494500,-7.4879,1.0,1.0,0.0,1.0,2.0,4.0,2.7806,8.0,4.0,3.5
T,0,5555558552634827,-8.6014,1.0,1.0,0.0,1.0,4.0,5.0,2.25,7.0,8.0,5.0
T,0,4532016717110547,-7.5363,1.0,1.0,0.0,1.0,2.0,4.0,2.8278,8.0,4.0,3.375
T,0,5105101580406718,-7.2672,1.0,1.0,0.0,1.0,3.0,5.0,2.5778,7.0,4.0,3.25
T,0,5105105792074411,1.6692,1.0,1.0,1.0,1.0,3.0,5.0,2.6556,7.0,4.0,3.25
T,0,5105107199410750,1.8757,1.0,1.0,1.0,1.0,3.0,5.0,2.4528,6.0,4.0,3.4375
T,0,4532017429066539,-7.0816,1.0,1.0,0.0,1.0,2.0,4.0,3.125,9.0,2.0,4.125
T,0,6011009059887055,-6.6702,1.0,1.0,0.0,1.0,5.0,6.0,2.6022,7.0,5.0,4.0
T,0,5555555353220901,-7.3751,1.0,1.0,0.0,1.0,4.0,5.0,2.125,6.0,8.0,3.75
T,0,4242420974115089,-6.7786,1.0,1.0,0.0,1.0,1.0,4.0,2.8278,8.0,4.0,3.875
T,0,4111115876479878,4.5142,1.0,1.0,1.0,1.0,0.0,4.0,2.555,7.0,5.0,4.875
T,0,4111114700692203,-6.7152,1.0,1.0,0.0,1.0,0.0,4.0,2.7272,8.0,5.0,2.625
T,0,4532010320606212,-6.9111,1.0,1.0,0.0,1.0,2.0,4.0,2.625,7.0,4.0,2.3125
T,0,4242428785132150,-7.112,1.0,1.0,0.0,1.0,1.0,4.0,2.8278,8.0,4.0,3.625
T,0,5555557064876939,-8.6963,1.0,1.0,0.0,1.0,4.0,5.0,2.6556,8.0,6.0,5.5625
T,0,4111111044065049,-7.9914,1.0,1.0,0.0,1.0,0.0,4.0,2.2335,6.0,6.0,2.625
T,0,4532019421795747,-7.2115,1.0,1.0,0.0,1.0,2.0,4.0,2.9056,8.0,3.0,4.375
T,0,5105103901056889,-7.3211,1.0,1.0,0.0,1.0,3.0,5.0,2.6556,7.0,4.0,3.8125
T,0,6011008451198499,-7.3408,1.0,1.0,0.0,1.0,5.0,6.0,2.6556,7.0,4.0,4.125
T,0,4242428310219805,-7.3483,1.0,1.0,0.0,1.0,1.0,4.0,2.8278,8.0,4.0,3.4375
T,0,4532012071021857,-7.5451,1.0,1.0,0.0,1.0,2.0,4.0,2.8585,8.0,3.0,3.0
T,0,6011006907373686,-7.2113,1.0,1.0,0.0,1.0,5.0,6.0,2.625,7.0,4.0,3.9375
T,0,4111119727600271,-7.4757,1.0,1.0,0.0,1.0,0.0,4.0,2.4835,7.0,6.0,3.125
T,0,5105104594779001,-6.8535,1.0,1.0,0.0,1.0,3.0,5.0,2.5306,6.0,4.0,3.625
T,0,4532013665915814,-6.9887,1.0,1.0,0.0,1.0,2.0,4.0,3.0306,9.0,3.0,3.9375
T,0,4111111803159221,-7.2184,1.0,1.0,0.0,1.0,0.0,4.0,2.375,8.0,8.0,2.5625
T,0,4532019834414436,-6.4382,1.0,1.0,0.0,1.0,2.0,4.0,2.8522,9.0,5.0,3.8125
T,0,4111113704045700,-7.6884,1.0,1.0,0.0,1.0,0.0,4.0,2.3522,6.0,5.0,2.4375
T,0,5555551592883930,-7.6968,1.0,1.0,0.0,1.0,4.0,5.0,2.3968,7.0,7.0,4.875
T,0,4111113021681125,-7.9026,1.0,1.0,0.0,1.0,0.0,4.0,2.375,8.0,8.0,2.375
T,0,6011007446908791,-7.3446,1.0,1.0,0.0,1.0,5.0,6.0,2.7028,7.0,4.0,3.9375
T,0,5555557804131412,1.3454,1.0,1.0,1.0,1.0,4.0,5.0,2.6085,8.0,6.0,3.8125
T,0,4111114038851275,-6.8869,1.0,1.0,0.0,1.0,0.0,4.0,2.6556,8.0,6.0,3.25
T,0,5105109795820958,-8.254,1.0,1.0,0.0,1.0,3.0,5.0,2.6556,7.0,4.0,4.625
T,0,5555558155316152,-9.1428,1.0,1.0,0.0,1.0,4.0,5.0,1.9197,6.0,9.0,4.1875
T,0,6011006321691080,-7.2178,1.0,1.0,0.0,1.0,5.0,6.0,2.4772,7.0,5.0,2.75
T,0,4242429985489191,-7.2787,1.0,1.0,0.0,1.0,1.0,4.0,2.4528,6.0,4.0,5.0625
T,0,4242422891784210,-7.3547,1.0,1.0,0.0,1.0,1.0,4.0,2.5244,7.0,5.0,3.75
T,0,4532011756795277,-7.216,1.0,1.0,0.0,1.0,2.0,4.0,2.9528,9.0,4.0,4.4375
T,0,4242421214987617,-6.4893,1.0,1.0,0.0,1.0,1.0,4.0,2.5778,7.0,4.0,4.0
T,0,4111114694732987,-6.7777,1.0,1.0,0.0,1.0,0.0,4.0,2.7272,8.0,5.0,4.25
T,0,4532017764931546,-7.0509,1.0,1.0,0.0,1.0,2.0,4.0,3.0778,9.0,3.0,4.1875
T,0,4242426440488548,-6.6022,1.0,1.0,0.0,1.0,1.0,4.0,2.1774,6.0,7.0,4.3125
T,0,6011007329889204,-7.9082,1.0,1.0,0.0,1.0,5.0,6.0,3.0,9.0,4.0,3.75
T,0,5105106943940261,-7.7617,1.0,1.0,0.0,1.0,3.0,5.0,2.9056,8.0,3.0,3.5
T,0,5555558122271901,-6.6029,1.0,1.0,0.0,1.0,4.0,5.0,2.4363,7.0,6.0,3.9375
T,0,5555556912111380,-6.7346,1.0,1.0,0.0,1.0,4.0,5.0,2.5306,8.0,6.0,3.875
T,0,4111110549847951,-7.0702,1.0,1.0,0.0,1.0,0.0,4.0,2.4835,7.0,6.0,3.8125
T,0,4111113875354088,-6.6061,1.0,1.0,0.0,1.0,0.0,4.0,2.6022,7.0,5.0,3.75
T,0,4532014065883911,-7.2938,1.0,1.0,0.0,1.0,2.0,4.0,3.0778,9.0,3.0,3.75
T,0,4532013289468254,-7.0357,1.0,1.0,0.0,1.0,2.0,4.0,3.0306,9.0,3.0,4.125
T,0,5105103341053902,-7.1375,1.0,1.0,0.0,1.0,3.0,5.0,2.6085,7.0,4.0,2.625
T,0,5555555279616198,1.6559,1.0,1.0,1.0,1.0,4.0,5.0,2.3968,7.0,7.0,5.25
T,0,6011000790569184,1.0859,1.0,1.0,1.0,1.0,5.0,6.0,2.7272,8.0,5.0,3.5625
T,0,5105105478786235,-7.3915,1.0,1.0,0.0,1.0,3.0,5.0,3.0,9.0,4.0,4.1875
T,0,4111118615699945,-7.1733,1.0,1.0,0.0,1.0,0.0,4.0,2.3585,6.0,6.0,4.4375
T,0,4532016452584298,-6.6929,1.0,1.0,0.0,1.0,2.0,4.0,2.9835,9.0,3.0,4.25
T,0,5555556938238271,-8.5928,1.0,1.0,0.0,1.0,4.0,5.0,2.6556,8.0,6.0,4.9375
T,0,5555555967366875,-8.5005,1.0,1.0,0.0,1.0,4.0,5.0,2.0778,6.0,8.0,5.75
T,0,6011005108434948,0.3163,1.0,1.0,1.0,1.0,5.0,6.0,2.7806,8.0,4.0,3.375
T,0,6011004215651739,-7.7938,1.0,1.0,0.0,1.0,5.0,6.0,2.9528,9.0,4.0,3.1875
T,0,4532011197325796,-6.9052,1.0,1.0,0.0,1.0,2.0,4.0,3.0778,9.0,3.0,4.0625
T,0,4111116623599231,-7.0477,1.0,1.0,0.0,1.0,0.0,4.0,2.5306,7.0,6.0,3.4375
T,0,4242426547896665,-7.8692,1.0,1.0,0.0,1.0,1.0,4.0,2.5778,7.0,4.0,5.0
T,0,6011002768259706,-7.5011,1.0,1.0,0.0,1.0,5.0,6.0,2.8278,8.0,4.0,3.75
T,0,4242422879605699,-8.5211,1.0,1.0,0.0,1.0,1.0,4.0,2.7806,8.0,4.0,4.9375
T,0,4242422127999289,-8.1063,1.0,1.0,0.0,1.0,1.0,4.0,2.2335,6.0,6.0,4.75
T,0,5105100856968121,-7.5434,1.0,1.0,0.0,1.0,3.0,5.0,2.6556,7.0,4.0,3.625
T,0,4242424855133051,-7.3954,1.0,1.0,0.0,1.0,1.0,4.0,2.6556,7.0,4.0,3.3125
T,0,4111119823951911,-6.7638,1.0,1.0,0.0,1.0,0.0,4.0,2.2028,7.0,8.0,3.5625
T,0,4111112157965912,-7.0084,1.0,1.0,0.0,1.0,0.0,4.0,2.3968,7.0,7.0,3.5
T,0,4242424293666839,-7.277,1.0,1.0,0.0,1.0,1.0,4.0,2.4528,6.0,4.0,4.625
T,0,4111117012594698,-6.5415,1.0,1.0,0.0,1.0,0.0,4.0,2.7806,9.0,6.0,3.75
T,0,5555556835402977,-9.1277,1.0,1.0,0.0,1.0,4.0,5.0,2.6468,9.0,7.0,5.0625
T,0,5555558888364300,-7.4378,1.0,1.0,0.0,1.0,4.0,5.0,2.2806,6.0,6.0,4.875
T,0,4111116762284698,-6.6306,1.0,1.0,0.0,1.0,0.0,4.0,2.6022,7.0,5.0,4.1875
T,0,4111114051286519,-7.325,1.0,1.0,0.0,1.0,0.0,4.0,2.5218,8.0,7.0,3.125
T,0,6011000634902651,-7.0116,1.0,1.0,0.0,1.0,5.0,6.0,2.68,8.0,5.0,2.75
T,0,6011006588383531,-8.2752,1.0,1.0,0.0,1.0,5.0,6.0,2.5613,6.0,3.0,3.625
T,0,5555558450832875,-8.2343,1.0,1.0,0.0,1.0,4.0,5.0,2.2028,7.0,8.0,5.0
T,0,4111113652527127,3.2376,1.0,1.0,1.0,1.0,0.0,4.0,2.4835,7.0,6.0,3.0625
T,0,4242427976127592,3.7889,1.0,1.0,1.0,1.0,1.0,4.0,2.555,7.0,5.0,4.5625
T,0,6011005163548610,-6.9752,1.0,1.0,0.0,1.0,5.0,6.0,2.5778,7.0,4.0,2.9375
T,0,4532014173733186,-7.2486,1.0,1.0,0.0,1.0,2.0,4.0,2.9528,9.0,4.0,3.625
T,0,5105107528566340,-7.4162,1.0,1.0,0.0,1.0,3.0,5.0,2.9528,9.0,4.0,3.625
T,0,4111116631730917,-7.1254,1.0,1.0,0.0,1.0,0.0,4.0,2.3968,7.0,7.0,3.25
T,0,4111119964052435,-6.8297,1.0,1.0,0.0,1.0,0.0,4.0,2.7272,8.0,5.0,3.5
T,0,6011004178985582,1.7429,1.0,1.0,1.0,1.0,5.0,6.0,2.9835,9.0,3.0,4.0625
T,0,4242426948707868,-8.3029,1.0,1.0,0.0,1.0,1.0,4.0,2.6556,7.0,4.0,5.0625
T,0,4532018209234218,-7.7603,1.0,1.0,0.0,1.0,2.0,4.0,2.875,8.0,4.0,3.375
T,0,4242423078757008,-7.0538,1.0,1.0,0.0,1.0,1.0,4.0,2.6863,7.0,3.0,3.9375
T,0,4242426043160569,-7.1814,1.0,1.0,0.0,1.0,1.0,4.0,2.7806,8.0,4.0,3.625
T,0,5555557478494995,-8.5673,1.0,1.0,0.0,1.0,4.0,5.0,2.0524,5.0,7.0,6.0
T,0,6011005232406656,-7.2231,1.0,1.0,0.0,1.0,5.0,6.0,2.625,7.0,4.0,2.9375
T,0,5105100920795321,-7.9226,1.0,1.0,0.0,1.0,3.0,5.0,2.6556,7.0,4.0,3.125
T,0,4111117313919599,4.1133,1.0,1.0,1.0,1.0,0.0,4.0,2.1468,6.0,7.0,4.0625
T,0,4532018139652366,-6.9952,1.0,1.0,0.0,1.0,2.0,4.0,3.0306,9.0,3.0,4.0
T,0,5555551468361809,-8.2582,1.0,1.0,0.0,1.0,4.0,5.0,2.6556,8.0,6.0,4.75
T,0,5105100203268604,-6.6455,1.0,1.0,0.0,1.0,3.0,5.0,2.7744,8.0,5.0,2.6875
T,0,4111116888206811,-6.8515,1.0,1.0,0.0,1.0,0.0,4.0,2.1468,6.0,7.0,3.5625
T,0,4242423963661944,-6.3583,1.0,1.0,0.0,1.0,1.0,4.0,2.43,6.0,5.0,4.3125
T,0,6011004100722818,-7.1411,1.0,1.0,0.0,1.0,5.0,6.0,2.5244,7.0,5.0,2.5625
T,0,4532017796064095,-6.8942,1.0,1.0,0.0,1.0,2.0,4.0,3.0778,9.0,3.0,4.25
T,0,4242429080294928,-6.4193,1.0,1.0,0.0,1.0,1.0,4.0,2.2272,5.0,5.0,4.3125
T,0,5105107526016671,-7.4144,1.0,1.0,0.0,1.0,3.0,5.0,2.4835,6.0,4.0,3.3125
T,0,5555550111213245,-7.4456,1.0,1.0,0.0,1.0,4.0,5.0,2.1468,6.0,7.0,3.125
T,0,4242423358154693,-7.0143,1.0,1.0,0.0,1.0,1.0,4.0,2.7806,8.0,4.0,4.0625
T,0,5105103345059699,-7.3081,1.0,1.0,0.0,1.0,3.0,5.0,2.6556,7.0,4.0,4.0625
T,0,4111112893458352,-6.802,1.0,1.0,0.0,1.0,0.0,4.0,2.6494,7.0,5.0,3.625
T,0,4242422562897325,-6.96,1.0,1.0,0.0,1.0,1.0,4.0,2.6085,8.0,6.0,4.1875
T,0,4111110435554502,-7.5817,1.0,1.0,0.0,1.0,0.0,4.0,2.3522,6.0,5.0,2.625
T,0,5105104596955418,-6.6781,1.0,1.0,0.0,1.0,3.0,5.0,2.6022,7.0,5.0,4.25
T,0,6011002031205373,-7.6144,1.0,1.0,0.0,1.0,5.0,6.0,2.555,7.0,5.0,2.125
T,0,5555557109389396,-8.0682,1.0,1.0,0.0,1.0,4.0,5.0,2.6085,8.0,6.0,5.3125
T,0,5105109513332381,-7.5922,1.0,1.0,0.0,1.0,3.0,5.0,2.5778,7.0,4.0,3.125
T,0,4111117482863172,3.349,1.0,1.0,1.0,1.0,0.0,4.0,2.5306,7.0,6.0,3.5625
T,0,5105104882332410,-7.5353,1.0,1.0,0.0,1.0,3.0,5.0,2.7806,7.0,3.0,2.9375
T,0,6011007778419276,-7.2196,1.0,1.0,0.0,1.0,5.0,6.0,2.7806,8.0,4.0,4.125
T,0,4111118648637872,4.186,1.0,1.0,1.0,1.0,0.0,4.0,2.6022,7.0,5.0,4.25
T,0,5105108554836226,-7.2214,1.0,1.0,0.0,1.0,3.0,5.0,2.875,8.0,4.0,3.8125
T,0,5105105200297022,-7.5123,1.0,1.0,0.0,1.0,3.0,5.0,2.3522,6.0,5.0,2.5625
T,0,4111112420639154,-7.0133,1.0,1.0,0.0,1.0,0.0,4.0,2.6085,8.0,6.0,2.8125
T,0,6011001099139378,-7.1165,1.0,1.0,0.0,1.0,5.0,6.0,2.5778,7.0,4.0,3.625
T,0,6011000273342585,-7.8865,1.0,1.0,0.0,1.0,5.0,6.0,3.0,9.0,4.0,2.9375
T,0,6011000962503995,1.2007,1.0,1.0,1.0,1.0,5.0,6.0,2.6022,7.0,5.0,3.5
T,0,6011009213792516,-7.7274,1.0,1.0,0.0,1.0,5.0,6.0,2.8278,8.0,4.0,3.3125
T,0,4111114022049482,-8.0552,1.0,1.0,0.0,1.0,0.0,4.0,2.3522,6.0,5.0,2.75
T,0,6011005731363144,-7.4297,1.0,1.0,0.0,1.0,5.0,6.0,2.6556,7.0,4.0,2.8125
T,0,4532014259010992,-7.0848,1.0,1.0,0.0,1.0,2.0,4.0,2.7335,7.0,3.0,3.5
T,0,6011007580625926,-7.5011,1.0,1.0,0.0,1.0,5.0,6.0,2.8278,8.0,4.0,3.625
T,0,6011003113595297,-7.7274,1.0,1.0,0.0,1.0,5.0,6.0,2.8278,8.0,4.0,3.3125
T,0,4111111956455274,-6.7592,1.0,1.0,0.0,1.0,0.0,4.0,2.4363,7.0,6.0,3.5625
T,0,6011004040287143,-6.8345,1.0,1.0,0.0,1.0,5.0,6.0,2.68,8.0,5.0,2.5625
T,0,4242427251810608,-7.3483,1.0,1.0,0.0,1.0,1.0,4.0,2.8278,8.0,4.0,3.5
T,0,4111116706966987,-7.8507,1.0,1.0,0.0,1.0,0.0,4.0,2.5244,7.0,5.0,4.5625
T,0,4111111013295243,-7.425,1.0,1.0,0.0,1.0,0.0,4.0,2.3968,7.0,7.0,2.4375
T,0,5555556938518083,-8.3505,1.0,1.0,0.0,1.0,4.0,5.0,2.3496,7.0,7.0,5.0625
T,0,5105101573665549,-6.9349,1.0,1.0,0.0,1.0,3.0,5.0,2.7272,8.0,5.0,3.9375
T,0,4532011583957497,-7.7287,1.0,1.0,0.0,1.0,2.0,4.0,3.0778,9.0,3.0,4.5625
T,0,5105102824432087,-7.7517,1.0,1.0,0.0,1.0,3.0,5.0,2.9056,8.0,3.0,3.25
T,0,6011005997424749,-6.9969,1.0,1.0,0.0,1.0,5.0,6.0,2.8585,8.0,3.0,4.25
T,0,5105106093913805,-7.6173,1.0,1.0,0.0,1.0,3.0,5.0,2.6556,7.0,4.0,3.5
T,0,4242429026515449,-7.0301,1.0,1.0,0.0,1.0,1.0,4.0,2.5244,7.0,5.0,3.9375
T,0,4111112747525898,3.6835,1.0,1.0,1.0,1.0,0.0,4.0,2.6494,7.0,5.0,4.125
T,0,5555552920618540,-6.9494,1.0,1.0,0.0,1.0,4.0,5.0,2.5218,8.0,7.0,4.1875
T,0,4111115647367562,-6.6061,1.0,1.0,0.0,1.0,0.0,4.0,2.6022,7.0,5.0,3.75
T,0,4111118802169726,-6.708,1.0,1.0,0.0,1.0,0.0,4.0,2.6556,8.0,6.0,3.625
T,0,5105105253679102,-7.6454,1.0,1.0,0.0,1.0,3.0,5.0,2.7806,8.0,4.0,3.25
T,0,4532017882008095,-6.7359,1.0,1.0,0.0,1.0,2.0,4.0,2.9528,9.0,4.0,3.875
T,0,5105109150878852,-7.2256,1.0,1.0,0.0,1.0,3.0,5.0,2.6085,7.0,4.0,4.0625
T,0,6011007891725877,-7.2196,1.0,1.0,0.0,1.0,5.0,6.0,2.7806,8.0,4.0,4.3125
T,0,5105108531972339,-6.7728,1.0,1.0,0.0,1.0,3.0,5.0,2.8585,8.0,3.0,3.875
T,0,5555554248932940,-8.0539,1.0,1.0,0.0,1.0,4.0,5.0,2.4835,7.0,6.0,4.6875
T,0,5105103242495331,-7.4891,1.0,1.0,0.0,1.0,3.0,5.0,2.7335,7.0,3.0,3.0
T,0,4242428447277137,-6.5941,1.0,1.0,0.0,1.0,1.0,4.0,2.2744,6.0,5.0,4.25
T,0,4242428863197705,-7.8793,1.0,1.0,0.0,1.0,1.0,4.0,3.1556,10.0,3.0,4.5
T,0,5555551705111115,-8.3308,1.0,1.0,0.0,1.0,4.0,5.0,1.5306,4.0,8.0,3.3125
T,0,5555559527353663,-8.541,1.0,1.0,0.0,1.0,4.0,5.0,2.0778,6.0,8.0,4.9375
T,0,4532012871787393,-7.3421,1.0,1.0,0.0,1.0,2.0,4.0,3.0306,9.0,3.0,4.375
T,0,4242429578301804,-6.9549,1.0,1.0,0.0,1.0,1.0,4.0,2.9528,9.0,4.0,3.9375
T,0,4532019318618026,-7.2938,1.0,1.0,0.0,1.0,2.0,4.0,3.0778,9.0,3.0,3.6875
T,0,6011008552805698,-7.3003,1.0,1.0,0.0,1.0,5.0,6.0,2.6556,7.0,4.0,4.0
T,0,6011007667728151,-7.4936,1.0,1.0,0.0,1.0,5.0,6.0,2.6085,7.0,4.0,3.625
T,0,5105100437692397,-6.9331,1.0,1.0,0.0,1.0,3.0,5.0,3.0778,9.0,3.0,3.875
T,0,4242421790362377,-6.9673,1.0,1.0,0.0,1.0,1.0,4.0,2.7806,8.0,4.0,3.9375
T,0,5105104660511318,-6.9557,1.0,1.0,0.0,1.0,3.0,5.0,2.555,7.0,5.0,2.9375
T,0,4111114176570967,-7.0702,1.0,1.0,0.0,1.0,0.0,4.0,2.4835,7.0,6.0,3.8125
T,0,4532013225369562,1.637,1.0,1.0,1.0,1.0,2.0,4.0,2.7806,8.0,4.0,3.625
T,0,4111118163075020,-6.4221,1.0,1.0,0.0,1.0,0.0,4.0,2.7335,9.0,6.0,2.5625
T,0,5555555993569231,-8.5339,1.0,1.0,0.0,1.0,4.0,5.0,2.0778,6.0,8.0,5.125
T,0,6011005959051620,-7.2362,1.0,1.0,0.0,1.0,5.0,6.0,2.43,6.0,5.0,3.125
T,0,6011002824506686,-7.5443,1.0,1.0,0.0,1.0,5.0,6.0,2.625,7.0,4.0,3.4375
T,0,5105102857561620,-7.8129,1.0,1.0,0.0,1.0,3.0,5.0,2.6556,7.0,4.0,3.375
T,0,5105103751951769,-7.2256,1.0,1.0,0.0,1.0,3.0,5.0,2.625,7.0,4.0,4.0625
T,0,4242428591259725,-6.8537,1.0,1.0,0.0,1.0,1.0,4.0,2.555,7.0,5.0,4.4375
T,0,5105109193047184,-7.3498,1.0,1.0,0.0,1.0,3.0,5.0,2.8278,8.0,4.0,3.625
T,0,5105109762451122,-7.6454,1.0,1.0,0.0,1.0,3.0,5.0,2.7806,8.0,4.0,3.1875
T,0,6011006602669609,2.1422,1.0,1.0,1.0,1.0,5.0,6.0,2.055,5.0,6.0,3.625
T,0,6011006649737316,-7.5761,1.0,1.0,0.0,1.0,5.0,6.0,2.6556,7.0,4.0,3.75
T,0,4532011118414477,-7.0231,1.0,1.0,0.0,1.0,2.0,4.0,2.6494,8.0,5.0,3.3125
T,0,5555550393634055,-7.015,1.0,1.0,0.0,1.0,4.0,5.0,2.0778,6.0,8.0,4.25
T,0,5105100679654091,-7.5434,1.0,1.0,0.0,1.0,3.0,5.0,2.6556,7.0,4.0,3.6875
T,0,4111114367862484,-6.8776,1.0,1.0,0.0,1.0,0.0,4.0,2.5244,7.0,5.0,3.8125
T,0,4111114179586667,-6.7444,1.0,1.0,0.0,1.0,0.0,4.0,2.4835,7.0,6.0,4.25
T,0,4242426661458938,-7.9267,1.0,1.0,0.0,1.0,1.0,4.0,2.7806,8.0,4.0,4.625
T,0,6011005196383587,-7.1102,1.0,1.0,0.0,1.0,5.0,6.0,2.9056,8.0,3.0,3.9375
T,0,4532014389380545,-6.7043,1.0,1.0,0.0,1.0,2.0,4.0,2.8585,8.0,3.0,4.0
T,0,4111118868694491,-7.9625,1.0,1.0,0.0,1.0,0.0,4.0,2.1863,5.0,6.0,4.5
T,0,5555551956419637,-7.933,1.0,1.0,0.0,1.0,4.0,5.0,2.3968,7.0,7.0,5.0625
T,0,4532010680949747,-7.1665,1.0,1.0,0.0,1.0,2.0,4.0,3.1556,10.0,3.0,4.3125
T,0,4532012396133500,2.156,1.0,1.0,1.0,1.0,2.0,4.0,2.8278,8.0,4.0,2.9375
T,0,6011002236569557,-7.4431,1.0,1.0,0.0,1.0,5.0,6.0,2.8585,8.0,3.0,3.625
T,0,4111119970140889,-6.6323,1.0,1.0,0.0,1.0,0.0,4.0,2.3585,6.0,6.0,4.0
T,0,5555555820301496,-7.4959,1.0,1.0,0.0,1.0,4.0,5.0,2.6468,9.0,7.0,4.25
T,0,5105101805150413,2.2065,1.0,1.0,1.0,1.0,3.0,5.0,2.2744,6.0,5.0,2.5
T,0,4111118892276603,-7.5521,1.0,1.0,0.0,1.0,0.0,4.0,2.8994,9.0,5.0,3.75
T,0,4111114151638036,-7.2691,1.0,1.0,0.0,1.0,0.0,4.0,2.3968,7.0,7.0,2.875
T,0,6011006237887146,-7.4431,1.0,1.0,0.0,1.0,5.0,6.0,2.8585,8.0,3.0,3.75
T,0,4242425639933564,-6.6654,1.0,1.0,0.0,1.0,1.0,4.0,2.5306,6.0,4.0,4.4375
T,0,4532013214467399,-6.9887,1.0,1.0,0.0,1.0,2.0,4.0,3.0306,9.0,3.0,3.9375
T,0,4242424834165777,-7.173,1.0,1.0,0.0,1.0,1.0,4.0,2.68,8.0,5.0,4.375
T,0,6011004758572037,-7.8038,1.0,1.0,0.0,1.0,5.0,6.0,2.9528,9.0,4.0,3.5
T,0,6011008914448329,-7.4431,1.0,1.0,0.0,1.0,5.0,6.0,2.8585,8.0,3.0,3.75
T,0,5105100944752957,-7.2452,1.0,1.0,0.0,1.0,3.0,5.0,2.7028,7.0,4.0,4.0
T,0,6011001144065194,-7.545,1.0,1.0,0.0,1.0,5.0,6.0,2.3522,6.0,5.0,2.6875
T,0,6011002717015504,-7.2479,1.0,1.0,0.0,1.0,5.0,6.0,2.5244,7.0,5.0,2.5
T,0,4242420659952740,-7.0892,1.0,1.0,0.0,1.0,1.0,4.0,2.625,7.0,4.0,4.0625
T,0,4242425315475469,-7.0123,1.0,1.0,0.0,1.0,1.0,4.0,2.68,8.0,5.0,4.1875
T,0,4532013383947186,-7.3853,1.0,1.0,0.0,1.0,2.0,4.0,3.125,10.0,4.0,4.1875
T,0,4242428944460977,-7.9148,1.0,1.0,0.0,1.0,1.0,4.0,2.4835,7.0,6.0,4.75
T,0,4532017365205466,-7.3323,1.0,1.0,0.0,1.0,2.0,4.0,2.9056,8.0,3.0,3.6875
T,0,5105106855848517,-6.7272,1.0,1.0,0.0,1.0,3.0,5.0,2.555,7.0,5.0,4.3125
T,0,4532011591066989,-7.0247,1.0,1.0,0.0,1.0,2.0,4.0,3.0306,9.0,3.0,4.3125
T,0,5555556277659448,-8.3814,1.0,1.0,0.0,1.0,4.0,5.0,2.3968,7.0,7.0,5.5
T,0,5555554428095519,-7.8935,1.0,1.0,0.0,1.0,4.0,5.0,2.25,7.0,8.0,4.8125
T,0,4111113935559292,-6.2622,1.0,1.0,0.0,1.0,0.0,4.0,2.43,6.0,5.0,3.8125
T,0,5555559433883647,-8.1072,1.0,1.0,0.0,1.0,4.0,5.0,2.4835,7.0,6.0,5.3125
T,0,4242428250520414,-7.3694,1.0,1.0,0.0,1.0,1.0,4.0,2.2988,6.0,5.0,3.0625
T,0,6011004263490346,-7.6351,1.0,1.0,0.0,1.0,5.0,6.0,2.6556,7.0,4.0,3.0625
T,0,6011004892336684,-7.071,1.0,1.0,0.0,1.0,5.0,6.0,2.9056,8.0,3.0,3.8125
T,0,5105106775379388,-8.0726,1.0,1.0,0.0,1.0,3.0,5.0,2.9056,8.0,3.0,4.6875
T,0,4242427313675708,-6.8035,1.0,1.0,0.0,1.0,1.0,4.0,2.9835,9.0,3.0,4.0625
T,0,4242426077497341,-6.8666,1.0,1.0,0.0,1.0,1.0,4.0,2.68,8.0,5.0,4.125
T,0,6011004036218341,2.0134,1.0,1.0,1.0,1.0,5.0,6.0,2.625,7.0,4.0,2.5
T,0,4532010706093141,2.1485,1.0,1.0,1.0,1.0,2.0,4.0,2.9528,9.0,4.0,2.875
T,0,4111113612093223,-7.2574,1.0,1.0,0.0,1.0,0.0,4.0,2.4363,7.0,6.0,2.5
T,0,4242427441326202,-7.3104,1.0,1.0,0.0,1.0,1.0,4.0,2.305,7.0,6.0,3.0625
T,0,6011006544853977,-7.1573,1.0,1.0,0.0,1.0,5.0,6.0,3.0778,9.0,3.0,4.125
T,0,6011000422765619,-8.0342,1.0,1.0,0.0,1.0,5.0,6.0,2.7806,8.0,4.0,3.125
T,0,5105107371194219,-7.1553,1.0,1.0,0.0,1.0,3.0,5.0,2.7744,8.0,5.0,3.5
T,0,5105105007651889,-6.7074,1.0,1.0,0.0,1.0,3.0,5.0,2.5778,7.0,4.0,3.8125
T,0,5105100789290206,-7.1553,1.0,1.0,0.0,1.0,3.0,5.0,2.7744,8.0,5.0,3.4375
T,0,4111119719768385,-7.308,1.0,1.0,0.0,1.0,0.0,4.0,2.6556,8.0,6.0,4.5
T,0,5105107519481483,-6.952,1.0,1.0,0.0,1.0,3.0,5.0,2.8278,8.0,4.0,3.875
T,0,5105105825967670,-6.999,1.0,1.0,0.0,1.0,3.0,5.0,2.8278,8.0,4.0,4.1875
T,0,6011007791672907,-6.3931,1.0,1.0,0.0,1.0,5.0,6.0,2.4528,6.0,4.0,3.9375
T,0,4242427273485694,-7.7794,1.0,1.0,0.0,1.0,1.0,4.0,2.6494,8.0,5.0,4.5625
T,0,4242420680129160,2.6466,1.0,1.0,1.0,1.0,1.0,4.0,2.6556,7.0,4.0,3.1875
T,0,5555551638196102,-6.9092,1.0,1.0,0.0,1.0,4.0,5.0,2.6085,8.0,6.0,4.1875
T,0,5555554018038277,1.5096,1.0,1.0,1.0,1.0,4.0,5.0,2.6556,8.0,6.0,4.375
T,0,5555550419707639,-8.2582,1.0,1.0,0.0,1.0,4.0,5.0,2.6556,8.0,6.0,4.75
T,0,4242420229576717,-6.8261,1.0,1.0,0.0,1.0,1.0,4.0,2.68,8.0,5.0,4.0
T,0,5105105566724967,-6.999,1.0,1.0,0.0,1.0,3.0,5.0,2.8278,8.0,4.0,4.3125
T,0,5105108760320747,-7.6525,1.0,1.0,0.0,1.0,3.0,5.0,2.9528,9.0,4.0,3.5
T,0,5105103095552653,-7.551,1.0,1.0,0.0,1.0,3.0,5.0,2.4835,7.0,6.0,3.4375
T,0,6011007119546760,-7.4277,1.0,1.0,0.0,1.0,5.0,6.0,2.5778,7.0,4.0,3.375
T,0,6011007865472861,-6.8508,1.0,1.0,0.0,1.0,5.0,6.0,2.8585,8.0,3.0,3.875
T,0,6011008076278652,-7.627,1.0,1.0,0.0,1.0,5.0,6.0,2.7028,7.0,4.0,3.6875
T,0,4111112198556809,-6.5722,1.0,1.0,0.0,1.0,0.0,4.0,2.6556,8.0,6.0,3.875
T,0,4111115149297401,-7.4484,1.0,1.0,0.0,1.0,0.0,4.0,2.3496,7.0,7.0,3.1875
T,0,5105103502308262,-7.22,1.0,1.0,0.0,1.0,3.0,5.0,2.6556,7.0,4.0,2.6875
T,0,4111113196333626,-7.6831,1.0,1.0,0.0,1.0,0.0,4.0,2.2335,6.0,6.0,3.1875
T,0,6011007772895920,-7.1098,1.0,1.0,0.0,1.0,5.0,6.0,2.8278,8.0,4.0,4.0
T,0,6011007038861339,-7.65,1.0,1.0,0.0,1.0,5.0,6.0,2.6556,7.0,4.0,3.5
T,0,4111115970094621,-6.8869,1.0,1.0,0.0,1.0,0.0,4.0,2.6556,8.0,6.0,3.25
T,0,6011001961936715,1.1232,1.0,1.0,1.0,1.0,5.0,6.0,2.555,7.0,5.0,3.5
T,0,4242420708068714,-7.2232,1.0,1.0,0.0,1.0,1.0,4.0,2.6556,7.0,4.0,3.6875
T,0,4111113631171725,-7.8384,1.0,1.0,0.0,1.0,0.0,4.0,2.25,7.0,8.0,2.8125
T,0,4532015741881432,-7.3323,1.0,1.0,0.0,1.0,2.0,4.0,2.9056,8.0,3.0,3.625
T,0,4532011294332850,-7.5586,1.0,1.0,0.0,1.0,2.0,4.0,2.9056,8.0,3.0,3.25
T,0,4532018750761745,2.2275,1.0,1.0,1.0,1.0,2.0,4.0,3.0306,9.0,3.0,4.0625
T,0,4532016997525102,-6.8302,1.0,1.0,0.0,1.0,2.0,4.0,3.0306,9.0,3.0,3.8125
T,0,4532011429369557,-6.9052,1.0,1.0,0.0,1.0,2.0,4.0,3.0778,9.0,3.0,4.125
T,0,6011003972764684,-7.2474,1.0,1.0,0.0,1.0,5.0,6.0,3.0306,9.0,3.0,4.0
T,0,4242421826108737,-6.7741,1.0,1.0,0.0,1.0,1.0,4.0,2.8278,8.0,4.0,3.8125
T,0,5555552662762816,-8.1185,1.0,1.0,0.0,1.0,4.0,5.0,2.2335,6.0,6.0,4.75
T,0,5555551497374044,-7.6561,1.0,1.0,0.0,1.0,4.0,5.0,2.4056,7.0,6.0,4.5625
T,0,6011002326354862,-7.8162,1.0,1.0,0.0,1.0,5.0,6.0,2.8585,8.0,3.0,3.0625
T,0,5555555547664610,-8.0995,1.0,1.0,0.0,1.0,4.0,5.0,2.0778,6.0,8.0,4.625
T,0,5105100026250214,-7.5154,1.0,1.0,0.0,1.0,3.0,5.0,2.3829,6.0,5.0,2.125
T,0,4532013581974540,-6.8302,1.0,1.0,0.0,1.0,2.0,4.0,3.0306,9.0,3.0,3.8125
T,0,6011008249349817,-7.2408,1.0,1.0,0.0,1.0,5.0,6.0,3.0306,9.0,3.0,3.9375
T,0,6011003717370456,-7.7177,1.0,1.0,0.0,1.0,5.0,6.0,2.6556,7.0,4.0,3.1875
T,0,4111111834087433,-7.5887,1.0,1.0,0.0,1.0,0.0,4.0,2.3113,6.0,6.0,3.125
T,0,5555550780484244,1.9912,1.0,1.0,1.0,1.0,4.0,5.0,2.2806,6.0,6.0,4.4375
T,0,5555550430181101,-8.0393,1.0,1.0,0.0,1.0,4.0,5.0,2.2335,6.0,6.0,3.0625
T,0,4242423612018372,-7.0519,1.0,1.0,0.0,1.0,1.0,4.0,2.7272,8.0,5.0,3.1875
T,0,4242422652036683,-6.7842,1.0,1.0,0.0,1.0,1.0,4.0,2.555,7.0,5.0,3.6875
T,0,4242425587961643,-7.4073,1.0,1.0,0.0,1.0,1.0,4.0,2.9528,9.0,4.0,4.5
T,0,4111116256366870,-6.5834,1.0,1.0,0.0,1.0,0.0,4.0,2.7744,9.0,5.0,3.625
T,0,4111119770615730,-6.8984,1.0,1.0,0.0,1.0,0.0,4.0,2.6085,8.0,6.0,3.375
T,0,6011001038444976,-7.9245,1.0,1.0,0.0,1.0,5.0,6.0,2.7806,8.0,4.0,3.375
T,0,5555552102919579,-7.374,1.0,1.0,0.0,1.0,4.0,5.0,2.2246,6.0,7.0,4.6875
T,0,6011001897504825,-7.553,1.0,1.0,0.0,1.0,5.0,6.0,2.9528,9.0,4.0,3.5625
T,0,5105102193969038,-6.7728,1.0,1.0,0.0,1.0,3.0,5.0,2.8585,8.0,3.0,3.875
T,0,5105109843090430,-7.323,1.0,1.0,0.0,1.0,3.0,5.0,2.6494,7.0,5.0,3.25
T,0,6011001286418073,-7.4936,1.0,1.0,0.0,1.0,5.0,6.0,2.75,8.0,4.0,3.0
T,0,4111113605174737,-7.4499,1.0,1.0,0.0,1.0,0.0,4.0,2.4835,7.0,6.0,3.25
T,0,4532013787148690,-7.1665,1.0,1.0,0.0,1.0,2.0,4.0,3.25,10.0,2.0,4.25
T,0,4111114077519087,3.0027,1.0,1.0,1.0,1.0,0.0,4.0,2.4835,7.0,6.0,3.5625
T,0,4532010326051368,-7.8043,1.0,1.0,0.0,1.0,2.0,4.0,2.9056,8.0,3.0,3.0625
T,0,4532018611729941,-7.1925,1.0,1.0,0.0,1.0,2.0,4.0,3.125,10.0,4.0,3.9375
T,0,4242426242703491,2.8798,1.0,1.0,1.0,1.0,1.0,4.0,2.5488,8.0,5.0,3.5
T,0,5555557967441964,-8.4477,1.0,1.0,0.0,1.0,4.0,5.0,2.3585,6.0,6.0,5.4375
T,0,4242423106163344,-6.9841,1.0,1.0,0.0,1.0,1.0,4.0,2.43,6.0,5.0,3.0625
T,0,5555559802743826,1.1115,1.0,1.0,1.0,1.0,4.0,5.0,2.7806,9.0,6.0,4.9375
T,0,5555554769936846,-8.3297,1.0,1.0,0.0,1.0,4.0,5.0,2.4835,7.0,6.0,5.75
T,0,4111116022378005,-7.2776,1.0,1.0,0.0,1.0,0.0,4.0,2.8522,9.0,5.0,2.625
T,0,6011008030183826,-6.7867,1.0,1.0,0.0,1.0,5.0,6.0,2.43,6.0,5.0,2.9375
T,0,4242423501849491,-6.7207,1.0,1.0,0.0,1.0,1.0,4.0,2.7272,8.0,5.0,3.875
T,0,5105102824541913,1.5957,1.0,1.0,1.0,1.0,3.0,5.0,2.8278,8.0,4.0,3.1875
T,0,4532019421134620,-7.1076,1.0,1.0,0.0,1.0,2.0,4.0,2.8585,8.0,3.0,2.9375
T,0,5105106935591799,-7.6121,1.0,1.0,0.0,1.0,3.0,5.0,2.5778,7.0,4.0,4.6875
T,0,4111112446054566,-7.5356,1.0,1.0,0.0,1.0,0.0,4.0,2.3522,6.0,5.0,3.1875
T,0,5555557118385753,2.7352,1.0,1.0,1.0,1.0,4.0,5.0,2.0,5.0,8.0,4.875
T,0,4111110464214891,-7.0349,1.0,1.0,0.0,1.0,0.0,4.0,2.2718,7.0,7.0,3.0
T,0,4532017855641021,-7.8728,1.0,1.0,0.0,1.0,2.0,4.0,3.0306,9.0,3.0,3.375
T,0,6011009433029657,-8.1445,1.0,1.0,0.0,1.0,5.0,6.0,3.0,9.0,4.0,3.5
T,0,4242425624661085,-6.3871,1.0,1.0,0.0,1.0,1.0,4.0,2.5778,7.0,4.0,3.8125
T,0,4242421160869895,3.3225,1.0,1.0,1.0,1.0,1.0,4.0,2.9056,8.0,3.0,4.4375
T,0,6011006305278252,0.257,1.0,1.0,1.0,1.0,5.0,6.0,2.8278,8.0,4.0,3.0
T,0,6011006518285646,-7.5761,1.0,1.0,0.0,1.0,5.0,6.0,2.6556,7.0,4.0,3.6875
T,0,4242428174266715,-7.0892,1.0,1.0,0.0,1.0,1.0,4.0,2.625,7.0,4.0,4.0625
T,0,4532019317355365,-6.8161,1.0,1.0,0.0,1.0,2.0,4.0,2.875,9.0,4.0,3.875
T,0,5105103595229269,-7.2676,1.0,1.0,0.0,1.0,3.0,5.0,2.6556,7.0,4.0,4.0
T,0,5555550098511407,1.2959,1.0,1.0,1.0,1.0,4.0,5.0,2.3496,7.0,7.0,4.0625
T,0,5105106550447266,-7.5289,1.0,1.0,0.0,1.0,3.0,5.0,2.6556,7.0,4.0,3.5625
T,0,4532011453066534,-7.1758,1.0,1.0,0.0,1.0,2.0,4.0,2.7335,7.0,3.0,3.25
T,0,4532019223753920,-7.1677,1.0,1.0,0.0,1.0,2.0,4.0,2.8278,8.0,4.0,3.5625
T,0,4111114504461047,-7.9167,1.0,1.0,0.0,1.0,0.0,4.0,2.18,6.0,6.0,2.75
T,0,5555557210028315,-7.2232,1.0,1.0,0.0,1.0,4.0,5.0,2.3968,7.0,7.0,3.6875
T,0,6011004829862749,-7.1573,1.0,1.0,0.0,1.0,5.0,6.0,2.9528,8.0,3.0,4.1875
T,0,4242423220902310,2.287,1.0,1.0,1.0,1.0,1.0,4.0,2.3113,6.0,6.0,2.5
T,0,4532019481612857,-7.1775,1.0,1.0,0.0,1.0,2.0,4.0,3.2028,10.0,3.0,4.125
T,0,6011009657466103,0.4926,1.0,1.0,1.0,1.0,5.0,6.0,2.7028,8.0,4.0,3.4375
T,0,4111113038147739,-7.3801,1.0,1.0,0.0,1.0,0.0,4.0,2.4835,7.0,6.0,3.375
T,0,4532019276798306,-7.6304,1.0,1.0,0.0,1.0,2.0,4.0,3.25,10.0,2.0,4.5
T,0,4532019786491293,-8.0011,1.0,1.0,0.0,1.0,2.0,4.0,3.2028,10.0,3.0,4.5625
T,0,4532017312570971,-7.3178,1.0,1.0,0.0,1.0,2.0,4.0,2.9056,8.0,3.0,3.5625
T,0,5555551667830449,-7.6979,1.0,1.0,0.0,1.0,4.0,5.0,2.7806,9.0,6.0,4.875
T,0,6011005455217043,-7.353,1.0,1.0,0.0,1.0,5.0,6.0,2.7806,8.0,4.0,2.75
T,0,5105104420729490,-7.6858,1.0,1.0,0.0,1.0,3.0,5.0,2.7028,7.0,4.0,3.3125
T,0,5105103059240389,-7.5861,1.0,1.0,0.0,1.0,3.0,5.0,2.8278,8.0,4.0,3.4375
T,0,4242422556272840,-6.8901,1.0,1.0,0.0,1.0,1.0,4.0,2.4056,7.0,6.0,3.6875
T,0,4242429919919319,-7.6588,1.0,1.0,0.0,1.0,1.0,4.0,2.1391,5.0,6.0,4.875
T,0,5555559498584191,-8.208,1.0,1.0,0.0,1.0,4.0,5.0,2.0996,5.0,7.0,5.5
T,0,4242425738405036,-7.112,1.0,1.0,0.0,1.0,1.0,4.0,2.8278,8.0,4.0,3.6875
T,0,5105108322324403,-7.3135,1.0,1.0,0.0,1.0,3.0,5.0,2.7335,7.0,3.0,2.6875
T,0,5555551764388379,-8.2351,1.0,1.0,0.0,1.0,4.0,5.0,2.6556,8.0,6.0,5.375
T,0,5555559102602705,-7.0732,1.0,1.0,0.0,1.0,4.0,5.0,2.3496,7.0,7.0,3.875
T,0,4242421278039819,-6.945,1.0,1.0,0.0,1.0,1.0,4.0,2.8278,8.0,4.0,4.125
T,0,6011004403113627,-7.2769,1.0,1.0,0.0,1.0,5.0,6.0,2.625,7.0,4.0,2.4375
T,0,5555555178410799,-7.933,1.0,1.0,0.0,1.0,4.0,5.0,2.3968,7.0,7.0,5.0625
T,0,4111119600795807,3.7789,1.0,1.0,1.0,1.0,0.0,4.0,2.7272,8.0,5.0,3.75
T,0,6011008466249189,1.7234,1.0,1.0,1.0,1.0,5.0,6.0,2.7335,7.0,3.0,4.0625
T,0,4111118973633461,-7.123,1.0,1.0,0.0,1.0,0.0,4.0,2.4835,7.0,6.0,3.6875
T,0,4532018955043614,-7.4244,1.0,1.0,0.0,1.0,2.0,4.0,3.0306,9.0,3.0,3.75
T,0,5555556726069803,-7.9882,1.0,1.0,0.0,1.0,4.0,5.0,2.6085,8.0,6.0,4.8125
T,0,4111118670106428,-7.176,1.0,1.0,0.0,1.0,0.0,4.0,2.5306,7.0,6.0,3.1875
T,0,4242422128396741,-6.5887,1.0,1.0,0.0,1.0,1.0,4.0,2.6494,8.0,5.0,3.8125
T,0,4111115991984559,-7.6305,1.0,1.0,0.0,1.0,0.0,4.0,2.1085,5.0,6.0,4.5625
T,0,6011002543074639,-8.1345,1.0,1.0,0.0,1.0,5.0,6.0,3.0,9.0,4.0,3.1875
T,0,4242424242251988,-6.6495,1.0,1.0,0.0,1.0,1.0,4.0,2.18,6.0,6.0,3.9375
T,0,5555553940276906,1.7595,1.0,1.0,1.0,1.0,4.0,5.0,2.6556,8.0,6.0,4.75
T,0,6011007595610621,-7.6248,1.0,1.0,0.0,1.0,5.0,6.0,2.5778,7.0,4.0,3.125
T,0,4111112044741888,-7.0776,1.0,1.0,0.0,1.0,0.0,4.0,2.2335,6.0,6.0,3.4375
T,0,5555559718288950,-8.8295,1.0,1.0,0.0,1.0,4.0,5.0,2.3496,7.0,7.0,5.4375
T,0,4532018824094424,-6.9268,1.0,1.0,0.0,1.0,2.0,4.0,2.7272,8.0,5.0,3.75
T,0,4111113988114273,-6.9852,1.0,1.0,0.0,1.0,0.0,4.0,2.3968,7.0,7.0,3.4375
T,0,4111110737723448,-6.9946,1.0,1.0,0.0,1.0,0.0,4.0,2.555,7.0,5.0,3.375
T,0,5555555225782157,-8.3563,1.0,1.0,0.0,1.0,4.0,5.0,1.7947,5.0,9.0,4.625
T,0,4242426375890357,-7.3873,1.0,1.0,0.0,1.0,1.0,4.0,3.0306,9.0,3.0,4.4375
T,0,4242421798930005,-7.1663,1.0,1.0,0.0,1.0,1.0,4.0,2.9835,9.0,3.0,3.75
T,0,4111115212154528,-8.4399,1.0,1.0,0.0,1.0,0.0,4.0,2.0524,5.0,7.0,2.75
T,0,4242421206843174,-7.0805,1.0,1.0,0.0,1.0,1.0,4.0,2.6494,8.0,5.0,3.375
T,0,4111113698282747,-6.5782,1.0,1.0,0.0,1.0,0.0,4.0,2.7744,8.0,5.0,4.0625
T,0,5105107342543344,-7.6851,1.0,1.0,0.0,1.0,3.0,5.0,2.6556,7.0,4.0,3.1875
T,0,4111117092878162,-6.708,1.0,1.0,0.0,1.0,0.0,4.0,2.6556,8.0,6.0,3.6875
T,0,4532015018989748,-7.7287,1.0,1.0,0.0,1.0,2.0,4.0,3.0778,9.0,3.0,4.625
T,0,4111114731837112,-7.4497,1.0,1.0,0.0,1.0,0.0,4.0,2.125,6.0,8.0,2.875
T,0,5105105824811941,-7.0778,1.0,1.0,0.0,1.0,3.0,5.0,2.6022,7.0,5.0,3.4375
T,0,5555551381857484,-7.8888,1.0,1.0,0.0,1.0,4.0,5.0,2.2246,6.0,7.0,4.9375
T,0,6011009095551708,-7.1226,1.0,1.0,0.0,1.0,5.0,6.0,2.555,7.0,5.0,3.5625
T,0,4532015250028659,-7.2341,1.0,1.0,0.0,1.0,2.0,4.0,2.9056,9.0,4.0,3.5625
T,0,5555553204442774,-6.5148,1.0,1.0,0.0,1.0,4.0,5.0,2.2806,6.0,6.0,4.1875
T,0,4111110951655542,3.2236,1.0,1.0,1.0,1.0,0.0,4.0,2.4056,7.0,6.0,3.1875
T,0,6011000141770383,-7.1411,1.0,1.0,0.0,1.0,5.0,6.0,2.5244,7.0,5.0,2.625
T,0,4111115893185266,-6.5722,1.0,1.0,0.0,1.0,0.0,4.0,2.6556,8.0,6.0,3.875
T,0,4242423856043007,-7.5354,1.0,1.0,0.0,1.0,1.0,4.0,2.7806,8.0,4.0,3.375
T,0,5555558191226949,-8.1072,1.0,1.0,0.0,1.0,4.0,5.0,2.4835,7.0,6.0,5.0625
T,0,5555558546941790,-8.0354,1.0,1.0,0.0,1.0,4.0,5.0,2.5218,8.0,7.0,5.1875
T,0,4532014196582418,-6.9887,1.0,1.0,0.0,1.0,2.0,4.0,3.0306,9.0,3.0,3.9375
T,0,5555555121841807,-7.2321,1.0,1.0,0.0,1.0,4.0,5.0,2.3496,7.0,7.0,4.1875
T,0,4242422286337781,-6.5832,1.0,1.0,0.0,1.0,1.0,4.0,2.6022,7.0,5.0,4.0625
T,0,5555557742190398,-9.0963,1.0,1.0,0.0,1.0,4.0,5.0,2.7806,9.0,6.0,5.0
T,0,5555555637386937,-8.1433,1.0,1.0,0.0,1.0,4.0,5.0,2.2246,6.0,7.0,5.4375
T,0,4242420694555142,-7.1977,1.0,1.0,0.0,1.0,1.0,4.0,2.4772,7.0,5.0,3.6875
T,0,4242424813918697,3.2414,1.0,1.0,1.0,1.0,1.0,4.0,2.8278,8.0,4.0,4.625
T,0,4111114589060568,-6.802,1.0,1.0,0.0,1.0,0.0,4.0,2.6494,7.0,5.0,3.75
T,0,4242428885322946,-7.7655,1.0,1.0,0.0,1.0,1.0,4.0,2.4772,7.0,5.0,4.5625
T,0,5105109611459915,-7.0848,1.0,1.0,0.0,1.0,3.0,5.0,2.3522,6.0,5.0,3.875
T,0,5105103626528906,-7.3651,1.0,1.0,0.0,1.0,3.0,5.0,2.8585,8.0,3.0,3.6875
T,0,4532016537690237,2.9967,1.0,1.0,1.0,1.0,2.0,4.0,3.0778,9.0,3.0,3.9375
T,0,5555553045512741,-6.829,1.0,1.0,0.0,1.0,4.0,5.0,2.25,7.0,8.0,3.875
T,0,4111114261243899,-7.1502,1.0,1.0,0.0,1.0,0.0,4.0,2.4835,7.0,6.0,3.5625
T,0,4111115415046780,-6.9784,1.0,1.0,0.0,1.0,0.0,4.0,2.4835,7.0,6.0,3.0625
T,0,6011006567508118,-6.9913,1.0,1.0,0.0,1.0,5.0,6.0,2.4528,6.0,4.0,3.4375
T,0,5105104804869124,1.9895,1.0,1.0,1.0,1.0,3.0,5.0,2.8585,8.0,3.0,3.625
T,0,4532011415213972,-7.646,1.0,1.0,0.0,1.0,2.0,4.0,2.8278,8.0,4.0,3.125
T,0,4111115291562848,-6.9553,1.0,1.0,0.0,1.0,0.0,4.0,2.5306,7.0,6.0,3.6875
T,0,4532012342304122,2.4009,1.0,1.0,1.0,1.0,2.0,4.0,2.43,6.0,5.0,2.375
T,0,4532014853635188,-6.7448,1.0,1.0,0.0,1.0,2.0,4.0,2.8585,8.0,3.0,4.125
T,0,6011007192766165,-7.1165,1.0,1.0,0.0,1.0,5.0,6.0,2.5778,7.0,4.0,3.625
T,0,6011004510660345,-6.9874,1.0,1.0,0.0,1.0,5.0,6.0,2.43,6.0,5.0,2.625
T,0,5555553195694593,-8.6875,1.0,1.0,0.0,1.0,4.0,5.0,2.0778,6.0,8.0,5.25
T,0,4111116778715199,-6.7911,1.0,1.0,0.0,1.0,0.0,4.0,2.3496,7.0,7.0,4.3125
T,0,5105102245335794,-7.8102,1.0,1.0,0.0,1.0,3.0,5.0,2.875,8.0,4.0,3.5
T,0,4111112505879648,-7.2059,1.0,1.0,0.0,1.0,0.0,4.0,2.8994,9.0,5.0,3.9375
T,0,5555555007972259,-8.7318,1.0,1.0,0.0,1.0,4.0,5.0,2.0,5.0,8.0,4.75
T,0,5105107791294755,-7.3081,1.0,1.0,0.0,1.0,3.0,5.0,2.6556,7.0,4.0,4.25
T,0,5555557746414989,-8.2584,1.0,1.0,0.0,1.0,4.0,5.0,2.4835,7.0,6.0,5.5625
T,0,6011002067748499,-7.3193,1.0,1.0,0.0,1.0,5.0,6.0,2.875,8.0,4.0,4.0
T,0,5105106662054309,-7.6454,1.0,1.0,0.0,1.0,3.0,5.0,2.7806,8.0,4.0,3.3125
T,0,4532014567494870,-7.2285,1.0,1.0,0.0,1.0,2.0,4.0,3.125,10.0,4.0,4.3125
T,0,6011004776818772,-7.3408,1.0,1.0,0.0,1.0,5.0,6.0,2.6556,7.0,4.0,4.0625
T,0,5555556823983178,-8.0682,1.0,1.0,0.0,1.0,4.0,5.0,2.6085,8.0,6.0,5.3125
T,0,5555559898358270,-8.5892,1.0,1.0,0.0,1.0,4.0,5.0,2.3496,7.0,7.0,5.5625
T,0,5555553070084385,2.4705,1.0,1.0,1.0,1.0,4.0,5.0,2.2246,6.0,7.0,4.25
T,0,4111118198363805,-6.6831,1.0,1.0,0.0,1.0,0.0,4.0,2.6085,8.0,6.0,3.75
T,0,4532016258025185,-7.1677,1.0,1.0,0.0,1.0,2.0,4.0,2.8278,8.0,4.0,3.5625
T,0,4111110500668848,3.7574,1.0,1.0,1.0,1.0,0.0,4.0,2.43,6.0,5.0,3.375
T,0,4111110468048819,2.6739,1.0,1.0,1.0,1.0,0.0,4.0,2.3113,6.0,6.0,3.5625
T,0,5105105579711693,-7.2256,1.0,1.0,0.0,1.0,3.0,5.0,2.625,7.0,4.0,4.0625
T,0,4111117729177265,-6.3892,1.0,1.0,0.0,1.0,0.0,4.0,2.4056,7.0,6.0,3.875
T,0,6011002526940340,-6.7968,1.0,1.0,0.0,1.0,5.0,6.0,2.7744,8.0,5.0,2.6875
T,0,6011005020008410,-9.2102,1.0,1.0,0.0,1.0,5.0,6.0,2.2028,7.0,8.0,1.75
T,0,5555558163672518,-7.6968,1.0,1.0,0.0,1.0,4.0,5.0,2.3968,7.0,7.0,4.8125
T,0,5555558344174747,-8.6915,1.0,1.0,0.0,1.0,4.0,5.0,2.2335,6.0,6.0,4.9375
T,0,4532011368189200,-7.745,1.0,1.0,0.0,1.0,2.0,4.0,3.0306,9.0,3.0,3.3125
T,0,4242420347918713,-6.7741,1.0,1.0,0.0,1.0,1.0,4.0,2.8278,8.0,4.0,3.8125
T,0,4532019516315815,-7.3288,1.0,1.0,0.0,1.0,2.0,4.0,2.875,9.0,4.0,3.6875
T,0,5105108263715680,-7.3651,1.0,1.0,0.0,1.0,3.0,5.0,2.8585,8.0,3.0,3.625
T,0,6011002650711430,-6.9022,1.0,1.0,0.0,1.0,5.0,6.0,2.6494,8.0,5.0,2.3125
T,0,5555555112097735,-7.0175,1.0,1.0,0.0,1.0,4.0,5.0,2.25,7.0,8.0,4.375
T,0,4242422646209818,-7.0366,1.0,1.0,0.0,1.0,1.0,4.0,2.5244,7.0,5.0,4.0
T,0,5555559030113851,-6.7258,1.0,1.0,0.0,1.0,4.0,5.0,2.2246,6.0,7.0,3.8125
T,0,5105107109333909,-7.2404,1.0,1.0,0.0,1.0,3.0,5.0,2.4835,6.0,4.0,3.5
T,0,4111110389334466,-6.7759,1.0,1.0,0.0,1.0,0.0,4.0,2.555,7.0,5.0,3.4375
T,0,4242420398789596,-8.1839,1.0,1.0,0.0,1.0,1.0,4.0,2.9835,9.0,3.0,5.125
T,0,5555552664160791,2.2613,1.0,1.0,1.0,1.0,4.0,5.0,2.6085,8.0,6.0,4.5
T,0,4111118295665923,-6.5782,1.0,1.0,0.0,1.0,0.0,4.0,2.7744,8.0,5.0,4.0
T,0,4111118134026326,-7.4679,1.0,1.0,0.0,1.0,0.0,4.0,2.5306,7.0,6.0,2.75
T,0,6011000794534130,-7.1285,1.0,1.0,0.0,1.0,5.0,6.0,2.7272,8.0,5.0,2.75
T,0,6011009165822322,-7.7141,1.0,1.0,0.0,1.0,5.0,6.0,2.7806,8.0,4.0,3.0
T,0,4242426812088612,3.0236,1.0,1.0,1.0,1.0,1.0,4.0,2.43,6.0,5.0,3.75
T,0,6011005029922849,0.3455,1.0,1.0,1.0,1.0,5.0,6.0,2.7806,8.0,4.0,3.625
T,0,4242427682944784,-7.4256,1.0,1.0,0.0,1.0,1.0,4.0,2.2806,6.0,6.0,4.8125
T,0,4242429788704799,-7.7019,1.0,1.0,0.0,1.0,1.0,4.0,2.4835,6.0,4.0,5.375
T,0,6011000117550059,-8.1655,1.0,1.0,0.0,1.0,5.0,6.0,2.2335,6.0,6.0,2.5625
T,0,4242421096938953,-7.1173,1.0,1.0,0.0,1.0,1.0,4.0,2.9835,9.0,3.0,4.4375
T,0,5555555204772761,-7.8989,1.0,1.0,0.0,1.0,4.0,5.0,2.3496,7.0,7.0,4.4375
T,0,6011002048571018,-7.0556,1.0,1.0,0.0,1.0,5.0,6.0,2.6494,8.0,5.0,2.75
T,0,5105102514040315,-8.4281,1.0,1.0,0.0,1.0,3.0,5.0,2.375,6.0,4.0,2.3125
T,0,5105103514536051,-7.69,1.0,1.0,0.0,1.0,3.0,5.0,2.3522,6.0,5.0,2.8125
T,0,5555556909150430,-7.2321,1.0,1.0,0.0,1.0,4.0,5.0,2.3496,7.0,7.0,4.1875
T,0,4242428879934911,-8.1502,1.0,1.0,0.0,1.0,1.0,4.0,2.6556,7.0,4.0,4.8125
T,0,4242425596613169,-6.5426,1.0,1.0,0.0,1.0,1.0,4.0,2.7335,7.0,3.0,4.3125
T,0,4532010026622207,2.9309,1.0,1.0,1.0,1.0,2.0,4.0,2.6494,8.0,5.0,2.625
T,0,4532010780896456,-7.1665,1.0,1.0,0.0,1.0,2.0,4.0,3.2028,10.0,3.0,4.25
T,0,4111117074617159,-7.2277,1.0,1.0,0.0,1.0,0.0,4.0,2.3496,7.0,7.0,3.5
T,0,4532012241939120,-7.3532,1.0,1.0,0.0,1.0,2.0,4.0,2.7028,7.0,4.0,3.0
T,0,4111111877898205,-6.716,1.0,1.0,0.0,1.0,0.0,4.0,2.6085,8.0,6.0,4.0
T,0,6011002083078049,-6.9996,1.0,1.0,0.0,1.0,5.0,6.0,2.7806,9.0,6.0,3.0625
T,0,4111112512865749,-6.708,1.0,1.0,0.0,1.0,0.0,4.0,2.6556,8.0,6.0,3.625
T,0,4242420568483191,-6.9549,1.0,1.0,0.0,1.0,1.0,4.0,2.9528,9.0,4.0,3.9375
T,0,5105103838687128,-6.999,1.0,1.0,0.0,1.0,3.0,5.0,2.8278,8.0,4.0,4.125
T,0,4111114254022307,-7.6037,1.0,1.0,0.0,1.0,0.0,4.0,2.555,7.0,5.0,2.375
T,0,5105100910592357,-7.2672,1.0,1.0,0.0,1.0,3.0,5.0,2.5778,7.0,4.0,3.3125
T,0,4111117470693491,-7.123,1.0,1.0,0.0,1.0,0.0,4.0,2.4835,7.0,6.0,3.6875
T,0,4532019407745708,-6.7039,1.0,1.0,0.0,1.0,2.0,4.0,2.9835,9.0,3.0,4.125
T,0,5105100837581209,-7.6555,1.0,1.0,0.0,1.0,3.0,5.0,2.7806,8.0,4.0,3.4375
T,0,4111111847201070,-7.4051,1.0,1.0,0.0,1.0,0.0,4.0,2.2246,6.0,7.0,2.4375
T,0,4111116089488586,-7.2003,1.0,1.0,0.0,1.0,0.0,4.0,2.5244,7.0,5.0,4.4375
T,0,4532018802247862,-6.7359,1.0,1.0,0.0,1.0,2.0,4.0,2.9528,9.0,4.0,3.875
T,0,5105109642810595,-7.0812,1.0,1.0,0.0,1.0,3.0,5.0,2.7806,8.0,4.0,3.8125
T,0,4242422818331574,-7.1407,1.0,1.0,0.0,1.0,1.0,4.0,2.625,7.0,4.0,3.75
T,0,4242427094896571,-7.778,1.0,1.0,0.0,1.0,1.0,4.0,2.9528,9.0,4.0,4.625
T,0,5555554836095812,-9.1686,1.0,1.0,0.0,1.0,4.0,5.0,2.6468,9.0,7.0,4.75
T,0,4242423210271050,-6.8966,1.0,1.0,0.0,1.0,1.0,4.0,2.555,7.0,5.0,2.4375
T,0,5105101309171829,-7.2999,1.0,1.0,0.0,1.0,3.0,5.0,2.7272,8.0,5.0,3.3125
T,0,5105102633677562,-7.245,1.0,1.0,0.0,1.0,3.0,5.0,2.7806,7.0,3.0,3.6875
T,0,6011005103359563,-7.0812,1.0,1.0,0.0,1.0,5.0,6.0,2.4835,6.0,4.0,3.0
T,0,4532010550156725,-7.0917,1.0,1.0,0.0,1.0,2.0,4.0,2.7272,8.0,5.0,3.1875
T,0,4111119181175765,-6.8166,1.0,1.0,0.0,1.0,0.0,4.0,2.25,7.0,8.0,3.6875
T,0,4242425929381292,-6.4517,1.0,1.0,0.0,1.0,1.0,4.0,2.4363,7.0,6.0,4.25
T,0,4532010755706401,-7.646,1.0,1.0,0.0,1.0,2.0,4.0,2.8278,8.0,4.0,3.125
T,0,4532018239647233,-6.8967,1.0,1.0,0.0,1.0,2.0,4.0,3.0778,10.0,4.0,3.875
T,0,6011003476344361,-7.6948,1.0,1.0,0.0,1.0,5.0,6.0,2.5141,6.0,3.0,3.0625
T,0,4242422472816273,-6.8901,1.0,1.0,0.0,1.0,1.0,4.0,2.4056,7.0,6.0,3.75
T,0,4111114602561175,-7.2691,1.0,1.0,0.0,1.0,0.0,4.0,2.3968,7.0,7.0,2.875
T,0,4111118553664189,-6.6801,1.0,1.0,0.0,1.0,0.0,4.0,2.5306,7.0,6.0,4.0
T,0,4111116294692232,-7.1703,1.0,1.0,0.0,1.0,0.0,4.0,2.3994,6.0,5.0,3.375
T,0,5105101616084463,-7.6851,1.0,1.0,0.0,1.0,3.0,5.0,2.6556,7.0,4.0,3.1875
T,0,4242422570770599,-6.3406,1.0,1.0,0.0,1.0,1.0,4.0,2.5306,6.0,4.0,4.3125
T,0,5555552844539572,-8.5439,1.0,1.0,0.0,1.0,4.0,5.0,2.25,7.0,8.0,4.9375
T,0,4532015034855274,-7.1822,1.0,1.0,0.0,1.0,2.0,4.0,2.8278,8.0,4.0,3.625
T,0,5555553877012590,-7.5917,1.0,1.0,0.0,1.0,4.0,5.0,2.5218,8.0,7.0,4.5
T,0,6011003014245145,-8.4551,1.0,1.0,0.0,1.0,5.0,6.0,2.5778,7.0,4.0,2.3125
T,0,6011009009520287,-7.4107,1.0,1.0,0.0,1.0,5.0,6.0,2.6556,8.0,6.0,3.125
T,0,4242428782767468,-7.7323,1.0,1.0,0.0,1.0,1.0,4.0,2.2806,5.0,4.0,5.0625
T,0,6011006543447698,-6.9155,1.0,1.0,0.0,1.0,5.0,6.0,2.9835,9.0,3.0,4.0
T,0,4532018894661965,-7.6807,1.0,1.0,0.0,1.0,2.0,4.0,3.0778,9.0,3.0,4.8125
T,0,4242423260454566,-7.3955,1.0,1.0,0.0,1.0,1.0,4.0,2.3522,6.0,5.0,3.6875
T,0,6011006251442892,-7.6693,1.0,1.0,0.0,1.0,5.0,6.0,2.8585,8.0,3.0,3.1875
T,0,4111114198339210,-7.1395,1.0,1.0,0.0,1.0,0.0,4.0,2.3968,7.0,7.0,3.0625
T,0,5105100530728540,-6.8087,1.0,1.0,0.0,1.0,3.0,5.0,2.6494,8.0,5.0,2.875
T,0,4242422915301288,-6.8419,1.0,1.0,0.0,1.0,1.0,4.0,2.7272,8.0,5.0,3.5625
T,0,4242426165303112,-7.0014,1.0,1.0,0.0,1.0,1.0,4.0,2.6556,7.0,4.0,2.875
T,0,4532014383803661,-7.3918,1.0,1.0,0.0,1.0,2.0,4.0,2.875,8.0,4.0,3.5625
T,0,4532019816793370,-7.1665,1.0,1.0,0.0,1.0,2.0,4.0,3.2028,10.0,3.0,4.25
T,0,5555558319672361,1.7595,1.0,1.0,1.0,1.0,4.0,5.0,2.6556,8.0,6.0,4.75
T,0,4242421406285745,-6.8111,1.0,1.0,0.0,1.0,1.0,4.0,2.6494,8.0,5.0,3.75
T,0,4532013473609281,-7.5662,1.0,1.0,0.0,1.0,2.0,4.0,3.2028,10.0,3.0,3.625
T,0,5555554145066622,-6.361,1.0,1.0,0.0,1.0,4.0,5.0,2.2246,6.0,7.0,4.125
T,0,4532015655678016,2.1165,1.0,1.0,1.0,1.0,2.0,4.0,2.9528,9.0,4.0,4.0
T,0,6011004935914409,-7.5675,1.0,1.0,0.0,1.0,5.0,6.0,2.6085,7.0,4.0,3.5
T,0,4242421243813657,-6.9995,1.0,1.0,0.0,1.0,1.0,4.0,2.75,8.0,4.0,3.625
T,0,4532011188563448,-6.6978,1.0,1.0,0.0,1.0,2.0,4.0,2.8585,8.0,3.0,3.9375
T,0,6011003426495574,-7.681,1.0,1.0,0.0,1.0,5.0,6.0,3.0306,9.0,3.0,3.5625
T,0,5555557845102559,-7.6686,1.0,1.0,0.0,1.0,4.0,5.0,2.2169,8.0,9.0,4.75
T,0,6011001224741391,-6.9515,1.0,1.0,0.0,1.0,5.0,6.0,2.7272,8.0,5.0,2.625
T,0,6011009640500069,-6.8596,1.0,1.0,0.0,1.0,5.0,6.0,2.2246,6.0,7.0,2.9375
T,0,5105101223977044,-7.7517,1.0,1.0,0.0,1.0,3.0,5.0,2.9056,8.0,3.0,3.1875
T,0,5105105485874865,-7.3203,1.0,1.0,0.0,1.0,3.0,5.0,2.6022,7.0,5.0,4.5
T,0,4242428279638450,-7.2831,1.0,1.0,0.0,1.0,1.0,4.0,2.875,9.0,4.0,4.375
T,0,4532012978371931,-7.0357,1.0,1.0,0.0,1.0,2.0,4.0,3.0306,9.0,3.0,4.0625
T,0,4532013945515616,-7.1822,1.0,1.0,0.0,1.0,2.0,4.0,2.8278,8.0,4.0,3.75
T,0,6011008386939287,-7.5044,1.0,1.0,0.0,1.0,5.0,6.0,2.9056,8.0,3.0,4.4375
T,0,4111112983735244,-6.8297,1.0,1.0,0.0,1.0,0.0,4.0,2.7272,8.0,5.0,3.5
T,0,4242421647470629,-7.0366,1.0,1.0,0.0,1.0,1.0,4.0,2.5244,7.0,5.0,4.0
T,0,5555550960239959,-8.3736,1.0,1.0,0.0,1.0,4.0,5.0,2.1468,6.0,7.0,5.125
T,0,4532011239423092,-7.6733,1.0,1.0,0.0,1.0,2.0,4.0,2.7028,7.0,4.0,3.125
T,0,5555551973492206,-7.6318,1.0,1.0,0.0,1.0,4.0,5.0,2.7806,9.0,6.0,4.5625
T,0,4532018515297710,-7.4244,1.0,1.0,0.0,1.0,2.0,4.0,3.0306,9.0,3.0,3.75
T,0,4242423015074697,2.83,1.0,1.0,1.0,1.0,1.0,4.0,2.9528,9.0,4.0,3.75
T,0,4532011072280117,-7.0341,1.0,1.0,0.0,1.0,2.0,4.0,2.7806,8.0,4.0,2.75
T,0,4111110458749616,3.8516,1.0,1.0,1.0,1.0,0.0,4.0,2.6085,8.0,6.0,3.6875
T,0,5555551573022992,-7.5911,1.0,1.0,0.0,1.0,4.0,5.0,2.3496,7.0,7.0,4.375
T,0,4242426268517481,-7.0892,1.0,1.0,0.0,1.0,1.0,4.0,2.625,7.0,4.0,4.125
T,0,4111117818707829,-6.4568,1.0,1.0,0.0,1.0,0.0,4.0,2.4363,7.0,6.0,4.125
T,0,5555556063838038,-8.3958,1.0,1.0,0.0,1.0,4.0,5.0,2.1863,5.0,6.0,4.6875
T,0,4111119505514073,-6.9784,1.0,1.0,0.0,1.0,0.0,4.0,2.4835,7.0,6.0,3.0
T,0,4242421826166261,-7.0517,1.0,1.0,0.0,1.0,1.0,4.0,2.18,5.0,5.0,3.5625
T,0,4242424073777017,-7.1883,1.0,1.0,0.0,1.0,1.0,4.0,2.3522,6.0,5.0,3.8125
T,0,4111116909864942,-6.5341,1.0,1.0,0.0,1.0,0.0,4.0,2.555,7.0,5.0,4.125
T,0,4111111817050662,3.0487,1.0,1.0,1.0,1.0,0.0,4.0,2.5218,8.0,7.0,2.8125
T,0,4532017942823381,-6.7702,1.0,1.0,0.0,1.0,2.0,4.0,3.0306,9.0,3.0,3.875
T,0,5105107447398363,-7.0793,1.0,1.0,0.0,1.0,3.0,5.0,3.0778,9.0,3.0,4.125
T,0,5555556258147721,-7.8186,1.0,1.0,0.0,1.0,4.0,5.0,2.3968,7.0,7.0,4.5625
T,0,4242421720294240,-7.3143,1.0,1.0,0.0,1.0,1.0,4.0,2.18,6.0,6.0,3.0625
T,0,6011001661777273,-6.9844,1.0,1.0,0.0,1.0,5.0,6.0,2.4056,6.0,4.0,3.4375
T,0,4111115733456999,-6.3815,1.0,1.0,0.0,1.0,0.0,4.0,2.6022,7.0,5.0,4.3125
T,0,5105109259800531,-7.395,1.0,1.0,0.0,1.0,3.0,5.0,2.5778,7.0,4.0,3.375
T,0,4532018973374481,-7.0247,1.0,1.0,0.0,1.0,2.0,4.0,3.0306,9.0,3.0,4.3125
T,0,5555558461419440,-7.3099,1.0,1.0,0.0,1.0,4.0,5.0,2.4056,7.0,6.0,4.4375
T,0,4242425018218157,-7.2971,1.0,1.0,0.0,1.0,1.0,4.0,2.6556,7.0,4.0,3.5
T,0,4111111392252120,-9.0662,1.0,1.0,0.0,1.0,0.0,4.0,2.2718,7.0,7.0,2.25
T,0,5555558961419738,-8.2351,1.0,1.0,0.0,1.0,4.0,5.0,2.6556,8.0,6.0,5.375
T,0,5105109993879486,-9.1153,1.0,1.0,0.0,1.0,3.0,5.0,3.0,9.0,4.0,5.25
T,0,6011005297335481,-8.7747,1.0,1.0,0.0,1.0,5.0,6.0,3.1556,10.0,3.0,3.4375
T,0,5105105767119307,-7.4609,1.0,1.0,0.0,1.0,3.0,5.0,2.6085,7.0,4.0,3.625
T,0,5555558512195706,-7.7187,1.0,1.0,0.0,1.0,4.0,5.0,2.375,8.0,8.0,4.625
T,0,4242424289163641,-6.9545,1.0,1.0,0.0,1.0,1.0,4.0,2.5244,7.0,5.0,3.875
T,0,4111119860470818,-7.123,1.0,1.0,0.0,1.0,0.0,4.0,2.4835,7.0,6.0,3.75
T,0,5555556948526054,-8.5439,1.0,1.0,0.0,1.0,4.0,5.0,2.25,7.0,8.0,4.9375
T,0,4532019380520058,-7.4186,1.0,1.0,0.0,1.0,2.0,4.0,2.8278,8.0,4.0,3.4375
T,0,4532012924782893,2.0126,1.0,1.0,1.0,1.0,2.0,4.0,3.0,9.0,4.0,4.3125
T,0,4242425425137213,-7.2801,1.0,1.0,0.0,1.0,1.0,4.0,2.3994,6.0,5.0,3.1875
T,0,4111119834343306,-7.478,1.0,1.0,0.0,1.0,0.0,4.0,2.4772,7.0,5.0,3.25
T,0,4111113412214097,-7.6413,1.0,1.0,0.0,1.0,0.0,4.0,2.3496,7.0,7.0,2.625
T,0,4111110073056495,-6.8237,1.0,1.0,0.0,1.0,0.0,4.0,2.7272,8.0,5.0,3.0
T,0,4111114371238120,-7.425,1.0,1.0,0.0,1.0,0.0,4.0,2.3968,7.0,7.0,2.5
T,0,4111115448598633,-6.4849,1.0,1.0,0.0,1.0,0.0,4.0,2.6022,7.0,5.0,4.0
T,0,4242421729407079,-6.4164,1.0,1.0,0.0,1.0,1.0,4.0,2.4528,6.0,4.0,4.0
T,0,5555557667257999,2.7986,1.0,1.0,1.0,1.0,4.0,5.0,2.0524,5.0,7.0,6.0625
T,0,5555558249475087,-8.2189,1.0,1.0,0.0,1.0,4.0,5.0,2.3968,7.0,7.0,5.25
T,0,4242420224424198,-7.3841,1.0,1.0,0.0,1.0,1.0,4.0,2.0613,6.0,6.0,3.375
T,0,4532013281221088,-7.6725,1.0,1.0,0.0,1.0,2.0,4.0,2.6556,7.0,4.0,3.125
T,0,5105108938199852,2.3619,1.0,1.0,1.0,1.0,3.0,5.0,2.6863,7.0,3.0,4.625
T,0,5105101077448143,-7.6851,1.0,1.0,0.0,1.0,3.0,5.0,2.6556,7.0,4.0,3.1875
T,0,4242429492974783,-8.9956,1.0,1.0,0.0,1.0,1.0,4.0,2.3522,6.0,5.0,5.0
T,0,4111113599964880,-7.0952,1.0,1.0,0.0,1.0,0.0,4.0,2.7272,8.0,5.0,4.375
T,0,4111111295911896,-6.7366,1.0,1.0,0.0,1.0,0.0,4.0,2.2028,7.0,8.0,3.75
T,0,4532015545127531,-6.9604,1.0,1.0,0.0,1.0,2.0,4.0,2.6022,7.0,5.0,3.3125
T,0,4242425317933479,-7.1607,1.0,1.0,0.0,1.0,1.0,4.0,2.6556,7.0,4.0,4.3125
T,0,6011000062226622,-8.0388,1.0,1.0,0.0,1.0,5.0,6.0,1.9238,4.0,5.0,2.25
T,0,4111111987703966,-6.7409,1.0,1.0,0.0,1.0,0.0,4.0,2.6556,8.0,6.0,4.0625
T,0,4111115409918128,-7.0084,1.0,1.0,0.0,1.0,0.0,4.0,2.3968,7.0,7.0,3.5
T,0,5105103250196825,-7.6454,1.0,1.0,0.0,1.0,3.0,5.0,2.7806,8.0,4.0,3.3125
T,0,6011002332328581,-7.6558,1.0,1.0,0.0,1.0,5.0,6.0,2.6863,7.0,3.0,2.8125
T,0,6011003443953951,-7.6118,1.0,1.0,0.0,1.0,5.0,6.0,2.7335,7.0,3.0,3.375
T,0,4242423305133787,-7.1814,1.0,1.0,0.0,1.0,1.0,4.0,2.7806,8.0,4.0,3.625
T,0,6011003428579572,-7.8373,1.0,1.0,0.0,1.0,5.0,6.0,3.2028,10.0,3.0,3.75
T,0,4532011242237734,-7.6725,1.0,1.0,0.0,1.0,2.0,4.0,2.6556,7.0,4.0,3.125
T,0,6011008545829441,-7.4431,1.0,1.0,0.0,1.0,5.0,6.0,2.8585,8.0,3.0,3.625
T,0,6011007591417824,-7.8038,1.0,1.0,0.0,1.0,5.0,6.0,2.9528,9.0,4.0,3.5
T,0,4111111437372106,-7.3183,1.0,1.0,0.0,1.0,0.0,4.0,2.3968,7.0,7.0,2.6875
T,0,4242421214394674,-6.8901,1.0,1.0,0.0,1.0,1.0,4.0,2.4056,7.0,6.0,3.6875
T,0,4242424374156612,2.1847,1.0,1.0,1.0,1.0,1.0,4.0,2.5244,7.0,5.0,3.5625
T,0,5555557831933219,-8.1773,1.0,1.0,0.0,1.0,4.0,5.0,2.4835,7.0,6.0,4.75
T,0,4111118897928459,-7.2841,1.0,1.0,0.0,1.0,0.0,4.0,2.555,7.0,5.0,4.875
T,0,4532018273537068,-6.8647,1.0,1.0,0.0,1.0,2.0,4.0,3.0778,9.0,3.0,4.0
T,0,6011006586067604,-7.2432,1.0,1.0,0.0,1.0,5.0,6.0,2.4238,7.0,5.0,3.5
T,0,6011008239505193,-7.7274,1.0,1.0,0.0,1.0,5.0,6.0,2.8278,8.0,4.0,3.3125
T,0,5555555128364979,-8.8948,1.0,1.0,0.0,1.0,4.0,5.0,2.6468,9.0,7.0,5.25
T,0,4532018683463209,-6.8647,1.0,1.0,0.0,1.0,2.0,4.0,3.0778,9.0,3.0,4.0
T,0,4242420488762108,-6.3634,1.0,1.0,0.0,1.0,1.0,4.0,2.5778,7.0,4.0,3.875
T,0,4532013882762340,-7.4244,1.0,1.0,0.0,1.0,2.0,4.0,3.0306,9.0,3.0,3.625
T,0,4532016283130203,-6.857,1.0,1.0,0.0,1.0,2.0,4.0,2.7806,8.0,4.0,2.6875
T,0,4242426389865416,-7.9267,1.0,1.0,0.0,1.0,1.0,4.0,2.7806,8.0,4.0,4.625
T,0,4111119068493913,-7.0702,1.0,1.0,0.0,1.0,0.0,4.0,2.4835,7.0,6.0,3.8125
T,0,4242429531153298,-7.1087,1.0,1.0,0.0,1.0,1.0,4.0,2.7028,7.0,4.0,4.0
T,0,4532011672720832,1.9493,1.0,1.0,1.0,1.0,2.0,4.0,3.0,9.0,4.0,3.3125
T,0,6011004805988683,-7.0377,1.0,1.0,0.0,1.0,5.0,6.0,2.75,8.0,4.0,4.1875
T,0,6011002983821987,-6.9969,1.0,1.0,0.0,1.0,5.0,6.0,2.8585,8.0,3.0,4.0625
T,0,5105100237249048,-7.9831,1.0,1.0,0.0,1.0,3.0,5.0,3.0,9.0,4.0,3.1875
T,0,4111116590536906,-6.6061,1.0,1.0,0.0,1.0,0.0,4.0,2.6022,7.0,5.0,3.625
T,0,4111116301187414,-7.8115,1.0,1.0,0.0,1.0,0.0,4.0,2.2028,7.0,8.0,2.75
T,0,4111112897222577,3.2591,1.0,1.0,1.0,1.0,0.0,4.0,2.4772,7.0,5.0,3.75
T,0,6011007349695657,-7.1573,1.0,1.0,0.0,1.0,5.0,6.0,2.9056,8.0,3.0,4.3125
T,0,5105107807610562,-7.8129,1.0,1.0,0.0,1.0,3.0,5.0,2.6556,7.0,4.0,3.375
T,0,4532018209418056,-7.2938,1.0,1.0,0.0,1.0,2.0,4.0,3.0778,9.0,3.0,3.625
T,0,5555551448391336,-7.6833,1.0,1.0,0.0,1.0,4.0,5.0,2.4835,7.0,6.0,4.5
T,0,6011000054429739,-7.5547,1.0,1.0,0.0,1.0,5.0,6.0,2.8994,9.0,5.0,3.1875
T,0,5555558943753922,-7.933,1.0,1.0,0.0,1.0,4.0,5.0,2.3968,7.0,7.0,5.125
T,0,4242426704548775,-6.8537,1.0,1.0,0.0,1.0,1.0,4.0,2.555,7.0,5.0,4.4375
T,0,5105109440507908,-6.9854,1.0,1.0,0.0,1.0,3.0,5.0,2.6022,7.0,5.0,3.625
T,0,4242421661706025,-7.3954,1.0,1.0,0.0,1.0,1.0,4.0,2.6556,7.0,4.0,3.25
T,0,5105101540623337,-7.0008,1.0,1.0,0.0,1.0,3.0,5.0,2.8113,8.0,3.0,2.875
T,0,4532018926728477,-8.0011,1.0,1.0,0.0,1.0,2.0,4.0,3.1556,10.0,3.0,4.6875
T,0,5555553389346143,-7.6561,1.0,1.0,0.0,1.0,4.0,5.0,2.4056,7.0,6.0,4.625
T,0,4111114770100829,-6.8115,1.0,1.0,0.0,1.0,0.0,4.0,2.4835,7.0,6.0,2.9375
T,0,4111111298848713,-7.0608,1.0,1.0,0.0,1.0,0.0,4.0,2.3496,7.0,7.0,3.75
T,0,4532013354261765,-7.3178,1.0,1.0,0.0,1.0,2.0,4.0,2.9056,8.0,3.0,3.5625
T,0,4111111719268510,-6.9726,1.0,1.0,0.0,1.0,0.0,4.0,2.5,9.0,8.0,3.0625
T,0,4111118181548624,-7.0179,1.0,1.0,0.0,1.0,0.0,4.0,2.1774,6.0,7.0,3.5
T,0,4242429820480166,-6.9228,1.0,1.0,0.0,1.0,1.0,4.0,2.625,7.0,4.0,3.875
T,0,4532012244771794,-6.8537,1.0,1.0,0.0,1.0,2.0,4.0,2.7806,8.0,4.0,3.875
T,0,6011007513477539,-7.4431,1.0,1.0,0.0,1.0,5.0,6.0,2.8585,8.0,3.0,3.6875
T,0,4242422117522855,-7.5146,1.0,1.0,0.0,1.0,1.0,4.0,2.3113,6.0,6.0,3.5
T,0,6011001665574288,-7.4431,1.0,1.0,0.0,1.0,5.0,6.0,2.8585,8.0,3.0,3.75
T,0,5555556427396492,-7.9686,1.0,1.0,0.0,1.0,4.0,5.0,2.5306,7.0,6.0,5.125
T,0,6011009222726365,-7.7967,1.0,1.0,0.0,1.0,5.0,6.0,2.7806,8.0,4.0,3.25
T,0,4242426560375327,-6.9828,1.0,1.0,0.0,1.0,1.0,4.0,2.7028,7.0,4.0,3.875
T,0,5555555670182871,-7.8186,1.0,1.0,0.0,1.0,4.0,5.0,2.3968,7.0,7.0,4.6875
T,0,4532018445093029,-7.3323,1.0,1.0,0.0,1.0,2.0,4.0,2.9056,8.0,3.0,3.6875
T,0,6011006705172633,-7.6351,1.0,1.0,0.0,1.0,5.0,6.0,2.6556,7.0,4.0,3.0
T,0,4242424185365158,-7.1312,1.0,1.0,0.0,1.0,1.0,4.0,2.6556,7.0,4.0,4.0
T,0,5555556393037112,-6.9092,1.0,1.0,0.0,1.0,4.0,5.0,2.6085,8.0,6.0,4.0625
T,0,6011008117655513,-7.5568,1.0,1.0,0.0,1.0,5.0,6.0,2.555,7.0,5.0,3.125
T,0,4532019790765385,-8.0011,1.0,1.0,0.0,1.0,2.0,4.0,3.2028,10.0,3.0,4.625
T,0,5555552300042172,-7.3031,1.0,1.0,0.0,1.0,4.0,5.0,2.4363,7.0,6.0,3.1875
T,0,4242424946077809,3.6714,1.0,1.0,1.0,1.0,1.0,4.0,2.6022,7.0,5.0,4.5
T,0,6011001375352668,-7.7971,1.0,1.0,0.0,1.0,5.0,6.0,2.8585,8.0,3.0,3.375
T,0,5555552058063687,-7.8186,1.0,1.0,0.0,1.0,4.0,5.0,2.3968,7.0,7.0,4.6875
T,0,5105108126708793,-7.1628,1.0,1.0,0.0,1.0,3.0,5.0,3.0306,9.0,3.0,3.9375
T,0,5555559633028878,-7.9595,1.0,1.0,0.0,1.0,4.0,5.0,2.6085,8.0,6.0,5.25
T,0,4532011802046062,-7.1739,1.0,1.0,0.0,1.0,2.0,4.0,2.8278,8.0,4.0,2.75
T,0,4532018591557493,-7.5567,1.0,1.0,0.0,1.0,2.0,4.0,3.0,9.0,4.0,4.4375
T,0,4532012715276684,-6.8582,1.0,1.0,0.0,1.0,2.0,4.0,3.0778,9.0,3.0,3.9375
T,0,6011007367255133,-7.8418,1.0,1.0,0.0,1.0,5.0,6.0,2.7335,7.0,3.0,3.125
T,0,6011004257480859,-7.9082,1.0,1.0,0.0,1.0,5.0,6.0,3.0,9.0,4.0,3.75
T,0,4532017175691247,-6.9952,1.0,1.0,0.0,1.0,2.0,4.0,3.0306,9.0,3.0,4.0
T,0,4242424643547464,-6.811,1.0,1.0,0.0,1.0,1.0,4.0,2.0778,6.0,8.0,4.0625
T,0,4242423156167388,-7.0048,1.0,1.0,0.0,1.0,1.0,4.0,2.9056,8.0,3.0,4.125
T,0,5555558193621984,-8.2173,1.0,1.0,0.0,1.0,4.0,5.0,2.6556,8.0,6.0,5.0625
T,0,5105100065187322,-7.0327,1.0,1.0,0.0,1.0,3.0,5.0,2.7806,8.0,4.0,2.875
T,0,5105100274165732,-7.7382,1.0,1.0,0.0,1.0,3.0,5.0,2.8585,8.0,3.0,3.0625
T,0,6011008696153591,-7.3537,1.0,1.0,0.0,1.0,5.0,6.0,2.6556,7.0,4.0,3.8125
T,0,6011006793871774,0.2322,1.0,1.0,1.0,1.0,5.0,6.0,2.7806,8.0,4.0,4.1875
T,0,4242426489591012,-6.7853,1.0,1.0,0.0,1.0,1.0,4.0,2.75,8.0,4.0,3.9375
T,0,4111114963979074,-6.6798,1.0,1.0,0.0,1.0,0.0,4.0,2.555,7.0,5.0,4.1875
T,0,5555557306851243,-7.4959,1.0,1.0,0.0,1.0,4.0,5.0,2.6468,9.0,7.0,4.3125
T,0,4111119825848726,-6.7777,1.0,1.0,0.0,1.0,0.0,4.0,2.7272,8.0,5.0,4.25
T,0,5105105425038564,-7.4277,1.0,1.0,0.0,1.0,3.0,5.0,2.7272,8.0,5.0,3.375
T,0,6011006741434354,-7.6351,1.0,1.0,0.0,1.0,5.0,6.0,2.6556,7.0,4.0,3.0625
T,0,4111112805993641,-6.7778,1.0,1.0,0.0,1.0,0.0,4.0,2.7806,9.0,6.0,3.5
T,0,5555557687539630,-8.2189,1.0,1.0,0.0,1.0,4.0,5.0,2.3968,7.0,7.0,5.25
T,0,4242424606920737,-6.9228,1.0,1.0,0.0,1.0,1.0,4.0,2.625,7.0,4.0,3.875
T,0,4111119805365939,-6.7887,1.0,1.0,0.0,1.0,0.0,4.0,2.7272,8.0,5.0,4.125
T,0,4111113089389317,-7.123,1.0,1.0,0.0,1.0,0.0,4.0,2.4835,7.0,6.0,3.75
T,0,4242420331797252,-6.8419,1.0,1.0,0.0,1.0,1.0,4.0,2.7272,8.0,5.0,3.5625
T,0,4111114155028545,-7.6254,1.0,1.0,0.0,1.0,0.0,4.0,2.2335,6.0,6.0,3.0
T,0,4242424457143482,-6.9553,1.0,1.0,0.0,1.0,1.0,4.0,2.2718,7.0,7.0,3.75
T,0,5105101752015364,-7.0536,1.0,1.0,0.0,1.0,3.0,5.0,2.7028,8.0,4.0,2.875
T,0,4111117451900697,-6.9825,1.0,1.0,0.0,1.0,0.0,4.0,2.5306,7.0,6.0,3.5625
T,0,5105106828045623,1.7065,1.0,1.0,1.0,1.0,3.0,5.0,2.9056,8.0,3.0,3.5
T,0,4111113444183042,-7.5377,1.0,1.0,0.0,1.0,0.0,4.0,2.18,6.0,6.0,2.625
T,0,4242422955778915,-8.3953,1.0,1.0,0.0,1.0,1.0,4.0,2.6556,7.0,4.0,4.75
T,0,4532016330964823,-7.5893,1.0,1.0,0.0,1.0,2.0,4.0,3.0,9.0,4.0,3.6875
T,0,4242426691324612,-7.3955,1.0,1.0,0.0,1.0,1.0,4.0,2.3522,6.0,5.0,3.625
T,0,5105108201095376,-7.6424,1.0,1.0,0.0,1.0,3.0,5.0,2.9056,9.0,4.0,3.3125
T,0,5105103273780723,-7.5792,1.0,1.0,0.0,1.0,3.0,5.0,2.7335,7.0,3.0,3.375
T,0,5105105980917446,-6.9189,1.0,1.0,0.0,1.0,3.0,5.0,2.8585,8.0,3.0,4.0625
T,0,6011002327907816,-7.7274,1.0,1.0,0.0,1.0,5.0,6.0,2.8278,8.0,4.0,3.3125
T,0,4532011577488400,-7.3323,1.0,1.0,0.0,1.0,2.0,4.0,2.9056,8.0,3.0,3.6875
T,0,5105107041163262,-7.3415,1.0,1.0,0.0,1.0,3.0,5.0,2.8278,8.0,4.0,2.75
T,0,4111114377570291,-6.8984,1.0,1.0,0.0,1.0,0.0,4.0,2.6085,8.0,6.0,3.375
T,0,6011004985582914,-7.1102,1.0,1.0,0.0,1.0,5.0,6.0,2.9056,8.0,3.0,3.9375
T,0,6011002253500692,-6.9301,1.0,1.0,0.0,1.0,5.0,6.0,2.6022,7.0,5.0,2.625
T,0,4111110363356412,-6.9353,1.0,1.0,0.0,1.0,0.0,4.0,2.4835,7.0,6.0,2.625
T,0,4111113830274069,-7.4307,1.0,1.0,0.0,1.0,0.0,4.0,2.8994,9.0,5.0,3.1875
T,0,5105107191649697,-7.6329,1.0,1.0,0.0,1.0,3.0,5.0,2.7028,7.0,4.0,4.4375
T,0,4532016083146835,-7.3323,1.0,1.0,0.0,1.0,2.0,4.0,2.9528,8.0,3.0,3.6875
T,0,6011005857464264,-7.4431,1.0,1.0,0.0,1.0,5.0,6.0,2.8585,8.0,3.0,3.6875
T,0,4532013348243578,-6.7844,1.0,1.0,0.0,1.0,2.0,4.0,2.8278,8.0,4.0,3.875
T,0,4242426556237020,-7.0178,1.0,1.0,0.0,1.0,1.0,4.0,2.6022,7.0,5.0,3.375
T,0,5555551271326897,-8.2582,1.0,1.0,0.0,1.0,4.0,5.0,2.6556,8.0,6.0,4.75
T,0,6011002802520900,-8.5883,1.0,1.0,0.0,1.0,5.0,6.0,2.3496,7.0,7.0,2.25
T,0,5105109102740088,-7.2999,1.0,1.0,0.0,1.0,3.0,5.0,2.7272,8.0,5.0,3.1875
T,0,4242421443887888,3.2307,1.0,1.0,1.0,1.0,1.0,4.0,2.2516,6.0,5.0,4.8125
T,0,4532015123894947,-7.0509,1.0,1.0,0.0,1.0,2.0,4.0,3.0778,9.0,3.0,4.1875
T,0,6011002379679719,-7.2955,1.0,1.0,0.0,1.0,5.0,6.0,2.6863,7.0,3.0,4.25
T,0,4242428510411820,-7.0262,1.0,1.0,0.0,1.0,1.0,4.0,2.4528,6.0,4.0,3.0
T,0,5555554799979287,-8.6534,1.0,1.0,0.0,1.0,4.0,5.0,2.2335,6.0,6.0,6.3125
T,0,4242424072583137,-6.9995,1.0,1.0,0.0,1.0,1.0,4.0,2.75,8.0,4.0,3.625
T,0,4111110601619194,-8.1426,1.0,1.0,0.0,1.0,0.0,4.0,2.0,5.0,8.0,2.875
T,0,5105107997815594,-8.5652,1.0,1.0,0.0,1.0,3.0,5.0,2.6556,7.0,4.0,4.75
T,0,4242429828815658,-7.228,1.0,1.0,0.0,1.0,1.0,4.0,2.5778,7.0,4.0,4.875
T,0,5555558001368364,-6.8732,1.0,1.0,0.0,1.0,4.0,5.0,2.5306,7.0,6.0,4.3125
T,0,5105108223398327,-7.5254,1.0,1.0,0.0,1.0,3.0,5.0,2.9056,8.0,3.0,3.6875
T,0,4532011297027173,-7.526,1.0,1.0,0.0,1.0,2.0,4.0,2.8585,8.0,3.0,3.375
T,0,4532018788090201,-7.2486,1.0,1.0,0.0,1.0,2.0,4.0,2.9528,9.0,4.0,3.625
T,0,4242421401264875,-6.885,1.0,1.0,0.0,1.0,1.0,4.0,2.6494,8.0,5.0,3.5
T,0,6011003044031603,-9.2102,1.0,1.0,0.0,1.0,5.0,6.0,2.1863,5.0,6.0,2.0
T,0,4532016691771192,-7.2024,1.0,1.0,0.0,1.0,2.0,4.0,3.0,9.0,4.0,4.0
T,0,4111119633765153,-7.1502,1.0,1.0,0.0,1.0,0.0,4.0,2.4835,7.0,6.0,3.5625
T,0,5555558869769638,-8.5476,1.0,1.0,0.0,1.0,4.0,5.0,2.3113,6.0,6.0,6.25
T,0,4111117728988842,-7.1119,1.0,1.0,0.0,1.0,0.0,4.0,2.3994,6.0,5.0,4.5
T,0,4111112102149533,-7.425,1.0,1.0,0.0,1.0,0.0,4.0,2.3968,7.0,7.0,2.4375
T,0,5555559315391080,-6.5148,1.0,1.0,0.0,1.0,4.0,5.0,2.2718,6.0,7.0,4.3125
T,0,5555552614348487,-7.9882,1.0,1.0,0.0,1.0,4.0,5.0,2.6085,8.0,6.0,4.8125
T,0,4532017169174358,-7.1775,1.0,1.0,0.0,1.0,2.0,4.0,3.2028,10.0,3.0,4.125
T,0,4111116036408168,-7.0746,1.0,1.0,0.0,1.0,0.0,4.0,2.3585,6.0,6.0,3.1875
T,0,4242425834155412,-7.5111,1.0,1.0,0.0,1.0,1.0,4.0,2.3522,6.0,5.0,3.5
T,0,4111110438461907,-6.8621,1.0,1.0,0.0,1.0,0.0,4.0,2.6085,8.0,6.0,3.1875
T,0,5105105430145039,-6.793,1.0,1.0,0.0,1.0,3.0,5.0,2.4528,6.0,4.0,2.875
T,0,5105100261653397,-7.7191,1.0,1.0,0.0,1.0,3.0,5.0,2.8585,8.0,3.0,3.375
T,0,5105103505757650,-7.1203,1.0,1.0,0.0,1.0,3.0,5.0,2.2806,6.0,6.0,3.4375
T,0,5555550079283190,1.8745,1.0,1.0,1.0,1.0,4.0,5.0,2.6085,8.0,6.0,4.3125
T,0,4532018989927830,-7.8559,1.0,1.0,0.0,1.0,2.0,4.0,3.0306,9.0,3.0,4.875
T,0,5105103450188700,-7.2041,1.0,1.0,0.0,1.0,3.0,5.0,2.555,7.0,5.0,3.0
T,0,5105100116035303,-7.959,1.0,1.0,0.0,1.0,3.0,5.0,2.18,5.0,5.0,2.125
T,0,4532014361632296,-7.1574,1.0,1.0,0.0,1.0,2.0,4.0,2.8585,8.0,3.0,3.5625
T,0,6011006384220222,-7.2479,1.0,1.0,0.0,1.0,5.0,6.0,2.5244,7.0,5.0,2.4375
T,0,5105102905930224,-7.6025,1.0,1.0,0.0,1.0,3.0,5.0,2.6556,7.0,4.0,3.0
T,0,4242426642839647,-7.7655,1.0,1.0,0.0,1.0,1.0,4.0,2.4772,7.0,5.0,4.5625
T,0,4111117240145712,-7.2985,1.0,1.0,0.0,1.0,0.0,4.0,2.2246,6.0,7.0,2.625
T,0,4532012287272551,-7.0007,1.0,1.0,0.0,1.0,2.0,4.0,2.7272,8.0,5.0,3.5
T,0,6011005777384276,-7.1616,1.0,1.0,0.0,1.0,5.0,6.0,2.9528,9.0,4.0,4.0
T,0,5105109296693516,-7.2628,1.0,1.0,0.0,1.0,3.0,5.0,2.6863,7.0,3.0,4.25
T,0,4532018528632842,-6.9037,1.0,1.0,0.0,1.0,2.0,4.0,2.8278,8.0,4.0,3.9375
T,0,4111118236570793,-8.0023,1.0,1.0,0.0,1.0,0.0,4.0,3.0244,10.0,5.0,3.6875
T,0,5105102301846961,-7.6424,1.0,1.0,0.0,1.0,3.0,5.0,2.9528,9.0,4.0,3.25
T,0,5555551620206361,-7.0004,1.0,1.0,0.0,1.0,4.0,5.0,2.3585,6.0,6.0,3.5625
T,0,4242422477604122,-7.2413,1.0,1.0,0.0,1.0,1.0,4.0,2.18,6.0,6.0,3.3125
T,0,4532019130032145,-7.0379,1.0,1.0,0.0,1.0,2.0,4.0,2.7335,7.0,3.0,2.6875
T,0,5555558952614707,-9.2102,1.0,1.0,0.0,1.0,4.0,5.0,2.6468,9.0,7.0,4.9375
T,0,4532016401482467,-7.5748,1.0,1.0,0.0,1.0,2.0,4.0,3.0,9.0,4.0,3.5625
T,0,4242428184430999,-7.4777,1.0,1.0,0.0,1.0,1.0,4.0,2.555,7.0,5.0,4.5625
T,0,4111116279542399,-6.7887,1.0,1.0,0.0,1.0,0.0,4.0,2.7272,8.0,5.0,4.0625
T,0,4242421465260354,-7.6658,1.0,1.0,0.0,1.0,1.0,4.0,2.5244,7.0,5.0,3.375
T,0,5555558253924130,-6.9494,1.0,1.0,0.0,1.0,4.0,5.0,2.5218,8.0,7.0,4.1875
T,0,6011005647852599,-7.2879,1.0,1.0,0.0,1.0,5.0,6.0,3.0306,9.0,3.0,4.25
T,0,4111112522819127,-7.0349,1.0,1.0,0.0,1.0,0.0,4.0,2.2718,7.0,7.0,3.0
T,0,5555554969172542,-8.2424,1.0,1.0,0.0,1.0,4.0,5.0,2.3968,7.0,7.0,4.9375
T,0,4111110577167598,-6.716,1.0,1.0,0.0,1.0,0.0,4.0,2.6085,8.0,6.0,4.0
T,0,4532018189674838,-7.9675,1.0,1.0,0.0,1.0,2.0,4.0,3.125,10.0,4.0,4.8125
T,0,5555550023344062,-7.136,1.0,1.0,0.0,1.0,4.0,5.0,2.3585,6.0,6.0,3.375
T,0,6011000312069690,-7.6926,1.0,1.0,0.0,1.0,5.0,6.0,2.3113,6.0,6.0,2.75
T,0,4242421219306083,-7.3689,1.0,1.0,0.0,1.0,1.0,4.0,2.8278,8.0,4.0,3.1875
T,0,4111115496142500,2.898,1.0,1.0,1.0,1.0,0.0,4.0,2.4835,7.0,6.0,2.8125
T,0,5105105526436394,-7.5738,1.0,1.0,0.0,1.0,3.0,5.0,2.875,8.0,4.0,3.6875
T,0,5555550899829317,-8.2102,1.0,1.0,0.0,1.0,4.0,5.0,2.6085,8.0,6.0,5.375
T,0,4242424822771021,-7.215,1.0,1.0,0.0,1.0,1.0,4.0,2.2806,6.0,6.0,3.25
T,0,5555559991672402,-8.5679,1.0,1.0,0.0,1.0,4.0,5.0,2.6085,8.0,6.0,4.9375
T,0,5105102635792990,-6.8784,1.0,1.0,0.0,1.0,3.0,5.0,2.8585,8.0,3.0,4.0
T,0,6011002746171186,-7.2788,1.0,1.0,0.0,1.0,5.0,6.0,2.555,7.0,5.0,3.1875
T,0,4532012374976528,-7.1665,1.0,1.0,0.0,1.0,2.0,4.0,3.2028,10.0,3.0,4.25
T,0,5555557483294198,-8.0931,1.0,1.0,0.0,1.0,4.0,5.0,2.6556,8.0,6.0,5.3125
T,0,6011004239971236,-7.9575,1.0,1.0,0.0,1.0,5.0,6.0,2.9056,8.0,3.0,3.375
T,0,4111114877251007,-7.4757,1.0,1.0,0.0,1.0,0.0,4.0,2.4835,7.0,6.0,3.125
T,0,4111117860444182,-6.9612,1.0,1.0,0.0,1.0,0.0,4.0,2.4056,7.0,6.0,3.3125
T,0,4532019886375772,4.375,1.0,1.0,1.0,1.0,2.0,4.0,3.2028,10.0,3.0,4.8125
T,0,4532013521867059,-6.9719,1.0,1.0,0.0,1.0,2.0,4.0,3.2028,10.0,3.0,3.8125
T,0,5105105410046175,-7.8304,1.0,1.0,0.0,1.0,3.0,5.0,2.375,6.0,4.0,2.8125
T,0,5105109049964800,-6.6089,1.0,1.0,0.0,1.0,3.0,5.0,2.6022,7.0,5.0,3.8125
T,0,4242420070972616,-7.2971,1.0,1.0,0.0,1.0,1.0,4.0,2.6556,7.0,4.0,3.5
T,0,4242424918543235,-6.9545,1.0,1.0,0.0,1.0,1.0,4.0,2.5244,7.0,5.0,3.875
T,0,6011003560225643,-7.4348,1.0,1.0,0.0,1.0,5.0,6.0,2.7028,7.0,4.0,2.75
T,0,5555555931360006,-6.314,1.0,1.0,0.0,1.0,4.0,5.0,2.2246,6.0,7.0,3.9375
T,0,4111119028863418,-6.6831,1.0,1.0,0.0,1.0,0.0,4.0,2.6085,8.0,6.0,3.625
T,0,6011008501444282,1.2678,1.0,1.0,1.0,1.0,5.0,6.0,2.6556,7.0,4.0,2.875
T,0,4532013359328401,-7.6325,1.0,1.0,0.0,1.0,2.0,4.0,2.875,8.0,4.0,3.3125
T,0,5555559436367224,2.1096,1.0,1.0,1.0,1.0,4.0,5.0,2.5306,7.0,6.0,4.75
T,0,4532011343696622,-7.1574,1.0,1.0,0.0,1.0,2.0,4.0,2.8585,8.0,3.0,3.5625
T,0,4532012444933171,-7.4779,1.0,1.0,0.0,1.0,2.0,4.0,2.7806,8.0,4.0,3.3125
T,0,4532010653839485,-7.0357,1.0,1.0,0.0,1.0,2.0,4.0,3.0306,9.0,3.0,4.125
T,0,5555557477141463,-7.9954,1.0,1.0,0.0,1.0,4.0,5.0,2.3113,6.0,6.0,4.625
T,0,5105109259535561,-6.9939,1.0,1.0,0.0,1.0,3.0,5.0,2.4835,7.0,6.0,3.875
T,0,5555553889241428,-8.5119,1.0,1.0,0.0,1.0,4.0,5.0,2.4835,7.0,6.0,4.9375
T,0,5105101152369277,1.0914,1.0,1.0,1.0,1.0,3.0,5.0,2.8278,8.0,4.0,3.4375
T,0,4111117980215652,-6.8414,1.0,1.0,0.0,1.0,0.0,4.0,2.7806,9.0,6.0,3.375
T,0,5105106808367566,-7.3081,1.0,1.0,0.0,1.0,3.0,5.0,2.6556,7.0,4.0,4.1875
T,0,5105103150134281,2.8151,1.0,1.0,1.0,1.0,3.0,5.0,2.555,7.0,5.0,2.5
T,0,5105105366270505,-7.8792,1.0,1.0,0.0,1.0,3.0,5.0,2.5244,7.0,5.0,3.1875
T,0,4532018528117672,-6.7702,1.0,1.0,0.0,1.0,2.0,4.0,3.0306,9.0,3.0,3.875
T,0,5105104645356005,-7.3966,1.0,1.0,0.0,1.0,3.0,5.0,2.3994,6.0,5.0,3.125
T,0,6011003403939375,-7.704,1.0,1.0,0.0,1.0,5.0,6.0,2.75,8.0,4.0,3.375
T,0,5555555846259117,-7.597,1.0,1.0,0.0,1.0,4.0,5.0,2.375,8.0,8.0,4.875
T,0,4242424501414840,-7.0751,1.0,1.0,0.0,1.0,1.0,4.0,2.2246,6.0,7.0,3.0625
T,0,4532011300879838,-6.4383,1.0,1.0,0.0,1.0,2.0,4.0,2.9835,9.0,3.0,3.875
T,0,6011006643775558,-6.9564,1.0,1.0,0.0,1.0,5.0,6.0,2.8585,8.0,3.0,4.0
T,0,4242428118239550,2.6684,1.0,1.0,1.0,1.0,1.0,4.0,2.8278,8.0,4.0,3.75
T,0,6011009027537825,-8.1445,1.0,1.0,0.0,1.0,5.0,6.0,3.0,9.0,4.0,3.5
T,0,5555551386053482,0.9878,1.0,1.0,1.0,1.0,4.0,5.0,2.5218,8.0,7.0,4.375
T,0,4242425598196663,-8.0102,1.0,1.0,0.0,1.0,1.0,4.0,2.8585,8.0,3.0,4.75
T,0,5555558358537182,-8.5984,1.0,1.0,0.0,1.0,4.0,5.0,2.0778,6.0,8.0,5.0
T,0,4242420948421041,-7.215,1.0,1.0,0.0,1.0,1.0,4.0,2.2806,6.0,6.0,3.1875
T,0,4111118441824924,-7.2401,1.0,1.0,0.0,1.0,0.0,4.0,2.055,5.0,6.0,3.4375
T,0,4532014018356633,-7.7603,1.0,1.0,0.0,1.0,2.0,4.0,2.875,8.0,4.0,3.375
T,0,4242422214249279,-7.9033,1.0,1.0,0.0,1.0,1.0,4.0,1.9212,5.0,7.0,3.75
T,0,6011002416806182,-6.8256,1.0,1.0,0.0,1.0,5.0,6.0,2.4528,6.0,4.0,2.875
T,0,6011007264402899,-7.7251,1.0,1.0,0.0,1.0,5.0,6.0,2.875,8.0,4.0,3.6875
T,0,5555558146739839,1.125,1.0,1.0,1.0,1.0,4.0,5.0,2.6556,8.0,6.0,5.5
T,0,6011004094908570,-7.348,1.0,1.0,0.0,1.0,5.0,6.0,2.6556,8.0,6.0,3.375
T,0,6011003346456335,-7.3944,1.0,1.0,0.0,1.0,5.0,6.0,2.5306,6.0,4.0,3.125
T,0,4111119096106120,-7.2985,1.0,1.0,0.0,1.0,0.0,4.0,2.2246,6.0,7.0,2.6875
T,0,4111117502674297,-6.7558,1.0,1.0,0.0,1.0,0.0,4.0,2.7272,8.0,5.0,3.625
T,0,5105107141842294,-7.7038,1.0,1.0,0.0,1.0,3.0,5.0,2.8278,8.0,4.0,3.375
T,0,4242427684772033,-6.5298,1.0,1.0,0.0,1.0,1.0,4.0,2.5778,7.0,4.0,4.0625
T,0,5105107201020863,-6.8001,1.0,1.0,0.0,1.0,3.0,5.0,2.7272,8.0,5.0,2.5625
T,0,5555558714877336,-7.9986,1.0,1.0,0.0,1.0,4.0,5.0,2.4835,7.0,6.0,5.25
T,0,4242429087040678,-7.3174,1.0,1.0,0.0,1.0,1.0,4.0,2.6556,7.0,4.0,4.1875
T,0,4532014673227369,2.268,1.0,1.0,1.0,1.0,2.0,4.0,3.0306,9.0,3.0,4.0
T,0,5105106147787187,-7.2256,1.0,1.0,0.0,1.0,3.0,5.0,2.625,7.0,4.0,4.25
T,0,6011004651263188,-7.7967,1.0,1.0,0.0,1.0,5.0,6.0,2.7806,8.0,4.0,3.25
T,0,4532012918486955,-7.3581,1.0,1.0,0.0,1.0,2.0,4.0,3.0778,9.0,3.0,4.5
T,0,5105102024510736,-7.0246,1.0,1.0,0.0,1.0,3.0,5.0,2.7806,8.0,4.0,2.625
T,0,4532011016727964,2.8385,1.0,1.0,1.0,1.0,2.0,4.0,3.0778,9.0,3.0,3.625
T,0,5555550330430308,-7.6464,1.0,1.0,0.0,1.0,4.0,5.0,2.0306,5.0,6.0,3.375
T,0,4242421104499190,-7.1652,1.0,1.0,0.0,1.0,1.0,4.0,2.2579,5.0,5.0,3.5
T,0,4532015343568886,-7.0586,1.0,1.0,0.0,1.0,2.0,4.0,2.8585,8.0,3.0,4.4375
T,0,4532015968097140,-7.137,1.0,1.0,0.0,1.0,2.0,4.0,3.2028,10.0,3.0,4.0
T,0,6011003310281861,-7.2037,1.0,1.0,0.0,1.0,5.0,6.0,2.3994,6.0,5.0,2.5625
T,0,4111119851495692,-6.9935,1.0,1.0,0.0,1.0,0.0,4.0,2.4835,7.0,6.0,4.1875
T,0,4242426432507688,-6.9781,1.0,1.0,0.0,1.0,1.0,4.0,2.75,8.0,4.0,4.1875
T,0,4242423547045851,-6.836,1.0,1.0,0.0,1.0,1.0,4.0,2.68,8.0,5.0,3.75
T,0,4111113644843127,-7.022,1.0,1.0,0.0,1.0,0.0,4.0,2.4056,7.0,6.0,3.1875
T,0,4242424743221815,-6.9525,1.0,1.0,0.0,1.0,1.0,4.0,2.4238,7.0,5.0,3.4375
T,0,4111115893798871,-7.7196,1.0,1.0,0.0,1.0,0.0,4.0,2.4835,7.0,6.0,4.625
T,0,4111111785850454,-7.2643,1.0,1.0,0.0,1.0,0.0,4.0,2.3113,6.0,6.0,3.5
T,0,6011006885526281,-8.2752,1.0,1.0,0.0,1.0,5.0,6.0,2.5613,6.0,3.0,3.6875
T,0,6011003456004900,1.4974,1.0,1.0,1.0,1.0,5.0,6.0,2.3968,7.0,7.0,2.4375
T,0,5105102116083033,-7.8153,1.0,1.0,0.0,1.0,3.0,5.0,2.5778,7.0,4.0,2.4375
T,0,4242423534568596,-7.7134,1.0,1.0,0.0,1.0,1.0,4.0,2.6556,7.0,4.0,4.5
T,0,4532016200490315,-7.4446,1.0,1.0,0.0,1.0,2.0,4.0,2.875,8.0,4.0,2.8125
T,0,5105107147049155,1.8757,1.0,1.0,1.0,1.0,3.0,5.0,2.4528,6.0,4.0,3.4375
T,0,4111114445721721,-7.9691,1.0,1.0,0.0,1.0,0.0,4.0,2.0218,5.0,7.0,2.875
T,0,4532015999417209,-7.3663,1.0,1.0,0.0,1.0,2.0,4.0,2.875,8.0,4.0,4.375
T,0,5555550533461175,-6.876,1.0,1.0,0.0,1.0,4.0,5.0,2.25,7.0,8.0,4.0625
T,0,4111117937054791,-7.0702,1.0,1.0,0.0,1.0,0.0,4.0,2.4835,7.0,6.0,3.8125
T,0,5105109519373693,-7.2628,1.0,1.0,0.0,1.0,3.0,5.0,2.6863,7.0,3.0,4.1875
T,0,5105101148416865,-7.2826,1.0,1.0,0.0,1.0,3.0,5.0,2.4772,6.0,5.0,3.5
T,0,4532013874416239,-6.912,1.0,1.0,0.0,1.0,2.0,4.0,3.1556,10.0,3.0,3.875
T,0,6011000508515159,-7.1275,1.0,1.0,0.0,1.0,5.0,6.0,2.2744,6.0,5.0,2.9375
T,0,4532010352526886,-7.3323,1.0,1.0,0.0,1.0,2.0,4.0,2.9056,8.0,3.0,3.75
T,0,4111115533123052,-7.6127,1.0,1.0,0.0,1.0,0.0,4.0,2.3113,6.0,6.0,2.375
T,0,6011002301370372,-7.1171,1.0,1.0,0.0,1.0,5.0,6.0,2.43,6.0,5.0,2.25
T,0,4242421931900186,-7.3381,1.0,1.0,0.0,1.0,1.0,4.0,2.8585,8.0,3.0,3.5
T,0,4532017055134662,-7.6863,1.0,1.0,0.0,1.0,2.0,4.0,2.9528,8.0,3.0,3.375
T,0,4111113321001071,-7.5534,1.0,1.0,0.0,1.0,0.0,4.0,2.0778,6.0,8.0,1.6875
T,0,5105102755906577,-6.7272,1.0,1.0,0.0,1.0,3.0,5.0,2.555,7.0,5.0,4.0625
T,0,4532017915370470,-7.3323,1.0,1.0,0.0,1.0,2.0,4.0,2.9056,8.0,3.0,3.625
T,0,4242421879528084,-7.3493,1.0,1.0,0.0,1.0,1.0,4.0,2.7028,8.0,4.0,4.375
T,0,6011003709013470,-6.9765,1.0,1.0,0.0,1.0,5.0,6.0,2.4835,7.0,6.0,2.625
T,0,4242427197088653,-7.8793,1.0,1.0,0.0,1.0,1.0,4.0,3.1556,10.0,3.0,4.5
T,0,4242423384230976,-6.9959,1.0,1.0,0.0,1.0,1.0,4.0,2.7028,8.0,4.0,3.9375
T,0,5105107497409160,-7.521,1.0,1.0,0.0,1.0,3.0,5.0,2.7028,7.0,4.0,3.6875
T,0,5555552313556978,-8.0693,1.0,1.0,0.0,1.0,4.0,5.0,2.375,8.0,8.0,4.9375
T,0,6011005892959297,-8.0961,1.0,1.0,0.0,1.0,5.0,6.0,2.8278,8.0,4.0,4.5625
T,0,5555554112597098,-8.0857,1.0,1.0,0.0,1.0,4.0,5.0,2.5218,8.0,7.0,4.75
T,0,4242420015817085,-7.1361,1.0,1.0,0.0,1.0,1.0,4.0,2.7335,7.0,3.0,3.3125
T,0,5105100226935808,1.0914,1.0,1.0,1.0,1.0,3.0,5.0,2.8278,8.0,4.0,3.4375
T,0,4111116045645119,-7.0939,1.0,1.0,0.0,1.0,0.0,4.0,2.2246,6.0,7.0,3.125
T,0,5555559310068124,-6.529,1.0,1.0,0.0,1.0,4.0,5.0,2.7806,9.0,6.0,4.0
T,0,4242423775991595,-8.1269,1.0,1.0,0.0,1.0,1.0,4.0,2.6863,7.0,3.0,4.875
T,0,4532017698157171,-7.2088,1.0,1.0,0.0,1.0,2.0,4.0,3.0778,10.0,4.0,4.1875
T,0,4242420194344063,-7.4898,1.0,1.0,0.0,1.0,1.0,4.0,2.4835,7.0,6.0,3.25
T,0,5105107435641896,-7.2099,1.0,1.0,0.0,1.0,3.0,5.0,3.0306,9.0,3.0,4.0625
T,0,4242423563849303,-6.8765,1.0,1.0,0.0,1.0,1.0,4.0,2.7028,8.0,4.0,3.875
T,0,6011001642717016,-7.545,1.0,1.0,0.0,1.0,5.0,6.0,2.3522,6.0,5.0,2.6875
T,0,4532019882427510,2.9411,1.0,1.0,1.0,1.0,2.0,4.0,3.0778,9.0,3.0,3.8125
T,0,5555557758040068,-7.374,1.0,1.0,0.0,1.0,4.0,5.0,2.2246,6.0,7.0,4.6875
T,0,4242421057870207,-7.1914,1.0,1.0,0.0,1.0,1.0,4.0,2.6085,7.0,4.0,3.4375
T,0,4532015172148729,-6.8302,1.0,1.0,0.0,1.0,2.0,4.0,3.0306,9.0,3.0,3.8125
T,0,6011009130225112,-8.1157,1.0,1.0,0.0,1.0,5.0,6.0,2.4772,7.0,5.0,2.125
T,0,5555551050685205,-0.4089,1.0,1.0,1.0,1.0,4.0,5.0,1.9197,6.0,9.0,3.875
T,0,4532016372216451,-7.5586,1.0,1.0,0.0,1.0,2.0,4.0,2.9056,8.0,3.0,3.25
T,0,4532017576688974,-8.6016,1.0,1.0,0.0,1.0,2.0,4.0,3.2028,10.0,3.0,5.125
T,0,4532013669312635,-7.1822,1.0,1.0,0.0,1.0,2.0,4.0,2.8278,8.0,4.0,3.6875
T,0,6011003403991134,1.6194,1.0,1.0,1.0,1.0,5.0,6.0,2.4528,6.0,4.0,2.8125
T,0,6011001431095418,-7.0556,1.0,1.0,0.0,1.0,5.0,6.0,2.6494,8.0,5.0,2.75
T,0,6011009064112261,-7.6517,1.0,1.0,0.0,1.0,5.0,6.0,2.3522,6.0,5.0,2.5
T,0,4242421584665409,-6.887,1.0,1.0,0.0,1.0,1.0,4.0,2.7272,8.0,5.0,4.125
T,0,4242426496735761,-7.5561,1.0,1.0,0.0,1.0,1.0,4.0,2.7806,8.0,4.0,4.5
T,0,6011005865730450,-7.4512,1.0,1.0,0.0,1.0,5.0,6.0,2.7272,8.0,5.0,3.1875
T,0,5555555735068646,1.9193,1.0,1.0,1.0,1.0,4.0,5.0,2.2028,7.0,8.0,5.0
T,0,5105106225319570,-7.6454,1.0,1.0,0.0,1.0,3.0,5.0,2.7806,8.0,4.0,3.25
T,0,6011006919771055,-7.1575,1.0,1.0,0.0,1.0,5.0,6.0,2.5,6.0,4.0,3.625
T,0,4111111440999363,-7.1246,1.0,1.0,0.0,1.0,0.0,4.0,2.3113,6.0,6.0,3.5625
T,0,5555556306311049,-6.8262,1.0,1.0,0.0,1.0,4.0,5.0,2.5306,7.0,6.0,3.9375
T,0,5555553652592682,-8.1039,1.0,1.0,0.0,1.0,4.0,5.0,2.0778,6.0,8.0,4.875
T,0,6011008188004156,-7.681,1.0,1.0,0.0,1.0,5.0,6.0,2.3522,6.0,5.0,3.0625
T,0,5555551347457805,-7.889,1.0,1.0,0.0,1.0,4.0,5.0,2.25,7.0,8.0,4.625
T,0,4532010041431190,-8.1724,1.0,1.0,0.0,1.0,2.0,4.0,2.5778,7.0,4.0,2.375
T,0,5105108275216236,1.9603,1.0,1.0,1.0,1.0,3.0,5.0,2.8585,8.0,3.0,3.375
T,0,4242423809180461,-7.112,1.0,1.0,0.0,1.0,1.0,4.0,2.8278,8.0,4.0,3.625
T,0,6011009647534297,-7.1168,1.0,1.0,0.0,1.0,5.0,6.0,3.0778,9.0,3.0,4.0
T,0,4242429896154881,-8.1502,1.0,1.0,0.0,1.0,1.0,4.0,2.6556,7.0,4.0,4.8125
T,0,5105102023497620,-7.3944,1.0,1.0,0.0,1.0,3.0,5.0,2.9528,9.0,4.0,2.9375
T,0,4242429327632478,2.514,1.0,1.0,1.0,1.0,1.0,4.0,2.5244,7.0,5.0,4.3125
T,0,6011006557280386,0.4148,1.0,1.0,1.0,1.0,5.0,6.0,2.8278,8.0,4.0,3.625
T,0,6011009579060892,-7.0862,1.0,1.0,0.0,1.0,5.0,6.0,2.7272,8.0,5.0,3.9375
T,0,4111110676294589,-7.3546,1.0,1.0,0.0,1.0,0.0,4.0,2.8994,9.0,5.0,4.0625
T,0,4242426542603077,-7.1407,1.0,1.0,0.0,1.0,1.0,4.0,2.625,7.0,4.0,3.625
T,0,4532019033364616,-7.4186,1.0,1.0,0.0,1.0,2.0,4.0,2.8278,8.0,4.0,3.5
T,0,6011002361666606,-8.0474,1.0,1.0,0.0,1.0,5.0,6.0,1.9746,5.0,7.0,3.125
T,0,4532019023031477,-7.5586,1.0,1.0,0.0,1.0,2.0,4.0,2.9056,8.0,3.0,3.1875
T,0,4111112175837618,-6.9995,1.0,1.0,0.0,1.0,0.0,4.0,2.5218,8.0,7.0,3.5625
T,0,4242425782622952,-7.1424,1.0,1.0,0.0,1.0,1.0,4.0,2.3496,7.0,7.0,4.125
T,0,5555550379963968,-8.3297,1.0,1.0,0.0,1.0,4.0,5.0,2.4835,7.0,6.0,5.625
T,0,4242422644314461,-7.8478,1.0,1.0,0.0,1.0,1.0,4.0,2.0218,5.0,7.0,3.3125
T,0,5555559164029981,-8.5679,1.0,1.0,0.0,1.0,4.0,5.0,2.6085,8.0,6.0,4.9375
T,0,5555555388010725,-6.876,1.0,1.0,0.0,1.0,4.0,5.0,2.25,7.0,8.0,4.3125
T,0,4111116383917344,-6.7592,1.0,1.0,0.0,1.0,0.0,4.0,2.4363,7.0,6.0,3.5625
T,0,6011000973554367,0.2753,1.0,1.0,1.0,1.0,5.0,6.0,2.875,8.0,4.0,3.5625
T,0,4111114919321905,-7.4484,1.0,1.0,0.0,1.0,0.0,4.0,2.3496,7.0,7.0,3.25
T,0,5105104918689038,2.1002,1.0,1.0,1.0,1.0,3.0,5.0,2.8585,8.0,3.0,4.25
T,0,4532010014406775,-7.3259,1.0,1.0,0.0,1.0,2.0,4.0,2.8278,8.0,4.0,3.0625
T,0,4242429635066097,-6.728,1.0,1.0,0.0,1.0,1.0,4.0,2.8585,8.0,3.0,4.3125
T,0,5555553707051156,-6.9134,1.0,1.0,0.0,1.0,4.0,5.0,2.125,6.0,8.0,4.0625
T,0,4532015681478934,-7.4839,1.0,1.0,0.0,1.0,2.0,4.0,3.2028,10.0,3.0,4.375
T,0,4532012049226114,-6.8651,1.0,1.0,0.0,1.0,2.0,4.0,2.7806,8.0,4.0,2.875
T,0,4532013618486221,1.8519,1.0,1.0,1.0,1.0,2.0,4.0,2.9056,8.0,3.0,3.5
T,0,4242429911062086,-7.2007,1.0,1.0,0.0,1.0,1.0,4.0,2.7028,7.0,4.0,3.75
T,0,4532010824107972,-7.7551,1.0,1.0,0.0,1.0,2.0,4.0,3.0306,9.0,3.0,3.4375
T,0,4532017896547095,-8.0011,1.0,1.0,0.0,1.0,2.0,4.0,3.2028,10.0,3.0,4.6875
T,0,4111110732788133,3.0446,1.0,1.0,1.0,1.0,0.0,4.0,2.4835,7.0,6.0,3.1875
T,0,4532015542358764,2.1165,1.0,1.0,1.0,1.0,2.0,4.0,2.9528,9.0,4.0,4.0
T,0,6011003369023056,-7.1125,1.0,1.0,0.0,1.0,5.0,6.0,2.555,7.0,5.0,2.8125
T,0,5105103243612126,-7.1518,1.0,1.0,0.0,1.0,3.0,5.0,2.7028,7.0,4.0,2.625
T,0,4532019888322883,-7.8103,1.0,1.0,0.0,1.0,2.0,4.0,2.68,8.0,5.0,4.625
T,0,5105102103627677,-7.4514,1.0,1.0,0.0,1.0,3.0,5.0,2.7335,7.0,3.0,3.3125
T,0,5105101394818907,-6.952,1.0,1.0,0.0,1.0,3.0,5.0,2.8278,8.0,4.0,3.875
T,0,4242426603364381,-7.1407,1.0,1.0,0.0,1.0,1.0,4.0,2.6085,7.0,4.0,3.625
T,0,4242429796098648,-8.0701,1.0,1.0,0.0,1.0,1.0,4.0,2.6556,7.0,4.0,5.25
T,0,4111119359390336,-7.097,1.0,1.0,0.0,1.0,0.0,4.0,2.4772,7.0,5.0,3.6875
T,0,5105105764251265,-7.0778,1.0,1.0,0.0,1.0,3.0,5.0,2.6022,7.0,5.0,3.4375
T,0,5105107679499906,-8.2976,1.0,1.0,0.0,1.0,3.0,5.0,2.7028,7.0,4.0,4.875
T,0,4111115722641440,2.118,1.0,1.0,1.0,1.0,0.0,4.0,2.4056,7.0,6.0,2.75
T,0,4532016438224758,-6.9952,1.0,1.0,0.0,1.0,2.0,4.0,3.0306,9.0,3.0,4.0
T,0,5105102049043040,-7.6904,1.0,1.0,0.0,1.0,3.0,5.0,2.4835,7.0,6.0,2.375
T,0,6011007544987709,-7.1503,1.0,1.0,0.0,1.0,5.0,6.0,2.8278,8.0,4.0,4.25
T,0,4111114141819501,-8.0012,1.0,1.0,0.0,1.0,0.0,4.0,1.9197,6.0,9.0,2.6875
T,0,4111117104015668,-6.9923,1.0,1.0,0.0,1.0,0.0,4.0,2.3968,7.0,7.0,2.9375
T,0,4111116028125232,-7.1759,1.0,1.0,0.0,1.0,0.0,4.0,2.5306,8.0,6.0,2.5
T,0,4111110698154131,-6.8924,1.0,1.0,0.0,1.0,0.0,4.0,2.375,8.0,8.0,2.9375
T,0,6011001642653416,1.6074,1.0,1.0,1.0,1.0,5.0,6.0,2.5778,7.0,4.0,2.875
T,0,4242428506312817,-7.2839,1.0,1.0,0.0,1.0,1.0,4.0,2.9528,9.0,4.0,3.6875
T,0,5105108952785607,-6.999,1.0,1.0,0.0,1.0,3.0,5.0,2.8278,8.0,4.0,4.3125
T,0,5105108174228721,-7.8136,1.0,1.0,0.0,1.0,3.0,5.0,2.7028,7.0,4.0,3.375
T,0,5555553590517528,-7.6436,1.0,1.0,0.0,1.0,4.0,5.0,2.2169,8.0,9.0,4.6875
T,0,4111118021791231,-7.2184,1.0,1.0,0.0,1.0,0.0,4.0,2.375,8.0,8.0,2.6875
T,0,4242429208760855,-6.934,1.0,1.0,0.0,1.0,1.0,4.0,2.8278,8.0,4.0,4.25
T,0,5105100912550414,-7.6527,1.0,1.0,0.0,1.0,3.0,5.0,2.375,6.0,4.0,2.6875
T,0,5105102151984582,-7.4464,1.0,1.0,0.0,1.0,3.0,5.0,2.625,7.0,4.0,3.5625
T,0,5555559559640738,1.4471,1.0,1.0,1.0,1.0,4.0,5.0,2.375,8.0,8.0,5.375
T,0,6011008461602385,-7.7967,1.0,1.0,0.0,1.0,5.0,6.0,2.7806,8.0,4.0,3.1875
T,0,5105108022236655,-7.6851,1.0,1.0,0.0,1.0,3.0,5.0,2.6556,7.0,4.0,3.1875
T,0,4532010689651904,-6.8582,1.0,1.0,0.0,1.0,2.0,4.0,3.0778,9.0,3.0,3.9375
T,0,4111110028706445,-7.0507,1.0,1.0,0.0,1.0,0.0,4.0,2.68,8.0,5.0,2.8125
T,0,4111114803604719,-6.8621,1.0,1.0,0.0,1.0,0.0,4.0,2.6085,8.0,6.0,3.1875
T,0,4242425670790053,3.0969,1.0,1.0,1.0,1.0,1.0,4.0,2.8585,8.0,3.0,3.75
T,0,5105103769923159,-6.9189,1.0,1.0,0.0,1.0,3.0,5.0,2.8585,8.0,3.0,4.125
T,0,5555559574410904,-7.374,1.0,1.0,0.0,1.0,4.0,5.0,2.2246,6.0,7.0,4.5625
T,0,6011002596272444,-7.6693,1.0,1.0,0.0,1.0,5.0,6.0,2.8585,8.0,3.0,3.3125
T,0,4242428433723850,-6.3871,1.0,1.0,0.0,1.0,1.0,4.0,2.5778,7.0,4.0,3.8125
T,0,6011006606644368,1.2892,1.0,1.0,1.0,1.0,5.0,6.0,2.2806,6.0,6.0,3.5625
T,0,4111111376922791,-7.0084,1.0,1.0,0.0,1.0,0.0,4.0,2.3968,7.0,7.0,3.5
T,0,6011007696067625,-7.1576,1.0,1.0,0.0,1.0,5.0,6.0,2.5244,7.0,5.0,3.875
T,0,4242422420074380,-7.2975,1.0,1.0,0.0,1.0,1.0,4.0,2.2516,6.0,5.0,3.0
T,0,4242426105850670,-7.3381,1.0,1.0,0.0,1.0,1.0,4.0,2.8585,8.0,3.0,3.5
T,0,5105103537215675,-7.101,1.0,1.0,0.0,1.0,3.0,5.0,2.6022,7.0,5.0,3.5
T,0,4242421979884318,-8.3953,1.0,1.0,0.0,1.0,1.0,4.0,2.6556,7.0,4.0,4.75
T,0,6011000799327495,-7.1551,1.0,1.0,0.0,1.0,5.0,6.0,2.9528,9.0,4.0,3.9375
T,0,5555552073492516,-7.4959,1.0,1.0,0.0,1.0,4.0,5.0,2.6468,9.0,7.0,4.3125
T,0,4242429045030058,-6.9775,1.0,1.0,0.0,1.0,1.0,4.0,2.5778,7.0,4.0,3.25
T,0,4532014793791854,-7.3581,1.0,1.0,0.0,1.0,2.0,4.0,3.0778,9.0,3.0,4.5
T,0,5105101936187003,1.1378,1.0,1.0,1.0,1.0,3.0,5.0,2.75,8.0,4.0,3.125
T,0,4242425920756408,-6.7918,1.0,1.0,0.0,1.0,1.0,4.0,2.75,8.0,4.0,4.0
T,0,6011000049570987,-7.1181,1.0,1.0,0.0,1.0,5.0,6.0,2.6556,8.0,6.0,3.5625
T,0,5555558968544902,-8.3275,1.0,1.0,0.0,1.0,4.0,5.0,2.3968,7.0,7.0,5.3125
T,0,4242423016014238,-6.9189,1.0,1.0,0.0,1.0,1.0,4.0,2.625,7.0,4.0,2.875
T,0,4532018930149393,-6.9103,1.0,1.0,0.0,1.0,2.0,4.0,2.8278,8.0,4.0,4.0
T,0,5555553920334634,1.825,1.0,1.0,1.0,1.0,4.0,5.0,2.4056,7.0,6.0,4.1875
T,0,5105108328247357,-6.993,1.0,1.0,0.0,1.0,3.0,5.0,2.9528,8.0,3.0,3.8125
T,0,5555553668573593,-8.7962,1.0,1.0,0.0,1.0,4.0,5.0,2.0778,6.0,8.0,5.3125
T,0,6011007328480440,-7.3217,1.0,1.0,0.0,1.0,5.0,6.0,2.7272,8.0,5.0,3.0
T,0,4111111391697155,-6.9835,1.0,1.0,0.0,1.0,0.0,4.0,2.25,7.0,8.0,3.5
T,0,5555555934450493,-8.7453,1.0,1.0,0.0,1.0,4.0,5.0,1.9528,5.0,8.0,4.75
T,0,5105108146097114,-7.2999,1.0,1.0,0.0,1.0,3.0,5.0,2.7272,8.0,5.0,3.3125
T,0,4111115597804909,4.0336,1.0,1.0,1.0,1.0,0.0,4.0,2.6022,7.0,5.0,4.0625
T,0,4111119955308384,-6.6863,1.0,1.0,0.0,1.0,0.0,4.0,2.6494,7.0,5.0,3.9375
T,0,4242427623804218,-6.8111,1.0,1.0,0.0,1.0,1.0,4.0,2.6494,8.0,5.0,3.6875
T,0,4532011615562771,-7.4186,1.0,1.0,0.0,1.0,2.0,4.0,2.8278,8.0,4.0,3.5
T,0,4242425299138114,2.6882,1.0,1.0,1.0,1.0,1.0,4.0,2.5778,7.0,4.0,3.8125
T,0,5555551673848253,-7.8406,1.0,1.0,0.0,1.0,4.0,5.0,2.5218,8.0,7.0,4.8125
T,0,4532017718953508,-6.8942,1.0,1.0,0.0,1.0,2.0,4.0,3.0778,9.0,3.0,4.25
T,0,5555551722541563,-6.876,1.0,1.0,0.0,1.0,4.0,5.0,2.25,7.0,8.0,4.125
T,0,6011001891014769,-7.9334,1.0,1.0,0.0,1.0,5.0,6.0,2.5244,7.0,5.0,3.375
T,0,4111117511175088,-7.3439,1.0,1.0,0.0,1.0,0.0,4.0,2.125,6.0,8.0,3.25
T,0,5105106397392321,-7.5109,1.0,1.0,0.0,1.0,3.0,5.0,2.9056,8.0,3.0,3.5625
T,0,5555554419021269,-6.8732,1.0,1.0,0.0,1.0,4.0,5.0,2.5306,7.0,6.0,4.25
T,0,4242420822817823,-6.8327,1.0,1.0,0.0,1.0,1.0,4.0,2.4363,7.0,6.0,3.6875
T,0,4242428224286676,-6.634,1.0,1.0,0.0,1.0,1.0,4.0,2.1085,5.0,6.0,4.3125
T,0,4242428300570635,-7.3381,1.0,1.0,0.0,1.0,1.0,4.0,2.8585,8.0,3.0,3.4375
T,0,4111115832362795,-7.5521,1.0,1.0,0.0,1.0,0.0,4.0,2.8994,9.0,5.0,3.6875
T,0,6011005006573617,-7.035,1.0,1.0,0.0,1.0,5.0,6.0,2.43,6.0,5.0,3.0
T,0,5105103866257171,-7.3498,1.0,1.0,0.0,1.0,3.0,5.0,2.8278,8.0,4.0,3.625
T,0,5105106239350209,-7.6858,1.0,1.0,0.0,1.0,3.0,5.0,2.7028,7.0,4.0,3.1875
T,0,4532018128286563,-6.8646,1.0,1.0,0.0,1.0,2.0,4.0,2.9056,8.0,3.0,4.0
T,0,4532012659014615,-7.6863,1.0,1.0,0.0,1.0,2.0,4.0,2.9056,8.0,3.0,3.375
T,0,4532015638517376,-7.0357,1.0,1.0,0.0,1.0,2.0,4.0,3.0306,9.0,3.0,4.125
T,0,4532019895328101,2.3697,1.0,1.0,1.0,1.0,2.0,4.0,2.9528,8.0,3.0,3.8125
T,0,4532018086294895,-7.7287,1.0,1.0,0.0,1.0,2.0,4.0,3.0778,9.0,3.0,4.625
T,0,5105103845854037,-7.521,1.0,1.0,0.0,1.0,3.0,5.0,2.7028,7.0,4.0,3.6875
T,0,4242429000195316,-7.3586,1.0,1.0,0.0,1.0,1.0,4.0,2.8585,8.0,3.0,3.25
T,0,4111117459748191,-6.2832,1.0,1.0,0.0,1.0,0.0,4.0,2.2246,6.0,7.0,4.0
T,0,5555553220200701,-7.8107,1.0,1.0,0.0,1.0,4.0,5.0,2.2335,6.0,6.0,2.9375
T,0,5105108751823755,-6.631,1.0,1.0,0.0,1.0,3.0,5.0,2.6022,7.0,5.0,3.9375
T,0,4111114837723024,-6.78,1.0,1.0,0.0,1.0,0.0,4.0,2.6022,7.0,5.0,3.0625
T,0,4111115764444522,-7.2107,1.0,1.0,0.0,1.0,0.0,4.0,2.2988,6.0,5.0,3.25
T,0,5105100426279103,-7.3496,1.0,1.0,0.0,1.0,3.0,5.0,2.9528,9.0,4.0,2.875
T,0,6011006543280688,-7.5705,1.0,1.0,0.0,1.0,5.0,6.0,2.7806,8.0,4.0,3.625
T,0,6011005130238541,-7.1489,1.0,1.0,0.0,1.0,5.0,6.0,2.75,8.0,4.0,2.5
T,0,4532016945078903,-7.1775,1.0,1.0,0.0,1.0,2.0,4.0,3.2028,10.0,3.0,4.125
T,0,5555550345729683,-8.9235,1.0,1.0,0.0,1.0,4.0,5.0,2.6468,9.0,7.0,4.8125
T,0,4111115854907952,-6.6401,1.0,1.0,0.0,1.0,0.0,4.0,2.7272,8.0,5.0,3.9375
T,0,4532018380877710,-6.7043,1.0,1.0,0.0,1.0,2.0,4.0,2.8585,8.0,3.0,4.0
T,0,5555559605771369,-8.1303,1.0,1.0,0.0,1.0,4.0,5.0,2.3968,7.0,7.0,5.1875
T,0,5555559890318031,-6.9787,1.0,1.0,0.0,1.0,4.0,5.0,2.4056,6.0,6.0,4.5
T,0,4532016916318843,-6.9952,1.0,1.0,0.0,1.0,2.0,4.0,3.0306,9.0,3.0,4.0
T,0,4532019512664472,-6.8302,1.0,1.0,0.0,1.0,2.0,4.0,3.0306,9.0,3.0,3.8125
T,0,4111117126935536,-6.7819,1.0,1.0,0.0,1.0,0.0,4.0,2.6556,8.0,6.0,3.5
T,0,4242427498465653,-7.8248,1.0,1.0,0.0,1.0,1.0,4.0,2.7272,8.0,5.0,4.6875
T,0,4242426894149651,-6.8046,1.0,1.0,0.0,1.0,1.0,4.0,2.6022,7.0,5.0,4.4375
T,0,6011007008477301,-7.0623,1.0,1.0,0.0,1.0,5.0,6.0,2.4363,7.0,6.0,2.8125
T,0,6011001241488060,-7.2037,1.0,1.0,0.0,1.0,5.0,6.0,2.3994,6.0,5.0,2.625
T,0,4111114141158933,-7.1336,1.0,1.0,0.0,1.0,0.0,4.0,2.0778,6.0,8.0,3.0
T,0,4242424632277239,-6.6231,1.0,1.0,0.0,1.0,1.0,4.0,2.2806,6.0,6.0,3.9375
T,0,5555555419567295,-8.7128,1.0,1.0,0.0,1.0,4.0,5.0,2.0919,7.0,9.0,5.1875
T,0,5105104030695572,-7.7227,1.0,1.0,0.0,1.0,3.0,5.0,2.875,9.0,4.0,3.3125
T,0,6011006203406093,-6.9765,1.0,1.0,0.0,1.0,5.0,6.0,2.4835,7.0,6.0,2.5625
T,0,4242429639904957,-8.5497,1.0,1.0,0.0,1.0,1.0,4.0,2.7028,8.0,4.0,4.9375
T,0,4242428171716100,-7.6329,1.0,1.0,0.0,1.0,1.0,4.0,2.6556,7.0,4.0,3.125
T,0,5555557099279410,-7.9322,1.0,1.0,0.0,1.0,4.0,5.0,2.4835,7.0,6.0,4.875
T,0,6011001380030337,-8.3261,1.0,1.0,0.0,1.0,5.0,6.0,2.2335,6.0,6.0,2.25
T,0,5555558818041052,-6.361,1.0,1.0,0.0,1.0,4.0,5.0,2.2246,6.0,7.0,4.1875
T,0,4111114800198904,-8.1948,1.0,1.0,0.0,1.0,0.0,4.0,2.1863,5.0,6.0,3.25
T,0,5555550773087259,-8.1233,1.0,1.0,0.0,1.0,4.0,5.0,2.3496,7.0,7.0,4.875
T,0,5105100605506064,-8.0451,1.0,1.0,0.0,1.0,3.0,5.0,2.1085,5.0,6.0,2.75
T,0,4532018185453307,-7.3323,1.0,1.0,0.0,1.0,2.0,4.0,2.9056,8.0,3.0,3.6875
T,0,4532014994295491,1.6644,1.0,1.0,1.0,1.0,2.0,4.0,2.625,7.0,4.0,4.4375
T,0,4532012996734587,-8.0011,1.0,1.0,0.0,1.0,2.0,4.0,3.25,10.0,2.0,4.6875
T,0,6011008951407752,-7.8038,1.0,1.0,0.0,1.0,5.0,6.0,2.9528,9.0,4.0,3.5
T,0,4532014942808691,-6.9052,1.0,1.0,0.0,1.0,2.0,4.0,3.0778,9.0,3.0,4.125
T,0,4111114438486001,-6.9962,1.0,1.0,0.0,1.0,0.0,4.0,2.2806,6.0,6.0,2.9375
T,0,4242429799613612,-7.4855,1.0,1.0,0.0,1.0,1.0,4.0,2.6556,7.0,4.0,4.4375
T,0,5555557327355418,-7.889,1.0,1.0,0.0,1.0,4.0,5.0,2.25,7.0,8.0,4.6875
T,0,6011001510817553,-7.2178,1.0,1.0,0.0,1.0,5.0,6.0,2.4772,7.0,5.0,2.75
T,0,5555555755538960,-9.121,1.0,1.0,0.0,1.0,4.0,5.0,1.9238,7.0,10.0,5.1875
T,0,4111111444113826,3.1248,1.0,1.0,1.0,1.0,0.0,4.0,2.0,6.0,8.0,2.6875
T,0,4111113883298704,3.3413,1.0,1.0,1.0,1.0,0.0,4.0,2.7272,8.0,5.0,3.8125
T,0,5105109541002187,-7.4969,1.0,1.0,0.0,1.0,3.0,5.0,2.7028,8.0,4.0,3.0625
T,0,4532010487859443,-7.3887,1.0,1.0,0.0,1.0,2.0,4.0,3.0,9.0,4.0,4.1875
T,0,4111111236796097,-6.708,1.0,1.0,0.0,1.0,0.0,4.0,2.6556,8.0,6.0,3.6875
T,0,6011004779683829,-7.5044,1.0,1.0,0.0,1.0,5.0,6.0,3.0778,9.0,3.0,4.4375
T,0,5555558619686070,-8.1072,1.0,1.0,0.0,1.0,4.0,5.0,2.4835,7.0,6.0,5.0625
T,0,6011006927431791,-7.4866,1.0,1.0,0.0,1.0,5.0,6.0,2.8278,8.0,4.0,3.5625
T,0,4532018125509675,-7.1925,1.0,1.0,0.0,1.0,2.0,4.0,3.125,10.0,4.0,3.9375
T,0,4111112038651530,-6.7121,1.0,1.0,0.0,1.0,0.0,4.0,2.6556,8.0,6.0,2.625
T,0,4532010479213488,2.9411,1.0,1.0,1.0,1.0,2.0,4.0,3.0778,9.0,3.0,3.8125
T,0,5105105486349857,-7.7386,1.0,1.0,0.0,1.0,3.0,5.0,3.0,9.0,4.0,4.4375
T,0,4242428916441785,-7.2008,1.0,1.0,0.0,1.0,1.0,4.0,2.7272,8.0,5.0,4.4375
T,0,5105105632435769,-7.3445,1.0,1.0,0.0,1.0,3.0,5.0,3.0,9.0,4.0,3.875
T,0,6011001136250894,-7.5619,1.0,1.0,0.0,1.0,5.0,6.0,2.875,9.0,4.0,2.9375
T,0,6011007066731772,-7.1089,1.0,1.0,0.0,1.0,5.0,6.0,2.4056,6.0,4.0,3.375
T,0,5105107717447969,-8.2315,1.0,1.0,0.0,1.0,3.0,5.0,2.7028,7.0,4.0,4.5625
T,0,5555556038660745,-8.2451,1.0,1.0,0.0,1.0,4.0,5.0,2.3496,7.0,7.0,4.6875
T,0,6011009811346970,-7.5862,1.0,1.0,0.0,1.0,5.0,6.0,2.75,8.0,4.0,3.5
T,0,6011004411599788,-7.1098,1.0,1.0,0.0,1.0,5.0,6.0,2.8278,8.0,4.0,4.0
T,0,4532015686262820,-7.1822,1.0,1.0,0.0,1.0,2.0,4.0,2.8278,8.0,4.0,3.75
T,0,5105109266898000,-7.1813,1.0,1.0,0.0,1.0,3.0,5.0,2.6494,7.0,5.0,3.75
T,0,4532015388589316,2.8643,1.0,1.0,1.0,1.0,2.0,4.0,2.9835,9.0,3.0,4.4375
T,0,5105105400294863,-7.6424,1.0,1.0,0.0,1.0,3.0,5.0,2.9528,9.0,4.0,3.3125
T,0,4532017056000625,-6.6,1.0,1.0,0.0,1.0,2.0,4.0,2.7272,8.0,5.0,2.875
T,0,4532011459918831,1.7581,1.0,1.0,1.0,1.0,2.0,4.0,2.875,8.0,4.0,4.0
T,0,4532010321394005,-6.9018,1.0,1.0,0.0,1.0,2.0,4.0,2.7028,7.0,4.0,2.625
T,0,5105108624974231,-7.7593,1.0,1.0,0.0,1.0,3.0,5.0,3.2028,10.0,3.0,3.625
T,0,5105101919703800,0.9156,1.0,1.0,1.0,1.0,3.0,5.0,2.5244,7.0,5.0,3.125
T,0,5105100199168973,1.4837,1.0,1.0,1.0,1.0,3.0,5.0,2.7806,8.0,4.0,4.0625
T,0,5555553192611366,-6.9824,1.0,1.0,0.0,1.0,4.0,5.0,2.3113,6.0,6.0,4.25
T,0,5105102037977392,-6.5879,1.0,1.0,0.0,1.0,3.0,5.0,2.7806,7.0,3.0,3.8125
T,0,6011005870261334,-7.5458,1.0,1.0,0.0,1.0,5.0,6.0,2.9528,9.0,4.0,2.9375
T,0,4111113385058645,-6.7217,1.0,1.0,0.0,1.0,0.0,4.0,2.6022,7.0,5.0,3.5
T,0,4532014699716818,-8.0011,1.0,1.0,0.0,1.0,2.0,4.0,3.2028,10.0,3.0,4.625
T,0,4242427768887613,-8.6551,1.0,1.0,0.0,1.0,1.0,4.0,2.6863,7.0,3.0,4.9375
T,0,4111119698527001,-6.7778,1.0,1.0,0.0,1.0,0.0,4.0,2.7806,9.0,6.0,3.5
T,0,6011004726993891,-6.956,1.0,1.0,0.0,1.0,5.0,6.0,2.9835,9.0,3.0,4.125
T,0,4111110661136281,-7.5262,1.0,1.0,0.0,1.0,0.0,4.0,2.2028,7.0,8.0,2.6875
T,0,4242424192735909,-7.1886,1.0,1.0,0.0,1.0,1.0,4.0,2.7028,8.0,4.0,4.1875
T,0,6011003649964940,-6.6516,1.0,1.0,0.0,1.0,5.0,6.0,2.4835,6.0,4.0,3.875
T,0,6011002097161629,-7.1885,1.0,1.0,0.0,1.0,5.0,6.0,2.4528,6.0,4.0,3.1875
T,0,4532016331097380,-8.3084,1.0,1.0,0.0,1.0,2.0,4.0,3.0778,10.0,4.0,3.4375
T,0,4111111091756896,-6.9196,1.0,1.0,0.0,1.0,0.0,4.0,2.5218,8.0,7.0,3.8125
T,0,5555553208301291,-7.2909,1.0,1.0,0.0,1.0,4.0,5.0,2.5306,7.0,6.0,3.6875
T,0,4111110709561477,-7.2154,1.0,1.0,0.0,1.0,0.0,4.0,2.4835,7.0,6.0,3.4375
T,0,4532017204532918,1.7303,1.0,1.0,1.0,1.0,2.0,4.0,3.0778,9.0,3.0,3.5
T,0,5555553381000616,-6.9732,1.0,1.0,0.0,1.0,4.0,5.0,2.3585,6.0,6.0,3.625
T,0,4242421994052542,-7.0193,1.0,1.0,0.0,1.0,1.0,4.0,2.2988,6.0,5.0,3.6875
T,0,5105102855938516,-6.9414,1.0,1.0,0.0,1.0,3.0,5.0,2.7272,8.0,5.0,4.0
T,0,5555551374448261,-7.249,1.0,1.0,0.0,1.0,4.0,5.0,2.6085,8.0,6.0,4.375
T,0,6011006388909781,0.5864,1.0,1.0,1.0,1.0,5.0,6.0,2.6556,7.0,4.0,4.1875
T,0,4532016551007466,1.6397,1.0,1.0,1.0,1.0,2.0,4.0,2.8585,8.0,3.0,3.4375
T,0,5555555454809435,-9.0526,1.0,1.0,0.0,1.0,4.0,5.0,1.9197,6.0,9.0,4.8125
T,0,5555552947252937,-7.9463,1.0,1.0,0.0,1.0,4.0,5.0,2.2246,6.0,7.0,5.0
T,0,5555554455722454,-8.6906,1.0,1.0,0.0,1.0,4.0,5.0,1.5919,4.0,9.0,4.5
T,0,6011005006073193,-6.9765,1.0,1.0,0.0,1.0,5.0,6.0,2.4835,7.0,6.0,2.625
T,0,5105106540294878,-7.2099,1.0,1.0,0.0,1.0,3.0,5.0,3.0306,9.0,3.0,4.0625
T,0,6011008042658145,-7.7918,1.0,1.0,0.0,1.0,5.0,6.0,2.7028,7.0,4.0,3.1875
T,0,5105100938716718,-6.952,1.0,1.0,0.0,1.0,3.0,5.0,2.8278,8.0,4.0,3.875
T,0,5555558842426205,-6.8103,1.0,1.0,0.0,1.0,4.0,5.0,2.2246,6.0,7.0,4.4375
T,0,6011004936868248,-6.9969,1.0,1.0,0.0,1.0,5.0,6.0,2.8585,8.0,3.0,4.125
T,0,4532010051893254,-7.5586,1.0,1.0,0.0,1.0,2.0,4.0,2.9056,8.0,3.0,3.25
T,0,4532016988024473,-7.1775,1.0,1.0,0.0,1.0,2.0,4.0,3.2028,10.0,3.0,4.125
T,0,5555557691205474,-7.9623,1.0,1.0,0.0,1.0,4.0,5.0,2.5218,8.0,7.0,4.6875
T,0,5555551349118843,-7.3672,1.0,1.0,0.0,1.0,4.0,5.0,2.3585,6.0,6.0,4.5
T,0,4111115197900523,-7.0187,1.0,1.0,0.0,1.0,0.0,4.0,2.6556,8.0,6.0,3.125
T,0,6011006300130892,-7.0833,1.0,1.0,0.0,1.0,5.0,6.0,2.4835,7.0,6.0,2.5
T,0,4242428896548027,-7.9553,1.0,1.0,0.0,1.0,1.0,4.0,2.7028,8.0,4.0,4.6875
T,0,5555555756220488,-7.8935,1.0,1.0,0.0,1.0,4.0,5.0,2.25,7.0,8.0,4.8125
T,0,4111112453762707,-7.012,1.0,1.0,0.0,1.0,0.0,4.0,2.7272,8.0,5.0,3.25
T,0,4532016728074778,-7.5567,1.0,1.0,0.0,1.0,2.0,4.0,3.0,9.0,4.0,4.4375
T,0,4532019586100977,-7.3232,1.0,1.0,0.0,1.0,2.0,4.0,3.2028,10.0,3.0,4.1875
T,0,4242426303885221,-6.9304,1.0,1.0,0.0,1.0,1.0,4.0,2.7272,8.0,5.0,3.5
T,0,5105104595007052,-7.2679,1.0,1.0,0.0,1.0,3.0,5.0,2.4238,7.0,5.0,3.0625
T,0,5555559032868121,-7.2739,1.0,1.0,0.0,1.0,4.0,5.0,2.6556,8.0,6.0,4.375
T,0,4242428849917883,-7.4006,1.0,1.0,0.0,1.0,1.0,4.0,2.5778,7.0,4.0,5.1875
T,0,4242426501653095,-7.1017,1.0,1.0,0.0,1.0,1.0,4.0,2.8585,8.0,3.0,3.625
T,0,4242429804392013,-7.1262,1.0,1.0,0.0,1.0,1.0,4.0,2.625,7.0,4.0,3.5625
T,0,6011008905054901,0.9808,1.0,1.0,1.0,1.0,5.0,6.0,2.4835,7.0,6.0,3.0625
T,0,6011007901429165,-7.5762,1.0,1.0,0.0,1.0,5.0,6.0,2.75,8.0,4.0,3.25
T,0,5555553873971083,-8.5119,1.0,1.0,0.0,1.0,4.0,5.0,2.4835,7.0,6.0,4.9375
T,0,4111114522201692,-7.4692,1.0,1.0,0.0,1.0,0.0,4.0,2.4056,7.0,6.0,2.625
T,0,5555554554354123,-8.5374,1.0,1.0,0.0,1.0,4.0,5.0,1.7947,5.0,9.0,4.125
T,0,5105109047638407,-7.7569,1.0,1.0,0.0,1.0,3.0,5.0,3.0,9.0,4.0,3.75
T,0,4532019491222674,1.8166,1.0,1.0,1.0,1.0,2.0,4.0,2.9528,9.0,4.0,3.8125
T,0,5555550020320942,-7.9664,1.0,1.0,0.0,1.0,4.0,5.0,2.2335,6.0,6.0,3.25
T,0,4111118240588312,-7.4757,1.0,1.0,0.0,1.0,0.0,4.0,2.4835,7.0,6.0,3.125
T,0,4111110367402862,-6.5156,1.0,1.0,0.0,1.0,0.0,4.0,2.7744,8.0,5.0,2.9375
T,0,5555556941977266,-8.1277,1.0,1.0,0.0,1.0,4.0,5.0,2.4835,7.0,6.0,5.4375
T,0,4242425739928737,-8.1502,1.0,1.0,0.0,1.0,1.0,4.0,2.6556,7.0,4.0,4.875
T,0,4242424981885998,-7.8691,1.0,1.0,0.0,1.0,1.0,4.0,2.4056,6.0,4.0,5.4375
T,0,5105109939923337,-7.2256,1.0,1.0,0.0,1.0,3.0,5.0,2.625,7.0,4.0,4.3125
T,0,4532017082332867,-6.8302,1.0,1.0,0.0,1.0,2.0,4.0,3.0306,9.0,3.0,3.8125
T,0,4532010756178585,-7.3887,1.0,1.0,0.0,1.0,2.0,4.0,3.0,9.0,4.0,4.1875
T,0,5555559234044665,-8.2451,1.0,1.0,0.0,1.0,4.0,5.0,2.3496,7.0,7.0,4.5625
T,0,5555550328983592,-8.07,1.0,1.0,0.0,1.0,4.0,5.0,2.2718,6.0,7.0,4.9375
T,0,4532014263426444,-7.5511,1.0,1.0,0.0,1.0,2.0,4.0,2.4835,7.0,6.0,3.375
T,0,4242428942909451,2.671,1.0,1.0,1.0,1.0,1.0,4.0,2.4772,7.0,5.0,4.3125
T,0,4532010120211475,-6.9936,1.0,1.0,0.0,1.0,2.0,4.0,2.6556,7.0,4.0,2.375
T,0,5105106749150411,1.5421,1.0,1.0,1.0,1.0,3.0,5.0,2.555,7.0,5.0,3.125
T,0,6011008628281487,-7.2938,1.0,1.0,0.0,1.0,5.0,6.0,2.6556,7.0,4.0,3.875
T,0,4242425920160607,-7.5354,1.0,1.0,0.0,1.0,1.0,4.0,2.7806,8.0,4.0,3.375
T,0,4242421722365845,-6.5887,1.0,1.0,0.0,1.0,1.0,4.0,2.6494,8.0,5.0,3.8125
T,0,5555554564428442,-8.4166,1.0,1.0,0.0,1.0,4.0,5.0,1.9212,5.0,7.0,4.5625
T,0,6011006666489225,0.8889,1.0,1.0,1.0,1.0,5.0,6.0,2.7272,8.0,5.0,3.875
T,0,4242426810970670,3.0653,1.0,1.0,1.0,1.0,1.0,4.0,2.8585,8.0,3.0,3.875
T,0,4111111335251804,-7.3183,1.0,1.0,0.0,1.0,0.0,4.0,2.3968,7.0,7.0,2.5625
T,0,5555559008895155,-8.725,1.0,1.0,0.0,1.0,4.0,5.0,1.8419,5.0,9.0,5.0
T,0,5555551235271038,1.6376,1.0,1.0,1.0,1.0,4.0,5.0,2.3968,7.0,7.0,3.875
T,0,6011008374726389,-7.1573,1.0,1.0,0.0,1.0,5.0,6.0,3.0778,9.0,3.0,4.0625
T,0,4242428850501394,-6.7741,1.0,1.0,0.0,1.0,1.0,4.0,2.8278,8.0,4.0,3.8125
T,0,4111110457270477,-7.5356,1.0,1.0,0.0,1.0,0.0,4.0,2.3522,6.0,5.0,3.25
T,0,6011007934783017,-7.556,1.0,1.0,0.0,1.0,5.0,6.0,2.7806,8.0,4.0,3.5625
T,0,6011005819077404,-7.4512,1.0,1.0,0.0,1.0,5.0,6.0,2.7272,8.0,5.0,3.3125
T,0,4111115446284846,-6.769,1.0,1.0,0.0,1.0,0.0,4.0,2.2988,6.0,5.0,3.75
T,0,5105107344607664,2.3178,1.0,1.0,1.0,1.0,3.0,5.0,2.7335,7.0,3.0,3.6875
T,0,4532017028511503,-7.1076,1.0,1.0,0.0,1.0,2.0,4.0,2.8585,8.0,3.0,2.9375
T,0,5555551540821308,-6.7585,1.0,1.0,0.0,1.0,4.0,5.0,2.3968,7.0,7.0,3.875
T,0,6011007146244026,-6.8758,1.0,1.0,0.0,1.0,5.0,6.0,2.4835,6.0,4.0,2.75
T,0,4242423937053952,-7.1312,1.0,1.0,0.0,1.0,1.0,4.0,2.6556,7.0,4.0,4.0
T,0,4532014169326144,-7.4186,1.0,1.0,0.0,1.0,2.0,4.0,2.8278,8.0,4.0,3.4375
T,0,4111117148838065,-6.6831,1.0,1.0,0.0,1.0,0.0,4.0,2.6085,8.0,6.0,3.6875
T,0,4111111532271460,3.8227,1.0,1.0,1.0,1.0,0.0,4.0,2.5218,8.0,7.0,2.5
T,0,6011008810178444,-7.0873,1.0,1.0,0.0,1.0,5.0,6.0,2.4056,6.0,4.0,3.3125
T,0,5105107692725657,-7.2857,1.0,1.0,0.0,1.0,3.0,5.0,2.7028,7.0,4.0,4.25
T,0,5555551876283170,-7.9469,1.0,1.0,0.0,1.0,4.0,5.0,2.6556,8.0,6.0,4.5625
T,0,4242421935213029,-6.9207,1.0,1.0,0.0,1.0,1.0,4.0,2.6022,7.0,5.0,3.3125
T,0,5105101636930637,1.3239,1.0,1.0,1.0,1.0,3.0,5.0,2.6863,7.0,3.0,3.5
T,0,4111119739442966,4.1368,1.0,1.0,1.0,1.0,0.0,4.0,2.555,7.0,5.0,4.25
T,0,4242424566901717,-6.9045,1.0,1.0,0.0,1.0,1.0,4.0,2.8278,8.0,4.0,4.0
T,0,4111118701294840,-7.4499,1.0,1.0,0.0,1.0,0.0,4.0,2.4835,7.0,6.0,3.25
T,0,5555551304981232,-6.887,1.0,1.0,0.0,1.0,4.0,5.0,2.6556,8.0,6.0,3.9375
T,0,5555555058991209,-8.1039,1.0,1.0,0.0,1.0,4.0,5.0,2.0778,6.0,8.0,4.875
T,0,4111117331422398,-7.4499,1.0,1.0,0.0,1.0,0.0,4.0,2.4835,7.0,6.0,3.1875
T,0,4242423122708960,-7.057,1.0,1.0,0.0,1.0,1.0,4.0,2.8522,9.0,5.0,3.5
T,0,5555559479369655,-8.5005,1.0,1.0,0.0,1.0,4.0,5.0,2.0778,6.0,8.0,5.8125
T,0,4242429180974686,2.5978,1.0,1.0,1.0,1.0,1.0,4.0,2.8278,8.0,4.0,4.75
T,0,4532013412251002,-8.5673,1.0,1.0,0.0,1.0,2.0,4.0,2.5306,6.0,4.0,2.1875
T,0,4111118926856410,-6.708,1.0,1.0,0.0,1.0,0.0,4.0,2.6556,8.0,6.0,3.625
T,0,4242421661564693,-6.5298,1.0,1.0,0.0,1.0,1.0,4.0,2.5778,7.0,4.0,4.0625
T,0,4111116986511682,-7.0051,1.0,1.0,0.0,1.0,0.0,4.0,2.3496,7.0,7.0,3.8125
T,0,4532013863542152,-7.526,1.0,1.0,0.0,1.0,2.0,4.0,2.8585,8.0,3.0,3.375
T,0,6011005754894913,-7.2408,1.0,1.0,0.0,1.0,5.0,6.0,3.0306,9.0,3.0,3.9375
T,0,4532010629971791,-7.0357,1.0,1.0,0.0,1.0,2.0,4.0,3.0306,9.0,3.0,4.125
T,0,4111114426098720,-7.012,1.0,1.0,0.0,1.0,0.0,4.0,2.7272,8.0,5.0,3.1875
T,0,4111115260866309,-7.1297,1.0,1.0,0.0,1.0,0.0,4.0,2.8522,9.0,5.0,3.375
T,0,4111114003030501,-7.4982,1.0,1.0,0.0,1.0,0.0,4.0,2.055,5.0,6.0,1.5625
T,0,5105103055254616,-7.2041,1.0,1.0,0.0,1.0,3.0,5.0,2.555,7.0,5.0,3.0625
T,0,4111119229443013,-7.2184,1.0,1.0,0.0,1.0,0.0,4.0,2.3585,6.0,6.0,2.875
T,0,4532014972928058,-6.8942,1.0,1.0,0.0,1.0,2.0,4.0,3.0778,9.0,3.0,4.3125
T,0,4242426204112955,-7.6749,1.0,1.0,0.0,1.0,1.0,4.0,2.5244,7.0,5.0,3.3125
T,0,4111113748034939,-6.6835,1.0,1.0,0.0,1.0,0.0,4.0,2.555,7.0,5.0,3.6875
T,0,6011001322490215,-7.1167,1.0,1.0,0.0,1.0,5.0,6.0,2.7028,8.0,4.0,2.3125
T,0,6011008705904549,-7.109,1.0,1.0,0.0,1.0,5.0,6.0,2.7744,8.0,5.0,3.6875
T,0,4242425804809003,-6.856,1.0,1.0,0.0,1.0,1.0,4.0,2.5778,7.0,4.0,3.4375
T,0,5105108204623310,-7.1644,1.0,1.0,0.0,1.0,3.0,5.0,2.8278,8.0,4.0,2.5625
T,0,6011003011753905,-7.1411,1.0,1.0,0.0,1.0,5.0,6.0,2.5244,7.0,5.0,2.625
T,0,5555554205163582,-6.7057,1.0,1.0,0.0,1.0,4.0,5.0,2.375,8.0,8.0,4.125
T,0,6011009193325199,-7.1165,1.0,1.0,0.0,1.0,5.0,6.0,2.5778,7.0,4.0,3.6875
T,0,5105108864689736,2.0836,1.0,1.0,1.0,1.0,3.0,5.0,3.0306,9.0,3.0,4.8125
T,0,5105100329042548,-7.4935,1.0,1.0,0.0,1.0,3.0,5.0,2.8278,8.0,4.0,3.0625
T,0,5555559028438157,-8.9235,1.0,1.0,0.0,1.0,4.0,5.0,2.6468,9.0,7.0,4.8125
T,0,5555554561565891,-8.9818,1.0,1.0,0.0,1.0,4.0,5.0,1.9669,6.0,9.0,5.0
T,0,4532017684278312,-6.8582,1.0,1.0,0.0,1.0,2.0,4.0,3.0778,9.0,3.0,3.9375
T,0,5105108475553716,-6.9349,1.0,1.0,0.0,1.0,3.0,5.0,2.7272,8.0,5.0,3.9375
T,0,4242422212058155,-7.6437,1.0,1.0,0.0,1.0,1.0,4.0,2.3113,6.0,6.0,3.0625
T,0,5555553438503236,-6.7645,1.0,1.0,0.0,1.0,4.0,5.0,2.2718,7.0,7.0,4.1875
T,0,5555559916097183,-8.088,1.0,1.0,0.0,1.0,4.0,5.0,2.6085,8.0,6.0,5.1875
T,0,5105102892189671,-7.2085,1.0,1.0,0.0,1.0,3.0,5.0,2.875,8.0,4.0,4.0625
T,0,4532015574990293,-6.8941,1.0,1.0,0.0,1.0,2.0,4.0,2.9056,8.0,3.0,4.25
T,0,6011007274579328,-7.2835,1.0,1.0,0.0,1.0,5.0,6.0,3.1556,10.0,3.0,3.875
T,0,6011004965592255,-7.627,1.0,1.0,0.0,1.0,5.0,6.0,2.7028,7.0,4.0,3.75
T,0,4111114949208007,-6.9582,1.0,1.0,0.0,1.0,0.0,4.0,2.555,7.0,5.0,3.25
T,0,4111112560025707,-6.8125,1.0,1.0,0.0,1.0,0.0,4.0,2.6022,7.0,5.0,2.6875
T,0,6011004641925789,-7.2408,1.0,1.0,0.0,1.0,5.0,6.0,3.0306,9.0,3.0,3.9375
T,0,4532011467997526,-7.3953,1.0,1.0,0.0,1.0,2.0,4.0,3.125,9.0,2.0,4.4375
T,0,6011003257807192,-7.7938,1.0,1.0,0.0,1.0,5.0,6.0,2.9528,9.0,4.0,3.25
T,0,5105107437985525,-6.8939,1.0,1.0,0.0,1.0,3.0,5.0,2.8994,9.0,5.0,4.1875
T,0,4242429351781363,-6.763,1.0,1.0,0.0,1.0,1.0,4.0,2.9835,9.0,3.0,4.0
T,0,4242422687260989,-7.4285,1.0,1.0,0.0,1.0,1.0,4.0,2.6022,7.0,5.0,4.6875
T,0,5105102260642524,-6.8362,1.0,1.0,0.0,1.0,3.0,5.0,2.5306,6.0,4.0,2.8125
T,0,4532014751775120,-7.3036,1.0,1.0,0.0,1.0,2.0,4.0,2.7335,7.0,3.0,3.375
T,0,4242426172676420,-7.3955,1.0,1.0,0.0,1.0,1.0,4.0,2.3522,6.0,5.0,3.6875
T,0,5555550838538635,-9.2102,1.0,1.0,0.0,1.0,4.0,5.0,1.9056,5.0,8.0,4.9375
T,0,4532013421082466,-7.5586,1.0,1.0,0.0,1.0,2.0,4.0,2.9056,8.0,3.0,3.1875
T,0,4242421091503674,-7.6379,1.0,1.0,0.0,1.0,1.0,4.0,2.9528,9.0,4.0,3.375
T,0,5105107413285078,-7.3506,1.0,1.0,0.0,1.0,3.0,5.0,2.8585,8.0,3.0,3.5625
T,0,6011009499180680,1.4671,1.0,1.0,1.0,1.0,5.0,6.0,2.43,6.0,5.0,3.875
T,0,5555557650904387,-8.4203,1.0,1.0,0.0,1.0,4.0,5.0,2.5218,8.0,7.0,4.9375
T,0,6011004856070095,1.4256,1.0,1.0,1.0,1.0,5.0,6.0,2.6556,8.0,6.0,3.25
T,0,6011005618094186,-7.2321,1.0,1.0,0.0,1.0,5.0,6.0,2.5778,7.0,4.0,3.5
T,0,4242426658606927,-7.9553,1.0,1.0,0.0,1.0,1.0,4.0,2.7028,8.0,4.0,4.5625
T,0,6011003470717125,-7.3739,1.0,1.0,0.0,1.0,5.0,6.0,2.7028,8.0,4.0,2.8125
T,0,5555559684218908,-8.0682,1.0,1.0,0.0,1.0,4.0,5.0,2.6085,8.0,6.0,5.3125
T,0,5105102727448282,-7.2569,1.0,1.0,0.0,1.0,3.0,5.0,2.75,7.0,4.0,3.625
T,0,5105101151382626,-6.8783,1.0,1.0,0.0,1.0,3.0,5.0,2.6022,7.0,5.0,2.9375
T,0,4242425217241670,-7.6749,1.0,1.0,0.0,1.0,1.0,4.0,2.5244,7.0,5.0,3.3125
T,0,6011001466306696,-7.5559,1.0,1.0,0.0,1.0,5.0,6.0,2.2335,6.0,6.0,3.4375
T,0,5105109189523038,-7.2865,1.0,1.0,0.0,1.0,3.0,5.0,2.7335,7.0,3.0,3.75
T,0,6011005330853764,-7.7274,1.0,1.0,0.0,1.0,5.0,6.0,2.8278,8.0,4.0,3.25
T,0,4532010678772190,-6.912,1.0,1.0,0.0,1.0,2.0,4.0,3.1556,10.0,3.0,3.875
T,0,4532010167657049,-7.2938,1.0,1.0,0.0,1.0,2.0,4.0,3.0778,9.0,3.0,3.75
T,0,4532010309230608,-6.6957,1.0,1.0,0.0,1.0,2.0,4.0,2.8522,9.0,5.0,2.875
T,0,4242420137293981,2.3464,1.0,1.0,1.0,1.0,1.0,4.0,2.8278,8.0,4.0,3.8125
T,0,4242420863170404,-7.0082,1.0,1.0,0.0,1.0,1.0,4.0,2.68,8.0,5.0,3.1875
T,0,4532014745406241,-7.0194,1.0,1.0,0.0,1.0,2.0,4.0,2.7744,8.0,5.0,3.25
T,0,5555559798334306,-8.1924,1.0,1.0,0.0,1.0,4.0,5.0,2.6085,8.0,6.0,5.125
T,0,4532014191544981,-6.7317,1.0,1.0,0.0,1.0,2.0,4.0,2.75,8.0,4.0,3.8125
T,0,4242428326581266,-6.6324,1.0,1.0,0.0,1.0,1.0,4.0,2.555,7.0,5.0,4.0625
T,0,4242428626035684,-6.5298,1.0,1.0,0.0,1.0,1.0,4.0,2.5778,7.0,4.0,4.125
T,0,4532011017794861,-7.5474,1.0,1.0,0.0,1.0,2.0,4.0,3.125,10.0,4.0,3.6875
T,0,5555556883597874,-8.6604,1.0,1.0,0.0,1.0,4.0,5.0,2.3496,7.0,7.0,5.9375
T,0,4532015161838973,-7.1775,1.0,1.0,0.0,1.0,2.0,4.0,3.1556,10.0,3.0,4.125
T,0,4532013905049762,-7.2938,1.0,1.0,0.0,1.0,2.0,4.0,3.0778,9.0,3.0,3.75
T,0,4111111954738741,-7.0608,1.0,1.0,0.0,1.0,0.0,4.0,2.3496,7.0,7.0,3.625
T,0,6011004146339798,-7.0111,1.0,1.0,0.0,1.0,5.0,6.0,2.9056,8.0,3.0,3.875
T,0,5555559978073530,-7.9457,1.0,1.0,0.0,1.0,4.0,5.0,2.2718,6.0,7.0,5.0625
T,0,4532011538615148,-7.1677,1.0,1.0,0.0,1.0,2.0,4.0,2.8278,8.0,4.0,3.5625
T,0,4532016561746212,-7.4083,1.0,1.0,0.0,1.0,2.0,4.0,2.8585,8.0,3.0,3.4375
T,0,4242422111992949,-7.5564,1.0,1.0,0.0,1.0,1.0,4.0,1.9772,4.0,5.0,4.0625
T,0,4532018798814679,-8.6016,1.0,1.0,0.0,1.0,2.0,4.0,3.2028,10.0,3.0,5.125
T,0,5555550479343771,-8.0539,1.0,1.0,0.0,1.0,4.0,5.0,2.4835,7.0,6.0,4.6875
T,0,4111117496290171,-6.9852,1.0,1.0,0.0,1.0,0.0,4.0,2.3968,7.0,7.0,3.4375
T,0,4532010545055787,-6.7044,1.0,1.0,0.0,1.0,2.0,4.0,2.7272,8.0,5.0,3.8125
T,0,4532014482782186,-6.7039,1.0,1.0,0.0,1.0,2.0,4.0,2.9835,9.0,3.0,4.0625
T,0,4242427234020491,-7.2649,1.0,1.0,0.0,1.0,1.0,4.0,2.4238,7.0,5.0,3.125
T,0,6011009342255501,-7.353,1.0,1.0,0.0,1.0,5.0,6.0,2.7806,8.0,4.0,2.75
T,0,6011004000165081,-8.7009,1.0,1.0,0.0,1.0,5.0,6.0,2.1468,6.0,7.0,2.0625
T,0,5555554903484927,-8.6809,1.0,1.0,0.0,1.0,4.0,5.0,2.6085,8.0,6.0,5.0
T,0,6011003821971185,-7.3944,1.0,1.0,0.0,1.0,5.0,6.0,2.8522,9.0,5.0,3.3125
T,0,5555558582366557,-9.1155,1.0,1.0,0.0,1.0,4.0,5.0,1.9669,6.0,9.0,5.3125
T,0,4111116188743667,-6.6323,1.0,1.0,0.0,1.0,0.0,4.0,2.3585,6.0,6.0,4.0625
T,0,4111113848272182,2.7834,1.0,1.0,1.0,1.0,0.0,4.0,2.3113,6.0,6.0,3.375
T,0,6011006301617263,1.2737,1.0,1.0,1.0,1.0,5.0,6.0,2.375,6.0,4.0,2.6875
T,0,6011007394994868,-8.1506,1.0,1.0,0.0,1.0,5.0,6.0,2.9056,8.0,3.0,4.6875
T,0,5105102443421040,-7.9152,1.0,1.0,0.0,1.0,3.0,5.0,2.4528,6.0,4.0,2.25
T,0,4532012798095745,3.1888,1.0,1.0,1.0,1.0,2.0,4.0,3.0778,9.0,3.0,4.4375
T,0,4242426806259608,-7.1607,1.0,1.0,0.0,1.0,1.0,4.0,2.6556,7.0,4.0,4.25
T,0,5105101479855628,1.7553,1.0,1.0,1.0,1.0,3.0,5.0,2.9528,9.0,4.0,4.1875
T,0,4111114300600140,-7.7216,1.0,1.0,0.0,1.0,0.0,4.0,2.0079,5.0,6.0,1.6875
T,0,5555550297148160,-6.5695,1.0,1.0,0.0,1.0,4.0,5.0,2.7806,9.0,6.0,4.25
T,0,5555558726519010,-6.9494,1.0,1.0,0.0,1.0,4.0,5.0,2.5218,8.0,7.0,4.3125
T,0,6011008994915129,0.6762,1.0,1.0,1.0,1.0,5.0,6.0,2.7028,8.0,4.0,4.0625
T,0,4532019407539177,-7.0509,1.0,1.0,0.0,1.0,2.0,4.0,2.9528,8.0,3.0,4.1875
T,0,6011003599829774,-7.7768,1.0,1.0,0.0,1.0,5.0,6.0,3.1556,10.0,3.0,4.4375
T,0,4532017375266105,-7.3178,1.0,1.0,0.0,1.0,2.0,4.0,2.9528,8.0,3.0,3.5625
T,0,4111117139428367,-6.708,1.0,1.0,0.0,1.0,0.0,4.0,2.6556,8.0,6.0,3.6875
T,0,5555553102500044,1.7835,1.0,1.0,1.0,1.0,4.0,5.0,2.1468,6.0,7.0,3.0625
T,0,5555554482764047,-7.7794,1.0,1.0,0.0,1.0,4.0,5.0,2.4056,7.0,6.0,4.75
T,0,4111117285802997,3.9403,1.0,1.0,1.0,1.0,0.0,4.0,2.7744,8.0,5.0,4.125
T,0,4532012235047978,3.0751,1.0,1.0,1.0,1.0,2.0,4.0,3.0778,9.0,3.0,3.875
T,0,5105103609943513,-7.7688,1.0,1.0,0.0,1.0,3.0,5.0,2.6863,7.0,3.0,3.4375
T,0,5105102972212328,-7.4905,1.0,1.0,0.0,1.0,3.0,5.0,2.7272,8.0,5.0,3.125
T,0,4242422040868688,-6.5369,1.0,1.0,0.0,1.0,1.0,4.0,2.25,5.0,4.0,4.25
T,0,4532016272456110,-7.8043,1.0,1.0,0.0,1.0,2.0,4.0,2.9056,8.0,3.0,3.0625
T,0,5555558297797434,-8.3297,1.0,1.0,0.0,1.0,4.0,5.0,2.4835,7.0,6.0,5.625
T,0,5105100139735747,-7.7181,1.0,1.0,0.0,1.0,3.0,5.0,2.6863,7.0,3.0,3.625
T,0,6011004680072693,-7.3944,1.0,1.0,0.0,1.0,5.0,6.0,2.8522,9.0,5.0,3.3125
